date,person,hours,description,todo,list,company,project
2014-04-08,"Kyle Langford",1.0,"Event Registration, Email, Troubleshooting",,,"Bally Ribbon Mills","Bally Retainer"
2014-04-07,"Kyle Langford",0.65,"Email to Mark: reg page",,,"Bally Ribbon Mills","Bally Retainer"
2014-04-04,"Kyle Langford",0.15,"Email to Mark",,,"Bally Ribbon Mills","Bally Retainer"
2015-03-26,"Kyle Langford",1.5,,,,"Bally Ribbon Mills","BILLED: Salesforce Form Integration"
2015-03-25,"Kyle Langford",3.25,,,,"Bally Ribbon Mills","BILLED: Salesforce Form Integration"
2015-03-24,"Kyle Langford",4.0,,,,"Bally Ribbon Mills","BILLED: Salesforce Form Integration"
2015-03-23,"Kyle Langford",1.5,"Updating Local, Creating Form",,,"Bally Ribbon Mills","BILLED: Salesforce Form Integration"
2014-08-28,"Kyle Langford",1.5,"Deployment and Testing","Set site up with version control","Bally Updates","Bally Ribbon Mills","BILLED: Updates: Security, V. Control & Submit"
2014-08-25,"Kyle Langford",2.25,"","Set site up with version control","Bally Updates","Bally Ribbon Mills","BILLED: Updates: Security, V. Control & Submit"
2014-08-25,"Kyle Langford",3.0,"Pulled down working copy, Backed Up Prod/Local, Created Beanstalk Account, Comitted Working files to Repo, Installed Hide_Submit Mod on local","Set site up with version control","Bally Updates","Bally Ribbon Mills","BILLED: Updates: Security, V. Control & Submit"
2015-05-26,"Kyle Langford",1.75,"Added ISO 13485 Graphic to Site",,,"Bally Ribbon Mills","Dev./Misc. Support"
2014-10-15,"Kyle Langford",0.25,"Client + Resources Click Thru Update",,,"Bally Ribbon Mills","Dev./Misc. Support"
2014-08-21,"Kyle Langford",1.5,"Email for core updates, vc, research testing / multiple form submits",,,"Bally Ribbon Mills","Dev./Misc. Support"
2014-07-16,"Kyle Langford",0.75,,"Create Styleguide","Moodboard / Styleguide","Bicycling.com","Responsive Redesign"
2014-07-16,"Kyle Langford",1.0,,"Create Styleguide","Moodboard / Styleguide","Bicycling.com","Responsive Redesign"
2014-07-10,"Kyle Langford",1.0,"Review Stylguide from chapman","Create Styleguide","Moodboard / Styleguide","Bicycling.com","Responsive Redesign"
2014-07-09,"Kyle Langford",0.5,,"Create Styleguide","Moodboard / Styleguide","Bicycling.com","Responsive Redesign"
2014-05-28,"Kyle Langford",4.0,,"Create Styleguide","Moodboard / Styleguide","Bicycling.com","Responsive Redesign"
2014-05-21,"Kyle Langford",0.5,"Review Style Sheets","Create Styleguide","Moodboard / Styleguide","Bicycling.com","Responsive Redesign"
2014-05-19,"Kyle Langford",0.5,"Getting Chapman Up to speed","Create Styleguide","Moodboard / Styleguide","Bicycling.com","Responsive Redesign"
2014-05-19,"Kyle Langford",3.0,,"Create Styleguide","Moodboard / Styleguide","Bicycling.com","Responsive Redesign"
2014-05-09,"Kyle Langford",1.5,,"Create Styleguide","Moodboard / Styleguide","Bicycling.com","Responsive Redesign"
2014-05-08,"Kyle Langford",0.5,"Printed out approved designs","Create Styleguide","Moodboard / Styleguide","Bicycling.com","Responsive Redesign"
2014-05-07,"Kyle Langford",3.75,,"Create Styleguide","Moodboard / Styleguide","Bicycling.com","Responsive Redesign"
2014-05-02,"Kyle Langford",0.5,,"Meetings & Conference calls","Misc.","Bicycling.com","Responsive Redesign"
2014-05-02,"Kyle Langford",0.75,"Video and Channel Pages","Meetings & Conference calls","Misc.","Bicycling.com","Responsive Redesign"
2014-04-14,"Kyle Langford",0.5,"Weekly Meeting","Meetings & Conference calls","Misc.","Bicycling.com","Responsive Redesign"
2014-04-10,"Kyle Langford",0.5,,"Meetings & Conference calls","Misc.","Bicycling.com","Responsive Redesign"
2014-04-10,"Kyle Langford",0.25,"Updates","Create Content Inventory for Homepage","Content Inventory & Heirarchy","Bicycling.com","Responsive Redesign"
2014-04-09,"Kyle Langford",1.75,"","Create prototype of sticky social icons on detail page using the attached JPG.","Moodboard / Styleguide","Bicycling.com","Responsive Redesign"
2014-04-08,"Kyle Langford",1.25,"","Create Content Inventory for Homepage","Content Inventory & Heirarchy","Bicycling.com","Responsive Redesign"
2014-04-08,"Kyle Langford",0.5,"Content Inventory Homepage",,,"Bicycling.com","Responsive Redesign"
2014-04-08,"Kyle Langford",0.75,"Homepage Content Inventory",,,"Bicycling.com","Responsive Redesign"
2014-04-02,"Kyle Langford",0.75,"homepage discovery","Meetings & Conference calls","Misc.","Bicycling.com","Responsive Redesign"
2014-04-02,"Kyle Langford",0.2,"Demo: Sticky Social Media",,,"Bicycling.com","Responsive Redesign"
2014-04-01,"Kyle Langford",1.5,"Demo: Sticky Social Media",,,"Bicycling.com","Responsive Redesign"
2014-03-31,"Kyle Langford",0.5,"Updates","Create Styleguide","Moodboard / Styleguide","Bicycling.com","Responsive Redesign"
2014-03-28,"Kyle Langford",0.75,,"Meetings & Conference calls","Misc.","Bicycling.com","Responsive Redesign"
2014-03-28,"Kyle Langford",0.5,,"Meetings & Conference calls","Misc.","Bicycling.com","Responsive Redesign"
2014-03-28,"Kyle Langford",0.25,"sprting meeting","Meetings & Conference calls","Misc.","Bicycling.com","Responsive Redesign"
2014-03-27,"Kyle Langford",1.0,"design review call","Meetings & Conference calls","Misc.","Bicycling.com","Responsive Redesign"
2014-03-20,"Kyle Langford",0.15,"Styling Guide Update",,,"Bicycling.com","Responsive Redesign"
2014-03-19,"Kyle Langford",0.5,"call to review TDF designs","Meetings & Conference calls","Misc.","Bicycling.com","Responsive Redesign"
2014-03-13,"Kyle Langford",2.5,,"Create Styleguide","Moodboard / Styleguide","Bicycling.com","Responsive Redesign"
2014-03-12,"Kyle Langford",0.5,"weekly design call","Meetings & Conference calls","Misc.","Bicycling.com","Responsive Redesign"
2014-03-12,"Kyle Langford",2.0,"Accordion, Slider","Create Styleguide","Moodboard / Styleguide","Bicycling.com","Responsive Redesign"
2014-03-10,"Kyle Langford",4.5,"Dev","Create Styleguide","Moodboard / Styleguide","Bicycling.com","Responsive Redesign"
2014-03-07,"Kyle Langford",2.25,"finalize font size and style conventions","Meetings & Conference calls","Misc.","Bicycling.com","Responsive Redesign"
2014-03-07,"Kyle Langford",6.5,,"Create Styleguide","Moodboard / Styleguide","Bicycling.com","Responsive Redesign"
2014-03-04,"Kyle Langford",1.0,"Updates to StyleGuide","Create Styleguide","Moodboard / Styleguide","Bicycling.com","Responsive Redesign"
2014-03-03,"Kyle Langford",7.0,"Style Guide","Create Styleguide","Moodboard / Styleguide","Bicycling.com","Responsive Redesign"
2014-02-14,"Kyle Langford",0.5,"Call with rodale for mobile nav","Front-end dev for mobile nav.","Dev.","Bicycling.com","Responsive Redesign"
2014-02-14,"Kyle Langford",2.5,"","Wireframes for Channel Landing Page","Wireframes","Bicycling.com","Responsive Redesign"
2014-02-14,"Kyle Langford",1.5,"","Create Content Inventory for Section/Topic Landing Page","Content Inventory & Heirarchy","Bicycling.com","Responsive Redesign"
2014-02-14,"Kyle Langford",0.5,"weekly sprint review","Meetings & Conference calls","Misc.","Bicycling.com","Responsive Redesign"
2014-02-12,"Kyle Langford",4.5,"content blocking research","Research current website & magazine","Research","Bicycling.com","Responsive Redesign"
2014-02-11,"Kyle Langford",1.0,"begin style guide","Create Styleguide","Moodboard / Styleguide","Bicycling.com","Responsive Redesign"
2014-02-11,"Kyle Langford",0.5,"kickoff meeting","Meetings & Conference calls","Misc.","Bicycling.com","Responsive Redesign"
2016-12-08,"Kyle Langford",0.5,"scrum",,,"Brunello, Inc.","*Brunello Admin"
2016-12-07,"Kyle Langford",0.5,"Scrum",,,"Brunello, Inc.","*Brunello Admin"
2016-12-06,"Kyle Langford",5.0,"Scrum",,,"Brunello, Inc.","*Brunello Admin"
2016-12-05,"Kyle Langford",0.5,"Scrum",,,"Brunello, Inc.","*Brunello Admin"
2016-11-21,"Kyle Langford",0.5,"Scrum",,,"Brunello, Inc.","*Brunello Admin"
2016-11-18,"Kyle Langford",0.0,"scrum",,,"Brunello, Inc.","*Brunello Admin"
2016-11-02,"Kyle Langford",1.75,"Updating Drush",,,"Brunello, Inc.","*Brunello Admin"
2016-11-02,"Kyle Langford",0.5,"scrum",,,"Brunello, Inc.","*Brunello Admin"
2016-10-26,"Kyle Langford",0.25,"Meet with mike and adam re: energysmart",,,"Brunello, Inc.","*Brunello Admin"
2016-10-25,"Kyle Langford",0.25,"scrum",,,"Brunello, Inc.","*Brunello Admin"
2016-10-24,"Kyle Langford",0.5,"scrum",,,"Brunello, Inc.","*Brunello Admin"
2016-08-29,"Kyle Langford",0.5,"scrum",,,"Brunello, Inc.","*Brunello Admin"
2016-08-25,"Kyle Langford",0.5,"scrum",,,"Brunello, Inc.","*Brunello Admin"
2016-08-24,"Kyle Langford",0.5,"scrum",,,"Brunello, Inc.","*Brunello Admin"
2016-08-23,"Kyle Langford",0.5,"scrum",,,"Brunello, Inc.","*Brunello Admin"
2016-08-22,"Kyle Langford",0.5,"scrum",,,"Brunello, Inc.","*Brunello Admin"
2016-08-19,"Kyle Langford",0.25,"scrum",,,"Brunello, Inc.","*Brunello Admin"
2016-08-18,"Kyle Langford",0.25,"scrum",,,"Brunello, Inc.","*Brunello Admin"
2016-08-17,"Kyle Langford",0.5,"scrum",,,"Brunello, Inc.","*Brunello Admin"
2016-08-15,"Kyle Langford",0.5,"scrum",,,"Brunello, Inc.","*Brunello Admin"
2016-08-11,"Kyle Langford",0.5,"Scrum",,,"Brunello, Inc.","*Brunello Admin"
2016-08-10,"Kyle Langford",0.5,"scrum",,,"Brunello, Inc.","*Brunello Admin"
2016-08-09,"Kyle Langford",0.5,"Scrum",,,"Brunello, Inc.","*Brunello Admin"
2016-08-08,"Kyle Langford",0.5,"scrum",,,"Brunello, Inc.","*Brunello Admin"
2016-08-01,"Kyle Langford",0.5,"Scrum",,,"Brunello, Inc.","*Brunello Admin"
2016-07-21,"Kyle Langford",0.5,"scrum",,,"Brunello, Inc.","*Brunello Admin"
2016-07-19,"Kyle Langford",1.0,"scrum",,,"Brunello, Inc.","*Brunello Admin"
2016-07-13,"Kyle Langford",0.5,"scrum",,,"Brunello, Inc.","*Brunello Admin"
2016-07-07,"Kyle Langford",1.5,"lunchb meeting w/ mike $ Jay re: website",,,"Brunello, Inc.","*Brunello Admin"
2016-07-07,"Kyle Langford",0.5,"Scrum",,,"Brunello, Inc.","*Brunello Admin"
2016-07-06,"Kyle Langford",0.5,"Scrum",,,"Brunello, Inc.","*Brunello Admin"
2016-06-29,"Kyle Langford",0.5,"scrum",,,"Brunello, Inc.","*Brunello Admin"
2016-06-28,"Kyle Langford",0.5,"scrum",,,"Brunello, Inc.","*Brunello Admin"
2016-06-27,"Kyle Langford",0.5,"scrum",,,"Brunello, Inc.","*Brunello Admin"
2016-06-17,"Kyle Langford",1.0,"retrospective",,,"Brunello, Inc.","*Brunello Admin"
2016-06-15,"Kyle Langford",0.5,"scrum",,,"Brunello, Inc.","*Brunello Admin"
2016-06-14,"Kyle Langford",0.5,"scrum",,,"Brunello, Inc.","*Brunello Admin"
2016-06-13,"Kyle Langford",0.5,"scrum",,,"Brunello, Inc.","*Brunello Admin"
2016-06-09,"Kyle Langford",0.5,"scrum",,,"Brunello, Inc.","*Brunello Admin"
2016-06-08,"Kyle Langford",0.5,"scrum",,,"Brunello, Inc.","*Brunello Admin"
2016-06-08,"Kyle Langford",1.0,"meeting w/ CSMi",,,"Brunello, Inc.","*Brunello Admin"
2016-06-06,"Kyle Langford",0.25,"scrum",,,"Brunello, Inc.","*Brunello Admin"
2016-06-03,"Kyle Langford",0.5,"scrum",,,"Brunello, Inc.","*Brunello Admin"
2016-05-25,"Kyle Langford",1.5,"new biz dev call with DAM, followups",,,"Brunello, Inc.","*Brunello Admin"
2016-05-24,"Kyle Langford",0.5,"scrum",,,"Brunello, Inc.","*Brunello Admin"
2016-05-20,"Kyle Langford",0.5,"scrum",,,"Brunello, Inc.","*Brunello Admin"
2016-05-17,"Kyle Langford",1.0,"scrum",,,"Brunello, Inc.","*Brunello Admin"
2016-05-05,"Kyle Langford",0.25,"scrum",,,"Brunello, Inc.","*Brunello Admin"
2016-05-04,"Kyle Langford",0.5,"scrum",,,"Brunello, Inc.","*Brunello Admin"
2016-05-02,"Kyle Langford",2.0,"Interview, Prep, Summary",,,"Brunello, Inc.","*Brunello Admin"
2016-05-02,"Kyle Langford",0.5,"post scrum imaginatik discussion",,,"Brunello, Inc.","*Brunello Admin"
2016-05-02,"Kyle Langford",0.5,"scrum",,,"Brunello, Inc.","*Brunello Admin"
2016-04-27,"Kyle Langford",0.5,"scrum",,,"Brunello, Inc.","*Brunello Admin"
2016-04-20,"Kyle Langford",0.5,"Scrum",,,"Brunello, Inc.","*Brunello Admin"
2016-04-19,"Kyle Langford",0.25,"Scrum",,,"Brunello, Inc.","*Brunello Admin"
2016-04-15,"Kyle Langford",0.5,"Scrum",,,"Brunello, Inc.","*Brunello Admin"
2016-04-14,"Kyle Langford",0.5,"Scrum",,,"Brunello, Inc.","*Brunello Admin"
2016-04-13,"Kyle Langford",0.35,"Digging Up Emails/Names","Send outreach emails, connect with Career Services departments","Intern Recruitment","Brunello, Inc.","*Brunello Admin"
2016-04-12,"Kyle Langford",0.25,"Scrum",,,"Brunello, Inc.","*Brunello Admin"
2016-04-11,"Kyle Langford",0.25,"Scrum",,,"Brunello, Inc.","*Brunello Admin"
2016-04-08,"Kyle Langford",0.25,"Scum",,,"Brunello, Inc.","*Brunello Admin"
2016-04-08,"Kyle Langford",0.75,"scrum retrospective",,,"Brunello, Inc.","*Brunello Admin"
2016-04-07,"Kyle Langford",0.25,"Scrum",,,"Brunello, Inc.","*Brunello Admin"
2016-04-06,"Kyle Langford",0.25,"Scrum",,,"Brunello, Inc.","*Brunello Admin"
2016-04-05,"Kyle Langford",0.25,"Scrum",,,"Brunello, Inc.","*Brunello Admin"
2016-04-04,"Kyle Langford",0.25,"Scrum",,,"Brunello, Inc.","*Brunello Admin"
2015-10-23,"Kyle Langford",1.0,"Call with nancy",,,"Brunello, Inc.","*Brunello Admin"
2015-10-19,"Kyle Langford",0.75,"Morning Meeting",,,"Brunello, Inc.","*Brunello Admin"
2015-10-15,"Kyle Langford",1.0,"Interview",,,"Brunello, Inc.","*Brunello Admin"
2015-10-13,"Kyle Langford",1.5,"Interview and Interview Prep",,,"Brunello, Inc.","*Brunello Admin"
2015-06-24,"Kyle Langford",0.5,"Entering Hours",,,"Brunello, Inc.","*Brunello Admin"
2015-06-17,"Kyle Langford",1.0,"Getting Angular - meeting prep for Corp Rewards Call",,,"Brunello, Inc.","*Brunello Admin"
2015-06-17,"Kyle Langford",0.5,"Call with Jason from Corporate Rewards, Angular Project",,,"Brunello, Inc.","*Brunello Admin"
2015-06-16,"Kyle Langford",1.5,"Process Document",,,"Brunello, Inc.","*Brunello Admin"
2015-05-26,"Kyle Langford",1.0,"weekly status meeting",,,"Brunello, Inc.","*Brunello Admin"
2015-05-20,"Kyle Langford",3.0,"ADA S 508 /WCAG 2.0 Research",,,"Brunello, Inc.","*Brunello Admin"
2015-05-08,"Kyle Langford",1.0,"Lunch meeting w/ nicole and adam",,,"Brunello, Inc.","*Brunello Admin"
2015-05-04,"Kyle Langford",0.5,"Weekly Meeting",,,"Brunello, Inc.","*Brunello Admin"
2015-04-13,"Kyle Langford",2.0,"Morning Meeting",,,"Brunello, Inc.","*Brunello Admin"
2015-04-09,"Kyle Langford",0.5,"Guideposts Meeting",,,"Brunello, Inc.","*Brunello Admin"
2015-04-07,"Kyle Langford",1.0,"jQuery Video by Paul Irish",,,"Brunello, Inc.","*Brunello Admin"
2015-04-06,"Kyle Langford",0.5,"Morning Meeting",,,"Brunello, Inc.","*Brunello Admin"
2015-04-06,"Kyle Langford",0.75,"Conferences",,,"Brunello, Inc.","*Brunello Admin"
2015-04-06,"Kyle Langford",0.5,"Bally Ribbon Email",,,"Brunello, Inc.","*Brunello Admin"
2015-04-06,"Kyle Langford",0.5,"Mysql Syncing - Research",,,"Brunello, Inc.","*Brunello Admin"
2015-03-30,"Kyle Langford",0.5,"Monday Meeting",,,"Brunello, Inc.","*Brunello Admin"
2015-03-17,"Kyle Langford",0.5,"Weekly Meeting",,,"Brunello, Inc.","*Brunello Admin"
2015-03-09,"Kyle Langford",1.75,"Apple Event",,,"Brunello, Inc.","*Brunello Admin"
2015-01-06,"Kyle Langford",1.0,"Dang-Nam Midpoint Review",,,"Brunello, Inc.","*Brunello Admin"
2014-12-19,"Kyle Langford",0.5,"Paychex",,,"Brunello, Inc.","*Brunello Admin"
2014-12-17,"Kyle Langford",1.0,"Corporate Rewards Meeting and Prep",,,"Brunello, Inc.","*Brunello Admin"
2014-11-05,"Kyle Langford",0.75,"Interview",,,"Brunello, Inc.","*Brunello Admin"
2014-11-04,"Kyle Langford",1.0,"Blog Post",,,"Brunello, Inc.","*Brunello Admin"
2014-11-03,"Kyle Langford",0.75,"Internships - Correspondence",,,"Brunello, Inc.","*Brunello Admin"
2014-11-03,"Kyle Langford",1.0,"Morning Meeting",,,"Brunello, Inc.","*Brunello Admin"
2014-10-02,"Kyle Langford",0.5,"MAMP HTPassword",,,"Brunello, Inc.","*Brunello Admin"
2014-09-25,"Kyle Langford",0.5,"Brunello Logo Review",,,"Brunello, Inc.","*Brunello Admin"
2014-09-24,"Kyle Langford",2.75,"NEWDCAMP Promo",,,"Brunello, Inc.","*Brunello Admin"
2014-09-23,"Kyle Langford",0.5,"Dental Meeting",,,"Brunello, Inc.","*Brunello Admin"
2014-09-23,"Kyle Langford",3.0,"landing page prep, promo image options",,,"Brunello, Inc.","*Brunello Admin"
2014-09-22,"Kyle Langford",5.5,"Ad Design",,,"Brunello, Inc.","*Brunello Admin"
2014-09-08,"Kyle Langford",0.5,"Morning Meeting",,,"Brunello, Inc.","*Brunello Admin"
2014-08-26,"Kyle Langford",0.5,"Imaginatik Estimate",,,"Brunello, Inc.","*Brunello Admin"
2014-08-26,"Kyle Langford",1.0,"Interview: Ethan",,,"Brunello, Inc.","*Brunello Admin"
2014-08-20,"Kyle Langford",0.5,"Internship",,,"Brunello, Inc.","*Brunello Admin"
2014-08-06,"Kyle Langford",1.25,"Interview + Prep",,,"Brunello, Inc.","*Brunello Admin"
2014-06-26,"Kyle Langford",1.5,"3d Printing",,,"Brunello, Inc.","*Brunello Admin"
2014-06-24,"Kyle Langford",1.0,"3d Printing",,,"Brunello, Inc.","*Brunello Admin"
2014-06-23,"Kyle Langford",1.0,,,,"Brunello, Inc.","*Brunello Admin"
2014-06-16,"Kyle Langford",0.5,"Morning Meeting",,,"Brunello, Inc.","*Brunello Admin"
2014-06-04,"Kyle Langford",0.5,"Click Thru Project: Review",,,"Brunello, Inc.","*Brunello Admin"
2014-06-03,"Kyle Langford",0.75,"Click Thru Project: Intro / Prep",,,"Brunello, Inc.","*Brunello Admin"
2014-05-13,"Kyle Langford",1.0,"Catch-up, Email",,,"Brunello, Inc.","*Brunello Admin"
2014-05-09,"Kyle Langford",1.5,"Usability, Eye tracking research",,,"Brunello, Inc.","*Brunello Admin"
2014-04-29,"Kyle Langford",0.5,"Interview Questions",,,"Brunello, Inc.","*Brunello Admin"
2014-04-14,"Kyle Langford",0.5,"Brunello Morning Meeting",,,"Brunello, Inc.","*Brunello Admin"
2014-04-02,"Kyle Langford",0.5,"Correspondence: potential Intern",,,"Brunello, Inc.","*Brunello Admin"
2014-04-02,"Kyle Langford",0.5,"jess: click thru training",,,"Brunello, Inc.","*Brunello Admin"
2014-04-01,"Kyle Langford",0.5,"Monday Meetings",,,"Brunello, Inc.","*Brunello Admin"
2014-04-01,"Kyle Langford",1.5,"Click Thru Guide",,,"Brunello, Inc.","*Brunello Admin"
2014-04-01,"Kyle Langford",0.15,"Correspondence: potential Intern",,,"Brunello, Inc.","*Brunello Admin"
2014-03-31,"Kyle Langford",0.5,"Reviewed Portfolio, Correspondence: potential internship",,,"Brunello, Inc.","*Brunello Admin"
2014-03-31,"Kyle Langford",0.5,"Weekly Meeting",,,"Brunello, Inc.","*Brunello Admin"
2014-03-20,"Kyle Langford",0.25,"Catch up with adam",,,"Brunello, Inc.","*Brunello Admin"
2014-03-12,"Kyle Langford",0.5,"Call with Dori from Northeastern",,,"Brunello, Inc.","*Brunello Admin"
2014-03-10,"Kyle Langford",0.5,"COOP",,,"Brunello, Inc.","*Brunello Admin"
2014-03-10,"Kyle Langford",0.5,"Weekly Monday Meeting",,,"Brunello, Inc.","*Brunello Admin"
2014-03-07,"Kyle Langford",0.75,"Emails to NU CO-OP Advisor, Research",,,"Brunello, Inc.","*Brunello Admin"
2014-02-18,"Kyle Langford",1.0,"Team Meeting",,,"Brunello, Inc.","*Brunello Admin"
2015-04-15,"Kyle Langford",2.0,,,,"Brunello, Inc.","BandSwapper"
2015-04-14,"Kyle Langford",5.5,,,,"Brunello, Inc.","BandSwapper"
2015-04-13,"Kyle Langford",2.5,"Project Setup, Bit, Git, Grunt",,,"Brunello, Inc.","BandSwapper"
2015-05-26,"Kyle Langford",1.0,"Meet with dang-nam",,,"Brunello, Inc.","Brunello ClickThru Redesign"
2015-05-19,"Kyle Langford",2.5,"Working with Dang-Nam",,,"Brunello, Inc.","Brunello ClickThru Redesign"
2015-05-19,"Kyle Langford",1.0,"Getting Back up to speed",,,"Brunello, Inc.","Brunello ClickThru Redesign"
2015-04-09,"Kyle Langford",2.5,,"Code Click Thru Page Template","Development","Brunello, Inc.","Brunello ClickThru Redesign"
2015-03-25,"Kyle Langford",0.75,"Support","Code Click Thru Page Template","Development","Brunello, Inc.","Brunello ClickThru Redesign"
2015-03-20,"Kyle Langford",5.25,"Learning Angular, UI Router",,,"Brunello, Inc.","Brunello ClickThru Redesign"
2015-03-19,"Kyle Langford",5.0,"Learning Angular, Flexslider, Draggable Tables",,,"Brunello, Inc.","Brunello ClickThru Redesign"
2015-03-18,"Kyle Langford",4.5,"Learning Angular, Drag and Drop Demo",,,"Brunello, Inc.","Brunello ClickThru Redesign"
2015-03-17,"Kyle Langford",4.5,"Learning Angular, JSON, File Uploads",,,"Brunello, Inc.","Brunello ClickThru Redesign"
2015-03-16,"Kyle Langford",6.0,"Learning Angular, writing JSON",,,"Brunello, Inc.","Brunello ClickThru Redesign"
2015-03-12,"Kyle Langford",0.75,"Project Management",,,"Brunello, Inc.","Brunello ClickThru Redesign"
2015-03-10,"Kyle Langford",1.5,"Review, Research Drag and Drop, Planning",,,"Brunello, Inc.","Brunello ClickThru Redesign"
2015-02-19,"Kyle Langford",4.5,"Setting Up Content Types, Started Templates, Handoff",,,"Brunello, Inc.","Brunello ClickThru Redesign"
2014-08-12,"Kyle Langford",1.25,"Meeting",,,"Brunello, Inc.","Brunello ClickThru Redesign"
2014-07-31,"Kyle Langford",1.25,"Clean up and presentation prep",,,"Brunello, Inc.","Brunello ClickThru Redesign"
2014-07-29,"Kyle Langford",0.75,,,,"Brunello, Inc.","Brunello ClickThru Redesign"
2014-07-24,"Kyle Langford",0.75,,,,"Brunello, Inc.","Brunello ClickThru Redesign"
2014-07-22,"Kyle Langford",1.0,"Chapman Feedback",,,"Brunello, Inc.","Brunello ClickThru Redesign"
2014-06-26,"Kyle Langford",0.75,,,,"Brunello, Inc.","Brunello ClickThru Redesign"
2014-06-25,"Kyle Langford",1.0,,,,"Brunello, Inc.","Brunello ClickThru Redesign"
2014-06-24,"Kyle Langford",2.0,,,,"Brunello, Inc.","Brunello ClickThru Redesign"
2014-06-18,"Kyle Langford",0.5,"Creating to dos",,,"Brunello, Inc.","Brunello ClickThru Redesign"
2014-06-05,"Kyle Langford",0.5,"Created Project, and Overview",,,"Brunello, Inc.","Brunello ClickThru Redesign"
2016-04-20,"Kyle Langford",1.25,"trying to update cms","Upgrade CMS and resolve issues related to PHP upgrade on our RS server","Misc.","Brunello, Inc.","Brunello Website"
2016-04-14,"Kyle Langford",0.5,"Checking out files and pulling down site","Upgrade CMS and resolve issues related to PHP upgrade on our RS server","Misc.","Brunello, Inc.","Brunello Website"
2014-12-12,"Kyle Langford",4.5,"RWD Slide, Section Landing Page,",,,"Brunello, Inc.","Brunello Website"
2014-12-10,"Kyle Langford",2.0,"404",,,"Brunello, Inc.","Brunello Website"
2014-11-17,"Kyle Langford",4.0,"Why Responsive QA, Launch",,,"Brunello, Inc.","Brunello Website"
2014-11-17,"Kyle Langford",4.0,"Why Responsive",,,"Brunello, Inc.","Brunello Website"
2014-11-14,"Kyle Langford",5.25,"Why Responsive",,,"Brunello, Inc.","Brunello Website"
2014-11-11,"Kyle Langford",1.5,"404 page",,,"Brunello, Inc.","Brunello Website"
2014-11-03,"Kyle Langford",0.5,"Service Page Overview",,,"Brunello, Inc.","Brunello Website"
2014-10-02,"Kyle Langford",4.5,"Remove Tracking, Career Landing Page, Social Share, Icon Update",,,"Brunello, Inc.","Brunello Website"
2014-10-01,"Kyle Langford",5.0,"Career Page, Internships",,,"Brunello, Inc.","Brunello Website"
2014-09-30,"Kyle Langford",5.0,"Careers Landing Page, Internships",,,"Brunello, Inc.","Brunello Website"
2014-09-26,"Kyle Langford",0.5,"Google Tag Manager",,,"Brunello, Inc.","Brunello Website"
2014-09-24,"Kyle Langford",0.5,"Auto Advance Slider",,,"Brunello, Inc.","Brunello Website"
2014-04-24,"Kyle Langford",0.15,"Added Google Webmaster Verification",,,"Brunello, Inc.","Brunello Website"
2014-03-31,"Kyle Langford",2.15,"Portfolio New Designs",,,"Brunello, Inc.","Brunello Website"
2014-03-19,"Kyle Langford",2.0,"QA",,,"Brunello, Inc.","Brunello Website"
2014-03-18,"Kyle Langford",6.5,"QA",,,"Brunello, Inc.","Brunello Website"
2014-03-17,"Kyle Langford",7.25,"QA, Launch Prep",,,"Brunello, Inc.","Brunello Website"
2014-03-14,"Kyle Langford",3.5,"QA",,,"Brunello, Inc.","Brunello Website"
2014-02-12,"Kyle Langford",0.45,"Dev",,,"Brunello, Inc.","Brunello Website"
2014-02-11,"Kyle Langford",4.5,"Dev",,,"Brunello, Inc.","Brunello Website"
2014-06-27,"Kyle Langford",1.5,"Tried some misc fixes for viewport, added border to menu",,,"Brunello, Inc.","Brunello Website (legacy)"
2014-03-21,"Kyle Langford",2.0,"Brunello Logo, Misc Updates",,,"Brunello, Inc.","Brunello Website (legacy)"
2014-03-20,"Kyle Langford",7.25,"QA",,,"Brunello, Inc.","Brunello Website (legacy)"
2014-03-20,"Kyle Langford",4.0,"Portfolio Research, photos",,,"Brunello, Inc.","Brunello Website (legacy)"
2014-11-03,"Kyle Langford",1.0,"Newd Camp Take Away",,,"Brunello, Inc.","NEWDcamp"
2016-08-16,"Kyle Langford",0.5,"Landing Page Edits",,,"Brunello, Inc.","WatchDots"
2015-11-05,"Kyle Langford",2.5,"Press Page",,,"Brunello, Inc.","WatchDots"
2015-11-04,"Kyle Langford",4.5,"Restructuring Site, Cleanup, Starting Press Page",,,"Brunello, Inc.","WatchDots"
2015-09-30,"Kyle Langford",0.5,"homepage tweaks",,,"Brunello, Inc.","WatchDots"
2015-09-29,"Kyle Langford",1.0,"Homepage Updates.",,,"Brunello, Inc.","WatchDots"
2015-09-28,"Kyle Langford",5.5,"Homepage Updates",,,"Brunello, Inc.","WatchDots"
2015-07-30,"Kyle Langford",2.5,"Front-end Updates",,,"Brunello, Inc.","WatchDots"
2015-07-29,"Kyle Langford",5.5,"Front-end Updates",,,"Brunello, Inc.","WatchDots"
2015-07-07,"Kyle Langford",4.0,"Watchdot Site Update",,,"Brunello, Inc.","WatchDots"
2015-06-04,"Kyle Langford",0.5,"PR Firm Call",,,"Brunello, Inc.","WatchDots"
2015-05-13,"Kyle Langford",2.5,"Assisting in Launch, Trouble shooting contact form",,,"Brunello, Inc.","WatchDots"
2015-05-11,"Kyle Langford",3.0,"Contact Form, VC for landing page",,,"Brunello, Inc.","WatchDots"
2015-05-06,"Kyle Langford",1.0,"social strategy",,,"Brunello, Inc.","WatchDots"
2016-11-14,"Kyle Langford",1.25,"Update to band sizing product option",,,"Brunello, Inc.","Wristouch"
2015-10-23,"Kyle Langford",0.5,"Troubleshooting zindex on tooltip",,,"Citizens Energy","BILLED: Interactive Maps"
2015-10-19,"Kyle Langford",0.25,"Setting up site for adam to work on",,,"Citizens Energy","BILLED: Interactive Maps"
2015-09-23,"Kyle Langford",1.75,"Add Pins, Create Graphics",,,"Citizens Energy","BILLED: Interactive Maps"
2015-09-18,"Kyle Langford",3.15,"Dev / QA",,,"Citizens Energy","BILLED: Interactive Maps"
2015-09-17,"Kyle Langford",4.25,"Dev",,,"Citizens Energy","BILLED: Interactive Maps"
2015-09-15,"Kyle Langford",5.5,"Dev",,,"Citizens Energy","BILLED: Interactive Maps"
2015-09-14,"Kyle Langford",5.5,"Dev",,,"Citizens Energy","BILLED: Interactive Maps"
2015-10-30,"Kyle Langford",1.5,"Pushing interactive map live",,,"Citizens Energy","Dev./Misc. Support"
2015-10-30,"Kyle Langford",2.0,"Local Site Setup",,,"Citizens Energy","Dev./Misc. Support"
2016-10-24,"Kyle Langford",0.75,"Metatags","Implement landing page","Design","Citizens Energy","Pledge Campaign"
2016-10-20,"Kyle Langford",6.0,"Styling, JS Functionality, QA",,,"Citizens Energy","Pledge Campaign"
2016-10-19,"Kyle Langford",6.0,"Local Setup, building new functionality, layout",,,"Citizens Energy","Pledge Campaign"
2015-12-29,"Kyle Langford",7.5,"Forms, Meeting",,,"Corporate Rewards","BILLED: Front-end Development Retainer"
2015-12-28,"Kyle Langford",1.0,"Research validate.js",,,"Corporate Rewards","BILLED: Front-end Development Retainer"
2015-02-05,"Kyle Langford",1.5,,,,"Corporate Rewards","BILLED: Front-end Development Retainer"
2015-02-03,"Kyle Langford",6.0,,,,"Corporate Rewards","BILLED: Front-end Development Retainer"
2015-02-02,"Kyle Langford",2.5,,,,"Corporate Rewards","BILLED: Front-end Development Retainer"
2015-01-29,"Kyle Langford",5.5,"Form Validation, Don Feedback",,,"Corporate Rewards","BILLED: Front-end Development Retainer"
2015-01-28,"Kyle Langford",6.5,"Validation, ""Final"" Prep",,,"Corporate Rewards","BILLED: Front-end Development Retainer"
2015-01-26,"Kyle Langford",5.0,"Adam's Feedback, Working with John",,,"Corporate Rewards","BILLED: Front-end Development Retainer"
2015-01-25,"Kyle Langford",4.5,"Cleanup, Register Form",,,"Corporate Rewards","BILLED: Front-end Development Retainer"
2015-01-23,"Kyle Langford",6.0,"Feedback, Validation",,,"Corporate Rewards","BILLED: Front-end Development Retainer"
2015-01-22,"Kyle Langford",6.0,"Feedback List, Validation",,,"Corporate Rewards","BILLED: Front-end Development Retainer"
2015-01-20,"Kyle Langford",8.0,"Money Statement, Edit Functionality, Misc Edits",,,"Corporate Rewards","BILLED: Front-end Development Retainer"
2015-01-15,"Kyle Langford",6.0,"Booking Pages, Clean up, Money Page,",,,"Corporate Rewards","BILLED: Front-end Development Retainer"
2015-01-14,"Kyle Langford",4.5,"Money Statement, Bookings, Reviews",,,"Corporate Rewards","BILLED: Front-end Development Retainer"
2015-01-14,"Kyle Langford",6.0,"pal-29, pal34, Earn More pages, Contact page,",,,"Corporate Rewards","BILLED: Front-end Development Retainer"
2015-01-13,"Kyle Langford",5.5,"CSS Cleanup, pal-29",,,"Corporate Rewards","BILLED: Front-end Development Retainer"
2015-01-09,"Kyle Langford",5.0,"PAl-27",,,"Corporate Rewards","BILLED: Front-end Development Retainer"
2015-01-07,"Kyle Langford",7.5,"pal-26 carousels, global elements",,,"Corporate Rewards","BILLED: Front-end Development Retainer"
2015-01-06,"Kyle Langford",3.0,"Scrollbar",,,"Corporate Rewards","BILLED: Front-end Development Retainer"
2015-01-06,"Kyle Langford",2.25,"Styling",,,"Corporate Rewards","BILLED: Front-end Development Retainer"
2015-01-02,"Kyle Langford",0.5,"Email",,,"Corporate Rewards","BILLED: Front-end Development Retainer"
2015-01-01,"Kyle Langford",5.0,"Sliders",,,"Corporate Rewards","BILLED: Front-end Development Retainer"
2014-12-31,"Kyle Langford",4.0,"Modal Window, Sliders",,,"Corporate Rewards","BILLED: Front-end Development Retainer"
2014-12-26,"Kyle Langford",1.0,"Login Page Userflow",,,"Corporate Rewards","BILLED: Front-end Development Retainer"
2014-12-22,"Kyle Langford",0.75,"Morning Meeting, Progress Report (end of day)",,,"Corporate Rewards","BILLED: Front-end Development Retainer"
2014-12-22,"Kyle Langford",4.25,"index_reg.html, Getting up to speed",,,"Corporate Rewards","BILLED: Front-end Development Retainer"
2015-04-07,"Kyle Langford",0.15,"Handoff",,,"Corporate Rewards","BILLED: Front-end Development Retainer (2.0)"
2015-04-07,"Kyle Langford",3.0,"Code Cleanup, adding html for preview sections",,,"Corporate Rewards","BILLED: Front-end Development Retainer (2.0)"
2015-04-06,"Kyle Langford",0.35,"Meeting",,,"Corporate Rewards","BILLED: Front-end Development Retainer (2.0)"
2015-04-06,"Kyle Langford",1.25,"Updates to HTM, Sudo Code for Validation",,,"Corporate Rewards","BILLED: Front-end Development Retainer (2.0)"
2015-04-03,"Kyle Langford",0.25,"Meeting",,,"Corporate Rewards","BILLED: Front-end Development Retainer (2.0)"
2015-04-03,"Kyle Langford",3.5,"Accordion Functionality, Merge Branches",,,"Corporate Rewards","BILLED: Front-end Development Retainer (2.0)"
2015-04-02,"Kyle Langford",4.5,"Dev, Sketch of final HTML",,,"Corporate Rewards","BILLED: Front-end Development Retainer (2.0)"
2015-04-01,"Kyle Langford",0.35,"Meeting",,,"Corporate Rewards","BILLED: Front-end Development Retainer (2.0)"
2015-04-01,"Kyle Langford",4.5,"Pull down files, Getting Up to Speed, Dev",,,"Corporate Rewards","BILLED: Front-end Development Retainer (2.0)"
2015-03-30,"Kyle Langford",0.5,"Meeting",,,"Corporate Rewards","BILLED: Front-end Development Retainer (2.0)"
2015-03-30,"Kyle Langford",0.5,"Project Intro",,,"Corporate Rewards","BILLED: Front-end Development Retainer (2.0)"
2015-09-11,"Kyle Langford",4.0,"Misc QA / Fixes - Site Live today.",,,"Corporate Rewards","Palladium - Responsive Dev."
2015-09-10,"Kyle Langford",5.25,"Misc QA / Fixes",,,"Corporate Rewards","Palladium - Responsive Dev."
2015-09-09,"Kyle Langford",3.75,"IE8 Fixed, Misc Fixes assigned to me",,,"Corporate Rewards","Palladium - Responsive Dev."
2015-09-03,"Kyle Langford",2.5,"Responding to feedback, updates",,,"Corporate Rewards","Palladium - Responsive Dev."
2015-09-02,"Kyle Langford",4.5,"Frontend Dev: sticky nav, welcome image swap, footer images, JS carousel, custom scroll, Email Update",,,"Corporate Rewards","Palladium - Responsive Dev."
2015-09-01,"Kyle Langford",5.5,"Frontend Dev: Misc Clean up, QA Ipad",,,"Corporate Rewards","Palladium - Responsive Dev."
2015-08-31,"Kyle Langford",5.5,"Frontend Dev: More Menu Work, close btn",,,"Corporate Rewards","Palladium - Responsive Dev."
2015-08-28,"Kyle Langford",5.0,"Frontend Dev: Tables, FAQ. Special Offers",,,"Corporate Rewards","Palladium - Responsive Dev."
2015-08-27,"Kyle Langford",5.25,"Frontend Dev: Misc Updates, Mobile Nav moved into template",,,"Corporate Rewards","Palladium - Responsive Dev."
2015-08-26,"Kyle Langford",3.75,"Frontend Dev: Email Update, Mobile Menu",,,"Corporate Rewards","Palladium - Responsive Dev."
2015-08-24,"Kyle Langford",1.15,"Weekly Call, Email, Creating Question List for Wed",,,"Corporate Rewards","Palladium - Responsive Dev."
2015-08-21,"Kyle Langford",4.0,"Front-end Dev, Mobile Menu",,,"Corporate Rewards","Palladium - Responsive Dev."
2015-08-19,"Kyle Langford",5.5,"Front-end Dev, making elements fluid",,,"Corporate Rewards","Palladium - Responsive Dev."
2015-08-19,"Kyle Langford",3.5,"Starting Front-end Dev",,,"Corporate Rewards","Palladium - Responsive Dev."
2015-08-19,"Kyle Langford",1.25,"Researching ColdFusion - Dev Setup",,,"Corporate Rewards","Palladium - Responsive Dev."
2015-08-17,"Kyle Langford",0.25,"Kick-off Call with Eloy",,,"Corporate Rewards","Palladium - Responsive Dev."
2016-06-29,"Kyle Langford",0.5,"Meeting w/ BOndi",,,"Dartmouth College","DAM Site Audit"
2016-05-24,"Kyle Langford",1.0,"Meeting w/ Nicole to review Audit",,,"Dartmouth College","DAM Site Audit"
2014-04-03,"Kyle Langford",0.5,"Created Issue Graphic",,,"Dartmouth College","DAM: OUT OF SCOPE"
2014-03-26,"Kyle Langford",0.5,"Updated Archive Splash Page",,,"Dartmouth College","DAM: OUT OF SCOPE"
2016-11-02,"Kyle Langford",0.65,"Finding new icon, creating artwork","Please create a new icon for the ""What to Read"" link in sidebar. They have requested some sort of book icon.","NOV requests","Dartmouth College","Dev./Misc. Support"
2016-10-14,"Kyle Langford",2.0,"Working back and forth with mike to resolve spacing issue","Address Spacing issue that James reported","Gen Requests","Dartmouth College","Dev./Misc. Support"
2016-07-05,"Kyle Langford",0.5,"bondi follow up",,,"Dartmouth College","Dev./Misc. Support"
2016-12-12,"Kyle Langford",1.5,"Updating author bio, misc updates",,,"Enel NA","EnergySMART Blog"
2016-12-09,"Kyle Langford",5.5,"Updates from sara",,,"Enel NA","EnergySMART Blog"
2016-12-07,"Kyle Langford",0.75,"Morning Meeting Review Enernoc",,,"Enel NA","EnergySMART Blog"
2016-12-07,"Kyle Langford",2.25,"Article Updates from sara",,,"Enel NA","EnergySMART Blog"
2016-12-06,"Kyle Langford",3.0,"Updates from sara",,,"Enel NA","EnergySMART Blog"
2016-11-28,"Kyle Langford",4.0,"Working on Items from Sara",,,"Enel NA","EnergySMART Blog"
2016-11-02,"Kyle Langford",0.5,"Meeting with mike and nicole re: next steps",,,"Enel NA","EnergySMART Blog"
2016-11-01,"Kyle Langford",1.0,"Review with Sara",,,"Enel NA","EnergySMART Blog"
2016-10-26,"Kyle Langford",1.5,"","blog list view template","Blog","Enel NA","EnergySMART Blog"
2016-10-26,"Kyle Langford",3.5,"","Blog Detail","Blog","Enel NA","EnergySMART Blog"
2016-10-26,"Kyle Langford",0.5,"","pagination styling","General","Enel NA","EnergySMART Blog"
2016-10-25,"Kyle Langford",5.5,"Front-end, Mostly Homepage",,,"Enel NA","EnergySMART Blog"
2016-10-24,"Kyle Langford",4.0,"Front-end",,,"Enel NA","EnergySMART Blog"
2016-10-18,"Kyle Langford",1.5,"Getting Started",,,"Enel NA","EnergySMART Blog"
2016-12-22,"Kyle Langford",3.5,"Misc Updates/ Theming",,,"Enel NA","EnerNOC Corporate Site (Domain Access Transition)"
2016-12-21,"Kyle Langford",0.5,"Meeting w/ sara before break",,,"Enel NA","EnerNOC Corporate Site (Domain Access Transition)"
2016-12-21,"Kyle Langford",4.5,"Theming Search Pages",,,"Enel NA","EnerNOC Corporate Site (Domain Access Transition)"
2016-12-15,"Kyle Langford",3.5,"Updates from sara",,,"Enel NA","Retainer"
2016-12-15,"Kyle Langford",1.0,"weekly call w/ Sara",,,"Enel NA","Retainer"
2016-12-08,"Kyle Langford",2.75,"Updates from sara",,,"Enel NA","Retainer"
2016-12-08,"Kyle Langford",1.25,"Meeting",,,"Enel NA","Retainer"
2016-11-11,"Kyle Langford",2.5,"Fulfillment Page",,,"Enel NA","Retainer"
2016-11-08,"Kyle Langford",2.0,"Campaign Fulfill Page",,,"Enel NA","Retainer"
2016-11-08,"Kyle Langford",5.25,"Campaign Fulfill Page",,,"Enel NA","Retainer"
2016-10-18,"Kyle Langford",1.25,"Styling","Live Agent feature","Misc","Enel NA","Retainer"
2016-09-22,"Kyle Langford",2.5,"Email Logo Update",,,"Enel NA","Retainer"
2016-09-19,"Kyle Langford",5.5,"Investigating/Working on fixing Vidyard Video",,,"Enel NA","Retainer"
2016-08-29,"Kyle Langford",1.0,"Investigating Hero Blocks",,,"Enel NA","Retainer"
2016-08-16,"Kyle Langford",3.0,"Deployment, testing",,,"Enel NA","Retainer"
2016-08-15,"Kyle Langford",2.5,"Working on updates, front-end, minor tweaks",,,"Enel NA","Retainer"
2016-08-11,"Kyle Langford",3.57,"Frontend - Theming",,,"Enel NA","Retainer"
2016-08-10,"Kyle Langford",6.0,"Frontend - Theming",,,"Enel NA","Retainer"
2016-08-09,"Kyle Langford",5.75,"Frontend - Theming",,,"Enel NA","Retainer"
2016-08-08,"Kyle Langford",5.5,"Frontend - Theming",,,"Enel NA","Retainer"
2016-07-26,"Kyle Langford",0.75,"VidYard Video Fix",,,"Enel NA","Retainer"
2016-07-22,"Kyle Langford",0.5,"Emailing about mega menu",,,"Enel NA","Retainer"
2016-07-15,"Kyle Langford",1.0,"Over Link on Mage Menu Fix",,,"Enel NA","Retainer"
2016-07-15,"Kyle Langford",0.75,"Package and Send mega menu updates",,,"Enel NA","Retainer"
2016-07-13,"Kyle Langford",3.5,"Mega Menu Updates",,,"Enel NA","Retainer"
2016-07-08,"Kyle Langford",0.5,"Jobboard CSS fix",,,"Enel NA","Retainer"
2016-07-08,"Kyle Langford",1.5,"Fixing local issues",,,"Enel NA","Retainer"
2016-07-08,"Kyle Langford",2.5,"Updating form styling, resolving some local issues,","Build forms","Benchmarking Tool","Enel NA","Retainer"
2016-07-06,"Kyle Langford",1.0,"Survey Styling",,,"Enel NA","Retainer"
2016-07-05,"Kyle Langford",2.0,"Jobboard styling",,,"Enel NA","Retainer"
2016-06-29,"Kyle Langford",0.5,"CSS work on survey","Build forms","Benchmarking Tool","Enel NA","Retainer"
2016-06-28,"Kyle Langford",1.5,"CSS clean up","Customize and integrate EnerNOC's Greenhouse Job Board into their Drupal site","Greenhouse Job Board","Enel NA","Retainer"
2016-06-09,"Kyle Langford",2.5,"Working on full width video for vidyard",,,"Enel NA","Retainer"
2016-05-18,"Kyle Langford",2.5,"Acquia Lift Training",,,"Enel NA","Retainer"
2016-04-28,"Kyle Langford",0.75,"Updating local copy and adding autofocus",,,"Enel NA","Retainer"
2016-04-20,"Kyle Langford",1.5,"Nav Update, Re-syncing Local",,,"Enel NA","Retainer"
2016-03-31,"Kyle Langford",2.5,"header updates, video/search top margin",,,"Enel NA","Retainer"
2016-03-24,"Kyle Langford",5.5,"Syncing local site images/fonts, Mobile Nav Work",,,"Enel NA","Retainer"
2016-03-23,"Kyle Langford",4.5,"Local Setup - Working",,,"Enel NA","Retainer"
2016-03-15,"Kyle Langford",1.5,"Menu Dropdown Updates",,,"Enel NA","Retainer"
2016-03-15,"Kyle Langford",5.0,"Local Site Setup",,,"Enel NA","Retainer"
2015-06-24,"Kyle Langford",5.0,"Site files/access review.",,,"Enel NA","Retainer"
2015-06-16,"Kyle Langford",0.5,"Kickoff Call",,,"Enel NA","Retainer"
2015-06-16,"Kyle Langford",0.45,"Prep for meeting",,,"Enel NA","Retainer"
2015-06-15,"Kyle Langford",1.5,"Reviewed Audit",,,"Enel NA","Retainer"
2016-02-17,"Kyle Langford",0.65,"Fixing multiclomn rows on phone","Calculator App - design, development and support","Out of Scope","Esco Optics","BILLED: Ecommerce Website Design & Development"
2016-02-11,"Kyle Langford",5.0,"Misc Shopify Updates, primary navigation updates",,,"Esco Optics","BILLED: Ecommerce Website Design & Development"
2016-02-11,"Kyle Langford",3.5,"Shopify Updates, Moving the secondary menu and making it responsive, start on primary navigation updates",,,"Esco Optics","BILLED: Ecommerce Website Design & Development"
2016-02-11,"Kyle Langford",2.5,"Adding 'add to homescreen' popup, misc Edit","Calculator App - design, development and support","Out of Scope","Esco Optics","BILLED: Ecommerce Website Design & Development"
2016-02-10,"Kyle Langford",5.5,"Updates/ QA","Calculator App - design, development and support","Out of Scope","Esco Optics","BILLED: Ecommerce Website Design & Development"
2016-02-09,"Kyle Langford",1.0,"Email, Fixing Broken JS on Site","Calculator App - design, development and support","Out of Scope","Esco Optics","BILLED: Ecommerce Website Design & Development"
2016-02-09,"Kyle Langford",5.0,"Dev, Misc Updates, Splash Page","Calculator App - design, development and support","Out of Scope","Esco Optics","BILLED: Ecommerce Website Design & Development"
2016-02-08,"Kyle Langford",6.0,"Splash page, dev, updates","Calculator App - design, development and support","Out of Scope","Esco Optics","BILLED: Ecommerce Website Design & Development"
2016-02-08,"Kyle Langford",1.0,"Review with Lee, Ron, Mike, Stever","Calculator App - design, development and support","Out of Scope","Esco Optics","BILLED: Ecommerce Website Design & Development"
2016-02-08,"Kyle Langford",0.5,"Call Prep","Calculator App - design, development and support","Out of Scope","Esco Optics","BILLED: Ecommerce Website Design & Development"
2016-02-06,"Kyle Langford",0.75,"Correspondence with Mike","Calculator App - design, development and support","Out of Scope","Esco Optics","BILLED: Ecommerce Website Design & Development"
2016-02-05,"Kyle Langford",6.5,"Dev","Calculator App - design, development and support","Out of Scope","Esco Optics","BILLED: Ecommerce Website Design & Development"
2016-02-03,"Kyle Langford",7.5,"Dev","Calculator App - design, development and support","Out of Scope","Esco Optics","BILLED: Ecommerce Website Design & Development"
2016-02-02,"Kyle Langford",6.5,"Dev","Calculator App - design, development and support","Out of Scope","Esco Optics","BILLED: Ecommerce Website Design & Development"
2016-02-01,"Kyle Langford",7.5,"dev","Calculator App - design, development and support","Out of Scope","Esco Optics","BILLED: Ecommerce Website Design & Development"
2016-04-11,"Kyle Langford",0.35,"Pulling down changes, Project Cleanup","(1) Add Google Analytics to calculator","May 2016","Esco Optics","Esco Monthly"
2015-02-17,"Kyle Langford",1.5,"CSS Updates",,,"Guideposts","BILLED: 40-Day Prayer Challenge"
2015-02-13,"Kyle Langford",6.0,"Content Type, Feature, Start Dev",,,"Guideposts","BILLED: GP Slideshow"
2015-02-12,"Kyle Langford",2.0,"Slideshow content type",,,"Guideposts","BILLED: GP Slideshow"
2015-02-12,"Kyle Langford",3.5,"Site setup",,,"Guideposts","BILLED: GP Slideshow"
2014-08-14,"Kyle Langford",0.5,"Prayer Pagination - talk with jay",,,"Guideposts","BILLED: Website Redesign"
2014-08-06,"Kyle Langford",1.0,"RCLP Walk Thru","Meetings & Conference Calls","Misc. / Project Management","Guideposts","BILLED: Website Redesign"
2014-07-21,"Kyle Langford",4.25,,"RCLP 2","Mobile & Tablet WIRES: GP SECONDARY Templates","Guideposts","BILLED: Website Redesign"
2014-07-16,"Kyle Langford",3.75,,"RCLP 2","Mobile & Tablet WIRES: GP SECONDARY Templates","Guideposts","BILLED: Website Redesign"
2014-07-15,"Kyle Langford",4.75,,"RCLP 2","Mobile & Tablet WIRES: GP SECONDARY Templates","Guideposts","BILLED: Website Redesign"
2014-07-15,"Kyle Langford",1.75,,"RCLP 2","Mobile & Tablet WIRES: GP SECONDARY Templates","Guideposts","BILLED: Website Redesign"
2014-07-15,"Kyle Langford",2.0,,"Volunteer: Sign-up (3 Steps)","Mobile & Tablet WIRES: GP SECONDARY Templates","Guideposts","BILLED: Website Redesign"
2014-07-11,"Kyle Langford",1.5,,"Volunteer: Sign-up (3 Steps)","Mobile & Tablet WIRES: GP SECONDARY Templates","Guideposts","BILLED: Website Redesign"
2014-07-11,"Kyle Langford",0.5,"click thru","Volunteer Sign-up (3 Steps)","Desktop WIRES: GP SECONDARY Templates","Guideposts","BILLED: Website Redesign"
2014-07-10,"Kyle Langford",3.5,"Wireframes","Volunteer Sign-up (3 Steps)","Desktop WIRES: GP SECONDARY Templates","Guideposts","BILLED: Website Redesign"
2014-07-09,"Kyle Langford",4.0,"RWD Wireframes","Digital Editions Directory","Mobile & Tablet WIRES: GP SECONDARY Templates","Guideposts","BILLED: Website Redesign"
2014-07-09,"Kyle Langford",1.5,"balsamiq mockups","RCLP 1","Desktop WIRES: GP SECONDARY Templates","Guideposts","BILLED: Website Redesign"
2014-07-08,"Kyle Langford",4.0,"Balsamiq mockups","Master Newsletter signup page (offline drivers)","Desktop WIRES: GP SECONDARY Templates","Guideposts","BILLED: Website Redesign"
2014-07-08,"Kyle Langford",1.5,,"RCLP 1","Desktop WIRES: GP SECONDARY Templates","Guideposts","BILLED: Website Redesign"
2014-07-08,"Kyle Langford",3.0,,"RCLP 1","Desktop WIRES: GP SECONDARY Templates","Guideposts","BILLED: Website Redesign"
2014-07-08,"Kyle Langford",2.25,,"Master Newsletter signup page (offline drivers)","Desktop WIRES: GP SECONDARY Templates","Guideposts","BILLED: Website Redesign"
2014-07-08,"Kyle Langford",1.0,,"Digital Editions Directory","Mobile & Tablet WIRES: GP SECONDARY Templates","Guideposts","BILLED: Website Redesign"
2014-07-07,"Kyle Langford",1.0,,"Digital Editions Directory","Mobile & Tablet WIRES: GP SECONDARY Templates","Guideposts","BILLED: Website Redesign"
2014-07-03,"Kyle Langford",1.25,"Wireframe","Digital Editions Directory","Mobile & Tablet WIRES: GP SECONDARY Templates","Guideposts","BILLED: Website Redesign"
2014-07-03,"Kyle Langford",0.5,,"Volunteer: Sign-up (3 Steps)","Mobile & Tablet WIRES: GP SECONDARY Templates","Guideposts","BILLED: Website Redesign"
2014-07-02,"Kyle Langford",2.0,,"Magazine Directory Page (aka Subscription page)","Mobile & Tablet WIRES: GP SECONDARY Templates","Guideposts","BILLED: Website Redesign"
2014-07-02,"Kyle Langford",1.5,,"Magazine Directory Page (aka Subscription page)","Mobile & Tablet WIRES: GP SECONDARY Templates","Guideposts","BILLED: Website Redesign"
2014-06-30,"Kyle Langford",3.5,"Desktop Topic - OurPrayer, Answered, Thank You Page","Prayer Request","Mobile & Tablet WIRES: GP SECONDARY Templates","Guideposts","BILLED: Website Redesign"
2014-06-27,"Kyle Langford",3.5,"Userflow Diagrams","Volunteer: Sign-up (3 Steps)","Mobile & Tablet WIRES: GP SECONDARY Templates","Guideposts","BILLED: Website Redesign"
2014-06-26,"Kyle Langford",0.5,,"Subtopic","Mobile & Tablet WIRES: GP CORE Content","Guideposts","BILLED: Website Redesign"
2014-06-26,"Kyle Langford",0.5,,"Topic","Mobile & Tablet WIRES: GP CORE Content","Guideposts","BILLED: Website Redesign"
2014-06-26,"Kyle Langford",0.5,,"Channel: Article","Mobile & Tablet WIRES: GP CORE Content","Guideposts","BILLED: Website Redesign"
2014-06-26,"Kyle Langford",0.5,,"Article Detail","Mobile & Tablet WIRES: GP CORE Content","Guideposts","BILLED: Website Redesign"
2014-06-26,"Kyle Langford",1.5,"RCLP Research",,,"Guideposts","BILLED: Website Redesign"
2014-06-25,"Kyle Langford",0.25,,"Subtopic","Mobile & Tablet WIRES: GP CORE Content","Guideposts","BILLED: Website Redesign"
2014-06-25,"Kyle Langford",0.25,,"Topic","Mobile & Tablet WIRES: GP CORE Content","Guideposts","BILLED: Website Redesign"
2014-06-25,"Kyle Langford",0.25,,"Channel: Article","Mobile & Tablet WIRES: GP CORE Content","Guideposts","BILLED: Website Redesign"
2014-06-23,"Kyle Langford",2.0,,"Subtopic","Mobile & Tablet WIRES: GP CORE Content","Guideposts","BILLED: Website Redesign"
2014-06-23,"Kyle Langford",2.0,,"Topic","Mobile & Tablet WIRES: GP CORE Content","Guideposts","BILLED: Website Redesign"
2014-06-23,"Kyle Langford",2.0,,"Article Detail","Mobile & Tablet WIRES: GP CORE Content","Guideposts","BILLED: Website Redesign"
2014-06-20,"Kyle Langford",2.25,,"Channel: Article","Mobile & Tablet WIRES: GP CORE Content","Guideposts","BILLED: Website Redesign"
2014-06-19,"Kyle Langford",3.25,"Video Roll, Series, Post, Series Post",,,"Guideposts","BILLED: Website Redesign"
2014-06-19,"Kyle Langford",2.5,,"Video Roll","Mobile & Tablet WIRES: GP CORE Content","Guideposts","BILLED: Website Redesign"
2014-06-18,"Kyle Langford",1.25,,"Channel: (Helping)","Mobile & Tablet WIRES: GP CORE Content","Guideposts","BILLED: Website Redesign"
2014-06-18,"Kyle Langford",0.25,"Video RWD",,,"Guideposts","BILLED: Website Redesign"
2014-06-13,"Kyle Langford",1.5,,"Tablet & Mobile WFs: Video roll, video, series, video detail","*(for reference only, use individual to-dos) Wireframes","Guideposts","BILLED: Website Redesign"
2014-06-13,"Kyle Langford",2.5,,"Channel: (Helping)","Mobile & Tablet WIRES: GP CORE Content","Guideposts","BILLED: Website Redesign"
2014-06-12,"Kyle Langford",4.5,,"Tablet & Mobile WFs: Video roll, video, series, video detail","*(for reference only, use individual to-dos) Wireframes","Guideposts","BILLED: Website Redesign"
2014-06-11,"Kyle Langford",4.0,,"Tablet & Mobile WFs: Video roll, video, series, video detail","*(for reference only, use individual to-dos) Wireframes","Guideposts","BILLED: Website Redesign"
2014-06-11,"Kyle Langford",1.75,,"Tablet & Mobile WFs: Home, Blog roll, Blog Post, Author Bio","*(for reference only, use individual to-dos) Wireframes","Guideposts","BILLED: Website Redesign"
2014-06-11,"Kyle Langford",2.0,"Updates","Tablet & Mobile WFs: Home, Blog roll, Blog Post, Author Bio","*(for reference only, use individual to-dos) Wireframes","Guideposts","BILLED: Website Redesign"
2014-06-11,"Kyle Langford",0.5,,"Desktop WF: Channel Helping Others","*(for reference only, use individual to-dos) Wireframes","Guideposts","BILLED: Website Redesign"
2014-06-10,"Kyle Langford",0.75,"Updates","Tablet & Mobile WFs: Home, Blog roll, Blog Post, Author Bio","*(for reference only, use individual to-dos) Wireframes","Guideposts","BILLED: Website Redesign"
2014-06-10,"Kyle Langford",0.5,,"Desktop WF: Channel Faith","*(for reference only, use individual to-dos) Wireframes","Guideposts","BILLED: Website Redesign"
2014-06-06,"Kyle Langford",4.5,,"Tablet & Mobile WFs: Home, Blog roll, Blog Post, Author Bio","*(for reference only, use individual to-dos) Wireframes","Guideposts","BILLED: Website Redesign"
2014-06-05,"Kyle Langford",5.75,,"Tablet & Mobile WFs: Home, Blog roll, Blog Post, Author Bio","*(for reference only, use individual to-dos) Wireframes","Guideposts","BILLED: Website Redesign"
2014-06-04,"Kyle Langford",0.5,"Reviewed Directory Pages with jess","Desktop WF: Directory Page-Quotes","*(for reference only, use individual to-dos) Wireframes","Guideposts","BILLED: Website Redesign"
2014-06-03,"Kyle Langford",1.15,"Mobile Review, Plus Click Thru Updates",,,"Guideposts","BILLED: Website Redesign"
2014-06-02,"Kyle Langford",2.5,"","Tablet & Mobile WFs: Home, Blog roll, Blog Post, Author Bio","*(for reference only, use individual to-dos) Wireframes","Guideposts","BILLED: Website Redesign"
2014-05-29,"Kyle Langford",2.0,"HP Click Thru, Author Bio Page","Tablet & Mobile WFs: Home, Blog roll, Blog Post, Author Bio","*(for reference only, use individual to-dos) Wireframes","Guideposts","BILLED: Website Redesign"
2014-05-29,"Kyle Langford",5.5,,"Tablet & Mobile WFs: Home, Blog roll, Blog Post, Author Bio","*(for reference only, use individual to-dos) Wireframes","Guideposts","BILLED: Website Redesign"
2014-05-28,"Kyle Langford",0.5,"Internal Meetings","Meetings & Conference Calls","Misc. / Project Management","Guideposts","BILLED: Website Redesign"
2014-05-28,"Kyle Langford",1.5,,"Tablet & Mobile WFs: Home, Blog roll, Blog Post, Author Bio","*(for reference only, use individual to-dos) Wireframes","Guideposts","BILLED: Website Redesign"
2014-05-28,"Kyle Langford",1.0,,"Meetings & Conference Calls","Misc. / Project Management","Guideposts","BILLED: Website Redesign"
2014-05-27,"Kyle Langford",3.25,,"Tablet & Mobile WFs: Home, Blog roll, Blog Post, Author Bio","*(for reference only, use individual to-dos) Wireframes","Guideposts","BILLED: Website Redesign"
2014-05-23,"Kyle Langford",6.0,,"Tablet & Mobile WFs: Home, Blog roll, Blog Post, Author Bio","*(for reference only, use individual to-dos) Wireframes","Guideposts","BILLED: Website Redesign"
2014-05-22,"Kyle Langford",0.5,"Meet with nicole","Revise Topic/Subtopic WF Pages, Finalize Channel (once we have Final Taxonomy) deliver w/in 24-48 hours","*(for reference only, use individual to-dos) Wireframes","Guideposts","BILLED: Website Redesign"
2014-05-21,"Kyle Langford",5.25,,"Tablet & Mobile WFs: Home, Blog roll, Blog Post, Author Bio","*(for reference only, use individual to-dos) Wireframes","Guideposts","BILLED: Website Redesign"
2014-05-21,"Kyle Langford",0.5,,"Meetings & Conference Calls","Misc. / Project Management","Guideposts","BILLED: Website Redesign"
2014-05-20,"Kyle Langford",2.5,,"Tablet & Mobile WFs: Home, Blog roll, Blog Post, Author Bio","*(for reference only, use individual to-dos) Wireframes","Guideposts","BILLED: Website Redesign"
2014-05-09,"Kyle Langford",3.0,"Video Pages, Channel and topic/subtopic","Revise/Update CORE set of WFs delivered to Brunello from GP (approx. 10 pages): Create desktop, tablet and mobile versions in Brunello standard presentation format. (2 batches: Home & 3 Blog Pages/ Remaining Core pages TBD) Due date is for initial batch (remaining due *FRIDAY APRIL 25)","*(for reference only, use individual to-dos) Wireframes","Guideposts","BILLED: Website Redesign"
2014-05-08,"Kyle Langford",3.0,"Video Pages","Revise/Update CORE set of WFs delivered to Brunello from GP (approx. 10 pages): Create desktop, tablet and mobile versions in Brunello standard presentation format. (2 batches: Home & 3 Blog Pages/ Remaining Core pages TBD) Due date is for initial batch (remaining due *FRIDAY APRIL 25)","*(for reference only, use individual to-dos) Wireframes","Guideposts","BILLED: Website Redesign"
2014-05-08,"Kyle Langford",1.25,"Meeting + Follow up","Meetings & Conference Calls","Misc. / Project Management","Guideposts","BILLED: Website Redesign"
2014-05-07,"Kyle Langford",1.0,,"Revise/Update CORE set of WFs delivered to Brunello from GP (approx. 10 pages): Create desktop, tablet and mobile versions in Brunello standard presentation format. (2 batches: Home & 3 Blog Pages/ Remaining Core pages TBD) Due date is for initial batch (remaining due *FRIDAY APRIL 25)","*(for reference only, use individual to-dos) Wireframes","Guideposts","BILLED: Website Redesign"
2014-05-06,"Kyle Langford",0.5,,"Meetings & Conference Calls","Misc. / Project Management","Guideposts","BILLED: Website Redesign"
2014-05-06,"Kyle Langford",3.25,"Video Section Wireframes",,,"Guideposts","BILLED: Website Redesign"
2014-05-01,"Kyle Langford",0.5,"Review with nicole","Revise/Update CORE set of WFs delivered to Brunello from GP (approx. 10 pages): Create desktop, tablet and mobile versions in Brunello standard presentation format. (2 batches: Home & 3 Blog Pages/ Remaining Core pages TBD) Due date is for initial batch (remaining due *FRIDAY APRIL 25)","*(for reference only, use individual to-dos) Wireframes","Guideposts","BILLED: Website Redesign"
2014-04-29,"Kyle Langford",0.5,"Review Video Roll and Post Pages with N","Revise/Update CORE set of WFs delivered to Brunello from GP (approx. 10 pages): Create desktop, tablet and mobile versions in Brunello standard presentation format. (2 batches: Home & 3 Blog Pages/ Remaining Core pages TBD) Due date is for initial batch (remaining due *FRIDAY APRIL 25)","*(for reference only, use individual to-dos) Wireframes","Guideposts","BILLED: Website Redesign"
2014-04-29,"Kyle Langford",1.0,"Moodboard and Wireframe","Meetings & Conference Calls","Misc. / Project Management","Guideposts","BILLED: Website Redesign"
2014-04-29,"Kyle Langford",0.75,"Get jess up to speed","Revise/Update CORE set of WFs delivered to Brunello from GP (approx. 10 pages): Create desktop, tablet and mobile versions in Brunello standard presentation format. (2 batches: Home & 3 Blog Pages/ Remaining Core pages TBD) Due date is for initial batch (remaining due *FRIDAY APRIL 25)","*(for reference only, use individual to-dos) Wireframes","Guideposts","BILLED: Website Redesign"
2014-04-28,"Kyle Langford",1.75,"Prep + Wireframe Review","Meetings & Conference Calls","Misc. / Project Management","Guideposts","BILLED: Website Redesign"
2014-04-24,"Kyle Langford",1.0,"Analytics",,,"Guideposts","BILLED: Website Redesign"
2014-04-23,"Kyle Langford",1.25,"Moodboard Review","Meetings & Conference Calls","Misc. / Project Management","Guideposts","BILLED: Website Redesign"
2014-04-23,"Kyle Langford",5.0,,"Revise/Update CORE set of WFs delivered to Brunello from GP (approx. 10 pages): Create desktop, tablet and mobile versions in Brunello standard presentation format. (2 batches: Home & 3 Blog Pages/ Remaining Core pages TBD) Due date is for initial batch (remaining due *FRIDAY APRIL 25)","*(for reference only, use individual to-dos) Wireframes","Guideposts","BILLED: Website Redesign"
2014-04-22,"Kyle Langford",6.5,,"Revise/Update CORE set of WFs delivered to Brunello from GP (approx. 10 pages): Create desktop, tablet and mobile versions in Brunello standard presentation format. (2 batches: Home & 3 Blog Pages/ Remaining Core pages TBD) Due date is for initial batch (remaining due *FRIDAY APRIL 25)","*(for reference only, use individual to-dos) Wireframes","Guideposts","BILLED: Website Redesign"
2014-04-17,"Kyle Langford",6.5,,"Revise/Update CORE set of WFs delivered to Brunello from GP (approx. 10 pages): Create desktop, tablet and mobile versions in Brunello standard presentation format. (2 batches: Home & 3 Blog Pages/ Remaining Core pages TBD) Due date is for initial batch (remaining due *FRIDAY APRIL 25)","*(for reference only, use individual to-dos) Wireframes","Guideposts","BILLED: Website Redesign"
2014-04-15,"Kyle Langford",2.0,,"Create Content Inventory for Initial page types (Home & 3 Blog pages- part 1)","Sitemap, Content Inventory & Hierarchy","Guideposts","BILLED: Website Redesign"
2014-04-15,"Kyle Langford",1.0,"Getting Up to speed","Research current website(s), magazine and print publications","Research","Guideposts","BILLED: Website Redesign"
2014-04-15,"Kyle Langford",1.5,,"Create Content Inventory for Initial page types (Home & 3 Blog pages- part 1)","Sitemap, Content Inventory & Hierarchy","Guideposts","BILLED: Website Redesign"
2014-04-15,"Kyle Langford",1.75,"Moodboard Review","Meetings & Conference Calls","Misc. / Project Management","Guideposts","BILLED: Website Redesign"
2014-04-14,"Kyle Langford",1.5,"Getting Up to Speed",,,"Guideposts","BILLED: Website Redesign"
2014-04-07,"Kyle Langford",1.25,"Moodboard Review and Follow Up with N","Meetings & Conference Calls","Misc. / Project Management","Guideposts","BILLED: Website Redesign"
2014-12-19,"Kyle Langford",1.5,,,,"Imaginatik","BILLED: Clients & Resources Updates"
2014-12-08,"Kyle Langford",0.25,"Support",,,"Imaginatik","BILLED: Clients & Resources Updates"
2014-12-04,"Kyle Langford",0.5,"Meeting",,,"Imaginatik","BILLED: Clients & Resources Updates"
2014-12-03,"Kyle Langford",6.5,"Moving to staging, QA, Card Hieght Bug",,,"Imaginatik","BILLED: Clients & Resources Updates"
2014-12-02,"Kyle Langford",2.0,"Final Touches",,,"Imaginatik","BILLED: Clients & Resources Updates"
2014-12-01,"Kyle Langford",4.0,,,,"Imaginatik","BILLED: Clients & Resources Updates"
2014-11-24,"Kyle Langford",5.0,"By The Numbers, Resources Styling, Imagecache",,,"Imaginatik","BILLED: Clients & Resources Updates"
2014-11-21,"Kyle Langford",4.5,"Design Update, Imagecache Presets",,,"Imaginatik","BILLED: Clients & Resources Updates"
2014-11-19,"Kyle Langford",2.25,,,,"Imaginatik","BILLED: Clients & Resources Updates"
2014-11-18,"Kyle Langford",0.75,"Meeting",,,"Imaginatik","BILLED: Clients & Resources Updates"
2014-11-17,"Kyle Langford",0.75,"Meeting",,,"Imaginatik","BILLED: Clients & Resources Updates"
2014-11-06,"Kyle Langford",3.5,"Duplicate Card Bug",,,"Imaginatik","BILLED: Clients & Resources Updates"
2014-11-05,"Kyle Langford",2.25,"Updates",,,"Imaginatik","BILLED: Clients & Resources Updates"
2014-11-04,"Kyle Langford",2.0,"Updates, Meeting, Meeting Prep",,,"Imaginatik","BILLED: Clients & Resources Updates"
2014-11-03,"Kyle Langford",0.5,,,,"Imaginatik","BILLED: Clients & Resources Updates"
2014-10-31,"Kyle Langford",5.25,"Dev",,,"Imaginatik","BILLED: Clients & Resources Updates"
2014-10-30,"Kyle Langford",5.5,"Dev",,,"Imaginatik","BILLED: Clients & Resources Updates"
2014-10-29,"Kyle Langford",6.75,"Dev",,,"Imaginatik","BILLED: Clients & Resources Updates"
2014-10-28,"Kyle Langford",3.75,"Dev",,,"Imaginatik","BILLED: Clients & Resources Updates"
2014-10-24,"Kyle Langford",1.5,,,,"Imaginatik","BILLED: Clients & Resources Updates"
2014-10-23,"Kyle Langford",3.0,,,,"Imaginatik","BILLED: Clients & Resources Updates"
2014-10-22,"Kyle Langford",4.5,"Dev",,,"Imaginatik","BILLED: Clients & Resources Updates"
2014-10-21,"Kyle Langford",5.5,"Dev",,,"Imaginatik","BILLED: Clients & Resources Updates"
2014-10-20,"Kyle Langford",5.5,"Dev",,,"Imaginatik","BILLED: Clients & Resources Updates"
2014-10-17,"Kyle Langford",2.0,,,,"Imaginatik","BILLED: Clients & Resources Updates"
2014-10-16,"Kyle Langford",2.0,,,,"Imaginatik","BILLED: Clients & Resources Updates"
2014-10-15,"Kyle Langford",2.0,"Dev",,,"Imaginatik","BILLED: Clients & Resources Updates"
2014-10-15,"Kyle Langford",0.25,"Updating Click Thru",,,"Imaginatik","BILLED: Clients & Resources Updates"
2014-10-14,"Kyle Langford",0.5,"Design Review","Design Click Thru","Misc.","Imaginatik","BILLED: Clients & Resources Updates"
2014-10-14,"Kyle Langford",0.75,"Version 3","Design Click Thru","Misc.","Imaginatik","BILLED: Clients & Resources Updates"
2014-10-10,"Kyle Langford",5.0,,,,"Imaginatik","BILLED: Clients & Resources Updates"
2014-10-09,"Kyle Langford",6.5,,,,"Imaginatik","BILLED: Clients & Resources Updates"
2014-09-08,"Kyle Langford",0.25,,"Implement campaign landing page content type and front-end (see comment for details)","Misc.","Imaginatik","BILLED: Campaign Landing Page"
2014-09-04,"Kyle Langford",3.0,,"Implement campaign landing page content type and front-end (see comment for details)","Misc.","Imaginatik","BILLED: Campaign Landing Page"
2014-09-04,"Kyle Langford",4.75,,"Implement campaign landing page content type and front-end (see comment for details)","Misc.","Imaginatik","BILLED: Campaign Landing Page"
2015-09-29,"Kyle Langford",0.5,"RSS Feed Updates, Responding to Tony",,,"Imaginatik","BILLED: Homepage Blocks"
2015-09-22,"Kyle Langford",1.0,"RSS Feed",,,"Imaginatik","BILLED: Homepage Blocks"
2015-09-22,"Kyle Langford",4.0,"Dev / QA",,,"Imaginatik","BILLED: Homepage Blocks"
2015-09-22,"Kyle Langford",5.65,"Dev",,,"Imaginatik","BILLED: Homepage Blocks"
2015-09-17,"Kyle Langford",0.5,"Update and Click thru",,,"Imaginatik","BILLED: Homepage Blocks"
2015-09-17,"Kyle Langford",1.65,"Design",,,"Imaginatik","BILLED: Homepage Blocks"
2015-10-20,"Kyle Langford",2.75,"Making updates live",,,"Imaginatik","BILLED: Homepage Redesign, Nav Updates, Style Refresh"
2015-10-19,"Kyle Langford",1.5,"Database Merge",,,"Imaginatik","BILLED: Homepage Redesign, Nav Updates, Style Refresh"
2015-10-14,"Kyle Langford",3.5,"Misc Updates from Chris",,,"Imaginatik","BILLED: Homepage Redesign, Nav Updates, Style Refresh"
2015-09-03,"Kyle Langford",1.75,"Meeting, Email, Office cleanup",,,"Imaginatik","BILLED: Homepage Redesign, Nav Updates, Style Refresh"
2015-07-20,"Kyle Langford",0.5,"Testing, push changes",,,"Imaginatik","BILLED: Homepage Redesign, Nav Updates, Style Refresh"
2015-07-20,"Kyle Langford",0.5,"Alignment Issue",,,"Imaginatik","BILLED: Homepage Redesign, Nav Updates, Style Refresh"
2015-07-20,"Kyle Langford",0.5,"When search field is in focus, two close ""X""s appear",,,"Imaginatik","BILLED: Homepage Redesign, Nav Updates, Style Refresh"
2015-07-07,"Kyle Langford",2.0,"Finishing Updates from last meeting",,,"Imaginatik","BILLED: Homepage Redesign, Nav Updates, Style Refresh"
2015-07-06,"Kyle Langford",5.5,"Finishing Updates from last meeting",,,"Imaginatik","BILLED: Homepage Redesign, Nav Updates, Style Refresh"
2015-06-23,"Kyle Langford",4.5,"Sticky message content type and interstitial content type.",,,"Imaginatik","BILLED: Homepage Redesign, Nav Updates, Style Refresh"
2015-06-17,"Kyle Langford",2.0,"MEETING W/ IMAGINATIK",,,"Imaginatik","BILLED: Homepage Redesign, Nav Updates, Style Refresh"
2015-06-17,"Kyle Langford",1.5,"Meeting Prep",,,"Imaginatik","BILLED: Homepage Redesign, Nav Updates, Style Refresh"
2015-06-02,"Kyle Langford",0.5,"Pushing changes to staging",,,"Imaginatik","BILLED: Homepage Redesign, Nav Updates, Style Refresh"
2015-06-02,"Kyle Langford",5.5,"Wrapping up global styles for meeting",,,"Imaginatik","BILLED: Homepage Redesign, Nav Updates, Style Refresh"
2015-05-28,"Kyle Langford",5.5,"Detail/Section Page Styling",,,"Imaginatik","BILLED: Homepage Redesign, Nav Updates, Style Refresh"
2015-05-27,"Kyle Langford",6.0,"Detail/Section Page Styling",,,"Imaginatik","BILLED: Homepage Redesign, Nav Updates, Style Refresh"
2015-05-26,"Kyle Langford",6.0,"Global Styles, CSS cleanup",,,"Imaginatik","BILLED: Homepage Redesign, Nav Updates, Style Refresh"
2015-05-21,"Kyle Langford",3.5,"Styling for sticky message and new event block, styling for buttons",,,"Imaginatik","BILLED: Homepage Redesign, Nav Updates, Style Refresh"
2015-05-20,"Kyle Langford",2.0,"Quote Content Type",,,"Imaginatik","BILLED: Homepage Redesign, Nav Updates, Style Refresh"
2015-05-19,"Kyle Langford",5.5,"Custom Search, Navigation",,,"Imaginatik","BILLED: Homepage Redesign, Nav Updates, Style Refresh"
2015-05-18,"Kyle Langford",4.5,"Site Layout, CSS Fixes",,,"Imaginatik","BILLED: Homepage Redesign, Nav Updates, Style Refresh"
2015-05-07,"Kyle Langford",4.5,"Dev - Breadcrumbs, Homepage ""curated"" Feed change",,,"Imaginatik","BILLED: Homepage Redesign, Nav Updates, Style Refresh"
2015-04-30,"Kyle Langford",1.0,"Meeting",,,"Imaginatik","BILLED: Homepage Redesign, Nav Updates, Style Refresh"
2015-04-29,"Kyle Langford",5.5,"Dev",,,"Imaginatik","BILLED: Homepage Redesign, Nav Updates, Style Refresh"
2015-04-28,"Kyle Langford",5.5,"Views Sort Order",,,"Imaginatik","BILLED: Homepage Redesign, Nav Updates, Style Refresh"
2015-04-27,"Kyle Langford",6.0,"HP View, rebuilt to use teasers",,,"Imaginatik","BILLED: Homepage Redesign, Nav Updates, Style Refresh"
2015-04-24,"Kyle Langford",3.0,"Interior Pages",,,"Imaginatik","BILLED: Homepage Redesign, Nav Updates, Style Refresh"
2015-04-22,"Kyle Langford",5.0,"Mostly working on consolidating page.tpl.php",,,"Imaginatik","BILLED: Homepage Redesign, Nav Updates, Style Refresh"
2015-04-20,"Kyle Langford",5.5,"homepage dev",,,"Imaginatik","BILLED: Homepage Redesign, Nav Updates, Style Refresh"
2015-04-17,"Kyle Langford",4.0,"Dev, Set Up Sass, troubleshooting JS Plugins",,,"Imaginatik","BILLED: Homepage Redesign, Nav Updates, Style Refresh"
2015-04-15,"Kyle Langford",4.5,"migrating js, css from prototype",,,"Imaginatik","BILLED: Homepage Redesign, Nav Updates, Style Refresh"
2015-04-13,"Kyle Langford",2.0,"Dev, Local Setup",,,"Imaginatik","BILLED: Homepage Redesign, Nav Updates, Style Refresh"
2015-03-27,"Kyle Langford",0.5,"Fixed prototype issue","Create designs for homepage updates and design refresh based on approved wireframe...","Misc.","Imaginatik","BILLED: Homepage Redesign, Nav Updates, Style Refresh"
2015-03-23,"Kyle Langford",4.5,"Prototype","Create designs for homepage updates and design refresh based on approved wireframe...","Misc.","Imaginatik","BILLED: Homepage Redesign, Nav Updates, Style Refresh"
2015-03-09,"Kyle Langford",3.5,"Meeting, Homepage Design Comp (2 column)",,,"Imaginatik","BILLED: Homepage Redesign, Nav Updates, Style Refresh"
2015-03-05,"Kyle Langford",1.0,"Design feedback",,,"Imaginatik","BILLED: Homepage Redesign, Nav Updates, Style Refresh"
2015-02-19,"Kyle Langford",0.75,"meeting with Michael to review wires",,,"Imaginatik","BILLED: Homepage Redesign, Nav Updates, Style Refresh"
2015-02-11,"Kyle Langford",6.5,"Wireframes",,,"Imaginatik","BILLED: Homepage Redesign, Nav Updates, Style Refresh"
2015-02-10,"Kyle Langford",2.0,"Research",,,"Imaginatik","BILLED: Homepage Redesign, Nav Updates, Style Refresh"
2014-09-26,"Kyle Langford",2.25,"Manual Content Merge, CSS Fix",,,"Imaginatik","BILLED: Misc. Website Updates - Phase 1"
2014-09-25,"Kyle Langford",2.25,,,,"Imaginatik","BILLED: Misc. Website Updates - Phase 1"
2014-09-25,"Kyle Langford",1.5,"Deployment Planning / Dry Run",,,"Imaginatik","BILLED: Misc. Website Updates - Phase 1"
2014-09-23,"Kyle Langford",0.75,"Deployment Planning",,,"Imaginatik","BILLED: Misc. Website Updates - Phase 1"
2014-09-08,"Kyle Langford",0.25,,,,"Imaginatik","BILLED: Misc. Website Updates - Phase 1"
2014-09-08,"Kyle Langford",5.0,"trouble shooting hover",,,"Imaginatik","BILLED: Misc. Website Updates - Phase 1"
2014-09-05,"Kyle Langford",1.5,,,,"Imaginatik","BILLED: Misc. Website Updates - Phase 1"
2014-09-03,"Kyle Langford",1.0,"Meeting",,,"Imaginatik","BILLED: Misc. Website Updates - Phase 1"
2014-08-29,"Kyle Langford",0.75,"Infographic Border Colors",,,"Imaginatik","BILLED: Misc. Website Updates - Phase 1"
2014-08-28,"Kyle Langford",2.25,,"Add styling for second-level navigation items (see comment for details)","Phase 1 Add-ons...","Imaginatik","BILLED: Misc. Website Updates - Phase 1"
2014-08-27,"Kyle Langford",1.0,,"Add styling for second-level navigation items (see comment for details)","Phase 1 Add-ons...","Imaginatik","BILLED: Misc. Website Updates - Phase 1"
2014-08-25,"Kyle Langford",0.5,"responding emails - regarding updates",,,"Imaginatik","BILLED: Misc. Website Updates - Phase 1"
2014-08-22,"Kyle Langford",0.5,"Responding to Chris",,,"Imaginatik","BILLED: Misc. Website Updates - Phase 1"
2014-08-20,"Kyle Langford",0.75,,"Add a option for ""Left or Right"" image alignment to the content type for Panels Image Block (see comment for details)","Phase 1 Add-ons...","Imaginatik","BILLED: Misc. Website Updates - Phase 1"
2014-08-20,"Kyle Langford",0.25,"Moved Styled to Staging",,,"Imaginatik","BILLED: Misc. Website Updates - Phase 1"
2014-08-20,"Kyle Langford",2.0,"Text-box fix for ie8, Opacity Fix, Moved to Staging","Implementation of homepage slider updates (see comment)","Misc.","Imaginatik","BILLED: Misc. Website Updates - Phase 1"
2014-08-20,"Kyle Langford",2.75,"Moving to staging, updated sprite, misc updates, removed titles from panel pages","Coding for interactive infographic - Practice Areas (see comment)","Misc.","Imaginatik","BILLED: Misc. Website Updates - Phase 1"
2014-08-19,"Kyle Langford",2.0,"IE8","Implementation of homepage slider updates (see comment)","Misc.","Imaginatik","BILLED: Misc. Website Updates - Phase 1"
2014-08-19,"Kyle Langford",0.5,"Added To Local Version, Commit to staging-test","Coding for interactive infographic - Practice Areas (see comment)","Misc.","Imaginatik","BILLED: Misc. Website Updates - Phase 1"
2014-08-19,"Kyle Langford",2.5,"#2","Coding for interactive infographic - Practice Areas (see comment)","Misc.","Imaginatik","BILLED: Misc. Website Updates - Phase 1"
2014-08-18,"Kyle Langford",3.5,,"Coding for interactive infographic - Practice Areas (see comment)","Misc.","Imaginatik","BILLED: Misc. Website Updates - Phase 1"
2014-08-18,"Kyle Langford",0.5,"ie8","Implementation of homepage slider updates (see comment)","Misc.","Imaginatik","BILLED: Misc. Website Updates - Phase 1"
2014-08-13,"Kyle Langford",0.5,"Carry Over New Panel Block Style",,,"Imaginatik","BILLED: Misc. Website Updates - Phase 1"
2014-08-13,"Kyle Langford",3.0,"and meeting prep","Coding for interactive infographic - Practice Areas (see comment)","Misc.","Imaginatik","BILLED: Misc. Website Updates - Phase 1"
2014-08-13,"Kyle Langford",1.5,"Meeting",,,"Imaginatik","BILLED: Misc. Website Updates - Phase 1"
2014-08-12,"Kyle Langford",4.5,,"Coding for interactive infographic - Practice Areas (see comment)","Misc.","Imaginatik","BILLED: Misc. Website Updates - Phase 1"
2014-08-11,"Kyle Langford",4.5,,"Coding for interactive infographic - Practice Areas (see comment)","Misc.","Imaginatik","BILLED: Misc. Website Updates - Phase 1"
2014-08-08,"Kyle Langford",3.0,"QA - Making Slide Animate",,,"Imaginatik","BILLED: Misc. Website Updates - Phase 1"
2014-08-06,"Kyle Langford",5.5,"Slider Dev, Move to Staging, Homepage Bug",,,"Imaginatik","BILLED: Misc. Website Updates - Phase 1"
2014-08-06,"Kyle Langford",3.5,"QA, Meeting",,,"Imaginatik","BILLED: Misc. Website Updates - Phase 1"
2014-08-05,"Kyle Langford",6.75,"Slider Dev",,,"Imaginatik","BILLED: Misc. Website Updates - Phase 1"
2014-08-04,"Kyle Langford",6.5,"Slider Dev",,,"Imaginatik","BILLED: Misc. Website Updates - Phase 1"
2014-08-01,"Kyle Langford",4.0,"Final Approval, Restarting Slider Dev, Homepage Bug",,,"Imaginatik","BILLED: Misc. Website Updates - Phase 1"
2014-07-31,"Kyle Langford",0.75,"Updating Client Logos",,,"Imaginatik","BILLED: Misc. Website Updates - Phase 1"
2014-07-30,"Kyle Langford",4.0,"Slider Dev",,,"Imaginatik","BILLED: Misc. Website Updates - Phase 1"
2014-07-29,"Kyle Langford",2.0,"Homepage Bug",,,"Imaginatik","BILLED: Misc. Website Updates - Phase 1"
2014-07-29,"Kyle Langford",2.5,"prototyping",,,"Imaginatik","BILLED: Misc. Website Updates - Phase 1"
2014-07-25,"Kyle Langford",2.25,"Slider Design Updates",,,"Imaginatik","BILLED: Misc. Website Updates - Phase 1"
2014-07-24,"Kyle Langford",3.5,"Design for homepage slide",,,"Imaginatik","BILLED: Misc. Website Updates - Phase 1"
2014-07-23,"Kyle Langford",3.0,"Design for homepage slider",,,"Imaginatik","BILLED: Misc. Website Updates - Phase 1"
2014-07-22,"Kyle Langford",1.0,"Meeting",,,"Imaginatik","BILLED: Misc. Website Updates - Phase 1"
2016-05-20,"Kyle Langford",0.25,"updating image file, committing to get",,,"Imaginatik","BILLED: Static Homepage Design & Dev"
2016-05-18,"Kyle Langford",0.25,"Updating Copy","Deploy","Dev","Imaginatik","BILLED: Static Homepage Design & Dev"
2016-05-17,"Kyle Langford",4.15,"local setup, Integrating Page, Deploying, Hotjar Script","Deploy","Dev","Imaginatik","BILLED: Static Homepage Design & Dev"
2016-05-16,"Kyle Langford",0.75,"Updates/ QA","Testing and QA","Dev","Imaginatik","BILLED: Static Homepage Design & Dev"
2016-05-05,"Kyle Langford",0.5,"Updating Image, Files","(20) Final coding for approved homepage","Dev","Imaginatik","BILLED: Static Homepage Design & Dev"
2016-05-04,"Kyle Langford",1.5,"Working on Updates, Scroll Functionality","(20) Final coding for approved homepage","Dev","Imaginatik","BILLED: Static Homepage Design & Dev"
2016-05-03,"Kyle Langford",2.0,"","(20) Final coding for approved homepage","Dev","Imaginatik","BILLED: Static Homepage Design & Dev"
2016-05-02,"Kyle Langford",1.5,"Working on Scroll","(20) Final coding for approved homepage","Dev","Imaginatik","BILLED: Static Homepage Design & Dev"
2016-04-28,"Kyle Langford",5.25,"QA, Feedback, Tweaks","(20) Final coding for approved homepage","Dev","Imaginatik","BILLED: Static Homepage Design & Dev"
2016-04-27,"Kyle Langford",6.0,"Dev","(20) Final coding for approved homepage","Dev","Imaginatik","BILLED: Static Homepage Design & Dev"
2016-04-26,"Kyle Langford",6.0,"Dev, Testing","(20) Final coding for approved homepage","Dev","Imaginatik","BILLED: Static Homepage Design & Dev"
2016-04-25,"Kyle Langford",6.0,"Dev","(20) Final coding for approved homepage","Dev","Imaginatik","BILLED: Static Homepage Design & Dev"
2016-04-22,"Kyle Langford",4.0,"","(20) Final coding for approved homepage","Dev","Imaginatik","BILLED: Static Homepage Design & Dev"
2016-04-20,"Kyle Langford",3.0,"Began Prototyping Design Option #2","(6) Start coding experimental/prototype based on approved design","Dev","Imaginatik","BILLED: Static Homepage Design & Dev"
2016-04-15,"Kyle Langford",1.25,"Design Review w/ Chris, Adam, Jay","(2) Review comps, finalize selections","Design","Imaginatik","BILLED: Static Homepage Design & Dev"
2016-04-08,"Kyle Langford",0.5,"Review Designs and functionality","(2) Review comps, finalize selections","Design","Imaginatik","BILLED: Static Homepage Design & Dev"
2016-04-08,"Kyle Langford",3.0,"Finishing Comps, Updates","(20) Design comps for new homepage","Design","Imaginatik","BILLED: Static Homepage Design & Dev"
2016-04-06,"Kyle Langford",3.0,"Second Design Option, Insight Prototype","(20) Design comps for new homepage","Design","Imaginatik","BILLED: Static Homepage Design & Dev"
2016-04-05,"Kyle Langford",3.5,"Mobile Design, More Design Exploration","(20) Design comps for new homepage","Design","Imaginatik","BILLED: Static Homepage Design & Dev"
2016-04-04,"Kyle Langford",1.0,"Mobile Designs","(20) Design comps for new homepage","Design","Imaginatik","BILLED: Static Homepage Design & Dev"
2016-04-01,"Kyle Langford",1.0,"Invision Moodboard, Prototype","(20) Design comps for new homepage","Design","Imaginatik","BILLED: Static Homepage Design & Dev"
2016-04-01,"Kyle Langford",1.0,"Invision Moodboard, Prototype",,,"Imaginatik","BILLED: Static Homepage Design & Dev"
2016-03-31,"Kyle Langford",5.0,"Design Comp","(20) Design comps for new homepage","Design","Imaginatik","BILLED: Static Homepage Design & Dev"
2016-03-30,"Kyle Langford",2.0,"Design Eploration, Setting Up Invision Moodboard","(20) Design comps for new homepage","Design","Imaginatik","BILLED: Static Homepage Design & Dev"
2016-03-30,"Kyle Langford",3.0,"Design comps (at home)","(20) Design comps for new homepage","Design","Imaginatik","BILLED: Static Homepage Design & Dev"
2016-12-16,"Kyle Langford",1.0,"updating homepage",,,"Imaginatik","Dev./Misc. Support"
2016-08-18,"Kyle Langford",0.25,"Detective Work - Investigating 'mysterious' account creation",,,"Imaginatik","Dev./Misc. Support"
2016-08-15,"Kyle Langford",0.25,"removing us from contact us on frontpage.",,,"Imaginatik","Dev./Misc. Support"
2016-08-15,"Kyle Langford",0.85,"Branch cleanup, Merging in post deployment updates.",,,"Imaginatik","Dev./Misc. Support"
2016-08-11,"Kyle Langford",1.75,"Working with EIM to deploy site updates",,,"Imaginatik","Dev./Misc. Support"
2016-08-02,"Kyle Langford",0.65,"Emailing Matt Sexton RE: Thank you page (registration) w/ Adam",,,"Imaginatik","Dev./Misc. Support"
2016-07-27,"Kyle Langford",0.75,"Assisting Matt Sexton with getting changes to stage",,,"Imaginatik","Dev./Misc. Support"
2016-07-26,"Kyle Langford",0.5,"Removing Hotjar, adding linkedin",,,"Imaginatik","Dev./Misc. Support"
2016-07-22,"Kyle Langford",1.75,"Fixing Registration form.",,,"Imaginatik","Dev./Misc. Support"
2016-07-19,"Kyle Langford",0.25,"disabled module, emailed matt","Remove ""old"" GA code from all pages (per Matt Sexton)","Misc.","Imaginatik","Dev./Misc. Support"
2016-07-07,"Kyle Langford",0.5,"call w/ Matt Sexton from EIP",,,"Imaginatik","Dev./Misc. Support"
2016-07-07,"Kyle Langford",0.25,"Adding GMT code",,,"Imaginatik","Dev./Misc. Support"
2016-07-06,"Kyle Langford",0.5,"Hello Bar",,,"Imaginatik","Dev./Misc. Support"
2016-06-29,"Kyle Langford",0.5,"deployed hello bar","Install HelloBar code (see comment for details)","Misc.","Imaginatik","Dev./Misc. Support"
2016-06-29,"Kyle Langford",3.0,"Cleaned Up Repo/staging/prod","ZIP source code, files and DB for imaginatik.com","Misc.","Imaginatik","Dev./Misc. Support"
2016-06-01,"Kyle Langford",0.5,"","Update primary webinar slot on Imaginatik's homepage (see comment for details)","Misc.","Imaginatik","Dev./Misc. Support"
2016-03-16,"Kyle Langford",1.5,"Meeting w/ Chris re: site updates - homepage redesign",,,"Imaginatik","Dev./Misc. Support"
2015-11-04,"Kyle Langford",1.0,"Email / Spam / Registration Flow Research",,,"Imaginatik","Dev./Misc. Support"
2015-10-13,"Kyle Langford",1.5,"Troubleshooting Imagecache on staging (clients section)",,,"Imaginatik","Dev./Misc. Support"
2015-03-19,"Kyle Langford",0.5,"Updating Node: remove that PDF icon, add body text",,,"Imaginatik","Dev./Misc. Support"
2015-01-06,"Kyle Langford",1.5,"Resource Card Order, Ran Query to fix sort order",,,"Imaginatik","Dev./Misc. Support"
2014-12-03,"Kyle Langford",1.0,"Feed, Moving to prod",,,"Imaginatik","Dev./Misc. Support"
2014-12-02,"Kyle Langford",3.0,"Feed",,,"Imaginatik","Dev./Misc. Support"
2014-11-19,"Kyle Langford",0.75,"Meeting - proposed changes",,,"Imaginatik","Dev./Misc. Support"
2014-11-14,"Kyle Langford",0.25,"Email Support",,,"Imaginatik","Dev./Misc. Support"
2014-11-12,"Kyle Langford",1.0,"Contact Form, Commit Changes",,,"Imaginatik","Dev./Misc. Support"
2014-11-11,"Kyle Langford",3.0,"Contact Us Bug",,,"Imaginatik","Dev./Misc. Support"
2014-11-04,"Kyle Langford",1.5,"Server Tuning",,,"Imaginatik","Dev./Misc. Support"
2014-10-17,"Kyle Langford",3.75,"Registation Troubleshooting, Company Page Updates,",,,"Imaginatik","Dev./Misc. Support"
2014-10-16,"Kyle Langford",1.0,"Site Updates Live",,,"Imaginatik","Dev./Misc. Support"
2014-10-14,"Kyle Langford",0.5,"Staging Updates, Menu / Slide Images",,,"Imaginatik","Dev./Misc. Support"
2014-10-06,"Kyle Langford",0.25,"Mega List Icon Path Update",,,"Imaginatik","Dev./Misc. Support"
2014-10-02,"Kyle Langford",0.5,"URLS, Email Support",,,"Imaginatik","Dev./Misc. Support"
2014-09-30,"Kyle Langford",0.75,"Updating Infographic Sprite Images",,,"Imaginatik","Dev./Misc. Support"
2014-09-24,"Kyle Langford",0.75,"Dale: Menu/Path Questions",,,"Imaginatik","Dev./Misc. Support"
2014-09-23,"Kyle Langford",0.5,"Adding Meta Titles to Panels Pages",,,"Imaginatik","Dev./Misc. Support"
2014-07-15,"Kyle Langford",0.25,"Added Blog Arichive back to blog, QA blog Pages",,,"Imaginatik","Dev./Misc. Support"
2014-04-10,"Kyle Langford",0.5,"Email regarding notifications",,,"Imaginatik","Dev./Misc. Support"
2014-04-09,"Kyle Langford",0.25,"Support - Event Page - Download links missing",,,"Imaginatik","Dev./Misc. Support"
2014-02-12,"Kyle Langford",0.45,"Meeting with Nicole, Review Work Request",,,"Imaginatik","Dev./Misc. Support"
2014-02-10,"Kyle Langford",0.5,"Made Embed Code available to Web II",,,"Imaginatik","Dev./Misc. Support"
2014-02-05,"Kyle Langford",1.0,"Email Trouble Shooting",,,"Imaginatik","Dev./Misc. Support"
2014-02-03,"Kyle Langford",3.0,"Trouble shooting iPad/iPhone Navigation",,,"Imaginatik","Dev./Misc. Support"
2016-09-20,"Kyle Langford",0.5,"Emailing Greg",,,"InteractiveTools.com","CSMB Open Source Site"
2016-08-26,"Kyle Langford",1.5,"theming",,,"InteractiveTools.com","CSMB Open Source Site"
2016-08-24,"Kyle Langford",5.0,"Theming",,,"InteractiveTools.com","CSMB Open Source Site"
2016-08-23,"Kyle Langford",6.5,"Theming",,,"InteractiveTools.com","CSMB Open Source Site"
2016-08-22,"Kyle Langford",5.5,"Theming",,,"InteractiveTools.com","CSMB Open Source Site"
2016-08-19,"Kyle Langford",1.75,"Theming",,,"InteractiveTools.com","CSMB Open Source Site"
2016-08-18,"Kyle Langford",2.5,"Theming",,,"InteractiveTools.com","CSMB Open Source Site"
2016-08-05,"Kyle Langford",6.0,"Theming",,,"InteractiveTools.com","CSMB Open Source Site"
2016-08-04,"Kyle Langford",5.5,"Theming",,,"InteractiveTools.com","CSMB Open Source Site"
2016-07-29,"Kyle Langford",4.0,"Theming",,,"InteractiveTools.com","CSMB Open Source Site"
2016-07-28,"Kyle Langford",2.5,"Theming",,,"InteractiveTools.com","CSMB Open Source Site"
2016-07-21,"Kyle Langford",2.0,"Theming",,,"InteractiveTools.com","CSMB Open Source Site"
2016-07-20,"Kyle Langford",1.0,"Workflow, Prep",,,"InteractiveTools.com","CSMB Open Source Site"
2016-06-28,"Kyle Langford",4.5,"Build NPM Workflow",,,"InteractiveTools.com","CSMB Open Source Site"
2016-06-27,"Kyle Langford",6.0,"Build NPM Workflow",,,"InteractiveTools.com","CSMB Open Source Site"
2016-06-21,"Kyle Langford",6.0,"Finishing Comps, Colors, Deliverable","(20) Wireframes","Research and Planning","InteractiveTools.com","CSMB Open Source Site"
2016-06-20,"Kyle Langford",5.5,"","(20) Wireframes","Research and Planning","InteractiveTools.com","CSMB Open Source Site"
2016-06-17,"Kyle Langford",4.25,"Building out pages","(20) Wireframes","Research and Planning","InteractiveTools.com","CSMB Open Source Site"
2016-06-15,"Kyle Langford",2.15,"Meeting w/ Jay, Updates","(4) Create New Sitemap","Research and Planning","InteractiveTools.com","CSMB Open Source Site"
2016-06-14,"Kyle Langford",4.75,"Wireframes, playing around with different styles","(20) Wireframes","Research and Planning","InteractiveTools.com","CSMB Open Source Site"
2016-06-13,"Kyle Langford",4.0,"","(4) Create New Sitemap","Research and Planning","InteractiveTools.com","CSMB Open Source Site"
2016-06-08,"Kyle Langford",1.25,"","(4) Create content outline","Research and Planning","InteractiveTools.com","CSMB Open Source Site"
2016-06-08,"Kyle Langford",1.0,"","(2) Create Existing Sitemap","Research and Planning","InteractiveTools.com","CSMB Open Source Site"
2016-06-08,"Kyle Langford",1.0,"","(4) Create New Sitemap","Research and Planning","InteractiveTools.com","CSMB Open Source Site"
2016-06-08,"Kyle Langford",1.0,"","(2) Keywords Document","Research and Planning","InteractiveTools.com","CSMB Open Source Site"
2016-06-08,"Kyle Langford",1.5,"","(4) Create content outline","Research and Planning","InteractiveTools.com","CSMB Open Source Site"
2016-06-07,"Kyle Langford",2.0,"","Discovery Board","Research and Planning","InteractiveTools.com","CSMB Open Source Site"
2016-06-07,"Kyle Langford",0.5,"Review","(8) Create project brief document (for internal use and as a client deliverable)","Research and Planning","InteractiveTools.com","CSMB Open Source Site"
2016-06-03,"Kyle Langford",1.0,"kickoff call w/ Dave and follow-up meeting with Kyle and Tony",,,"InteractiveTools.com","CSMB Open Source Site"
2015-07-20,"Kyle Langford",1.0,"Researching Suppression List",,,"Linkwell Health","10. Exact Target Migration"
2015-04-07,"Kyle Langford",3.0,"Single Column Email",,,"Linkwell Health","10. Exact Target Migration"
2015-04-07,"Kyle Langford",3.0,"Signle Column Email",,,"Linkwell Health","10. Exact Target Migration"
2015-03-31,"Kyle Langford",1.0,"Single Column Design",,,"Linkwell Health","10. Exact Target Migration"
2015-03-30,"Kyle Langford",4.0,"Monthly Email, add Disclaimer 60-day",,,"Linkwell Health","10. Exact Target Migration"
2015-03-27,"Kyle Langford",3.0,"IBX Monthly Email",,,"Linkwell Health","10. Exact Target Migration"
2015-03-27,"Kyle Langford",0.75,"BFY Footer Update",,,"Linkwell Health","10. Exact Target Migration"
2015-05-28,"Kyle Langford",0.5,"Update IBX Footer",,,"Linkwell Health","11. IBX 60-Day Welcome Kit"
2015-05-08,"Kyle Langford",1.0,"Cut images for 60-day Welcome Email, Responding to Arun",,,"Linkwell Health","11. IBX 60-Day Welcome Kit"
2015-03-20,"Kyle Langford",0.75,"Email QA, Exact Target Setup",,,"Linkwell Health","11. IBX 60-Day Welcome Kit"
2015-03-19,"Kyle Langford",1.0,"Email QA, Exact Target Setup",,,"Linkwell Health","11. IBX 60-Day Welcome Kit"
2015-03-18,"Kyle Langford",2.0,"Email QA, Exact Target Setup",,,"Linkwell Health","11. IBX 60-Day Welcome Kit"
2015-03-13,"Kyle Langford",5.0,"Email QA",,,"Linkwell Health","11. IBX 60-Day Welcome Kit"
2015-03-12,"Kyle Langford",4.75,"Email QA",,,"Linkwell Health","11. IBX 60-Day Welcome Kit"
2015-03-11,"Kyle Langford",5.5,"Coding Email",,,"Linkwell Health","11. IBX 60-Day Welcome Kit"
2015-03-10,"Kyle Langford",4.0,"Coding Email",,,"Linkwell Health","11. IBX 60-Day Welcome Kit"
2015-03-05,"Kyle Langford",3.0,"IBX Welcome Email HTML",,,"Linkwell Health","11. IBX 60-Day Welcome Kit"
2015-09-23,"Kyle Langford",1.5,"Create Landing Pages",,,"Linkwell Health","16. Healthy Woman - Fall 2015"
2015-10-06,"Kyle Langford",3.0,"Landing Pages",,,"Linkwell Health","17. Disease Management - Winter 2015"
2014-09-25,"Kyle Langford",0.25,,,,"Linkwell Health","25. Disease Management - Q4/Fall 2014"
2014-09-11,"Kyle Langford",7.0,,,,"Linkwell Health","25. Disease Management - Q4/Fall 2014"
2014-09-10,"Kyle Langford",6.0,,,,"Linkwell Health","25. Disease Management - Q4/Fall 2014"
2014-09-03,"Kyle Langford",1.0,,,,"Linkwell Health","25. Disease Management - Q4/Fall 2014"
2014-09-03,"Kyle Langford",4.5,,"Create all placeholder content and URLs and update spreadsheet.","General","Linkwell Health","25. Disease Management - Q4/Fall 2014"
2014-09-02,"Kyle Langford",0.75,,"Cut email image assets and send to Linkwell","General","Linkwell Health","25. Disease Management - Q4/Fall 2014"
2014-08-29,"Kyle Langford",1.25,,"Design comps for email, landing page, articles","General","Linkwell Health","25. Disease Management - Q4/Fall 2014"
2014-08-27,"Kyle Langford",1.5,,,,"Linkwell Health","25. Disease Management - Q4/Fall 2014"
2014-08-27,"Kyle Langford",1.75,,,,"Linkwell Health","25. Disease Management - Q4/Fall 2014"
2014-08-26,"Kyle Langford",3.5,,,,"Linkwell Health","25. Disease Management - Q4/Fall 2014"
2014-08-25,"Kyle Langford",1.5,,,,"Linkwell Health","25. Disease Management - Q4/Fall 2014"
2014-08-21,"Kyle Langford",2.5,"Design",,,"Linkwell Health","25. Disease Management - Q4/Fall 2014"
2016-12-21,"Kyle Langford",0.5,"Meeting w/ katie re: designs",,,"Linkwell Health","B'link Dev./Misc."
2016-12-20,"Kyle Langford",2.5,"Implementing proposed design changes",,,"Linkwell Health","B'link Dev./Misc."
2016-12-20,"Kyle Langford",0.5,"Worked with mike to set up Acquia repo",,,"Linkwell Health","B'link Dev./Misc."
2016-12-20,"Kyle Langford",1.0,"call w/ Steve and Katie to review designs",,,"Linkwell Health","B'link Dev./Misc."
2016-12-19,"Kyle Langford",5.5,"designs for share and search",,,"Linkwell Health","B'link Dev./Misc."
2016-12-16,"Kyle Langford",3.0,"designs for share, updates to HP",,,"Linkwell Health","B'link Dev./Misc."
2016-12-14,"Kyle Langford",4.75,"Homepage Design",,,"Linkwell Health","B'link Dev./Misc."
2016-12-13,"Kyle Langford",5.5,"Dev",,,"Linkwell Health","B'link Dev./Misc."
2016-12-08,"Kyle Langford",1.0,"Front End Dev",,,"Linkwell Health","B'link Dev./Misc."
2016-12-07,"Kyle Langford",2.75,"Front End Dev",,,"Linkwell Health","B'link Dev./Misc."
2016-12-06,"Kyle Langford",2.5,"Front End Dev",,,"Linkwell Health","B'link Dev./Misc."
2016-12-05,"Kyle Langford",5.5,"Front End Dev",,,"Linkwell Health","B'link Dev./Misc."
2016-11-21,"Kyle Langford",5.5,"Site Development",,,"Linkwell Health","B'link Dev./Misc."
2016-11-18,"Kyle Langford",6.0,"Site Development, Working with mike",,,"Linkwell Health","B'link Dev./Misc."
2016-11-14,"Kyle Langford",1.0,"Meet with mike, started drupal site",,,"Linkwell Health","B'link Dev./Misc."
2016-08-01,"Kyle Langford",0.5,"Getting files to Mike","(2) Implement new DAC block","Digital Activation","Linkwell Health","Digital Activation Campaign"
2016-07-13,"Kyle Langford",1.5,"Finsihing Block, testing on staging, review next steps with mike","(2) Implement new DAC block","Digital Activation","Linkwell Health","Digital Activation Campaign"
2016-07-12,"Kyle Langford",1.0,"Local Setup, Starting block","(2) Implement new DAC block","Digital Activation","Linkwell Health","Digital Activation Campaign"
2016-08-29,"Kyle Langford",3.25,"Coding Landing Pages, Creating Images, Creating Pages with unique URLS","Code landing pages","General","Linkwell Health","Disease Management - Fall 2016"
2016-07-12,"Kyle Langford",3.0,"Dev","Design options for collapsable DM HR block (see comment)","General Dev","Linkwell Health","Disease Management - Q2/Summer - 2016"
2016-06-10,"Kyle Langford",1.65,"Adding hr/lr block copy","Implement logic for 4 separately styles of blocks (one for each condition)","General Dev","Linkwell Health","Disease Management - Q2/Summer - 2016"
2016-06-09,"Kyle Langford",0.25,"Deploying to prod","Implement logic for 4 separately styles of blocks (one for each condition)","General Dev","Linkwell Health","Disease Management - Q2/Summer - 2016"
2016-06-09,"Kyle Langford",1.0,"Dev, Testing, Deploy","Look into issue with ""Back to Living Well"" (and possibly other program buttons) on iOS (see screenshot)","General Dev","Linkwell Health","Disease Management - Q2/Summer - 2016"
2016-06-06,"Kyle Langford",5.5,"Dev, Testing, DM Updates, Cleanup mmo/hw updates","Implement logic for 4 separately styles of blocks (one for each condition)","General Dev","Linkwell Health","Disease Management - Q2/Summer - 2016"
2016-06-01,"Kyle Langford",1.25,"Updating Landing Pages","Update landing pages based on HW tweaks","General Dev","Linkwell Health","Disease Management - Q2/Summer - 2016"
2016-04-15,"Kyle Langford",1.0,"Fixing LP Code and Updating prod","(6) Code landing pages","General Dev","Linkwell Health","Disease Management - Q2/Summer - 2016"
2016-04-14,"Kyle Langford",1.25,"Trying to fix gap under image on mobile","(6) Code landing pages","General Dev","Linkwell Health","Disease Management - Q2/Summer - 2016"
2016-04-14,"Kyle Langford",0.5,"Updating LP Styles","(6) Code landing pages","General Dev","Linkwell Health","Disease Management - Q2/Summer - 2016"
2016-04-14,"Kyle Langford",3.5,"Styling Updates","(20) Implement global styling updates","General Dev","Linkwell Health","Disease Management - Q2/Summer - 2016"
2016-04-13,"Kyle Langford",0.5,"Review Changes with Adam","(20) Implement global styling updates","General Dev","Linkwell Health","Disease Management - Q2/Summer - 2016"
2016-04-13,"Kyle Langford",0.35,"Adding Urls to Content Top","(6) Code landing pages","General Dev","Linkwell Health","Disease Management - Q2/Summer - 2016"
2016-04-12,"Kyle Langford",2.0,"Adding Landing Pages to CMS, Minor CSS Tweaks, Adding Copy/Images","(6) Code landing pages","General Dev","Linkwell Health","Disease Management - Q2/Summer - 2016"
2016-04-12,"Kyle Langford",0.75,"Working with mike to troubleshoot install","(6) Resync local dev environment","General Dev","Linkwell Health","Disease Management - Q2/Summer - 2016"
2016-04-11,"Kyle Langford",2.5,"Starting Landing Pages","(6) Code landing pages","General Dev","Linkwell Health","Disease Management - Q2/Summer - 2016"
2016-04-11,"Kyle Langford",1.25,"Pulling down files, checking out repo","(6) Resync local dev environment","General Dev","Linkwell Health","Disease Management - Q2/Summer - 2016"
2015-05-06,"Kyle Langford",0.5,"QA HW",,,"Linkwell Health","DONE: 12. Healthy Woman - Q2 2015"
2015-05-01,"Kyle Langford",4.5,"QA HW",,,"Linkwell Health","DONE: 12. Healthy Woman - Q2 2015"
2015-04-22,"Kyle Langford",0.5,"Cut Email Images",,,"Linkwell Health","DONE: 12. Healthy Woman - Q2 2015"
2015-05-06,"Kyle Langford",2.0,"DM QA",,,"Linkwell Health","DONE: 13. Disease Management - Q2 2015"
2015-05-04,"Kyle Langford",5.5,"DM QA",,,"Linkwell Health","DONE: 13. Disease Management - Q2 2015"
2015-04-09,"Kyle Langford",1.25,"Checking Spreadsheet, Creating Landing Pages","Add all content to LMS and update spreadsheet","General","Linkwell Health","DONE: 13. Disease Management - Q2 2015"
2015-02-20,"Kyle Langford",0.75,,"Cut email image assets and send to Linkwell","General","Linkwell Health","DONE: 13. Disease Management - Q2 2015"
2015-05-18,"Kyle Langford",1.0,"QA From Jayme ""Value Add"" article pages",,,"Linkwell Health","DONE: 14. Mandated Q3 2015"
2015-05-15,"Kyle Langford",1.0,"QA - Code ""Value Add"" article pages",,,"Linkwell Health","DONE: 14. Mandated Q3 2015"
2015-05-14,"Kyle Langford",7.25,"Code ""Value Add"" article pages",,,"Linkwell Health","DONE: 14. Mandated Q3 2015"
2015-05-13,"Kyle Langford",1.0,"Code ""Value Add"" article pages",,,"Linkwell Health","DONE: 14. Mandated Q3 2015"
2015-05-13,"Kyle Langford",2.0,"Design/Code ""Grow Stronger"" page",,,"Linkwell Health","DONE: 14. Mandated Q3 2015"
2015-05-12,"Kyle Langford",3.5,"Code ""Value Add"" article pages",,,"Linkwell Health","DONE: 14. Mandated Q3 2015"
2015-05-11,"Kyle Langford",2.5,"Code ""Value Add"" article pages",,,"Linkwell Health","DONE: 14. Mandated Q3 2015"
2015-05-08,"Kyle Langford",2.0,"Code ""Value Add"" article pages",,,"Linkwell Health","DONE: 14. Mandated Q3 2015"
2015-05-01,"Kyle Langford",1.0,"Create multilinqual node for Mandated",,,"Linkwell Health","DONE: 14. Mandated Q3 2015"
2015-04-22,"Kyle Langford",0.15,"Checking Email Contents",,,"Linkwell Health","DONE: 14. Mandated Q3 2015"
2015-04-21,"Kyle Langford",2.0,"Email Dev",,,"Linkwell Health","DONE: 14. Mandated Q3 2015"
2015-04-20,"Kyle Langford",4.0,"Email Dev",,,"Linkwell Health","DONE: 14. Mandated Q3 2015"
2015-08-10,"Kyle Langford",0.75,"Cut Email Assets",,,"Linkwell Health","DONE: 15. Disease Management - Fall 2015"
2015-08-10,"Kyle Langford",4.25,"Coding Landing Pages",,,"Linkwell Health","DONE: 15. Disease Management - Fall 2015"
2015-07-20,"Kyle Langford",0.5,"review content entry instructions with Jess and Adam",,,"Linkwell Health","DONE: 15. Disease Management - Fall 2015"
2014-04-08,"Kyle Langford",1.25,"blockquote",,,"Linkwell Health","DONE: 20. Disease Management - Q2 2014"
2014-04-07,"Kyle Langford",0.75,"Blockquote CSS",,,"Linkwell Health","DONE: 20. Disease Management - Q2 2014"
2014-04-02,"Kyle Langford",8.25,"Thursday + Friday DM CMS Entry",,,"Linkwell Health","DONE: 20. Disease Management - Q2 2014"
2014-04-02,"Kyle Langford",2.75,"DM CMS Entry",,,"Linkwell Health","DONE: 20. Disease Management - Q2 2014"
2014-03-31,"Kyle Langford",1.75,"DM CMS Entry",,,"Linkwell Health","DONE: 20. Disease Management - Q2 2014"
2014-03-31,"Kyle Langford",0.75,"DM CMS Entry",,,"Linkwell Health","DONE: 20. Disease Management - Q2 2014"
2014-03-28,"Kyle Langford",2.5,"DM CMS Entry",,,"Linkwell Health","DONE: 20. Disease Management - Q2 2014"
2014-03-27,"Kyle Langford",2.0,"","Code Disease Management Q2 2014 landing pages","General","Linkwell Health","DONE: 20. Disease Management - Q2 2014"
2014-03-26,"Kyle Langford",5.25,"DM CMS Entry",,,"Linkwell Health","DONE: 20. Disease Management - Q2 2014"
2014-03-25,"Kyle Langford",3.5,"DM CMS Entry",,,"Linkwell Health","DONE: 20. Disease Management - Q2 2014"
2014-03-19,"Kyle Langford",1.75,,"Cut email image assets and send to Linkwell (see comment)","General","Linkwell Health","DONE: 20. Disease Management - Q2 2014"
2014-03-06,"Kyle Langford",2.5,"Updates to Comps",,,"Linkwell Health","DONE: 20. Disease Management - Q2 2014"
2014-03-05,"Kyle Langford",1.75,"Heart Disease Comps, Full Click Thru",,,"Linkwell Health","DONE: 20. Disease Management - Q2 2014"
2014-03-04,"Kyle Langford",5.15,"Asthma Email Updates, COPD HR/LR, Diabetes HR/LR, Click Thru Version 2",,,"Linkwell Health","DONE: 20. Disease Management - Q2 2014"
2014-03-03,"Kyle Langford",6.25,"Asthma HR/LR Comps",,,"Linkwell Health","DONE: 20. Disease Management - Q2 2014"
2014-06-12,"Kyle Langford",0.5,"line-height updates",,,"Linkwell Health","DONE: 21. Mandated Communications - Q2 2014"
2014-05-29,"Kyle Langford",0.5,"Update",,,"Linkwell Health","DONE: 21. Mandated Communications - Q2 2014"
2014-05-20,"Kyle Langford",0.5,"Getting Chapman up to speed, cutting mc images",,,"Linkwell Health","DONE: 21. Mandated Communications - Q2 2014"
2014-05-15,"Kyle Langford",7.25,,"Code emails for Mandated Communications - Q2 2014","General","Linkwell Health","DONE: 21. Mandated Communications - Q2 2014"
2014-05-15,"Kyle Langford",3.75,,"Code emails for Mandated Communications - Q2 2014","General","Linkwell Health","DONE: 21. Mandated Communications - Q2 2014"
2014-05-13,"Kyle Langford",1.35,"Email Assets, prep, psd cleanup",,,"Linkwell Health","DONE: 21. Mandated Communications - Q2 2014"
2014-05-08,"Kyle Langford",1.5,"Updates","Design comps for email, landing page, articles for Mandated Communications - Q2 2014","General","Linkwell Health","DONE: 21. Mandated Communications - Q2 2014"
2014-05-08,"Kyle Langford",1.25,"Image Exploration",,,"Linkwell Health","DONE: 21. Mandated Communications - Q2 2014"
2014-05-07,"Kyle Langford",0.25,"Updates","Design comps for email, landing page, articles for Mandated Communications - Q2 2014","General","Linkwell Health","DONE: 21. Mandated Communications - Q2 2014"
2014-05-06,"Kyle Langford",2.25,"Email Comps 320, 600","Design comps for email, landing page, articles for Mandated Communications - Q2 2014","General","Linkwell Health","DONE: 21. Mandated Communications - Q2 2014"
2014-05-02,"Kyle Langford",0.25,"Updates",,,"Linkwell Health","DONE: 21. Mandated Communications - Q2 2014"
2014-05-02,"Kyle Langford",1.15,"","Design comps for email, landing page, articles for Mandated Communications - Q2 2014","General","Linkwell Health","DONE: 21. Mandated Communications - Q2 2014"
2014-05-02,"Kyle Langford",0.75,,"Design comps for email, landing page, articles for Mandated Communications - Q2 2014","General","Linkwell Health","DONE: 21. Mandated Communications - Q2 2014"
2014-05-01,"Kyle Langford",3.75,,"Design comps for email, landing page, articles for Mandated Communications - Q2 2014","General","Linkwell Health","DONE: 21. Mandated Communications - Q2 2014"
2014-05-01,"Kyle Langford",0.25,"Updated AI files","Create wireframes showing responsive email for Mandated Communications","General","Linkwell Health","DONE: 21. Mandated Communications - Q2 2014"
2014-04-29,"Kyle Langford",3.0,,"Create wireframes showing responsive email for Mandated Communications","General","Linkwell Health","DONE: 21. Mandated Communications - Q2 2014"
2014-04-25,"Kyle Langford",3.75,,"Create wireframes showing responsive email for Mandated Communications","General","Linkwell Health","DONE: 21. Mandated Communications - Q2 2014"
2014-05-05,"Kyle Langford",5.0,"Content Entry, Landing Page QA, Inline - Image Prep",,,"Linkwell Health","DONE: 23. Healthy Woman/Future Moms - Q2 2014"
2014-04-16,"Kyle Langford",1.0,"Uploaded Assets / Updated Copy / Links / Added Related Articles","Code Healthy Woman/Future Moms - Q2 2014 landing pages","General","Linkwell Health","DONE: 23. Healthy Woman/Future Moms - Q2 2014"
2014-04-16,"Kyle Langford",0.5,"Image Prep and Upload","Cut Healthy Woman/Future Moms - Q2 2014 header images","General","Linkwell Health","DONE: 23. Healthy Woman/Future Moms - Q2 2014"
2014-04-16,"Kyle Langford",1.0,"LP / Article Image Prep",,,"Linkwell Health","DONE: 23. Healthy Woman/Future Moms - Q2 2014"
2014-04-16,"Kyle Langford",1.15,"","Create URL matrix for Healthy Woman/Future Moms landing pages and article content","General","Linkwell Health","DONE: 23. Healthy Woman/Future Moms - Q2 2014"
2014-04-15,"Kyle Langford",0.5,"Cutting HW Images",,,"Linkwell Health","DONE: 23. Healthy Woman/Future Moms - Q2 2014"
2014-04-11,"Kyle Langford",0.5,"Click Thru Update",,,"Linkwell Health","DONE: 23. Healthy Woman/Future Moms - Q2 2014"
2014-04-08,"Kyle Langford",3.0,"","Design comps for email, landing page, articles for Healthy Woman/Future Moms - Q2 2014","General","Linkwell Health","DONE: 23. Healthy Woman/Future Moms - Q2 2014"
2014-04-07,"Kyle Langford",1.75,,"Design comps for email, landing page, articles for Healthy Woman/Future Moms - Q2 2014","General","Linkwell Health","DONE: 23. Healthy Woman/Future Moms - Q2 2014"
2014-03-28,"Kyle Langford",1.5,,"Design comps for email, landing page, articles for Healthy Woman/Future Moms - Q2 2014","General","Linkwell Health","DONE: 23. Healthy Woman/Future Moms - Q2 2014"
2014-03-27,"Kyle Langford",3.5,"","Design comps for email, landing page, articles for Healthy Woman/Future Moms - Q2 2014","General","Linkwell Health","DONE: 23. Healthy Woman/Future Moms - Q2 2014"
2014-07-07,"Kyle Langford",0.25,"Update to LP",,,"Linkwell Health","DONE: 24. Disease Management - Q3/Summer 2014"
2014-07-04,"Kyle Langford",0.25,,,,"Linkwell Health","DONE: 24. Disease Management - Q3/Summer 2014"
2014-06-30,"Kyle Langford",1.0,"IE8 Fix Landing Page",,,"Linkwell Health","DONE: 24. Disease Management - Q3/Summer 2014"
2014-06-19,"Kyle Langford",2.75,,"Code landing pages","General","Linkwell Health","DONE: 24. Disease Management - Q3/Summer 2014"
2014-06-19,"Kyle Langford",0.75,"Getting Chapman up to speed","Add inline image and header images for all articles","General","Linkwell Health","DONE: 24. Disease Management - Q3/Summer 2014"
2014-06-18,"Kyle Langford",0.25,"updates","Add all content to LMS and update spreadsheet","General","Linkwell Health","DONE: 24. Disease Management - Q3/Summer 2014"
2014-06-18,"Kyle Langford",1.25,,"Code landing pages","General","Linkwell Health","DONE: 24. Disease Management - Q3/Summer 2014"
2014-06-17,"Kyle Langford",3.25,"","Code landing pages","General","Linkwell Health","DONE: 24. Disease Management - Q3/Summer 2014"
2014-06-12,"Kyle Langford",0.5,,"Add all content to LMS and update spreadsheet","General","Linkwell Health","DONE: 24. Disease Management - Q3/Summer 2014"
2014-06-10,"Kyle Langford",0.5,"Getting Chapman Up to speed","Add all content to LMS and update spreadsheet","General","Linkwell Health","DONE: 24. Disease Management - Q3/Summer 2014"
2014-06-10,"Kyle Langford",1.0,"Getting Chapman up to speed",,,"Linkwell Health","DONE: 24. Disease Management - Q3/Summer 2014"
2014-06-04,"Kyle Langford",1.75,,"Cut email image assets and send to Linkwell","General","Linkwell Health","DONE: 24. Disease Management - Q3/Summer 2014"
2014-06-04,"Kyle Langford",3.25,,,,"Linkwell Health","DONE: 24. Disease Management - Q3/Summer 2014"
2014-06-03,"Kyle Langford",3.75,,,,"Linkwell Health","DONE: 24. Disease Management - Q3/Summer 2014"
2014-06-02,"Kyle Langford",3.0,,,,"Linkwell Health","DONE: 24. Disease Management - Q3/Summer 2014"
2014-09-30,"Kyle Langford",0.75,,"Update header images to read ""BACK"" instead of ""Back to Living Well"" (see comment)","QA","Linkwell Health","DONE: 26. Healthy Woman/Future Moms - Q4 Fall 2014"
2014-09-09,"Kyle Langford",0.75,"Double Check Content Entry / Links",,,"Linkwell Health","DONE: 26. Healthy Woman/Future Moms - Q4 Fall 2014"
2014-08-29,"Kyle Langford",1.0,,,,"Linkwell Health","DONE: 26. Healthy Woman/Future Moms - Q4 Fall 2014"
2014-07-31,"Kyle Langford",3.25,"Design Updates, Content Entry",,,"Linkwell Health","DONE: 26. Healthy Woman/Future Moms - Q4 Fall 2014"
2014-07-29,"Kyle Langford",0.35,"getting chapman up to speed / Assiting",,,"Linkwell Health","DONE: 26. Healthy Woman/Future Moms - Q4 Fall 2014"
2014-07-25,"Kyle Langford",0.25,,,,"Linkwell Health","DONE: 26. Healthy Woman/Future Moms - Q4 Fall 2014"
2014-07-23,"Kyle Langford",2.0,,,,"Linkwell Health","DONE: 26. Healthy Woman/Future Moms - Q4 Fall 2014"
2014-07-22,"Kyle Langford",3.5,,,,"Linkwell Health","DONE: 26. Healthy Woman/Future Moms - Q4 Fall 2014"
2014-07-21,"Kyle Langford",1.25,,,,"Linkwell Health","DONE: 26. Healthy Woman/Future Moms - Q4 Fall 2014"
2016-09-20,"Kyle Langford",1.5,"","Code HR and LR landing pages","General","Linkwell Health","Healthy Woman - Fall 2016"
2016-08-29,"Kyle Langford",0.25,"Help with Images","(12) Implement DAC form on landing page to submit to Anthem's SMC instance","Digital Activation","Linkwell Health","Healthy Woman - Summer 2016"
2016-08-26,"Kyle Langford",0.75,"Assisting Mike on Updates","Update block styling and location (see comment)","General","Linkwell Health","Healthy Woman - Summer 2016"
2016-05-20,"Kyle Langford",1.0,"Testing/Deploying Stage, Prod,","Update block styling and location (see comment)","General","Linkwell Health","Healthy Woman - Summer 2016"
2016-05-20,"Kyle Langford",2.25,"Updating block functionality","Update block styling and location (see comment)","General","Linkwell Health","Healthy Woman - Summer 2016"
2016-05-19,"Kyle Langford",3.0,"Working on Updating HW Module/Blocks","Update block styling and location (see comment)","General","Linkwell Health","Healthy Woman - Summer 2016"
2016-05-18,"Kyle Langford",1.5,"Kickoff w/ Adam, Cleaning Up top Section.","Update block styling and location (see comment)","General","Linkwell Health","Healthy Woman - Summer 2016"
2016-04-13,"Kyle Langford",0.25,"Adding Urls to Content Top","(3) Code HR and LR landing pages","General","Linkwell Health","Healthy Woman - Summer 2016"
2016-04-12,"Kyle Langford",1.0,"Code Pages","(3) Code HR and LR landing pages","General","Linkwell Health","Healthy Woman - Summer 2016"
2014-03-13,"Kyle Langford",1.25,"Team Meeting",,,"Linkwell Health","Linkwell Corporate Site"
2014-01-30,"Kyle Langford",1.0,"Graphics Work",,,"Linkwell Health","Linkwell Corporate Site"
2016-05-24,"Kyle Langford",0.75,"Updating CSS/Template File","Remove social media links from header and right align 2016 (see comment for details)","Misc. New Items for 2016","Linkwell Health","Mandated Communications - 2016"
2016-11-28,"Kyle Langford",0.75,"Looking at CSS with mike","Upgrade to plugin-less coupon printing on D6 sites (see comment)","Misc.","Linkwell Health","Miscellaneous"
2016-06-13,"Kyle Langford",2.0,"Updated Copy and Images, still need full links","Create 2nd edition of Healthways Innergy email (see comment for details)","Misc.","Linkwell Health","Miscellaneous"
2016-05-24,"Kyle Langford",1.5,"Creating second version, New Project setup","Create 2nd edition of Healthways Innergy email (see comment for details)","Misc.","Linkwell Health","Miscellaneous"
2016-05-23,"Kyle Langford",4.0,"QA - Feature Images alignment","(12) Coding for Healthways Innergy email (see comment for details)","Misc.","Linkwell Health","Miscellaneous"
2016-05-05,"Kyle Langford",4.5,"Testing, Responsive, Tweaks","(12) Coding for Healthways Innergy email (see comment for details)","Misc.","Linkwell Health","Miscellaneous"
2016-05-04,"Kyle Langford",5.5,"Dev","(12) Coding for Healthways Innergy email (see comment for details)","Misc.","Linkwell Health","Miscellaneous"
2016-05-03,"Kyle Langford",2.0,"Setting up HTML","(12) Coding for Healthways Innergy email (see comment for details)","Misc.","Linkwell Health","Miscellaneous"
2016-05-02,"Kyle Langford",1.0,"Framework Setup","(12) Coding for Healthways Innergy email (see comment for details)","Misc.","Linkwell Health","Miscellaneous"
2015-08-12,"Kyle Langford",1.0,"Rebrand UHC comps for HighMark",,,"Linkwell Health","Miscellaneous"
2015-06-10,"Kyle Langford",0.5,"Updates: UHC NutriSavings comps",,,"Linkwell Health","Miscellaneous"
2015-06-04,"Kyle Langford",0.5,"Change Image Size",,,"Linkwell Health","Miscellaneous"
2015-06-04,"Kyle Langford",1.5,"Aetna Email Comp - Create 3 Versions, Add Images",,,"Linkwell Health","Miscellaneous"
2015-06-04,"Kyle Langford",2.0,"Aetna Email Comp - Recipe Style and Icons",,,"Linkwell Health","Miscellaneous"
2015-06-03,"Kyle Langford",3.0,"Aetna Email Comp",,,"Linkwell Health","Miscellaneous"
2015-06-03,"Kyle Langford",2.5,"Designs + Updates: UHC NutriSavings comps",,,"Linkwell Health","Miscellaneous"
2015-06-02,"Kyle Langford",5.0,"Designs + Handoff: UHC NutriSavings comps",,,"Linkwell Health","Miscellaneous"
2015-06-01,"Kyle Langford",2.0,"Walk n Tone Article",,,"Linkwell Health","Miscellaneous"
2015-03-27,"Kyle Langford",3.25,"IBX Monthly Email single column Layout, Design",,,"Linkwell Health","Miscellaneous"
2015-03-26,"Kyle Langford",4.0,"Exact Target Responsive IBX Monthly Template, Custom Unsubscribe Page",,,"Linkwell Health","Miscellaneous"
2014-12-16,"Kyle Langford",4.25,,,,"Linkwell Health","Miscellaneous"
2014-12-16,"Kyle Langford",4.25,,,,"Linkwell Health","Miscellaneous"
2014-11-19,"Kyle Langford",0.5,"Meeting - LMS Diagram",,,"Linkwell Health","Miscellaneous"
2014-11-12,"Kyle Langford",1.0,"LMS Brain Storming",,,"Linkwell Health","Miscellaneous"
2014-11-12,"Kyle Langford",1.25,"Acquia Lift",,,"Linkwell Health","Miscellaneous"
2014-09-09,"Kyle Langford",0.5,,"Code email templates for BCBSLA & IBC (See comment for details)","Marketing requests","Linkwell Health","Miscellaneous"
2014-09-08,"Kyle Langford",0.75,,"Code email templates for BCBSLA & IBC (See comment for details)","Marketing requests","Linkwell Health","Miscellaneous"
2014-07-11,"Kyle Langford",0.25,"Updates","Coding for HTML email for Premera (see comment)","Marketing requests","Linkwell Health","Miscellaneous"
2014-07-11,"Kyle Langford",1.5,,"Coding for HTML email for Premera (see comment)","Marketing requests","Linkwell Health","Miscellaneous"
2014-03-28,"Kyle Langford",0.5,"Updates","Create promo graphics for BCBSGA Mobile App (see comment for details)","Marketing requests","Linkwell Health","Miscellaneous"
2014-03-14,"Kyle Langford",0.75,"PDF PAckage, Click Thru Update","Create promo graphics for BCBSGA Mobile App (see comment for details)","Marketing requests","Linkwell Health","Miscellaneous"
2014-03-12,"Kyle Langford",0.75,"Updates: BCBSGA promo banners",,,"Linkwell Health","Miscellaneous"
2014-03-12,"Kyle Langford",1.5,"Design: BCBSGA promo banners",,,"Linkwell Health","Miscellaneous"
2014-03-10,"Kyle Langford",4.5,"Promo graphics for BCBSGA Mobile App",,,"Linkwell Health","Miscellaneous"
2014-03-10,"Kyle Langford",0.5,"BCBSM email promo",,,"Linkwell Health","Miscellaneous"
2014-01-17,"Kyle Langford",0.5,"psd Templates",,,"Linkwell Health","Miscellaneous"
2014-01-16,"Kyle Langford",2.5,"QA, Call w/ Katie",,,"Linkwell Health","Miscellaneous"
2014-01-15,"Kyle Langford",3.0,"Template QA",,,"Linkwell Health","Miscellaneous"
2014-01-14,"Kyle Langford",6.5,"Template Creation",,,"Linkwell Health","Miscellaneous"
2016-07-14,"Kyle Langford",0.75,"Removed extra arrow from template, pushed to prod","Back button on Recipe template has a double arrow (see comment)","Misc.","Linkwell Health","MMO Email Program"
2016-06-16,"Kyle Langford",2.0,"Header Update","Code MMO emails","Misc.","Linkwell Health","MMO Email Program"
2016-06-15,"Kyle Langford",0.75,"Logo Update","Code MMO emails","Misc.","Linkwell Health","MMO Email Program"
2016-06-14,"Kyle Langford",0.65,"MInor Text Edits, sidebar header color","Code MMO emails","Misc.","Linkwell Health","MMO Email Program"
2016-06-10,"Kyle Langford",2.0,"Linkwell/Client Feedback updates","Code MMO emails","Misc.","Linkwell Health","MMO Email Program"
2016-06-09,"Kyle Langford",0.5,"Last minute update","Code MMO emails","Misc.","Linkwell Health","MMO Email Program"
2016-06-02,"Kyle Langford",1.0,"Testing w/ adam","Add ""Back to landing page"" functionality based on lpid parameter (see comment for details)","Misc.","Linkwell Health","MMO Email Program"
2016-06-02,"Kyle Langford",4.0,"Adding Tab Block","Add ""Back to landing page"" functionality based on lpid parameter (see comment for details)","Misc.","Linkwell Health","MMO Email Program"
2016-05-25,"Kyle Langford",3.0,"Content Bottom, Landing Pages","Enter MMO content into LMS","Misc.","Linkwell Health","MMO Email Program"
2016-05-25,"Kyle Langford",1.75,"QA - Outlook","Code MMO emails","Misc.","Linkwell Health","MMO Email Program"
2016-05-24,"Kyle Langford",1.5,"Working on getting litmus/aws integration working","Code MMO emails","Misc.","Linkwell Health","MMO Email Program"
2016-05-24,"Kyle Langford",1.0,"Updates / Version 2 Email","Code MMO emails","Misc.","Linkwell Health","MMO Email Program"
2016-05-23,"Kyle Langford",1.0,"Updating Images","Code MMO emails","Misc.","Linkwell Health","MMO Email Program"
2016-05-20,"Kyle Langford",0.75,"Adding Footer","Code MMO emails","Misc.","Linkwell Health","MMO Email Program"
2016-05-17,"Kyle Langford",0.5,"cleanup","Code MMO emails","Misc.","Linkwell Health","MMO Email Program"
2016-05-16,"Kyle Langford",5.5,"Coding","Code MMO emails","Misc.","Linkwell Health","MMO Email Program"
2016-08-17,"Kyle Langford",0.25,"Call with shaun re: healthways call",,,"Linkwell Health","Plan Microsites"
2016-08-17,"Kyle Langford",2.5,"Making updates to avmed plansite","Hide header, footer, sidebar for AvMed plan site (see comment)","Dev.","Linkwell Health","Plan Microsites"
2016-08-16,"Kyle Langford",1.5,"Resolving local setup issues","Hide header, footer, sidebar for AvMed plan site (see comment)","Dev.","Linkwell Health","Plan Microsites"
2016-07-11,"Kyle Langford",0.5,"Deploying to prod","Replace infinite scroll with pagination (see comment for details)","Dev.","Linkwell Health","Plan Microsites"
2016-07-07,"Kyle Langford",2.5,"Updated Pagination Styling","Replace infinite scroll with pagination (see comment for details)","Dev.","Linkwell Health","Plan Microsites"
2016-02-18,"Kyle Langford",3.0,"","Implement basic styling updates to Sweeps pages on plan sites (see comment)","Dev.","Linkwell Health","Plan Microsites"
2015-03-10,"Kyle Langford",0.75,"Copy Updates",,,"Linkwell Health","Plan Microsites"
2015-03-03,"Kyle Langford",5.5,"Coding Anthem WI, Setting up Email",,,"Linkwell Health","Plan Microsites"
2015-02-18,"Kyle Langford",4.0,"Coding Anthem WI Landing Page",,,"Linkwell Health","Plan Microsites"
2015-02-12,"Kyle Langford",0.5,"Anthem WI Updates",,,"Linkwell Health","Plan Microsites"
2015-02-09,"Kyle Langford",1.75,"Updates to Design Anthem WI Landing Page",,,"Linkwell Health","Plan Microsites"
2015-02-05,"Kyle Langford",4.0,,,,"Linkwell Health","Plan Microsites"
2015-01-16,"Kyle Langford",1.0,"Design Review",,,"Linkwell Health","Plan Microsites"
2014-12-18,"Kyle Langford",1.75,"IBC Welcome Kit",,,"Linkwell Health","Plan Microsites"
2014-12-17,"Kyle Langford",2.25,,,,"Linkwell Health","Plan Microsites"
2014-12-15,"Kyle Langford",0.75,"DM Block Attention Seaker Demo","Design refresh for Disease Management (see comment for details)","Design","Linkwell Health","Plan Microsites"
2014-07-02,"Kyle Langford",1.0,"Feedback","Design ads for Premera","Design","Linkwell Health","Plan Microsites"
2014-05-06,"Kyle Langford",1.0,"QA","Investigate (and fix) oversized buttons on BCBSGA App promo banner (see comment and screenshots)","Dev.","Linkwell Health","Plan Microsites"
2014-04-28,"Kyle Langford",3.65,"Email, Testing","Design (and code) an HTML email and Word doc (yes, you read that correctly) to promote the BCBSGA SuperSaver App","Dev.","Linkwell Health","Plan Microsites"
2014-04-25,"Kyle Langford",2.0,,"Design (and code) an HTML email and Word doc (yes, you read that correctly) to promote the BCBSGA SuperSaver App","Dev.","Linkwell Health","Plan Microsites"
2014-04-24,"Kyle Langford",2.5,"Coding","Design (and code) an HTML email and Word doc (yes, you read that correctly) to promote the BCBSGA SuperSaver App","Dev.","Linkwell Health","Plan Microsites"
2014-04-14,"Kyle Langford",0.5,"IE8 QA","Implement BCBSGA App promo blocks (see comment for details)","Dev.","Linkwell Health","Plan Microsites"
2014-04-14,"Kyle Langford",3.0,"CSS, QA","Implement BCBSGA App promo blocks (see comment for details)","Dev.","Linkwell Health","Plan Microsites"
2014-04-11,"Kyle Langford",2.5,,"Implement BCBSGA App promo blocks (see comment for details)","Dev.","Linkwell Health","Plan Microsites"
2014-04-09,"Kyle Langford",3.75,,"Design (and code) an HTML email and Word doc (yes, you read that correctly) to promote the BCBSGA SuperSaver App","Dev.","Linkwell Health","Plan Microsites"
2014-03-28,"Kyle Langford",0.25,"updates","Design (and code) an HTML email and Word doc (yes, you read that correctly) to promote the BCBSGA SuperSaver App","Dev.","Linkwell Health","Plan Microsites"
2014-03-13,"Kyle Langford",1.25,,"Improve the 404 page (see comment for details)","Dev.","Linkwell Health","Plan Microsites"
2014-02-20,"Kyle Langford",1.15,"Two Color Scheme Mockups: Humana, Healthy Families",,,"Linkwell Health","Plan Microsites"
2016-10-14,"Kyle Langford",2.0,"","Code landing pages and assign content","Misc.","Linkwell Health","Premera Disease Management - Fall 2016"
2016-07-28,"Kyle Langford",4.0,"","Code approved landing pages (after approval is received)","Misc.","Linkwell Health","Premera Disease Management - Pilot Run"
2016-07-26,"Kyle Langford",3.0,"Double Checking Articles, Removing curly quotes","Add content to LMS and update spreadsheet (see comment)","Misc.","Linkwell Health","Premera Disease Management - Pilot Run"
2016-07-26,"Kyle Langford",0.75,"Litmus Testing/Assisting Adam - Premera DM Emails",,,"Linkwell Health","Premera Disease Management - Pilot Run"
2016-07-26,"Kyle Langford",0.25,"Work with mike to remove JS validation",,,"Linkwell Health","Premera Disease Management - Pilot Run"
2016-07-21,"Kyle Langford",1.25,"Entering Content","Add content to LMS and update spreadsheet (see comment)","Misc.","Linkwell Health","Premera Disease Management - Pilot Run"
2016-07-21,"Kyle Langford",0.75,"Getting Shaun working on images",,,"Linkwell Health","Premera Disease Management - Pilot Run"
2016-07-20,"Kyle Langford",3.0,"Articles","Add content to LMS and update spreadsheet (see comment)","Misc.","Linkwell Health","Premera Disease Management - Pilot Run"
2016-07-19,"Kyle Langford",4.25,"Articles","Add content to LMS and update spreadsheet (see comment)","Misc.","Linkwell Health","Premera Disease Management - Pilot Run"
2016-07-15,"Kyle Langford",1.0,"Creating article Nodes","Add content to LMS and update spreadsheet (see comment)","Misc.","Linkwell Health","Premera Disease Management - Pilot Run"
2016-07-14,"Kyle Langford",4.5,"Creating Articles","Add content to LMS and update spreadsheet (see comment)","Misc.","Linkwell Health","Premera Disease Management - Pilot Run"
2016-01-25,"Kyle Langford",5.0,"Dev, Internal Qa",,,"Men's Health","BILLED: Cook & Chisel"
2016-01-22,"Kyle Langford",5.5,"Dev",,,"Men's Health","BILLED: Cook & Chisel"
2016-01-22,"Kyle Langford",1.0,"Project Set Up",,,"Men's Health","BILLED: Cook & Chisel"
2015-04-09,"Kyle Langford",1.5,,,,"Men's Health","BILLED: Flexmod"
2015-04-09,"Kyle Langford",0.5,"Researching SVG / jQuery Issues",,,"Men's Health","BILLED: Responsive US Map"
2015-04-06,"Kyle Langford",0.25,"Project Planning",,,"Men's Health","BILLED: Responsive US Map"
2015-04-03,"Kyle Langford",0.5,"Meeting, Review Prototype",,,"Men's Health","BILLED: Responsive US Map"
2015-03-30,"Kyle Langford",0.5,"Meeting for Timeline",,,"Men's Health","BILLED: Responsive US Map"
2015-03-30,"Kyle Langford",1.0,"Project Brief, Project Management: todo's, planning",,,"Men's Health","BILLED: Responsive US Map"
2014-01-28,"Kyle Langford",3.0,"QA, Content",,,"Men's Health","BILLED: Updates to iPad & iPhone Landing Pages"
2014-01-27,"Kyle Langford",6.5,"Dev",,,"Men's Health","BILLED: Updates to iPad & iPhone Landing Pages"
2014-01-24,"Kyle Langford",4.5,"Dev",,,"Men's Health","BILLED: Updates to iPad & iPhone Landing Pages"
2014-01-23,"Kyle Langford",2.0,"Project Overview, Dev",,,"Men's Health","BILLED: Updates to iPad & iPhone Landing Pages"
2014-01-30,"Kyle Langford",1.5,"Dev",,,"Men's Health","BILLED: Valentines Day - Feature Page"
2014-01-29,"Kyle Langford",3.0,"Dev",,,"Men's Health","BILLED: Valentines Day - Feature Page"
2014-01-28,"Kyle Langford",1.75,"Dev",,,"Men's Health","BILLED: Valentines Day - Feature Page"
2014-05-22,"Kyle Langford",0.75,"Updates","Development for World Cup iPad quiz (see comment for notes)","Misc.","Men's Health","BILLED: World Cup - Team Quiz"
2014-05-22,"Kyle Langford",4.25,,"Development for World Cup iPad quiz (see comment for notes)","Misc.","Men's Health","BILLED: World Cup - Team Quiz"
2014-04-11,"Kyle Langford",2.25,,"Development for World Cup iPad quiz (see comment for notes)","Misc.","Men's Health","BILLED: World Cup - Team Quiz"
2016-03-18,"Kyle Langford",6.5,"Google Chart Rendering on PDF, Send Email Functionality, Chart Labels.",,,"Mint Energy","MINT: Web App Tool"
2016-03-17,"Kyle Langford",2.0,"Google Chart Rendering on PDF",,,"Mint Energy","MINT: Web App Tool"
2016-03-16,"Kyle Langford",5.0,"Mint Estimator Updates - Email Validation, PDF Results Page (google chart), Setting up local environment, Placing files in GIT",,,"Mint Energy","MINT: Web App Tool"
2015-12-29,"Kyle Langford",4.25,"Updating select option",,,"Mint Energy","MINT: Web App Tool"
2015-12-15,"Kyle Langford",6.5,"Results Page, Mobile Nav",,,"Mint Energy","MINT: Web App Tool"
2015-12-14,"Kyle Langford",4.5,"Results Page",,,"Mint Energy","MINT: Web App Tool"
2015-11-04,"Kyle Langford",1.5,"Finishing First Round of QA and Opening up QA to Adam/Nicole",,,"Mint Energy","MINT: Web App Tool"
2015-11-03,"Kyle Langford",5.0,"QA, Date Input",,,"Mint Energy","MINT: Web App Tool"
2015-11-02,"Kyle Langford",5.5,"Dev, Starting QA",,,"Mint Energy","MINT: Web App Tool"
2015-10-30,"Kyle Langford",2.5,"Dev",,,"Mint Energy","MINT: Web App Tool"
2015-10-29,"Kyle Langford",6.25,"Dev",,,"Mint Energy","MINT: Web App Tool"
2015-10-28,"Kyle Langford",6.5,"Dev",,,"Mint Energy","MINT: Web App Tool"
2015-10-23,"Kyle Langford",0.5,"Call with David",,,"Mint Energy","MINT: Web App Tool"
2015-10-23,"Kyle Langford",2.0,"Redesigning usage input page, Review with nicole",,,"Mint Energy","MINT: Web App Tool"
2015-10-19,"Kyle Langford",1.5,"Scaffolded Project",,,"Mint Energy","MINT: Web App Tool"
2015-10-15,"Kyle Langford",1.0,"Review Designs and functionality",,,"Mint Energy","MINT: Web App Tool"
2015-10-07,"Kyle Langford",0.5,"Design Review",,,"Mint Energy","MINT: Web App Tool"
2016-09-21,"Kyle Langford",2.0,"Landing Page Edits",,,"Non Profit Quarterly","Monthly Retainer"
2016-09-20,"Kyle Langford",0.75,"","Review landing page requests","Ongoing NPQ Retainer To-Dos","Non Profit Quarterly","Monthly Retainer"
2016-08-26,"Kyle Langford",3.0,"Looking at performance, Testing",,,"Non Profit Quarterly","Monthly Retainer"
2016-08-25,"Kyle Langford",1.5,"Looking at performance",,,"Non Profit Quarterly","Monthly Retainer"
2016-08-19,"Kyle Langford",2.0,"Local Site Setup",,,"Non Profit Quarterly","Monthly Retainer"
2016-08-18,"Kyle Langford",0.5,"Local Set Up",,,"Non Profit Quarterly","Monthly Retainer"
2016-08-11,"Kyle Langford",0.5,"IE 11 Fix - Popular Posts",,,"Non Profit Quarterly","Monthly Retainer"
2016-05-04,"Kyle Langford",3.0,"assisting - NPQ post launch issues and troubleshooting",,,"Non Profit Quarterly","Monthly Retainer"
2014-12-17,"Kyle Langford",2.25,,,,"Oldways/WGC","BILLED: WGC site updates Dec"
2014-05-19,"Kyle Langford",0.5,,,,"Prevention","BILLED: iPad Quiz - Beauty"
2014-05-19,"Kyle Langford",1.5,"",,,"Prevention","BILLED: iPad Quiz - Beauty"
2014-05-15,"Kyle Langford",1.5,"Updates",,,"Prevention","BILLED: iPad Quiz - Beauty"
2014-05-14,"Kyle Langford",2.75,,,,"Prevention","BILLED: iPad Quiz - Beauty"
2014-05-19,"Kyle Langford",0.25,"Updates",,,"Prevention","BILLED: iPad Quiz - Hearing"
2014-05-14,"Kyle Langford",0.5,"Updates",,,"Prevention","BILLED: iPad Quiz - Hearing"
2014-05-13,"Kyle Langford",3.25,,"Front-end dev for iPad ""Hearing Test"" quiz","Misc.","Prevention","BILLED: iPad Quiz - Hearing"
2014-05-13,"Kyle Langford",3.5,"","Front-end dev for iPad ""Hearing Test"" quiz","Misc.","Prevention","BILLED: iPad Quiz - Hearing"
2014-01-08,"Kyle Langford",5.0,"Liver Quiz Dev, QA,",,,"Prevention","BILLED: Liver Toxicity Quiz"
2014-01-07,"Kyle Langford",4.5,"Liver Quiz Dev",,,"Prevention","BILLED: Liver Toxicity Quiz"
2016-11-07,"Kyle Langford",0.25,"Updating Block title","Re-implement the pre-existing twitter sidebar module formerly calling in #alumnistory, change to call in #princetonians Add to all article and class notes page types (Kyle can you do this?)","PAW Development","Princeton Alumni Weekly","PAW Phase 2 Site updates"
2016-11-02,"Kyle Langford",0.75,"Positioning New Twitter Block",,,"Princeton Alumni Weekly","PAW Phase 2 Site updates"
2016-10-24,"Kyle Langford",0.5,"Disqus Background, pushing twitter block",,,"Princeton Alumni Weekly","PAW Phase 2 Site updates"
2016-10-18,"Kyle Langford",1.75,"","Re-implement the pre-existing twitter sidebar module formerly calling in #alumnistory, change to call in #princetonians Add to all article and class notes page types (Kyle can you do this?)","PAW Development","Princeton Alumni Weekly","PAW Phase 2 Site updates"
2016-09-20,"Kyle Langford",2.5,"Twitter Block",,,"Princeton Alumni Weekly","PAW Phase 2 Site updates"
2016-08-17,"Kyle Langford",0.75,"Styling Link and Heading","Add a visible link to comment policy: “PAW’s Commenting Policy” text link preferably above Disqus box.","PAW Development","Princeton Alumni Weekly","PAW Phase 2 Site updates"
2016-04-13,"Kyle Langford",3.0,"Testing, Assisting Mike, Disqus Research","Test Production quickly reverting to previous tag if any errors occur","Deploy - Redirects","Princeton Alumni Weekly","PAW Website Redesign & Drupal Development"
2016-04-12,"Kyle Langford",1.0,"misc paw related discusions",,,"Princeton Alumni Weekly","PAW Website Redesign & Drupal Development"
2016-04-12,"Kyle Langford",0.5,"Testing","Test Production","Deploy - Metatag and CSS updates","Princeton Alumni Weekly","PAW Website Redesign & Drupal Development"
2016-04-11,"Kyle Langford",0.5,"Checking Fixes","Test Stage","Deploy - Metatag and CSS updates","Princeton Alumni Weekly","PAW Website Redesign & Drupal Development"
2016-04-04,"Kyle Langford",1.0,"Deploy Updates, Assist Mike",,,"Princeton Alumni Weekly","PAW Website Redesign & Drupal Development"
2016-04-04,"Kyle Langford",0.65,"","(2) In the desktop view of classifieds, the ones with two-line headlines are causing some weird spacing in the grid (for example, 4.5+ Acre Nantucket Oceanfront Estate in Real Estate For Sale seems to knock the one under it out of position)","Development Todos","Princeton Alumni Weekly","PAW Website Redesign & Drupal Development"
2016-04-04,"Kyle Langford",0.5,"Editing Current Issue Module","(1) Error with the Current Issue in footer- on the link from the cover image","Development Todos","Princeton Alumni Weekly","PAW Website Redesign & Drupal Development"
2016-04-01,"Kyle Langford",0.25,"Removed from context","#AlumniStory Twitter element is still showing up on the main Class Notes page","Development Todos","Princeton Alumni Weekly","PAW Website Redesign & Drupal Development"
2016-03-23,"Kyle Langford",2.5,"Misc Updates",,,"Princeton Alumni Weekly","PAW Website Redesign & Drupal Development"
2016-01-09,"Kyle Langford",7.0,"Front-end, Blocks",,,"Princeton Alumni Weekly","PAW Website Redesign & Drupal Development"
2016-01-08,"Kyle Langford",6.5,"Front-end",,,"Princeton Alumni Weekly","PAW Website Redesign & Drupal Development"
2016-01-07,"Kyle Langford",8.0,"Slideshow node, Front-end, ads",,,"Princeton Alumni Weekly","PAW Website Redesign & Drupal Development"
2016-01-06,"Kyle Langford",7.0,"Front-end, Ads, Tag listing",,,"Princeton Alumni Weekly","PAW Website Redesign & Drupal Development"
2016-01-05,"Kyle Langford",6.0,"Front-end Theming",,,"Princeton Alumni Weekly","PAW Website Redesign & Drupal Development"
2016-01-04,"Kyle Langford",7.0,"Front-end Theming",,,"Princeton Alumni Weekly","PAW Website Redesign & Drupal Development"
2015-12-23,"Kyle Langford",6.0,"Pre Meeting Cleanup",,,"Princeton Alumni Weekly","PAW Website Redesign & Drupal Development"
2015-12-22,"Kyle Langford",7.5,"Theme structure",,,"Princeton Alumni Weekly","PAW Website Redesign & Drupal Development"
2015-12-21,"Kyle Langford",5.0,"Theme structure",,,"Princeton Alumni Weekly","PAW Website Redesign & Drupal Development"
2015-12-17,"Kyle Langford",6.0,"Disqus Counter, Page Templates",,,"Princeton Alumni Weekly","PAW Website Redesign & Drupal Development"
2015-12-14,"Kyle Langford",1.5,"Error Cleanup, Status Meeting",,,"Princeton Alumni Weekly","PAW Website Redesign & Drupal Development"
2015-12-10,"Kyle Langford",5.5,"Dev, Social Share Bar",,,"Princeton Alumni Weekly","PAW Website Redesign & Drupal Development"
2015-12-09,"Kyle Langford",5.5,"Dev, Social Share Bar, Twitter Feed",,,"Princeton Alumni Weekly","PAW Website Redesign & Drupal Development"
2015-12-08,"Kyle Langford",5.5,"Dev, Twitter Feed",,,"Princeton Alumni Weekly","PAW Website Redesign & Drupal Development"
2015-12-04,"Kyle Langford",5.5,"Dev, Mobile Menu, Theme Structure",,,"Princeton Alumni Weekly","PAW Website Redesign & Drupal Development"
2015-12-03,"Kyle Langford",5.75,"Dev",,,"Princeton Alumni Weekly","PAW Website Redesign & Drupal Development"
2015-11-19,"Kyle Langford",5.5,"Views Dev, Header/Footer",,,"Princeton Alumni Weekly","PAW Website Redesign & Drupal Development"
2015-11-18,"Kyle Langford",5.5,"Views Dev",,,"Princeton Alumni Weekly","PAW Website Redesign & Drupal Development"
2015-11-17,"Kyle Langford",6.0,"Header / Footer",,,"Princeton Alumni Weekly","PAW Website Redesign & Drupal Development"
2015-11-16,"Kyle Langford",5.0,"Header / Footer / Template.php",,,"Princeton Alumni Weekly","PAW Website Redesign & Drupal Development"
2015-11-13,"Kyle Langford",5.5,"Header / Search / Dropdown",,,"Princeton Alumni Weekly","PAW Website Redesign & Drupal Development"
2015-11-12,"Kyle Langford",5.75,"Header / Mobile Navigation",,,"Princeton Alumni Weekly","PAW Website Redesign & Drupal Development"
2015-11-10,"Kyle Langford",5.0,"Article Image, Text Styling",,,"Princeton Alumni Weekly","PAW Website Redesign & Drupal Development"
2015-11-10,"Kyle Langford",3.5,"Dev",,,"Princeton Alumni Weekly","PAW Website Redesign & Drupal Development"
2015-10-14,"Kyle Langford",2.0,"Finished adding back changes. Resolving errors.",,,"Princeton Alumni Weekly","PAW Website Redesign & Drupal Development"
2015-10-13,"Kyle Langford",2.5,"Pulled down new site repo, local setup, adding back changes.",,,"Princeton Alumni Weekly","PAW Website Redesign & Drupal Development"
2015-09-30,"Kyle Langford",5.0,"Front-end Theming",,,"Princeton Alumni Weekly","PAW Website Redesign & Drupal Development"
2015-09-29,"Kyle Langford",5.5,"Front-end Theming",,,"Princeton Alumni Weekly","PAW Website Redesign & Drupal Development"
2015-09-09,"Kyle Langford",1.75,"meeting to view john's development progress",,,"Princeton Alumni Weekly","PAW Website Redesign & Drupal Development"
2015-08-26,"Kyle Langford",1.0,"Review Content Types with John",,,"Princeton Alumni Weekly","PAW Website Redesign & Drupal Development"
2015-08-25,"Kyle Langford",1.5,"Dev Meeting with John and Nicole",,,"Princeton Alumni Weekly","PAW Website Redesign & Drupal Development"
2015-08-25,"Kyle Langford",6.0,"Styling Prototype / Standardizing HTML",,,"Princeton Alumni Weekly","PAW Website Redesign & Drupal Development"
2015-08-24,"Kyle Langford",3.0,"Sidebar Blocks Styling/ HTML",,,"Princeton Alumni Weekly","PAW Website Redesign & Drupal Development"
2015-08-14,"Kyle Langford",5.5,"Finishing Up Detail Pages",,,"Princeton Alumni Weekly","PAW Website Redesign & Drupal Development"
2015-08-12,"Kyle Langford",1.5,"begin List pages",,,"Princeton Alumni Weekly","PAW Website Redesign & Drupal Development"
2015-08-12,"Kyle Langford",3.0,"Prepping Wires to send",,,"Princeton Alumni Weekly","PAW Website Redesign & Drupal Development"
2015-08-07,"Kyle Langford",5.5,"Wires",,,"Princeton Alumni Weekly","PAW Website Redesign & Drupal Development"
2015-08-06,"Kyle Langford",5.5,"Wires",,,"Princeton Alumni Weekly","PAW Website Redesign & Drupal Development"
2015-08-05,"Kyle Langford",5.5,"Wires",,,"Princeton Alumni Weekly","PAW Website Redesign & Drupal Development"
2015-08-04,"Kyle Langford",1.0,"Wireframe review (first look at responsive demo)",,,"Princeton Alumni Weekly","PAW Website Redesign & Drupal Development"
2015-08-04,"Kyle Langford",4.5,"Wireframes",,,"Princeton Alumni Weekly","PAW Website Redesign & Drupal Development"
2015-07-29,"Kyle Langford",5.5,"PAW Wires - New Section Pages",,,"Princeton Alumni Weekly","PAW Website Redesign & Drupal Development"
2015-07-28,"Kyle Langford",6.0,"PAW Wires - New Section Pages",,,"Princeton Alumni Weekly","PAW Website Redesign & Drupal Development"
2015-07-27,"Kyle Langford",6.0,"PAW Wires - Coding Existing",,,"Princeton Alumni Weekly","PAW Website Redesign & Drupal Development"
2015-07-24,"Kyle Langford",0.75,"call with Brett to discuss moodboard and meet with Nicole and Jason",,,"Princeton Alumni Weekly","PAW Website Redesign & Drupal Development"
2015-07-23,"Kyle Langford",6.5,"PAW Wires - Coding Existing",,,"Princeton Alumni Weekly","PAW Website Redesign & Drupal Development"
2015-07-22,"Kyle Langford",5.5,"PAW Wires - Coding Existing",,,"Princeton Alumni Weekly","PAW Website Redesign & Drupal Development"
2015-07-17,"Kyle Langford",6.5,"Final Edits for first five, update mobile priority, click thru, deliverable",,,"Princeton Alumni Weekly","PAW Website Redesign & Drupal Development"
2015-07-16,"Kyle Langford",5.5,"RWD Wire for First Five",,,"Princeton Alumni Weekly","PAW Website Redesign & Drupal Development"
2015-07-15,"Kyle Langford",7.5,"RWD Wire for First Five",,,"Princeton Alumni Weekly","PAW Website Redesign & Drupal Development"
2015-07-14,"Kyle Langford",6.0,"RWD Wire for First Five",,,"Princeton Alumni Weekly","PAW Website Redesign & Drupal Development"
2015-07-13,"Kyle Langford",3.5,"RWD Wire for First Five",,,"Princeton Alumni Weekly","PAW Website Redesign & Drupal Development"
2015-07-13,"Kyle Langford",1.5,"Mobile Updates from Call",,,"Princeton Alumni Weekly","PAW Website Redesign & Drupal Development"
2015-07-13,"Kyle Langford",1.25,"PAW Meeting",,,"Princeton Alumni Weekly","PAW Website Redesign & Drupal Development"
2015-07-02,"Kyle Langford",5.0,"Mobile Priority Updates, Deliverable (Wires), Review (all)",,,"Princeton Alumni Weekly","PAW Website Redesign & Drupal Development"
2015-07-01,"Kyle Langford",5.5,"Mobile Wireframes, Client Deliverable",,,"Princeton Alumni Weekly","PAW Website Redesign & Drupal Development"
2015-06-30,"Kyle Langford",9.5,"Mobile Wireframes, Desktop Exploration, Navigation",,,"Princeton Alumni Weekly","PAW Website Redesign & Drupal Development"
2015-06-29,"Kyle Langford",5.5,"Mobile Wireframes",,,"Princeton Alumni Weekly","PAW Website Redesign & Drupal Development"
2015-06-22,"Kyle Langford",5.5,"Mobile Priority",,,"Princeton Alumni Weekly","PAW Website Redesign & Drupal Development"
2015-06-19,"Kyle Langford",5.5,"Mobile Priority, Sitemap Deliverable, Content Page list",,,"Princeton Alumni Weekly","PAW Website Redesign & Drupal Development"
2015-06-18,"Kyle Langford",6.0,"Mobile Priority",,,"Princeton Alumni Weekly","PAW Website Redesign & Drupal Development"
2015-06-17,"Kyle Langford",2.5,"Style Tiles",,,"Princeton Alumni Weekly","PAW Website Redesign & Drupal Development"
2015-06-16,"Kyle Langford",2.0,"Mobile Priority",,,"Princeton Alumni Weekly","PAW Website Redesign & Drupal Development"
2015-06-15,"Kyle Langford",3.5,"Mobile Priority",,,"Princeton Alumni Weekly","PAW Website Redesign & Drupal Development"
2015-06-15,"Kyle Langford",0.5,"Sitemap Review Call",,,"Princeton Alumni Weekly","PAW Website Redesign & Drupal Development"
2015-06-09,"Kyle Langford",3.0,"Finishing next pass on sitemap, Meeting with nicole and jay",,,"Princeton Alumni Weekly","PAW Website Redesign & Drupal Development"
2015-06-09,"Kyle Langford",3.5,"further developing the sitemap",,,"Princeton Alumni Weekly","PAW Website Redesign & Drupal Development"
2015-06-09,"Kyle Langford",1.5,"meet with nicole and jay about sitemap",,,"Princeton Alumni Weekly","PAW Website Redesign & Drupal Development"
2015-06-08,"Kyle Langford",5.5,"Reviewed RFP, initial new sitemap, meeting",,,"Princeton Alumni Weekly","PAW Website Redesign & Drupal Development"
2015-06-05,"Kyle Langford",2.25,"Prep for call and conference call with PAW to discuss project brief",,,"Princeton Alumni Weekly","PAW Website Redesign & Drupal Development"
2016-10-13,"Kyle Langford",3.5,"QA, Last minute tweaks",,,"Sasaki","BILLED: Rebrand/Reskin MVP"
2016-10-12,"Kyle Langford",4.0,"QA",,,"Sasaki","BILLED: Rebrand/Reskin MVP"
2016-10-11,"Kyle Langford",6.0,"QA",,,"Sasaki","BILLED: Rebrand/Reskin MVP"
2016-10-10,"Kyle Langford",3.0,"Updates from Doug, Project Footer Carousel",,,"Sasaki","BILLED: Rebrand/Reskin MVP"
2016-10-07,"Kyle Langford",5.0,"Sasaki Dev",,,"Sasaki","BILLED: Rebrand/Reskin MVP"
2016-10-06,"Kyle Langford",6.5,"Sasaki Dev",,,"Sasaki","BILLED: Rebrand/Reskin MVP"
2016-10-05,"Kyle Langford",6.0,"Sasaki Dev",,,"Sasaki","BILLED: Rebrand/Reskin MVP"
2016-10-04,"Kyle Langford",6.0,"Sasaki Dev",,,"Sasaki","BILLED: Rebrand/Reskin MVP"
2016-10-03,"Kyle Langford",5.5,"Misc (mostly blog page), Set up site on personal comp",,,"Sasaki","BILLED: Rebrand/Reskin MVP"
2016-09-30,"Kyle Langford",5.0,"Misc Styling (blogs/work section)",,,"Sasaki","BILLED: Rebrand/Reskin MVP"
2016-09-30,"Kyle Langford",0.25,"","remove ""view all projects""","Projects (list page with Markets / Services filters)","Sasaki","BILLED: Rebrand/Reskin MVP"
2016-09-29,"Kyle Langford",2.0,"Misc Styling",,,"Sasaki","BILLED: Rebrand/Reskin MVP"
2016-09-29,"Kyle Langford",0.75,"","re-style pagination","Projects (list page with Markets / Services filters)","Sasaki","BILLED: Rebrand/Reskin MVP"
2016-09-29,"Kyle Langford",1.0,"","re-style filters","Projects (list page with Markets / Services filters)","Sasaki","BILLED: Rebrand/Reskin MVP"
2016-09-29,"Kyle Langford",3.0,"","Add hover effect","Work > Bridging Page","Sasaki","BILLED: Rebrand/Reskin MVP"
2016-09-28,"Kyle Langford",0.75,"","remove scroll effect.","Blog Post Detail page","Sasaki","BILLED: Rebrand/Reskin MVP"
2016-09-28,"Kyle Langford",0.5,"","4 column list","Projects (list page with Markets / Services filters)","Sasaki","BILLED: Rebrand/Reskin MVP"
2016-09-28,"Kyle Langford",0.75,"Changing Fonts","Updated homepage headline","Homepage","Sasaki","BILLED: Rebrand/Reskin MVP"
2016-09-28,"Kyle Langford",0.5,"","Updated footer","Global / Shared Elements","Sasaki","BILLED: Rebrand/Reskin MVP"
2016-09-28,"Kyle Langford",3.0,"Making changes to header","Header and Navigation Updates","Global / Shared Elements","Sasaki","BILLED: Rebrand/Reskin MVP"
2016-09-27,"Kyle Langford",6.0,"Meeting, First Pass at css changes, mostly global edit",,,"Sasaki","BILLED: Rebrand/Reskin MVP"
2016-09-26,"Kyle Langford",3.5,"Troubleshooting Thumbnails","Setup Sasaki.com locally","Misc.","Sasaki","BILLED: Rebrand/Reskin MVP"
2016-09-23,"Kyle Langford",5.5,"Local Setup","Setup Sasaki.com locally","Misc.","Sasaki","BILLED: Rebrand/Reskin MVP"
2016-09-22,"Kyle Langford",2.5,"Attempting Local Setup","Setup Sasaki.com locally","Misc.","Sasaki","BILLED: Rebrand/Reskin MVP"
2016-09-21,"Kyle Langford",1.75,"Troubleshooting Git Repo, SSH","Setup Sasaki.com locally","Misc.","Sasaki","BILLED: Rebrand/Reskin MVP"
2016-09-21,"Kyle Langford",1.75,"SSH Troubleshooting",,,"Sasaki","BILLED: Rebrand/Reskin MVP"
2014-12-19,"Kyle Langford",1.0,"Prototyping, slide demo",,,"Sasaki","Curated Project Galleries"
2014-12-19,"Kyle Langford",0.75,"Design Review",,,"Sasaki","Curated Project Galleries"
2014-12-17,"Kyle Langford",1.0,"Desiogn Review",,,"Sasaki","Curated Project Galleries"
2014-12-05,"Kyle Langford",1.0,"Review / Meeting",,,"Sasaki","Curated Project Galleries"
2016-07-21,"Kyle Langford",1.5,"Email on Chinese Webfonts",,,"Sasaki","Dev./Misc. Support"
2016-07-20,"Kyle Langford",2.0,"Researching Chinese Webfont",,,"Sasaki","Dev./Misc. Support"
2014-12-08,"Kyle Langford",0.75,"Meeting, Updates",,,"Sasaki","Dev./Misc. Support"
2014-12-08,"Kyle Langford",0.75,"Prototype Updates",,,"Sasaki","Dev./Misc. Support"
2014-12-05,"Kyle Langford",5.0,"Project Page Prototype",,,"Sasaki","Dev./Misc. Support"
2014-12-04,"Kyle Langford",3.0,"project page prototying",,,"Sasaki","Dev./Misc. Support"
2014-12-04,"Kyle Langford",1.5,"Meeting",,,"Sasaki","Dev./Misc. Support"
2014-11-19,"Kyle Langford",0.5,"Meeting",,,"Sasaki","Dev./Misc. Support"
2014-04-16,"Kyle Langford",0.75,"Bug Support",,,"Sasaki","Dev./Misc. Support"
2014-04-09,"Kyle Langford",0.75,"Blog Bug Research",,,"Sasaki","Dev./Misc. Support"
2016-11-10,"Kyle Langford",0.25,"Add horizontal line above logo section",,,"Squareworks","SQW Misc."
2016-11-08,"Kyle Langford",3.5,"Updating Blog, Bios, Adding Client Logos, Removing extra space on staging",,,"Squareworks","SQW Misc."
2016-04-11,"Kyle Langford",0.35,"Packaging up project to send to Dan.","(2) Provide necessary support for publishing within WH Drupal","Misc.","Women's Health","BILLED: National Mental Health Month"
2016-04-07,"Kyle Langford",3.5,"Enter into CMS, Testing","(2) Test and QA","Misc.","Women's Health","BILLED: National Mental Health Month"
2016-04-07,"Kyle Langford",1.0,"Entering Content, Mobile Tweaks","(6) Code landing page","Misc.","Women's Health","BILLED: National Mental Health Month"
2016-04-06,"Kyle Langford",2.25,"Mobile CSS","(6) Code landing page","Misc.","Women's Health","BILLED: National Mental Health Month"
2016-04-05,"Kyle Langford",2.5,"Dev","(6) Code landing page","Misc.","Women's Health","BILLED: National Mental Health Month"
2016-04-04,"Kyle Langford",3.0,"Local Setup, Repo, base html, start css","(6) Code landing page","Misc.","Women's Health","BILLED: National Mental Health Month"
2014-06-18,"Kyle Langford",0.75,,,,"Women's Health","BILLED: Summer iPad Quiz"
2014-06-17,"Kyle Langford",2.75,"","Development for Women's Health Summer iPad quiz","Misc.","Women's Health","BILLED: Summer iPad Quiz"
2014-06-16,"Kyle Langford",6.25,,"Development for Women's Health Summer iPad quiz","Misc.","Women's Health","BILLED: Summer iPad Quiz"