date,person,hours,description,todo,list,company,project
2021-10-19,"Christian Gonzalez",3.0,"instal, test, configure scheduling, add shortcode","Daily Tips","Misc.","BlueZones","BlueZones Website MVP"
2019-10-25,"Christian Gonzalez",0.25,"Add new text and login link","JOE-4-SUN: Add login link","Oct 2019 To-dos","Citizens Energy","Dev./Misc. Support"
2019-10-24,"Christian Gonzalez",3.0,"Uploading PDFs and adding new text and links","JOE-4-SUN: add copy/download to 'Please Note...'","Oct 2019 To-dos","Citizens Energy","Dev./Misc. Support"
2019-10-23,"Christian Gonzalez",0.75,"fix classes and css so it looks good on 2 columns","JOE-4-Sun: change to 2 columns from 3 (See attachment)","Oct 2019 To-dos","Citizens Energy","Dev./Misc. Support"
2019-10-23,"Christian Gonzalez",0.25,"Change image format","JOE-4-SUN: Image format issue","Oct 2019 To-dos","Citizens Energy","Dev./Misc. Support"
2019-08-12,"Christian Gonzalez",0.5,"troubleshoot reported site outage",,,"Citizens Energy","Dev./Misc. Support"
2019-08-02,"Christian Gonzalez",1.0,"add and test hellobar code",,,"Citizens Energy","Dev./Misc. Support"
2019-08-01,"Christian Gonzalez",4.0,"JOE-4-SUN launch and fixes",,,"Citizens Energy","Dev./Misc. Support"
2019-07-29,"Christian Gonzalez",3.5,"Add JOE-4-SUN icon to the icon list",,,"Citizens Energy","Dev./Misc. Support"
2019-07-29,"Christian Gonzalez",0.5,"Changes in copy and webform for JOE-4-SUN NY and MA",,,"Citizens Energy","Dev./Misc. Support"
2019-07-26,"Christian Gonzalez",0.5,"testing new forms confirmation messages and setups",,,"Citizens Energy","Dev./Misc. Support"
2019-07-26,"Christian Gonzalez",4.0,"New forms and copy for JOE-4-SUN NY and MA",,,"Citizens Energy","Dev./Misc. Support"
2019-07-26,"Christian Gonzalez",1.5,"Images link and new copy for JOE-4-SUN NY and MA",,,"Citizens Energy","Dev./Misc. Support"
2019-07-22,"Christian Gonzalez",1.5,"changes to promo block",,,"Citizens Energy","Dev./Misc. Support"
2019-07-19,"Christian Gonzalez",4.5,"Add new block for UNION BRIDGE SOLAR PROJECT in homepage",,,"Citizens Energy","Dev./Misc. Support"
2019-07-12,"Christian Gonzalez",4.5,"Adding new image and copy to JOE-4-SUN NY",,,"Citizens Energy","Dev./Misc. Support"
2019-07-09,"Christian Gonzalez",1.5,"Looking at how the staging and prod site are set up to update staging",,,"Citizens Energy","Dev./Misc. Support"
2019-07-09,"Christian Gonzalez",2.0,"JOE-4-SUN MA extra Image",,,"Citizens Energy","Dev./Misc. Support"
2021-12-23,"Christian Gonzalez",1.0,"Fix file redirect issue",,,"Columbia University","Columbia Magazine"
2021-12-22,"Christian Gonzalez",3.5,"Fix file redirect issue",,,"Columbia University","Columbia Magazine"
2021-12-21,"Christian Gonzalez",2.0,"Add delete files module","! Security update needed on Prod","Ongoing to-dos","Columbia University","Columbia Magazine"
2021-12-15,"Christian Gonzalez",1.5,"Test PHP 8 locally","! Security update needed on Prod","Ongoing to-dos","Columbia University","Columbia Magazine"
2021-12-14,"Christian Gonzalez",1.5,"","! Security update needed on Prod","Ongoing to-dos","Columbia University","Columbia Magazine"
2021-12-13,"Christian Gonzalez",1.5,"Setup security modules on stage","! Security update needed on Prod","Ongoing to-dos","Columbia University","Columbia Magazine"
2021-12-13,"Christian Gonzalez",0.5,"","HOLD Implement Apple News module for news feed integration","Ongoing to-dos","Columbia University","Columbia Magazine"
2021-12-10,"Christian Gonzalez",1.5,"Acquia outage","Account Management","General","Columbia University","Columbia Magazine"
2021-12-08,"Christian Gonzalez",2.5,"Acquia Solr research and updates","! Security update needed on Prod","Ongoing to-dos","Columbia University","Columbia Magazine"
2021-12-06,"Christian Gonzalez",2.0,"","HOLD Implement Apple News module for news feed integration","Ongoing to-dos","Columbia University","Columbia Magazine"
2021-12-02,"Christian Gonzalez",1.5,"Drupal updates","! Security update needed on Prod","Ongoing to-dos","Columbia University","Columbia Magazine"
2021-12-02,"Christian Gonzalez",1.0,"Requested changes","HOLD Implement Apple News module for news feed integration","Ongoing to-dos","Columbia University","Columbia Magazine"
2021-12-01,"Christian Gonzalez",3.0,"Push and test security modules in stage","! Security update needed on Prod","Ongoing to-dos","Columbia University","Columbia Magazine"
2021-12-01,"Christian Gonzalez",2.5,"Test and deploy updates, including major version updates for some modules","! Security update needed on Prod","Ongoing to-dos","Columbia University","Columbia Magazine"
2021-11-26,"Christian Gonzalez",1.5,"Security updates","! Security update needed on Prod","Ongoing to-dos","Columbia University","Columbia Magazine"
2021-11-15,"Christian Gonzalez",2.0,"","Apple news. email addy","Ongoing to-dos","Columbia University","Columbia Magazine"
2021-11-08,"Christian Gonzalez",2.0,"","Add newsletter signup (details TBD)","Ongoing to-dos","Columbia University","Columbia Magazine"
2021-11-08,"Christian Gonzalez",2.0,"","Add newsletter signup (details TBD)","Ongoing to-dos","Columbia University","Columbia Magazine"
2021-11-08,"Christian Gonzalez",1.5,"","Add newsletter signup (details TBD)","Ongoing to-dos","Columbia University","Columbia Magazine"
2021-11-05,"Christian Gonzalez",3.0,"Run and test all pending core and module updates","! Security update needed on Prod","Ongoing to-dos","Columbia University","Columbia Magazine"
2021-11-05,"Christian Gonzalez",2.0,"Wording changes and add the consent checkbox","Add newsletter signup (details TBD)","Ongoing to-dos","Columbia University","Columbia Magazine"
2021-11-03,"Christian Gonzalez",0.5,"Restore backup","! Security update needed on Prod","Ongoing to-dos","Columbia University","Columbia Magazine"
2021-11-03,"Christian Gonzalez",2.0,"Make backups and test restore points","! Security update needed on Prod","Ongoing to-dos","Columbia University","Columbia Magazine"
2021-11-03,"Christian Gonzalez",1.5,"","! Security update needed on Prod","Ongoing to-dos","Columbia University","Columbia Magazine"
2021-11-02,"Christian Gonzalez",1.0,"Styling fixes and wording changes","Add newsletter signup (details TBD)","Ongoing to-dos","Columbia University","Columbia Magazine"
2021-10-21,"Christian Gonzalez",2.25,"","Add newsletter signup (details TBD)","Ongoing to-dos","Columbia University","Columbia Magazine"
2021-10-21,"Christian Gonzalez",1.75,"","HOLD Implement Apple News module for news feed integration","Ongoing to-dos","Columbia University","Columbia Magazine"
2021-10-20,"Christian Gonzalez",1.25,"","Add newsletter signup (details TBD)","Ongoing to-dos","Columbia University","Columbia Magazine"
2021-10-13,"Christian Gonzalez",0.75,"","HOLD Implement Apple News module for news feed integration","Ongoing to-dos","Columbia University","Columbia Magazine"
2021-10-13,"Christian Gonzalez",0.5,"","Add newsletter signup (details TBD)","Ongoing to-dos","Columbia University","Columbia Magazine"
2021-10-12,"Christian Gonzalez",0.75,"","HOLD Implement Apple News module for news feed integration","Ongoing to-dos","Columbia University","Columbia Magazine"
2021-10-12,"Christian Gonzalez",1.5,"","Add newsletter signup (details TBD)","Ongoing to-dos","Columbia University","Columbia Magazine"
2021-10-07,"Christian Gonzalez",1.25,"","Add newsletter signup (details TBD)","Ongoing to-dos","Columbia University","Columbia Magazine"
2021-10-06,"Christian Gonzalez",2.0,"","Add newsletter signup (details TBD)","Ongoing to-dos","Columbia University","Columbia Magazine"
2021-10-04,"Christian Gonzalez",2.0,"","HOLD Implement Apple News module for news feed integration","Ongoing to-dos","Columbia University","Columbia Magazine"
2021-10-01,"Christian Gonzalez",2.0,"","HOLD Implement Apple News module for news feed integration","Ongoing to-dos","Columbia University","Columbia Magazine"
2021-09-30,"Christian Gonzalez",2.5,"","HOLD Implement Apple News module for news feed integration","Ongoing to-dos","Columbia University","Columbia Magazine"
2021-09-17,"Christian Gonzalez",3.5,"","HOLD Implement Apple News module for news feed integration","Ongoing to-dos","Columbia University","Columbia Magazine"
2021-09-16,"Christian Gonzalez",1.5,"","HOLD Implement Apple News module for news feed integration","Ongoing to-dos","Columbia University","Columbia Magazine"
2021-09-13,"Christian Gonzalez",2.0,"","HOLD Implement Apple News module for news feed integration","Ongoing to-dos","Columbia University","Columbia Magazine"
2021-09-08,"Christian Gonzalez",2.5,"","HOLD Implement Apple News module for news feed integration","Ongoing to-dos","Columbia University","Columbia Magazine"
2021-09-02,"Christian Gonzalez",2.0,"","HOLD Implement Apple News module for news feed integration","Ongoing to-dos","Columbia University","Columbia Magazine"
2021-09-01,"Christian Gonzalez",1.5,"","HOLD Implement Apple News module for news feed integration","Ongoing to-dos","Columbia University","Columbia Magazine"
2021-08-31,"Christian Gonzalez",4.0,"Feedback fixes and automatization","HOLD Implement Apple News module for news feed integration","Ongoing to-dos","Columbia University","Columbia Magazine"
2021-08-30,"Christian Gonzalez",5.0,"Fix 2 articles","HOLD Implement Apple News module for news feed integration","Ongoing to-dos","Columbia University","Columbia Magazine"
2021-08-20,"Christian Gonzalez",4.0,"Create and refactor json for 5 articles","Apple news. email addy","Ongoing to-dos","Columbia University","Columbia Magazine"
2021-08-19,"Christian Gonzalez",4.0,"Troubleshoot captcha issue","Add newsletter signup (details TBD)","Ongoing to-dos","Columbia University","Columbia Magazine"
2021-08-18,"Christian Gonzalez",3.0,"troubleshoot captcha issue","Add newsletter signup (details TBD)","Ongoing to-dos","Columbia University","Columbia Magazine"
2021-08-17,"Christian Gonzalez",3.0,"Rebuild to match requirements","Add newsletter signup (details TBD)","Ongoing to-dos","Columbia University","Columbia Magazine"
2021-08-17,"Christian Gonzalez",2.5,"","Add newsletter signup (details TBD)","Ongoing to-dos","Columbia University","Columbia Magazine"
2021-08-13,"Christian Gonzalez",1.0,"","! Security update needed on Prod","Ongoing to-dos","Columbia University","Columbia Magazine"
2021-08-12,"Christian Gonzalez",0.75,"","Add newsletter signup (details TBD)","Ongoing to-dos","Columbia University","Columbia Magazine"
2021-08-06,"Christian Gonzalez",0.5,"Drupal Updates",,,"Columbia University","Columbia Magazine"
2021-08-04,"Christian Gonzalez",2.0,"","Add newsletter signup (details TBD)","Ongoing to-dos","Columbia University","Columbia Magazine"
2021-08-03,"Christian Gonzalez",1.5,"","Add newsletter signup (details TBD)","Ongoing to-dos","Columbia University","Columbia Magazine"
2021-08-02,"Christian Gonzalez",1.0,"","Apple news. email addy","Ongoing to-dos","Columbia University","Columbia Magazine"
2021-08-02,"Christian Gonzalez",0.5,"","Add newsletter signup (details TBD)","Ongoing to-dos","Columbia University","Columbia Magazine"
2021-07-29,"Christian Gonzalez",1.0,"","Add newsletter signup (details TBD)","Ongoing to-dos","Columbia University","Columbia Magazine"
2021-07-27,"Christian Gonzalez",2.5,"","Add newsletter signup (details TBD)","Ongoing to-dos","Columbia University","Columbia Magazine"
2021-07-26,"Christian Gonzalez",2.0,"","HOLD Implement Apple News module for news feed integration","Ongoing to-dos","Columbia University","Columbia Magazine"
2021-07-23,"Christian Gonzalez",2.5,"","HOLD Implement Apple News module for news feed integration","Ongoing to-dos","Columbia University","Columbia Magazine"
2021-07-22,"Christian Gonzalez",1.5,"","Add newsletter signup (details TBD)","Ongoing to-dos","Columbia University","Columbia Magazine"
2021-07-19,"Christian Gonzalez",3.5,"","HOLD Implement Apple News module for news feed integration","Ongoing to-dos","Columbia University","Columbia Magazine"
2021-07-15,"Christian Gonzalez",3.0,"","HOLD Implement Apple News module for news feed integration","Ongoing to-dos","Columbia University","Columbia Magazine"
2021-07-15,"Christian Gonzalez",2.0,"","HOLD Implement Apple News module for news feed integration","Ongoing to-dos","Columbia University","Columbia Magazine"
2021-07-14,"Christian Gonzalez",1.5,"","HOLD Implement Apple News module for news feed integration","Ongoing to-dos","Columbia University","Columbia Magazine"
2021-07-13,"Christian Gonzalez",3.5,"","HOLD Implement Apple News module for news feed integration","Ongoing to-dos","Columbia University","Columbia Magazine"
2021-07-09,"Christian Gonzalez",4.5,"","HOLD Implement Apple News module for news feed integration","Ongoing to-dos","Columbia University","Columbia Magazine"
2021-07-07,"Christian Gonzalez",2.0,"","HOLD Implement Apple News module for news feed integration","Ongoing to-dos","Columbia University","Columbia Magazine"
2021-07-06,"Christian Gonzalez",1.25,"","HOLD Implement Apple News module for news feed integration","Ongoing to-dos","Columbia University","Columbia Magazine"
2021-07-02,"Christian Gonzalez",1.5,"","HOLD Implement Apple News module for news feed integration","Ongoing to-dos","Columbia University","Columbia Magazine"
2021-06-30,"Christian Gonzalez",2.5,"Set up API credentials and push test article","Add newsletter signup (details TBD)","Ongoing to-dos","Columbia University","Columbia Magazine"
2021-06-29,"Christian Gonzalez",3.0,"Research Apple news API and publishing","Add newsletter signup (details TBD)","Ongoing to-dos","Columbia University","Columbia Magazine"
2021-06-28,"Christian Gonzalez",2.0,"Research how to test the Apple news template","Add newsletter signup (details TBD)","Ongoing to-dos","Columbia University","Columbia Magazine"
2021-06-21,"Christian Gonzalez",0.75,"set up missing libraries for apple news module","Add newsletter signup (details TBD)","Ongoing to-dos","Columbia University","Columbia Magazine"
2021-06-16,"Christian Gonzalez",0.5,"set up module on dev","Add newsletter signup (details TBD)","Ongoing to-dos","Columbia University","Columbia Magazine"
2021-06-14,"Christian Gonzalez",1.5,"","Add newsletter signup (details TBD)","Ongoing to-dos","Columbia University","Columbia Magazine"
2021-05-27,"Christian Gonzalez",1.5,"Drupal update",,,"Columbia University","Columbia Magazine"
2021-05-21,"Christian Gonzalez",1.0,"Optimize images not on the homepage","Image optimization: test existing set up on site","Ongoing to-dos","Columbia University","Columbia Magazine"
2021-05-20,"Christian Gonzalez",2.0,"Troubleshoot issues with main article image on homepage","Image optimization: test existing set up on site","Ongoing to-dos","Columbia University","Columbia Magazine"
2021-05-19,"Christian Gonzalez",2.0,"Image changes","Image optimization: test existing set up on site","Ongoing to-dos","Columbia University","Columbia Magazine"
2021-05-18,"Christian Gonzalez",3.0,"Initial image changes","Image optimization: test existing set up on site","Ongoing to-dos","Columbia University","Columbia Magazine"
2021-05-14,"Christian Gonzalez",2.0,"Initial tests and troubleshoot images","Image optimization: test existing set up on site","Ongoing to-dos","Columbia University","Columbia Magazine"
2021-05-11,"Christian Gonzalez",2.5,"Troubleshoot internal ads issue",,,"Columbia University","Columbia Magazine"
2021-05-10,"Christian Gonzalez",0.5,"","Investigate issue with images not loading","Ongoing to-dos","Columbia University","Columbia Magazine"
2021-04-30,"Christian Gonzalez",1.0,"Check acquia updates",,,"Columbia University","Columbia Magazine"
2021-04-13,"Christian Gonzalez",1.5,"","! investigate site error message appearing for J & L","Ongoing to-dos","Columbia University","Columbia Magazine"
2021-03-29,"Christian Gonzalez",1.5,"Fix alignment issue","! Issue page: Alignment","Ongoing to-dos","Columbia University","Columbia Magazine"
2021-03-25,"Christian Gonzalez",0.25,"Fix issue with new updates","! Security update needed on Prod","Ongoing to-dos","Columbia University","Columbia Magazine"
2021-03-24,"Christian Gonzalez",0.74,"","! Security update needed on Prod","Ongoing to-dos","Columbia University","Columbia Magazine"
2021-03-24,"Christian Gonzalez",0.5,"","! homepage: Recent issues block","Ongoing to-dos","Columbia University","Columbia Magazine"
2021-03-23,"Christian Gonzalez",2.5,"","! homepage: Recent issues block","Ongoing to-dos","Columbia University","Columbia Magazine"
2021-03-23,"Christian Gonzalez",1.0,"","! Issue page: Alignment","Ongoing to-dos","Columbia University","Columbia Magazine"
2021-03-19,"Christian Gonzalez",1.5,"","! Issue page: Alignment","Ongoing to-dos","Columbia University","Columbia Magazine"
2021-03-19,"Christian Gonzalez",1.5,"","! homepage: Recent issues block","Ongoing to-dos","Columbia University","Columbia Magazine"
2021-03-19,"Christian Gonzalez",1.0,"","! Home: Latest News","Ongoing to-dos","Columbia University","Columbia Magazine"
2021-03-09,"Christian Gonzalez",1.0,"Deploy ad blocks to prod for analytics test",,,"Columbia University","Columbia Magazine"
2021-03-01,"Christian Gonzalez",3.5,"","Add CMS managed ad-blocks for home and article pages","Ongoing to-dos","Columbia University","Columbia Magazine"
2021-02-24,"Christian Gonzalez",3.0,"Change the way the blocks are rendered so it doesn't show both the banner and the box at the same time in the homepage","Add CMS managed ad-blocks for home and article pages","Ongoing to-dos","Columbia University","Columbia Magazine"
2021-02-23,"Christian Gonzalez",2.0,"Fixes","Add CMS managed ad-blocks for home and article pages","Ongoing to-dos","Columbia University","Columbia Magazine"
2021-02-22,"Christian Gonzalez",2.0,"Changes in ad creation form","Add CMS managed ad-blocks for home and article pages","Ongoing to-dos","Columbia University","Columbia Magazine"
2021-02-19,"Christian Gonzalez",3.0,"Only show ad for the selected category","Add CMS managed ad-blocks for home and article pages","Ongoing to-dos","Columbia University","Columbia Magazine"
2021-02-17,"Christian Gonzalez",2.5,"Setup and style mobile block","Add CMS managed ad-blocks for home and article pages","Ongoing to-dos","Columbia University","Columbia Magazine"
2021-02-16,"Christian Gonzalez",3.0,"","Add CMS managed ad-blocks for home and article pages","Ongoing to-dos","Columbia University","Columbia Magazine"
2021-02-15,"Christian Gonzalez",3.0,"Styling for homepage and article blocks","Add CMS managed ad-blocks for home and article pages","Ongoing to-dos","Columbia University","Columbia Magazine"
2021-02-11,"Christian Gonzalez",3.0,"Setup content types and initial demo","Add CMS managed ad-blocks for home and article pages","Ongoing to-dos","Columbia University","Columbia Magazine"
2021-01-07,"Christian Gonzalez",1.5,"PDF Issue troubleshoot",,,"Columbia University","Columbia Magazine"
2021-01-07,"Christian Gonzalez",0.5,"Push new styling",,,"Columbia University","Columbia Magazine"
2021-01-06,"Christian Gonzalez",1.5,"Most popular block font fixes",,,"Columbia University","Columbia Magazine"
2021-01-06,"Christian Gonzalez",2.5,"More styling fixes",,,"Columbia University","Columbia Magazine"
2021-01-05,"Christian Gonzalez",1.5,"Most popular options test screenshots",,,"Columbia University","Columbia Magazine"
2021-01-05,"Christian Gonzalez",3.5,"Feedback styling fixes","New font styling throughout site","Ongoing to-dos","Columbia University","Columbia Magazine"
2021-01-04,"Christian Gonzalez",2.0,"Feedback changes","New font styling throughout site","Ongoing to-dos","Columbia University","Columbia Magazine"
2020-12-21,"Christian Gonzalez",2.5,"Feedback changes","New font styling throughout site","Ongoing to-dos","Columbia University","Columbia Magazine"
2020-12-16,"Christian Gonzalez",1.5,"Troubleshoot image quality issue",,,"Columbia University","Columbia Magazine"
2020-12-15,"Christian Gonzalez",2.0,"Font feedback changes","New font styling throughout site","Ongoing to-dos","Columbia University","Columbia Magazine"
2020-12-07,"Christian Gonzalez",2.0,"Feedback updates","New font styling throughout site","Ongoing to-dos","Columbia University","Columbia Magazine"
2020-12-02,"Christian Gonzalez",0.5,"Troubleshoot code change on stage",,,"Columbia University","Columbia Magazine"
2020-11-03,"Christian Gonzalez",2.0,"Change all fonts to the new ones and fix corrections","New font styling throughout site","Ongoing to-dos","Columbia University","Columbia Magazine"
2020-11-01,"Christian Gonzalez",1.5,"Fix corrections","New font styling throughout site","Ongoing to-dos","Columbia University","Columbia Magazine"
2020-11-01,"Christian Gonzalez",3.0,"Font changes in homepage and article page","New font styling throughout site","Ongoing to-dos","Columbia University","Columbia Magazine"
2020-09-08,"Christian Gonzalez",1.0,"Test php 7.3 compatibility locally",,,"Columbia University","Columbia Magazine"
2020-08-25,"Christian Gonzalez",0.5,"Add missing image style in prod",,,"Columbia University","Columbia Magazine"
2020-08-25,"Christian Gonzalez",1.0,"Push image and video changes live",,,"Columbia University","Columbia Magazine"
2020-08-20,"Christian Gonzalez",4.0,"","Article photo embeds","Ongoing to-dos","Columbia University","Columbia Magazine"
2020-08-19,"Christian Gonzalez",2.5,"","Article photo embeds","Ongoing to-dos","Columbia University","Columbia Magazine"
2020-08-12,"Christian Gonzalez",1.5,"Troubleshoot image with long captions","Article photo embeds","Ongoing to-dos","Columbia University","Columbia Magazine"
2020-08-04,"Christian Gonzalez",2.0,"Wrapper","Videos","Ongoing to-dos","Columbia University","Columbia Magazine"
2020-08-03,"Christian Gonzalez",2.5,"","Videos","Ongoing to-dos","Columbia University","Columbia Magazine"
2020-07-31,"Christian Gonzalez",4.0,"Change module to embed youtube video so a Wrapper can be added","Videos","Ongoing to-dos","Columbia University","Columbia Magazine"
2020-07-29,"Christian Gonzalez",1.5,"","Videos","Ongoing to-dos","Columbia University","Columbia Magazine"
2020-07-27,"Christian Gonzalez",1.5,"","Videos","Ongoing to-dos","Columbia University","Columbia Magazine"
2020-07-27,"Christian Gonzalez",1.5,"","Article photo embeds","Ongoing to-dos","Columbia University","Columbia Magazine"
2020-07-13,"Christian Gonzalez",0.5,"deploy tracker","Article page tracker","Ongoing to-dos","Columbia University","Columbia Magazine"
2020-07-10,"Christian Gonzalez",3.0,"Fix stuttering issue for tracker","Article page tracker","Ongoing to-dos","Columbia University","Columbia Magazine"
2020-07-09,"Christian Gonzalez",1.0,"","Article page tracker","Ongoing to-dos","Columbia University","Columbia Magazine"
2020-07-06,"Christian Gonzalez",1.5,"Adjustments to the offset","Article page tracker","Ongoing to-dos","Columbia University","Columbia Magazine"
2020-07-06,"Christian Gonzalez",2.0,"Show 12 articles in author page instead of 6",,,"Columbia University","Columbia Magazine"
2020-07-02,"Christian Gonzalez",2.5,"","Article page tracker","Ongoing to-dos","Columbia University","Columbia Magazine"
2020-06-30,"Christian Gonzalez",3.0,"","Article page tracker","Ongoing to-dos","Columbia University","Columbia Magazine"
2020-06-19,"Christian Gonzalez",2.5,"Make requested changes","HOME: Featured Article display","Ongoing to-dos","Columbia University","Columbia Magazine"
2020-06-19,"Christian Gonzalez",0.5,"Re-do changes overwritten by Acquia automatic updates",,,"Columbia University","Columbia Magazine"
2020-06-17,"Christian Gonzalez",1.0,"","Category Template: design and text updates","Ongoing to-dos","Columbia University","Columbia Magazine"
2020-06-16,"Christian Gonzalez",2.0,"Fix breakpoint issues for featured article image","Category Template: design and text updates","Ongoing to-dos","Columbia University","Columbia Magazine"
2020-06-16,"Christian Gonzalez",2.0,"Requested mobile changes","Category Template: design and text updates","Ongoing to-dos","Columbia University","Columbia Magazine"
2020-06-12,"Christian Gonzalez",1.5,"Mobile adjustment","HOME: Featured Article display","Ongoing to-dos","Columbia University","Columbia Magazine"
2020-06-12,"Christian Gonzalez",0.5,"Looking at Acquia Cloud API end of life",,,"Columbia University","Columbia Magazine"
2020-06-11,"Christian Gonzalez",2.0,"","Category Template: design and text updates","Ongoing to-dos","Columbia University","Columbia Magazine"
2020-06-11,"Christian Gonzalez",2.0,"","HOME: Featured Article display","Ongoing to-dos","Columbia University","Columbia Magazine"
2020-06-08,"Christian Gonzalez",3.0,"Update and deploy Drupal 8 core and modules manually",,,"Columbia University","Columbia Magazine"
2020-06-05,"Christian Gonzalez",3.0,"Troubleshoot Acquia automatic updates fail",,,"Columbia University","Columbia Magazine"
2020-06-03,"Christian Gonzalez",1.0,"Deploy tablet breakpoints",,,"Columbia University","Columbia Magazine"
2020-06-02,"Christian Gonzalez",2.5,"Adjust and fix tablet breakpoint","Adjust breakpoints tablet & Mobile","Ongoing to-dos","Columbia University","Columbia Magazine"
2020-05-29,"Christian Gonzalez",2.5,"Adjust breakpoints tablet",,,"Columbia University","Columbia Magazine"
2020-05-28,"Christian Gonzalez",1.0,"","Adjust breakpoints tablet & Mobile","Ongoing to-dos","Columbia University","Columbia Magazine"
2020-05-27,"Christian Gonzalez",2.0,"","Adjust breakpoints tablet & Mobile","Ongoing to-dos","Columbia University","Columbia Magazine"
2020-05-21,"Christian Gonzalez",4.0,"Fine tune and fix issues on related and more from",,,"Columbia University","Columbia Magazine"
2020-05-20,"Christian Gonzalez",2.0,"","Related & More From Module updates","Ongoing to-dos","Columbia University","Columbia Magazine"
2020-05-19,"Christian Gonzalez",2.0,"","Related & More From Module updates","Ongoing to-dos","Columbia University","Columbia Magazine"
2020-05-18,"Christian Gonzalez",1.5,"Initial changes to Related section",,,"Columbia University","Columbia Magazine"
2020-05-12,"Christian Gonzalez",4.0,"","DEV: Article pages: More from section","Ongoing to-dos","Columbia University","Columbia Magazine"
2020-04-24,"Christian Gonzalez",5.0,"Columbians in the news block tweaks and styling",,,"Columbia University","Columbia Magazine"
2020-04-23,"Christian Gonzalez",2.0,"New Columbians in the news block test locally",,,"Columbia University","Columbia Magazine"
2020-04-23,"Christian Gonzalez",1.5,"Top stories new view styling","DEV: Article Page: SideBar","Ongoing to-dos","Columbia University","Columbia Magazine"
2020-04-22,"Christian Gonzalez",4.0,"Google analytics for top articles research and test","DEV: Article Page: SideBar","Ongoing to-dos","Columbia University","Columbia Magazine"
2020-04-21,"Christian Gonzalez",0.5,"","DEV: Article Page: SideBar","Ongoing to-dos","Columbia University","Columbia Magazine"
2020-04-20,"Christian Gonzalez",3.0,"","DEV: Article Page: SideBar","Ongoing to-dos","Columbia University","Columbia Magazine"
2020-04-17,"Christian Gonzalez",1.5,"","DEV: Article Page: SideBar","Ongoing to-dos","Columbia University","Columbia Magazine"
2020-04-16,"Christian Gonzalez",2.5,"","DEV: Article Page: SideBar","Ongoing to-dos","Columbia University","Columbia Magazine"
2020-04-13,"Christian Gonzalez",1.5,"","DEV: Article Page: SideBar","Ongoing to-dos","Columbia University","Columbia Magazine"
2020-04-06,"Christian Gonzalez",0.5,"Fix the order of the bottom section on mobile","DEV: Article page: Bottom","Ongoing to-dos","Columbia University","Columbia Magazine"
2020-04-03,"Christian Gonzalez",3.5,"","DEV: Article Page: Header","Ongoing to-dos","Columbia University","Columbia Magazine"
2020-04-02,"Christian Gonzalez",0.75,"","DEV: Article page: Bottom","Ongoing to-dos","Columbia University","Columbia Magazine"
2020-04-01,"Christian Gonzalez",0.5,"","DEV: Article Page: Header","Ongoing to-dos","Columbia University","Columbia Magazine"
2020-04-01,"Christian Gonzalez",0.5,"","DEV: Article page: Social Media buttons","Ongoing to-dos","Columbia University","Columbia Magazine"
2020-03-20,"Christian Gonzalez",0.75,"","Review site setup, custom code, plugins etc- outline any updates needed","Ongoing to-dos","Columbia University","Columbia Magazine"
2020-03-17,"Christian Gonzalez",4.0,"","Local Dev setup","Ongoing to-dos","Columbia University","Columbia Magazine"
2020-03-05,"Christian Gonzalez",4.5,"review steps to deploy",,,"CSMi","Dev./Misc. Support"
2020-03-04,"Christian Gonzalez",1.5,"test redirects on staging","Set-up redirects on: csmisolutions.com","2020 Todos","CSMi","Dev./Misc. Support"
2020-03-04,"Christian Gonzalez",2.0,"","Set-up redirects on: csmisolutions.com","2020 Todos","CSMi","Dev./Misc. Support"
2020-03-04,"Christian Gonzalez",1.0,"Banner configuration changes","Install and configure GDPR and CCPA plugin on new HumacNorm.com site","2020 Todos","CSMi","Dev./Misc. Support"
2020-03-04,"Christian Gonzalez",2.0,"Configure the other two sites banner","Install and configure GDPR and CCPA plugin on new HumacNorm.com site","2020 Todos","CSMi","Dev./Misc. Support"
2020-03-03,"Christian Gonzalez",2.0,"Make the gdpr plugin be able to block the monster insights GA cookies","Install and configure GDPR and CCPA plugin on new HumacNorm.com site","2020 Todos","CSMi","Dev./Misc. Support"
2020-03-03,"Christian Gonzalez",2.0,"Prod backups before creating the staging sties",,,"CSMi","Dev./Misc. Support"
2020-03-03,"Christian Gonzalez",2.5,"","Set up staging sites for the 3 new wordpress sites in GoDaddy","2020 Todos","CSMi","Dev./Misc. Support"
2021-11-18,"Christian Gonzalez",1.5,"","urgent SSL renew (expired)","Nov 2021","Dartmouth College","Dev./Misc. Support"
2021-10-29,"Christian Gonzalez",0.5,"Push fix to prod","Black overlay on photo gallery text on mobile","Oct 2021","Dartmouth College","Dev./Misc. Support"
2021-10-28,"Christian Gonzalez",1.25,"Troubleshoot and fix mobile carrousel issue","Black overlay on photo gallery text on mobile","Oct 2021","Dartmouth College","Dev./Misc. Support"
2021-10-12,"Christian Gonzalez",0.25,"Restore backup","Missing Section on site & CMS list","Oct 2021","Dartmouth College","Dev./Misc. Support"
2021-10-12,"Christian Gonzalez",1.5,"Searching and testing backups","Missing Section on site & CMS list","Oct 2021","Dartmouth College","Dev./Misc. Support"
2021-10-12,"Christian Gonzalez",1.0,"Troubleshooting issue with missing pieces","Missing Section on site & CMS list","Oct 2021","Dartmouth College","Dev./Misc. Support"
2021-05-10,"Christian Gonzalez",1.0,"Remove download issue button",,,"Dartmouth College","Misc. updates"
2021-04-23,"Christian Gonzalez",1.5,"Troubleshoot image byline issue",,,"Dartmouth College","Misc. updates"
2021-02-22,"Christian Gonzalez",0.5,"","Article Author hyperlinks","Oct 2020 To-Do","Dartmouth College","Misc. updates"
2021-01-19,"Christian Gonzalez",2.0,"change tax order","Table of Contents","Oct 2020 To-Do","Dartmouth College","Misc. updates"
2021-01-19,"Christian Gonzalez",1.5,"Changes in styling","Photo captions","Oct 2020 To-Do","Dartmouth College","Misc. updates"
2021-01-18,"Christian Gonzalez",0.5,"","LOW PRIORITY: (only if time left) Twitter udpate","Oct 2020 To-Do","Dartmouth College","Misc. updates"
2021-01-18,"Christian Gonzalez",0.5,"","Add Big Picture content type","Oct 2020 To-Do","Dartmouth College","Misc. updates"
2021-01-18,"Christian Gonzalez",0.5,"","Photo captions","Oct 2020 To-Do","Dartmouth College","Misc. updates"
2021-01-18,"Christian Gonzalez",0.5,"Add new taxonomies and change order","Table of Contents","Oct 2020 To-Do","Dartmouth College","Misc. updates"
2021-01-18,"Christian Gonzalez",0.5,"","Newsletter sign up removal","Oct 2020 To-Do","Dartmouth College","Misc. updates"
2021-01-18,"Christian Gonzalez",2.0,"Reserach and planning on how to implement authors' page","Article Author hyperlinks","Oct 2020 To-Do","Dartmouth College","Misc. updates"
2021-01-18,"Christian Gonzalez",1.5,"Drupal core and modules update","Site updates","Oct 2020 To-Do","Dartmouth College","Misc. updates"
2020-11-30,"Christian Gonzalez",1.5,"Troubleshoot issues on stage due to previously outdated branch",,,"Dartmouth College","Misc. updates"
2020-11-30,"Christian Gonzalez",2.0,"Backup stage and push updates",,,"Dartmouth College","Misc. updates"
2020-11-13,"Christian Gonzalez",3.5,"Fix bugs in local installation and run updates again",,,"Dartmouth College","Misc. updates"
2020-11-09,"Christian Gonzalez",4.0,"Drupal core updates and review locally",,,"Dartmouth College","Misc. updates"
2020-11-06,"Christian Gonzalez",3.0,"Investigate staging site SSH, and take backups of prod and stage to use in local environment",,,"Dartmouth College","Misc. updates"
2020-09-28,"Christian Gonzalez",1.5,"Looking through the code and CMS for the estimates",,,"Dartmouth College","Misc. updates"
2020-02-25,"Christian Gonzalez",0.5,"Troubleshoot post-deployment issues",,,"Dartmouth College","Misc. updates"
2020-02-24,"Christian Gonzalez",0.5,"Updates deployment",,,"Dartmouth College","Misc. updates"
2020-02-18,"Christian Gonzalez",3.0,"","Update core & modules on staging for DAM website","Feb/March 2020 To-dos","Dartmouth College","Misc. updates"
2020-02-13,"Christian Gonzalez",1.0,"","seen and heard detail page, thumbnails not loading","Feb/March 2020 To-dos","Dartmouth College","Misc. updates"
2019-12-17,"Christian Gonzalez",1.5,"Troubleshooting image color changes for the article header",,,"Dartmouth College","Misc. updates"
2019-11-01,"Christian Gonzalez",2.0,"Fix cover image size","Magazine cover image looks fuzzy","OCT 2019 To-do","Dartmouth College","Misc. updates"
2019-10-23,"Christian Gonzalez",0.75,"Deploying in staging, testing and then deploying to prod",,,"Dartmouth College","Misc. updates"
2019-10-22,"Christian Gonzalez",0.5,"fixing and testing","images for all of the “Seen & Heard”","OCT 2019 To-do","Dartmouth College","Misc. updates"
2021-12-01,"Christian Gonzalez",1.0,"","! Create Page with redirect","Running To-Do List","Lexia Learning","Lexia Learning Retainer"
2021-11-30,"Christian Gonzalez",3.0,"Create redirect and look through the CMS for similar behaviors","! Create Page with redirect","Running To-Do List","Lexia Learning","Lexia Learning Retainer"
2021-07-21,"Christian Gonzalez",2.0,"","Set up OneTrust for new site","July 2021","Lexia Learning","Lexia Learning Retainer"
2021-07-14,"Christian Gonzalez",1.0,"","Set up OneTrust for new site","July 2021","Lexia Learning","Lexia Learning Retainer"
2021-07-09,"Christian Gonzalez",1.5,"Full Backups","Urgent requests","Running To-Do List","Lexia Learning","Lexia Learning Retainer"
2021-07-01,"Christian Gonzalez",0.5,"Backups","Urgent requests","Running To-Do List","Lexia Learning","Lexia Learning Retainer"
2021-06-22,"Christian Gonzalez",0.25,"un-gate page",,,"Lexia Learning","Lexia Learning Retainer"
2021-06-15,"Christian Gonzalez",0.25,"Backup",,,"Lexia Learning","Lexia Learning Retainer"
2021-06-10,"Christian Gonzalez",1.0,"","! Captcha error on Demo form","Running To-Do List","Lexia Learning","Lexia Learning Retainer"
2021-06-09,"Christian Gonzalez",5.0,"","! Privacy Links issue (with Marc)","Running To-Do List","Lexia Learning","Lexia Learning Retainer"
2021-06-08,"Christian Gonzalez",1.5,"","! Privacy Links issue (with Marc)","Running To-Do List","Lexia Learning","Lexia Learning Retainer"
2021-05-21,"Christian Gonzalez",0.75,"Test drupal updates",,,"Lexia Learning","Lexia Learning Retainer"
2021-04-22,"Christian Gonzalez",1.0,"Check acquia updates",,,"Lexia Learning","Lexia Learning Retainer"
2021-04-19,"Christian Gonzalez",0.5,"Block IP",,,"Lexia Learning","Lexia Learning Retainer"
2021-04-15,"Christian Gonzalez",0.5,"Manual backups for all environments",,,"Lexia Learning","Lexia Learning Retainer"
2021-04-07,"Christian Gonzalez",0.75,"Change page links",,,"Lexia Learning","Lexia Learning Retainer"
2021-03-31,"Christian Gonzalez",0.25,"search bar issue fix",,,"Lexia Learning","Lexia Learning Retainer"
2021-03-30,"Christian Gonzalez",2.0,"Honeypot implementation",,,"Lexia Learning","Lexia Learning Retainer"
2021-03-18,"Christian Gonzalez",2.5,"Compared MDR from stage and prod to find the issue with the import, then made a new import",,,"Lexia Learning","Lexia Learning Retainer"
2021-03-18,"Christian Gonzalez",1.5,"Troubleshoot, fix wrong header in table and import again","PRIORITY: Mdr database update","Running To-Do List","Lexia Learning","Lexia Learning Retainer"
2021-03-17,"Christian Gonzalez",2.0,"Doublecheking import and troubleshoot","PRIORITY: Mdr database update","Running To-Do List","Lexia Learning","Lexia Learning Retainer"
2021-03-16,"Christian Gonzalez",0.5,"","PRIORITY: Mdr database update","Running To-Do List","Lexia Learning","Lexia Learning Retainer"
2021-03-11,"Christian Gonzalez",1.0,"Form help request",,,"Lexia Learning","Lexia Learning Retainer"
2021-03-11,"Christian Gonzalez",1.5,"Banner adjustments",,,"Lexia Learning","Lexia Learning Retainer"
2021-03-10,"Christian Gonzalez",3.0,"Development of the new legal banner",,,"Lexia Learning","Lexia Learning Retainer"
2021-03-09,"Christian Gonzalez",0.5,"Research best way to do the new legal banner",,,"Lexia Learning","Lexia Learning Retainer"
2021-03-05,"Christian Gonzalez",1.5,"Troubleshoot form spam and block IPs",,,"Lexia Learning","Lexia Learning Retainer"
2021-02-26,"Christian Gonzalez",1.0,"MDR DB Update",,,"Lexia Learning","Lexia Learning Retainer"
2021-02-24,"Christian Gonzalez",0.5,"Check service interruption",,,"Lexia Learning","Lexia Learning Retainer"
2021-02-18,"Christian Gonzalez",0.5,"Test mysql version change",,,"Lexia Learning","Lexia Learning Retainer"
2021-02-16,"Christian Gonzalez",0.5,"","URGENT push the nycspecialeducation branch to prod","Running To-Do List","Lexia Learning","Lexia Learning Retainer"
2021-02-16,"Christian Gonzalez",0.5,"","URGENT push the nycspecialeducation branch to prod","Running To-Do List","Lexia Learning","Lexia Learning Retainer"
2021-02-15,"Christian Gonzalez",0.5,"","URGENT push the nycspecialeducation branch to prod","Running To-Do List","Lexia Learning","Lexia Learning Retainer"
2021-02-15,"Christian Gonzalez",0.5,"","URGENT push the nycspecialeducation branch to prod","Running To-Do List","Lexia Learning","Lexia Learning Retainer"
2021-02-12,"Christian Gonzalez",1.0,"Check acquia updates",,,"Lexia Learning","Lexia Learning Retainer"
2021-02-05,"Christian Gonzalez",1.0,"Create view for dumping all the posts in stage",,,"Lexia Learning","Lexia Learning Retainer"
2021-01-25,"Christian Gonzalez",0.5,"Core update push",,,"Lexia Learning","Lexia Learning Retainer"
2021-01-25,"Christian Gonzalez",2.0,"PHP 7.4, core and modules updates and testing",,,"Lexia Learning","Lexia Learning Retainer"
2021-01-21,"Christian Gonzalez",2.0,"troubleshoot issues affecting the uptime of the site",,,"Lexia Learning","Lexia Learning Retainer"
2021-01-11,"Christian Gonzalez",1.0,"MDR DB update","URGENT: Update MDR database on prod","Running To-Do List","Lexia Learning","Lexia Learning Retainer"
2020-12-17,"Christian Gonzalez",1.0,"CKEditor issue troubleshoot","Urgent requests","Running To-Do List","Lexia Learning","Lexia Learning Retainer"
2020-12-09,"Christian Gonzalez",0.5,"remove newsletter form",,,"Lexia Learning","Lexia Learning Retainer"
2020-12-09,"Christian Gonzalez",2.5,"Change styling in the footer",,,"Lexia Learning","Lexia Learning Retainer"
2020-12-07,"Christian Gonzalez",2.5,"Debug and troubleshoot Florida popup",,,"Lexia Learning","Lexia Learning Retainer"
2020-12-02,"Christian Gonzalez",0.5,"Help Nicole with OneTrust",,,"Lexia Learning","Lexia Learning Retainer"
2020-12-01,"Christian Gonzalez",0.5,"Look through git history to answer email Q","Support for Matt Weiss","Running To-Do List","Lexia Learning","Lexia Learning Retainer"
2020-11-23,"Christian Gonzalez",1.0,"Review branch revert",,,"Lexia Learning","Lexia Learning Retainer"
2020-11-18,"Christian Gonzalez",0.5,"Review Matt's merge email",,,"Lexia Learning","Lexia Learning Retainer"
2020-11-17,"Christian Gonzalez",1.5,"Add GTag code, remove unused GTags, push to prod and review",,,"Lexia Learning","Lexia Learning Retainer"
2020-11-11,"Christian Gonzalez",2.0,"Troubleshoot and research issue with pixel code","URGENT: Tracking pixels","Oct/ Nov","Lexia Learning","Lexia Learning Retainer"
2020-11-10,"Christian Gonzalez",1.0,"Push logo changes, drupal updates and pixel code to stage",,,"Lexia Learning","Lexia Learning Retainer"
2020-11-09,"Christian Gonzalez",1.0,"Drupal updates",,,"Lexia Learning","Lexia Learning Retainer"
2020-11-09,"Christian Gonzalez",0.5,"Add pixel codes","URGENT: Tracking pixels","Oct/ Nov","Lexia Learning","Lexia Learning Retainer"
2020-11-09,"Christian Gonzalez",3.5,"Logo changes and styling updates","URGENT: Cambium Learning updates","Oct/ Nov","Lexia Learning","Lexia Learning Retainer"
2020-11-05,"Christian Gonzalez",0.5,"Unpublish extra pages and push to prod","URGENT: National Demo Troubleshoot","Oct/ Nov","Lexia Learning","Lexia Learning Retainer"
2020-11-05,"Christian Gonzalez",1.5,"Search for banner on prod to disable it on the demo page","URGENT: National Demo Troubleshoot","Oct/ Nov","Lexia Learning","Lexia Learning Retainer"
2020-11-04,"Christian Gonzalez",0.5,"Set the new page on prod","URGENT: National Demo Troubleshoot","Oct/ Nov","Lexia Learning","Lexia Learning Retainer"
2020-11-04,"Christian Gonzalez",2.0,"Remove header and footer for the demo page and gate it on stage","URGENT: National Demo Troubleshoot","Oct/ Nov","Lexia Learning","Lexia Learning Retainer"
2020-11-03,"Christian Gonzalez",1.5,"Final Mobile Adjustments","Implementation of ""Proof is Power"" Landing page","Oct/ Nov","Lexia Learning","Lexia Learning Retainer"
2020-11-03,"Christian Gonzalez",0.5,"","URGENT: FB Pixel","Oct/ Nov","Lexia Learning","Lexia Learning Retainer"
2020-11-01,"Christian Gonzalez",1.0,"Change images and adjust final section bolt","Implementation of ""Proof is Power"" Landing page","Oct/ Nov","Lexia Learning","Lexia Learning Retainer"
2020-11-01,"Christian Gonzalez",1.5,"Trying to remove white space behind videos and mobile adjustments","Implementation of ""Proof is Power"" Landing page","Oct/ Nov","Lexia Learning","Lexia Learning Retainer"
2020-11-01,"Christian Gonzalez",1.0,"Analytics code and more corrections","Implementation of ""Proof is Power"" Landing page","Oct/ Nov","Lexia Learning","Lexia Learning Retainer"
2020-11-01,"Christian Gonzalez",1.0,"Adding images and fixing font sizes","Implementation of ""Proof is Power"" Landing page","Oct/ Nov","Lexia Learning","Lexia Learning Retainer"
2020-11-01,"Christian Gonzalez",2.5,"Basic page hmtl","Implementation of ""Proof is Power"" Landing page","Oct/ Nov","Lexia Learning","Lexia Learning Retainer"
2020-10-21,"Christian Gonzalez",2.0,"Push Matt's code. Started to copy the changes from stage to prod and troubleshooting the staging menu issue in mobile",,,"Lexia Learning","Lexia Learning Retainer"
2020-10-20,"Christian Gonzalez",0.5,"remove redundant cookie policy",,,"Lexia Learning","Lexia Learning Retainer"
2020-10-19,"Christian Gonzalez",1.75,"Copy content types, blocks and content changes from stage to prod to replicate Matt's changes",,,"Lexia Learning","Lexia Learning Retainer"
2020-10-19,"Christian Gonzalez",0.75,"Emails explaining how to deploy from stage to prod with Matt",,,"Lexia Learning","Lexia Learning Retainer"
2020-10-16,"Christian Gonzalez",1.5,"Redundant cookie policy issue",,,"Lexia Learning","Lexia Learning Retainer"
2020-10-15,"Christian Gonzalez",3.0,"Setting up staging for Matt,troubleshooting issues and answering questions about stage",,,"Lexia Learning","Lexia Learning Retainer"
2020-10-13,"Christian Gonzalez",3.0,"WIP: Change styling in research place to how it was before but keep the filters on top",,,"Lexia Learning","Lexia Learning Retainer"
2020-10-09,"Christian Gonzalez",0.5,"Deployment for Matt",,,"Lexia Learning","Lexia Learning Retainer"
2020-10-07,"Christian Gonzalez",0.5,"Push OneTrust 2.0 to stage and test it there","HOLD: OneTrust 2.0 update","Running To-Do List","Lexia Learning","Lexia Learning Retainer"
2020-10-07,"Christian Gonzalez",0.5,"fix styling issues","HOLD: OneTrust 2.0 update","Running To-Do List","Lexia Learning","Lexia Learning Retainer"
2020-10-07,"Christian Gonzalez",1.0,"Adding the new workflow locally and testing the styling and cookie blocking","HOLD: OneTrust 2.0 update","Running To-Do List","Lexia Learning","Lexia Learning Retainer"
2020-10-07,"Christian Gonzalez",3.0,"New workflow and template changes in the onetrust page","HOLD: OneTrust 2.0 update","Running To-Do List","Lexia Learning","Lexia Learning Retainer"
2020-10-06,"Christian Gonzalez",1.0,"Push SmartIP change to prod, enable it again and test the fields in the forms that use the module",,,"Lexia Learning","Lexia Learning Retainer"
2020-10-05,"Christian Gonzalez",3.0,"Code change for the SmartIP module and tests in stage",,,"Lexia Learning","Lexia Learning Retainer"
2020-10-05,"Christian Gonzalez",1.0,"Looking into what's causing the site outage and disabling that module",,,"Lexia Learning","Lexia Learning Retainer"
2020-10-01,"Christian Gonzalez",0.5,"PHP 7.3 test on prod",,,"Lexia Learning","Lexia Learning Retainer"
2020-09-30,"Christian Gonzalez",2.5,"Looking what would be the steps we'd have to make to update OneTrust in Lexia","HOLD: OneTrust 2.0 update","Running To-Do List","Lexia Learning","Lexia Learning Retainer"
2020-09-30,"Christian Gonzalez",0.5,"Lexia deployment for Matt",,,"Lexia Learning","Lexia Learning Retainer"
2020-09-29,"Christian Gonzalez",1.0,"Looking into data loss",,,"Lexia Learning","Lexia Learning Retainer"
2020-09-25,"Christian Gonzalez",2.0,"Apply button at the top of filters form in Resources and Research",,,"Lexia Learning","Lexia Learning Retainer"
2020-09-25,"Christian Gonzalez",3.0,"Research feedback",,,"Lexia Learning","Lexia Learning Retainer"
2020-09-24,"Christian Gonzalez",4.0,"Check location tracking for landing page functionality",,,"Lexia Learning","Lexia Learning Retainer"
2020-09-23,"Christian Gonzalez",1.5,"Push alternate branch for florida-project to dev",,,"Lexia Learning","Lexia Learning Retainer"
2020-09-22,"Christian Gonzalez",4.0,"Set up dev so Matt could work on it and troubleshoot issue",,,"Lexia Learning","Lexia Learning Retainer"
2020-09-21,"Christian Gonzalez",2.0,"Several pushes requested from Matt to prod",,,"Lexia Learning","Lexia Learning Retainer"
2020-09-16,"Christian Gonzalez",1.5,"Shorten article teaser text in research page",,,"Lexia Learning","Lexia Learning Retainer"
2020-09-16,"Christian Gonzalez",3.0,"Edit articles in stage to show new functionality",,,"Lexia Learning","Lexia Learning Retainer"
2020-09-15,"Christian Gonzalez",3.0,"test changes for the filters on research",,,"Lexia Learning","Lexia Learning Retainer"
2020-09-14,"Christian Gonzalez",4.0,"Push research code to staging, changes in CSM and test",,,"Lexia Learning","Lexia Learning Retainer"
2020-09-14,"Christian Gonzalez",1.5,"IP research",,,"Lexia Learning","Lexia Learning Retainer"
2020-09-11,"Christian Gonzalez",1.5,"","HOLD Create filters function for Research content (Reuse Resources styling/setup)","Running To-Do List","Lexia Learning","Lexia Learning Retainer"
2020-09-10,"Christian Gonzalez",1.5,"","HOLD Create filters function for Research content (Reuse Resources styling/setup)","Running To-Do List","Lexia Learning","Lexia Learning Retainer"
2020-09-09,"Christian Gonzalez",2.5,"","HOLD Create filters function for Research content (Reuse Resources styling/setup)","Running To-Do List","Lexia Learning","Lexia Learning Retainer"
2020-09-08,"Christian Gonzalez",1.5,"Test php 7.3 compatibility locally",,,"Lexia Learning","Lexia Learning Retainer"
2020-09-07,"Christian Gonzalez",3.0,"Continue template changes","HOLD Create filters function for Research content (Reuse Resources styling/setup)","Running To-Do List","Lexia Learning","Lexia Learning Retainer"
2020-09-04,"Christian Gonzalez",5.0,"Create and test filters, start template changes","HOLD Create filters function for Research content (Reuse Resources styling/setup)","Running To-Do List","Lexia Learning","Lexia Learning Retainer"
2020-09-03,"Christian Gonzalez",5.0,"start setting up research view locally","HOLD Create filters function for Research content (Reuse Resources styling/setup)","Running To-Do List","Lexia Learning","Lexia Learning Retainer"
2020-08-24,"Christian Gonzalez",1.5,"Form question research",,,"Lexia Learning","Lexia Learning Retainer"
2020-08-20,"Christian Gonzalez",0.5,"IP block in cms",,,"Lexia Learning","Lexia Learning Retainer"
2020-08-19,"Christian Gonzalez",2.5,"Suspicious IP investigation and block",,,"Lexia Learning","Lexia Learning Retainer"
2020-08-19,"Christian Gonzalez",1.5,"Research request",,,"Lexia Learning","Lexia Learning Retainer"
2020-08-13,"Christian Gonzalez",2.0,"Research request review",,,"Lexia Learning","Lexia Learning Retainer"
2020-08-13,"Christian Gonzalez",1.5,"Resources page issue troubleshoot",,,"Lexia Learning","Lexia Learning Retainer"
2020-08-12,"Christian Gonzalez",1.0,"Add analytics code to prod",,,"Lexia Learning","Lexia Learning Retainer"
2020-08-04,"Christian Gonzalez",2.5,"More redirect changes",,,"Lexia Learning","Lexia Learning Retainer"
2020-08-04,"Christian Gonzalez",0.5,"PDFs redirects",,,"Lexia Learning","Lexia Learning Retainer"
2020-08-03,"Christian Gonzalez",1.5,"Redirects",,,"Lexia Learning","Lexia Learning Retainer"
2020-08-03,"Christian Gonzalez",1.0,"Review changes made for query request",,,"Lexia Learning","Lexia Learning Retainer"
2020-07-30,"Christian Gonzalez",2.0,"Troubleshoot database call in page",,,"Lexia Learning","Lexia Learning Retainer"
2020-07-29,"Christian Gonzalez",0.75,"Export MDR database",,,"Lexia Learning","Lexia Learning Retainer"
2020-07-29,"Christian Gonzalez",0.5,"push htaccess change to prod",,,"Lexia Learning","Lexia Learning Retainer"
2020-07-17,"Christian Gonzalez",1.5,"Post deployment fixes","Landing page programming","July 2020","Lexia Learning","Lexia Learning Retainer"
2020-07-16,"Christian Gonzalez",0.5,"Deployment","Landing page programming","July 2020","Lexia Learning","Lexia Learning Retainer"
2020-07-15,"Christian Gonzalez",1.5,"Banner prod issue troubleshoot",,,"Lexia Learning","Lexia Learning Retainer"
2020-07-15,"Christian Gonzalez",0.75,"Footer request",,,"Lexia Learning","Lexia Learning Retainer"
2020-07-15,"Christian Gonzalez",1.0,"Look into dev-prod issue",,,"Lexia Learning","Lexia Learning Retainer"
2020-07-15,"Christian Gonzalez",3.0,"","Landing page programming","July 2020","Lexia Learning","Lexia Learning Retainer"
2020-07-14,"Christian Gonzalez",1.5,"","Landing page programming","July 2020","Lexia Learning","Lexia Learning Retainer"
2020-07-14,"Christian Gonzalez",2.0,"","Landing page programming","July 2020","Lexia Learning","Lexia Learning Retainer"
2020-07-13,"Christian Gonzalez",3.0,"","Landing page programming","July 2020","Lexia Learning","Lexia Learning Retainer"
2020-07-09,"Christian Gonzalez",0.75,"Explain how to use dev environment",,,"Lexia Learning","Lexia Learning Retainer"
2020-07-07,"Christian Gonzalez",0.75,"Dev request for Math",,,"Lexia Learning","Lexia Learning Retainer"
2020-07-01,"Christian Gonzalez",3.0,"htaccess change review and deployment",,,"Lexia Learning","Lexia Learning Retainer"
2020-06-30,"Christian Gonzalez",1.0,"","Add SNAPSHOTS to Resources content","July 2020","Lexia Learning","Lexia Learning Retainer"
2020-06-18,"Christian Gonzalez",0.5,"test GDPR code and cookies in the new subdomain",,,"Lexia Learning","Lexia Learning Retainer"
2020-06-12,"Christian Gonzalez",0.5,"Looking at Acquia Cloud API end of life",,,"Lexia Learning","Lexia Learning Retainer"
2020-06-05,"Christian Gonzalez",1.5,"Fix styling in resources page",,,"Lexia Learning","Lexia Learning Retainer"
2020-06-03,"Christian Gonzalez",2.5,"Search filter on staging",,,"Lexia Learning","Lexia Learning Retainer"
2020-05-29,"Christian Gonzalez",0.5,"Backups and deployment","TIME SENSITIVE: Remove ""download"" link on site nav","May / June 2020","Lexia Learning","Lexia Learning Retainer"
2020-05-28,"Christian Gonzalez",0.5,"","TIME SENSITIVE: Remove ""download"" link on site nav","May / June 2020","Lexia Learning","Lexia Learning Retainer"
2020-05-27,"Christian Gonzalez",1.0,"","Help Kosta with Form fields changes","May / June 2020","Lexia Learning","Lexia Learning Retainer"
2020-05-11,"Christian Gonzalez",4.0,"","Resources back end implementation/DEV","Resources","Lexia Learning","Lexia Learning Retainer"
2020-05-08,"Christian Gonzalez",3.0,"","Resources back end implementation/DEV","Resources","Lexia Learning","Lexia Learning Retainer"
2020-05-07,"Christian Gonzalez",4.0,"Troubleshoot staging backend issue","Resources back end implementation/DEV","Resources","Lexia Learning","Lexia Learning Retainer"
2020-05-06,"Christian Gonzalez",2.0,"","Front End: update resources section design","Resources","Lexia Learning","Lexia Learning Retainer"
2020-04-23,"Christian Gonzalez",2.0,"Drag and drop editor research",,,"Lexia Learning","Lexia Learning Retainer"
2020-04-23,"Christian Gonzalez",1.5,"Mor sample pages using templates",,,"Lexia Learning","Lexia Learning Retainer"
2020-04-22,"Christian Gonzalez",1.0,"Sample page using templates",,,"Lexia Learning","Lexia Learning Retainer"
2020-04-22,"Christian Gonzalez",2.5,"New templates",,,"Lexia Learning","Lexia Learning Retainer"
2020-04-14,"Christian Gonzalez",2.0,"Compile template directions",,,"Lexia Learning","Lexia Learning Retainer"
2020-04-13,"Christian Gonzalez",3.0,"Workbench email setup and test in staging","Non-technical editing access on PROD","May / June 2020","Lexia Learning","Lexia Learning Retainer"
2020-04-08,"Christian Gonzalez",2.0,"Workbench email local setup and testing","Non-technical editing access on PROD","May / June 2020","Lexia Learning","Lexia Learning Retainer"
2020-04-08,"Christian Gonzalez",3.0,"Templates tweaks","Non-technical editing access on PROD","May / June 2020","Lexia Learning","Lexia Learning Retainer"
2020-04-07,"Christian Gonzalez",2.0,"Eloqua form issue solved",,,"Lexia Learning","Lexia Learning Retainer"
2020-04-06,"Christian Gonzalez",4.0,"Eloqua form troubleshoot",,,"Lexia Learning","Lexia Learning Retainer"
2020-03-27,"Christian Gonzalez",2.5,"Add and configure workflows on staging","Non-technical editing access on PROD","May / June 2020","Lexia Learning","Lexia Learning Retainer"
2020-03-26,"Christian Gonzalez",3.5,"Test the workflow module locally","Non-technical editing access on PROD","May / June 2020","Lexia Learning","Lexia Learning Retainer"
2020-03-26,"Christian Gonzalez",2.0,"Delete old backups up until April 2019 to free server space",,,"Lexia Learning","Lexia Learning Retainer"
2020-03-25,"Christian Gonzalez",1.5,"Fix styling issues and deploy","New Menu Item: Customers","May / June 2020","Lexia Learning","Lexia Learning Retainer"
2020-03-23,"Christian Gonzalez",1.0,"","New Menu Item: Customers","May / June 2020","Lexia Learning","Lexia Learning Retainer"
2020-03-18,"Christian Gonzalez",1.0,"Delete old backups and free some server space",,,"Lexia Learning","Lexia Learning Retainer"
2020-03-16,"Christian Gonzalez",3.0,"Front end mobile fixes","Front End: update resources section design","Resources","Lexia Learning","Lexia Learning Retainer"
2020-03-13,"Christian Gonzalez",2.0,"Adding new filters","Resources back end implementation/DEV","Resources","Lexia Learning","Lexia Learning Retainer"
2020-03-11,"Christian Gonzalez",1.5,"Closed form alert issue troubleshoot",,,"Lexia Learning","Lexia Learning Retainer"
2020-03-10,"Christian Gonzalez",4.5,"Finish the extra content and adjustments to filters","Resources back end implementation/DEV","Resources","Lexia Learning","Lexia Learning Retainer"
2020-03-09,"Christian Gonzalez",4.0,"Start adding extra content to the resources view","Resources back end implementation/DEV","Resources","Lexia Learning","Lexia Learning Retainer"
2020-02-28,"Christian Gonzalez",5.5,"","Front End: update resources section design","Resources","Lexia Learning","Lexia Learning Retainer"
2020-02-27,"Christian Gonzalez",4.0,"","Front End: update resources section design","Resources","Lexia Learning","Lexia Learning Retainer"
2020-02-26,"Christian Gonzalez",4.5,"","Front End: update resources section design","Resources","Lexia Learning","Lexia Learning Retainer"
2020-02-21,"Christian Gonzalez",1.5,"","Resources back end implementation/DEV","Resources","Lexia Learning","Lexia Learning Retainer"
2020-02-20,"Christian Gonzalez",3.0,"","Resources back end implementation/DEV","Resources","Lexia Learning","Lexia Learning Retainer"
2020-02-19,"Christian Gonzalez",4.0,"","Resources back end implementation/DEV","Resources","Lexia Learning","Lexia Learning Retainer"
2020-01-13,"Christian Gonzalez",0.75,"Deployment of styling fixes of the OneTrust banner and the cookie settings popup",,,"Lexia Learning","Lexia Learning Retainer"
2020-01-10,"Christian Gonzalez",0.25,"Fix to cookie preference page on prod",,,"Lexia Learning","Lexia Learning Retainer"
2020-01-09,"Christian Gonzalez",1.0,"Make fixes to cookie preference page",,,"Lexia Learning","Lexia Learning Retainer"
2020-01-08,"Christian Gonzalez",1.0,"Test fixes to cookie preference page",,,"Lexia Learning","Lexia Learning Retainer"
2020-01-08,"Christian Gonzalez",0.5,"Fix styling issues with OneTrust banner and cookie settings",,,"Lexia Learning","Lexia Learning Retainer"
2019-12-31,"Christian Gonzalez",2.0,"answer questions for the deployment of OneTrust on content subdomain",,,"Lexia Learning","Lexia Learning Retainer"
2019-12-27,"Christian Gonzalez",1.5,"test OneTrust on demo subdomain",,,"Lexia Learning","Lexia Learning Retainer"
2019-12-26,"Christian Gonzalez",0.5,"Final Cookie preferences code deployment and testing",,,"Lexia Learning","Lexia Learning Retainer"
2019-12-26,"Christian Gonzalez",1.0,"Final tests for cookies preference center",,,"Lexia Learning","Lexia Learning Retainer"
2019-12-26,"Christian Gonzalez",1.5,"bug fixes for cookies preference center",,,"Lexia Learning","Lexia Learning Retainer"
2019-12-23,"Christian Gonzalez",3.0,"troubleshoot banner appearing on cookie consent test page",,,"Lexia Learning","Lexia Learning Retainer"
2019-12-20,"Christian Gonzalez",1.5,"troubleshoot overlay issue in cookie consent test page",,,"Lexia Learning","Lexia Learning Retainer"
2019-12-20,"Christian Gonzalez",4.0,"Testing OneTrust cookie button on prod test page",,,"Lexia Learning","Lexia Learning Retainer"
2019-12-19,"Christian Gonzalez",2.5,"Test OneTrust cookie button on staging",,,"Lexia Learning","Lexia Learning Retainer"
2019-12-18,"Christian Gonzalez",0.75,"forms and footer link updates deployment",,,"Lexia Learning","Lexia Learning Retainer"
2019-12-16,"Christian Gonzalez",2.0,"Testing OneTrust in demo subdomain",,,"Lexia Learning","Lexia Learning Retainer"
2019-12-16,"Christian Gonzalez",0.5,"blog form css adjustments",,,"Lexia Learning","Lexia Learning Retainer"
2019-12-16,"Christian Gonzalez",2.0,"Fixing webform form type no updating after Country select is changed",,,"Lexia Learning","Lexia Learning Retainer"
2019-12-13,"Christian Gonzalez",2.5,"Troubleshoot webform form type no updating after Country select is changed",,,"Lexia Learning","Lexia Learning Retainer"
2019-12-13,"Christian Gonzalez",1.0,"Rollback last message changes",,,"Lexia Learning","Lexia Learning Retainer"
2019-12-12,"Christian Gonzalez",2.0,"Initial changes to the webform form type",,,"Lexia Learning","Lexia Learning Retainer"
2019-12-12,"Christian Gonzalez",3.0,"Finish set up and implementing OneTrust in demo subdomain",,,"Lexia Learning","Lexia Learning Retainer"
2019-12-11,"Christian Gonzalez",1.0,"Message changes and minor css adjustment",,,"Lexia Learning","Lexia Learning Retainer"
2019-12-10,"Christian Gonzalez",1.5,"Bug fix and testing for form changes",,,"Lexia Learning","Lexia Learning Retainer"
2019-12-10,"Christian Gonzalez",0.5,"Footer link issue fix",,,"Lexia Learning","Lexia Learning Retainer"
2019-12-09,"Christian Gonzalez",1.0,"Setting up OneTrust in demo subdomain",,,"Lexia Learning","Lexia Learning Retainer"
2019-12-06,"Christian Gonzalez",2.0,"Troubleshoot form issue with new changes",,,"Lexia Learning","Lexia Learning Retainer"
2019-12-06,"Christian Gonzalez",2.0,"Change privacy message according to form type and selected Country",,,"Lexia Learning","Lexia Learning Retainer"
2019-12-05,"Christian Gonzalez",1.5,"Forms update",,,"Lexia Learning","Lexia Learning Retainer"
2019-11-15,"Christian Gonzalez",0.5,"Deploy GTag fix",,,"Lexia Learning","Lexia Learning Retainer"
2019-11-15,"Christian Gonzalez",1.5,"Refactor and fix in Gtag code",,,"Lexia Learning","Lexia Learning Retainer"
2019-11-12,"Christian Gonzalez",0.5,"Deploy redirects fixes",,,"Lexia Learning","Lexia Learning Retainer"
2019-11-12,"Christian Gonzalez",1.5,"Fix redirects",,,"Lexia Learning","Lexia Learning Retainer"
2019-11-08,"Christian Gonzalez",0.5,"Test for new cookies after GTag deployment",,,"Lexia Learning","Lexia Learning Retainer"
2019-11-07,"Christian Gonzalez",0.5,"Deploy GTag code",,,"Lexia Learning","Lexia Learning Retainer"
2019-11-05,"Christian Gonzalez",3.0,"RFP - Research about Drupal 9 and how to migrate to it",,,"Lexia Learning","Lexia Learning Retainer"
2019-11-01,"Christian Gonzalez",1.5,"Test GTag code in dev and staging",,,"Lexia Learning","Lexia Learning Retainer"
2019-08-28,"Christian Gonzalez",4.0,"troubleshooting ajax and views issue",,,"Lexia Learning","Lexia Learning Retainer"
2019-08-27,"Christian Gonzalez",4.0,"researching and troubleshooting ajax and views issue",,,"Lexia Learning","Lexia Learning Retainer"
2019-08-26,"Christian Gonzalez",1.5,"troubleshooting ajax issue",,,"Lexia Learning","Lexia Learning Retainer"
2019-08-21,"Christian Gonzalez",0.75,"deploy updates to prod",,,"Lexia Learning","Lexia Learning Retainer"
2019-08-21,"Christian Gonzalez",1.5,"remove Learn More About Our Products section in staging and change styling and logos in footer",,,"Lexia Learning","Lexia Learning Retainer"
2019-08-16,"Christian Gonzalez",0.5,"Change logos",,,"Lexia Learning","Lexia Learning Retainer"
2019-08-13,"Christian Gonzalez",0.5,"Change solution logos",,,"Lexia Learning","Lexia Learning Retainer"
2019-08-08,"Christian Gonzalez",2.0,"Adjustments on styling and image changes for featured solutions",,,"Lexia Learning","Lexia Learning Retainer"
2019-08-06,"Christian Gonzalez",3.5,"Theming changes for featured solutions",,,"Lexia Learning","Lexia Learning Retainer"
2019-07-25,"Christian Gonzalez",0.5,"New code fix for disappearing blocks",,,"Lexia Learning","Lexia Learning Retainer"
2019-07-25,"Christian Gonzalez",1.5,"Troubleshooting disappearing blocks in homepage",,,"Lexia Learning","Lexia Learning Retainer"
2019-07-25,"Christian Gonzalez",1.5,"extra homepage blocks changes",,,"Lexia Learning","Lexia Learning Retainer"
2019-07-24,"Christian Gonzalez",3.5,"Homepage blocks changes",,,"Lexia Learning","Lexia Learning Retainer"
2019-07-24,"Christian Gonzalez",2.5,"new speed tests with video changes",,,"Lexia Learning","Lexia Learning Retainer"
2019-07-15,"Christian Gonzalez",1.0,"Site speed optimization Deployment",,,"Lexia Learning","Lexia Learning Retainer"
2019-07-12,"Christian Gonzalez",1.5,"Test Blazy module to replace the Lazy module",,,"Lexia Learning","Lexia Learning Retainer"
2019-07-11,"Christian Gonzalez",3.0,"Troubleshooting WYSIWYG issue",,,"Lexia Learning","Lexia Learning Retainer"
2019-07-10,"Christian Gonzalez",4.0,"Troubleshooting data import issue",,,"Lexia Learning","Lexia Learning Retainer"
2019-07-08,"Christian Gonzalez",5.0,"Images tests (next gen, different encoding and lower file size), extra tweaks and more speed tests in staging",,,"Lexia Learning","Lexia Learning Retainer"
2019-07-03,"Christian Gonzalez",5.0,"Responsive image tests, speed tests with all the changes",,,"Lexia Learning","Lexia Learning Retainer"
2019-07-02,"Christian Gonzalez",4.0,"Test initial Lazy loading and image optimization on staging",,,"Lexia Learning","Lexia Learning Retainer"
2019-04-23,"Christian Gonzalez",1.5,"Fix email signup submit so it doesn't reload the page",,,"Lexia Learning","Lexia Learning Retainer"
2019-04-10,"Christian Gonzalez",0.5,"restore dev database",,,"Lexia Learning","Lexia Learning Retainer"
2019-04-09,"Christian Gonzalez",3.0,"Fix email-signup's confirmation page",,,"Lexia Learning","Lexia Learning Retainer"
2019-04-02,"Christian Gonzalez",4.0,"styling fixes in the email-signup terms and conditions",,,"Lexia Learning","Lexia Learning Retainer"
2019-04-01,"Christian Gonzalez",3.0,"changes in email-signup form",,,"Lexia Learning","Lexia Learning Retainer"
2019-03-29,"Christian Gonzalez",3.5,"Short webform styling issue",,,"Lexia Learning","Lexia Learning Retainer"
2019-03-28,"Christian Gonzalez",3.5,"Getting the field to be required when it's being shown, testing and pushing to staging","Forms: schools/ not listed error","March 2019","Lexia Learning","Lexia Learning Retainer"
2019-03-26,"Christian Gonzalez",4.0,"Styling and trying to make the extra field required if it's being shown","Forms: schools/ not listed error","March 2019","Lexia Learning","Lexia Learning Retainer"
2019-03-26,"Christian Gonzalez",1.5,"Create feature and push in staging to test","Forms: change way opt-in works for international submitters","March 2019","Lexia Learning","Lexia Learning Retainer"
2019-03-22,"Christian Gonzalez",5.0,"Create, implement and test GDPR form content type","Forms: change way opt-in works for international submitters","March 2019","Lexia Learning","Lexia Learning Retainer"
2019-03-21,"Christian Gonzalez",5.0,"Test aditional field to achieve the GDPR behavior and testing extra content GDPR form content type","Forms: change way opt-in works for international submitters","March 2019","Lexia Learning","Lexia Learning Retainer"
2019-03-20,"Christian Gonzalez",1.0,"Styling fixes","Forms: change way opt-in works for international submitters","March 2019","Lexia Learning","Lexia Learning Retainer"
2019-03-20,"Christian Gonzalez",4.0,"Show extra field when ""-School not listed-"" is selected","Forms: schools/ not listed error","March 2019","Lexia Learning","Lexia Learning Retainer"
2019-03-19,"Christian Gonzalez",0.25,"Troubleshooting staging deployment issue",,,"Lexia Learning","Lexia Learning Retainer"
2019-03-18,"Christian Gonzalez",3.0,"Testing and fix issues","Forms: change way opt-in works for international submitters","March 2019","Lexia Learning","Lexia Learning Retainer"
2019-03-15,"Christian Gonzalez",4.0,"Finished adjusting the behavior of the opt-in","Forms: change way opt-in works for international submitters","March 2019","Lexia Learning","Lexia Learning Retainer"
2019-03-14,"Christian Gonzalez",1.0,"Contact form validation Issue",,,"Lexia Learning","Lexia Learning Retainer"
2019-03-13,"Christian Gonzalez",3.0,"changed opt-in behavior for international submitters in all contact forms","Forms: change way opt-in works for international submitters","March 2019","Lexia Learning","Lexia Learning Retainer"
2019-03-11,"Christian Gonzalez",0.5,"Changed footer link","Footer link: Contact lexia Sales","March 2019","Lexia Learning","Lexia Learning Retainer"
2019-02-27,"Christian Gonzalez",1.0,"Android selects fix deployment",,,"Lexia Learning","Lexia Learning Retainer"
2019-02-27,"Christian Gonzalez",2.0,"troubleshoot missing wysiwyg on stage",,,"Lexia Learning","Lexia Learning Retainer"
2019-02-18,"Christian Gonzalez",3.5,"Testing different approaches to fix the GA issues",,,"Lexia Learning","Lexia Learning Retainer"
2019-02-15,"Christian Gonzalez",2.5,"Testing different approaches to fix the GA issues",,,"Lexia Learning","Lexia Learning Retainer"
2019-02-15,"Christian Gonzalez",4.0,"Fix and test issue with Android selects",,,"Lexia Learning","Lexia Learning Retainer"
2019-02-14,"Christian Gonzalez",5.0,"Testing different approaches to fix the GA issues",,,"Lexia Learning","Lexia Learning Retainer"
2019-02-13,"Christian Gonzalez",3.0,"Troubleshooting GA issues for USA users",,,"Lexia Learning","Lexia Learning Retainer"
2020-12-23,"Christian Gonzalez",1.5,"Publish some of the changes to prod page and keep the others as draft",,,"Lexia Learning","RSE Migration"
2020-12-22,"Christian Gonzalez",3.5,"Feedback changes","RSE Product Page","RSE Migration to LL.com","Lexia Learning","RSE Migration"
2020-12-18,"Christian Gonzalez",2.5,"Final changes to landing page","RSE Product Page","RSE Migration to LL.com","Lexia Learning","RSE Migration"
2020-12-17,"Christian Gonzalez",2.0,"Margins and font sizes adjustments","RSE Product Page","RSE Migration to LL.com","Lexia Learning","RSE Migration"
2020-12-15,"Christian Gonzalez",2.0,"Changes on hero and links","RSE Product Page","RSE Migration to LL.com","Lexia Learning","RSE Migration"
2020-12-14,"Christian Gonzalez",4.0,"","RSE Product Page","RSE Migration to LL.com","Lexia Learning","RSE Migration"
2020-12-14,"Christian Gonzalez",1.5,"","Priority: Backend Category set up: blog & resources","RSE Migration to LL.com","Lexia Learning","RSE Migration"
2020-12-11,"Christian Gonzalez",3.0,"remove unused CSS","RSE Product Page","RSE Migration to LL.com","Lexia Learning","RSE Migration"
2020-12-11,"Christian Gonzalez",2.0,"Set up categories and test","Priority: Backend Category set up: blog & resources","RSE Migration to LL.com","Lexia Learning","RSE Migration"
2020-12-10,"Christian Gonzalez",4.5,"Create product page on stage. Make sure it isn't loading extra stylesheets and code is correct","RSE Product Page","RSE Migration to LL.com","Lexia Learning","RSE Migration"
2021-09-15,"Christian Gonzalez",3.5,"","VSL Footer update","Misc store updates","Lexia Learning","VSL"
2021-09-14,"Christian Gonzalez",2.5,"","VSL Footer update","Misc store updates","Lexia Learning","VSL"
2021-09-13,"Christian Gonzalez",1.5,"","VSL new page - Passport Mississippi","Misc store updates","Lexia Learning","VSL"
2021-09-07,"Christian Gonzalez",2.5,"","Core5 PDF Update","LEXIA LEARNING VPN updates","Lexia Learning","VSL"
2021-09-07,"Christian Gonzalez",1.0,"","PowerUp pdf update","LEXIA LEARNING VPN updates","Lexia Learning","VSL"
2021-09-07,"Christian Gonzalez",1.5,"","PowerUp CTA PDF update","LEXIA LEARNING VPN updates","Lexia Learning","VSL"
2021-09-06,"Christian Gonzalez",1.5,"","PowerUp pdf update","LEXIA LEARNING VPN updates","Lexia Learning","VSL"
2021-09-03,"Christian Gonzalez",1.5,"","VSL new page - Passport Mississippi","Misc store updates","Lexia Learning","VSL"
2021-09-03,"Christian Gonzalez",1.5,"","VSL footer update","Misc store updates","Lexia Learning","VSL"
2021-09-03,"Christian Gonzalez",1.0,"","VSL ALO logo update","Misc store updates","Lexia Learning","VSL"
2021-09-02,"Christian Gonzalez",0.75,"","VSL new page - Passport Mississippi","Misc store updates","Lexia Learning","VSL"
2021-09-02,"Christian Gonzalez",1.5,"","VSL footer update","Misc store updates","Lexia Learning","VSL"
2021-09-02,"Christian Gonzalez",0.5,"","VSL ALO logo update","Misc store updates","Lexia Learning","VSL"
2021-09-01,"Christian Gonzalez",0.5,"","!! Calendar Updates","Misc store updates","Lexia Learning","VSL"
2021-09-01,"Christian Gonzalez",0.5,"","!! Rewards Update","Misc store updates","Lexia Learning","VSL"
2021-09-01,"Christian Gonzalez",1.0,"","!! Literacy Intervention Toolkit","Misc store updates","Lexia Learning","VSL"
2021-08-17,"Christian Gonzalez",2.0,"","VSL Table for ESSR","Misc store updates","Lexia Learning","VSL"
2021-08-12,"Christian Gonzalez",1.5,"","Remove/hide Voyager Adventure Series from store","Misc store updates","Lexia Learning","VSL"
2021-08-11,"Christian Gonzalez",1.5,"","Remove LETRS Consulting Services","Misc store updates","Lexia Learning","VSL"
2021-08-11,"Christian Gonzalez",3.0,"","Account Management / Meetings","General","Lexia Learning","VSL"
2021-08-10,"Christian Gonzalez",4.5,"","VSL Table for ESSR","Misc store updates","Lexia Learning","VSL"
2021-08-09,"Christian Gonzalez",1.0,"","Link updates / Button changes","Misc store updates","Lexia Learning","VSL"
2021-08-09,"Christian Gonzalez",3.0,"","VSL Table for ESSR","Misc store updates","Lexia Learning","VSL"
2021-08-06,"Christian Gonzalez",1.5,"","Link updates / Button changes","Misc store updates","Lexia Learning","VSL"
2021-08-06,"Christian Gonzalez",3.0,"","Navigation Changes","Misc store updates","Lexia Learning","VSL"
2021-08-05,"Christian Gonzalez",4.0,"","! Webstore Update: Acadience Reading K-6 Renewal Packages -New BOMs","General","Lexia Learning","VSL"
2021-08-04,"Christian Gonzalez",1.5,"","! Webstore Update: Acadience Reading K-6 Renewal Packages -New BOMs","General","Lexia Learning","VSL"
2021-08-03,"Christian Gonzalez",3.0,"","! Webstore Update: Acadience Reading K-6 Renewal Packages -New BOMs","General","Lexia Learning","VSL"
2021-08-02,"Christian Gonzalez",0.5,"","Link updates / Button changes","Misc store updates","Lexia Learning","VSL"
2021-08-02,"Christian Gonzalez",1.0,"","Link updates / Button changes","Misc store updates","Lexia Learning","VSL"
2021-07-29,"Christian Gonzalez",0.5,"","VSL webinar series link update","June/ July 2021","Lexia Learning","VSL"
2021-07-26,"Christian Gonzalez",1.0,"","! Add vsl Herman Method Virtual Training","June/ July 2021","Lexia Learning","VSL"
2021-07-23,"Christian Gonzalez",1.0,"","!VSL New Mexico LETRS Page Update","June/ July 2021","Lexia Learning","VSL"
2021-07-22,"Christian Gonzalez",2.0,"","! ESSER Page Updates/Formatting","June/ July 2021","Lexia Learning","VSL"
2021-07-21,"Christian Gonzalez",2.5,"","! ESSER Page Updates/Formatting","June/ July 2021","Lexia Learning","VSL"
2021-07-21,"Christian Gonzalez",2.75,"","! VSL Site update- Restriction by country","June/ July 2021","Lexia Learning","VSL"
2021-07-19,"Christian Gonzalez",1.5,"","!! VSL Webstore Edits","June/ July 2021","Lexia Learning","VSL"
2021-07-19,"Christian Gonzalez",1.0,"","! VSL Site update- Restriction by country","June/ July 2021","Lexia Learning","VSL"
2021-07-16,"Christian Gonzalez",1.5,"","! VSL Site update- Restriction by country","June/ July 2021","Lexia Learning","VSL"
2021-07-15,"Christian Gonzalez",0.5,"Recover page from BigCommerce",,,"Lexia Learning","VSL"
2021-07-14,"Christian Gonzalez",1.0,"Disable page from BigCommerce",,,"Lexia Learning","VSL"
2021-07-13,"Christian Gonzalez",1.0,"","Removing LanguageLive! from the e-commerce store entirely on July 10 *more info coming","General","Lexia Learning","VSL"
2021-07-12,"Christian Gonzalez",1.5,"","Removing LanguageLive! from the e-commerce store entirely on July 10 *more info coming","General","Lexia Learning","VSL"
2021-07-08,"Christian Gonzalez",3.0,"","! Webstore Update: Acadience Reading K-6 Renewal Packages -New BOMs","General","Lexia Learning","VSL"
2021-07-07,"Christian Gonzalez",2.5,"","! Webstore Update: Acadience Reading K-6 Renewal Packages -New BOMs","General","Lexia Learning","VSL"
2021-06-24,"Christian Gonzalez",0.25,"Publish drafts","VSL: Acadience updates","June/ July 2021","Lexia Learning","VSL"
2021-06-23,"Christian Gonzalez",0.5,"","VSL: Acadience updates","June/ July 2021","Lexia Learning","VSL"
2021-06-22,"Christian Gonzalez",1.0,"Transfer knowledge","Account Management / Meetings","General","Lexia Learning","VSL"
2021-06-22,"Christian Gonzalez",1.5,"","VSL: Acadience updates","June/ July 2021","Lexia Learning","VSL"
2021-06-17,"Christian Gonzalez",2.5,"","VSL Site Update: Multi-page update","June/ July 2021","Lexia Learning","VSL"
2021-06-16,"Christian Gonzalez",1.5,"","VSL Site Update: Multi-page update","June/ July 2021","Lexia Learning","VSL"
2021-06-16,"Christian Gonzalez",3.25,"","! VSL Site update- Restriction by country","June/ July 2021","Lexia Learning","VSL"
2021-06-15,"Christian Gonzalez",3.5,"Researching and getting familiar w big commerce","! VSL Site update- Restriction by country","June/ July 2021","Lexia Learning","VSL"
2020-02-03,"Christian Gonzalez",1.5,"redirect admin to login","Research token-login or other method of non-login authentication","Misc.","Linkwell Health","Miscellaneous"
2020-01-30,"Christian Gonzalez",1.5,"Fix issue of the longer redirect routes","Research token-login or other method of non-login authentication","Misc.","Linkwell Health","Miscellaneous"
2020-01-30,"Christian Gonzalez",2.0,"Research module controller issue","Research token-login or other method of non-login authentication","Misc.","Linkwell Health","Miscellaneous"
2020-01-28,"Christian Gonzalez",3.0,"Research/debug long route issue","Research token-login or other method of non-login authentication","Misc.","Linkwell Health","Miscellaneous"
2020-01-14,"Christian Gonzalez",4.5,"Testing other modules and comparing the results","Research token-login or other method of non-login authentication","Misc.","Linkwell Health","Miscellaneous"
2020-01-13,"Christian Gonzalez",4.0,"Test auto_login_url, auto_login_url_tokens and passwordless","Research token-login or other method of non-login authentication","Misc.","Linkwell Health","Miscellaneous"
2020-01-10,"Christian Gonzalez",2.0,"Reserach","Research token-login or other method of non-login authentication","Misc.","Linkwell Health","Miscellaneous"
2020-07-08,"Christian Gonzalez",1.0,"","Pager","Development","Linkwell Health","UHC"
2020-07-08,"Christian Gonzalez",0.5,"","Drop Button","Development","Linkwell Health","UHC"
2020-07-07,"Christian Gonzalez",1.5,"","Drop Button","Development","Linkwell Health","UHC"
2020-07-06,"Christian Gonzalez",2.0,"","Pager","Development","Linkwell Health","UHC"
2020-07-06,"Christian Gonzalez",2.0,"","Drop Button","Development","Linkwell Health","UHC"
2020-07-03,"Christian Gonzalez",1.0,"","Pager","Development","Linkwell Health","UHC"
2020-07-03,"Christian Gonzalez",1.0,"","Drop Button","Development","Linkwell Health","UHC"
2020-07-02,"Christian Gonzalez",3.0,"","Code for Top Articles","Development","Linkwell Health","UHC"
2021-12-22,"Christian Gonzalez",3.0,"","Change image area to plain image (remove overlay and zoom)","Wordpress Site","Non Profit Quarterly","Monthly Retainer"
2021-12-20,"Christian Gonzalez",0.5,"","Convert three tags into categories (lets discuss first though)","Wordpress Site","Non Profit Quarterly","Monthly Retainer"
2021-12-17,"Christian Gonzalez",1.5,"Fix title issue","Convert three tags into categories (lets discuss first though)","Wordpress Site","Non Profit Quarterly","Monthly Retainer"
2021-12-16,"Christian Gonzalez",0.5,"","Webinar Watch Now button","Wordpress Site","Non Profit Quarterly","Monthly Retainer"
2021-12-15,"Christian Gonzalez",4.0,"First run in multidev - troubleshoot title issue","Convert three tags into categories (lets discuss first though)","Wordpress Site","Non Profit Quarterly","Monthly Retainer"
2021-12-14,"Christian Gonzalez",0.5,"","Updates from Pantheon","Wordpress Site","Non Profit Quarterly","Monthly Retainer"
2021-12-14,"Christian Gonzalez",1.0,"","Featured Content Block on End of year Tag page","Wordpress Site","Non Profit Quarterly","Monthly Retainer"
2021-12-13,"Christian Gonzalez",1.5,"","Convert three tags into categories (lets discuss first though)","Wordpress Site","Non Profit Quarterly","Monthly Retainer"
2021-12-13,"Christian Gonzalez",1.0,"","Featured Content Block on End of year Tag page","Wordpress Site","Non Profit Quarterly","Monthly Retainer"
2021-12-10,"Christian Gonzalez",2.0,"","Convert three tags into categories (lets discuss first though)","Wordpress Site","Non Profit Quarterly","Monthly Retainer"
2021-12-09,"Christian Gonzalez",2.0,"","Convert three tags into categories (lets discuss first though)","Wordpress Site","Non Profit Quarterly","Monthly Retainer"
2021-12-09,"Christian Gonzalez",1.5,"","! Modify TAG page template for descriptive copy","Wordpress Site","Non Profit Quarterly","Monthly Retainer"
2021-12-08,"Christian Gonzalez",1.5,"","Convert three tags into categories (lets discuss first though)","Wordpress Site","Non Profit Quarterly","Monthly Retainer"
2021-12-07,"Christian Gonzalez",2.5,"","! Author Q/ 2021 Published","Misc.","Non Profit Quarterly","Monthly Retainer"
2021-12-06,"Christian Gonzalez",1.0,"","! Author Q/ 2021 Published","Misc.","Non Profit Quarterly","Monthly Retainer"
2021-12-06,"Christian Gonzalez",1.5,"","Updates from Pantheon","Wordpress Site","Non Profit Quarterly","Monthly Retainer"
2021-10-04,"Christian Gonzalez",0.5,"","Review Topic name changes from Aine","Misc.","Non Profit Quarterly","Monthly Retainer"
2021-10-04,"Christian Gonzalez",0.5,"","! Print button","Misc.","Non Profit Quarterly","Monthly Retainer"
2021-09-30,"Christian Gonzalez",2.5,"","Create /WOCIP podcast landing page","Misc.","Non Profit Quarterly","Monthly Retainer"
2021-09-29,"Christian Gonzalez",2.75,"","Create Generic Podcast page","Misc.","Non Profit Quarterly","Monthly Retainer"
2021-09-28,"Christian Gonzalez",1.5,"","Create Generic Podcast page","Misc.","Non Profit Quarterly","Monthly Retainer"
2021-09-27,"Christian Gonzalez",1.25,"","Create Generic Podcast page","Misc.","Non Profit Quarterly","Monthly Retainer"
2021-09-24,"Christian Gonzalez",0.25,"","Create /WOCIP podcast landing page","Misc.","Non Profit Quarterly","Monthly Retainer"
2021-09-24,"Christian Gonzalez",0.75,"Audible logo","Create /WOCIP podcast landing page","Misc.","Non Profit Quarterly","Monthly Retainer"
2021-09-23,"Christian Gonzalez",0.25,"","Create /WOCIP podcast landing page","Misc.","Non Profit Quarterly","Monthly Retainer"
2021-09-22,"Christian Gonzalez",2.5,"","Create /WOCIP podcast landing page","Misc.","Non Profit Quarterly","Monthly Retainer"
2021-09-22,"Christian Gonzalez",3.0,"","Create /WOCIP podcast landing page","Misc.","Non Profit Quarterly","Monthly Retainer"
2021-09-21,"Christian Gonzalez",1.5,"","Create /WOCIP podcast landing page","Misc.","Non Profit Quarterly","Monthly Retainer"
2021-09-16,"Christian Gonzalez",0.75,"","Increase homepage slider from 4 to 5 panels","Wordpress Site","Non Profit Quarterly","Monthly Retainer"
2021-09-01,"Christian Gonzalez",0.25,"","Update homepage center column ad to reduce blue margin (see comment for details)","Wordpress Site","Non Profit Quarterly","Monthly Retainer"
2021-08-24,"Christian Gonzalez",0.5,"","Update homepage center column ad to reduce blue margin (see comment for details)","Wordpress Site","Non Profit Quarterly","Monthly Retainer"
2021-08-23,"Christian Gonzalez",0.5,"","Increase homepage slider from 4 to 5 panels","Wordpress Site","Non Profit Quarterly","Monthly Retainer"
2021-08-02,"Christian Gonzalez",0.5,"","Remove the Pop-up banner from bottom of pages","Wordpress Site","Non Profit Quarterly","Monthly Retainer"
2021-07-14,"Christian Gonzalez",0.5,"","! Add hubspot tracking code to site","Wordpress Site","Non Profit Quarterly","Monthly Retainer"
2021-07-14,"Christian Gonzalez",1.5,"Wordpress Core and Plugin updates","Updates from Pantheon","Wordpress Site","Non Profit Quarterly","Monthly Retainer"
2021-06-28,"Christian Gonzalez",0.5,"","!Add a semi-transparent overlay behind the text and over the image on the slider","Wordpress Site","Non Profit Quarterly","Monthly Retainer"
2021-06-10,"Christian Gonzalez",4.0,"","! Category page edits","Wordpress Site","Non Profit Quarterly","Monthly Retainer"
2021-06-09,"Christian Gonzalez",1.5,"","! Category page edits","Wordpress Site","Non Profit Quarterly","Monthly Retainer"
2021-06-08,"Christian Gonzalez",1.0,"","! Sidebar Ad Subscription Promo v2","Wordpress Site","Non Profit Quarterly","Monthly Retainer"
2021-06-03,"Christian Gonzalez",2.25,"Troubleshoot popular post widget","Misc. Support","Misc.","Non Profit Quarterly","Monthly Retainer"
2021-06-03,"Christian Gonzalez",0.5,"Banner mobile adjustments","! Add promo bar for annual subscription to bottom of site pages","Wordpress Site","Non Profit Quarterly","Monthly Retainer"
2021-06-02,"Christian Gonzalez",3.0,"Troubleshoot popular post widget","Misc. Support","Misc.","Non Profit Quarterly","Monthly Retainer"
2021-06-01,"Christian Gonzalez",4.0,"Promo banner development","! Add promo bar for annual subscription to bottom of site pages","Wordpress Site","Non Profit Quarterly","Monthly Retainer"
2021-05-25,"Christian Gonzalez",1.5,"","Add Issue Promo Ad to site sidebars","Wordpress Site","Non Profit Quarterly","Monthly Retainer"
2021-05-14,"Christian Gonzalez",0.5,"Backup stage and sync stage with prod","Misc. Support","Misc.","Non Profit Quarterly","Monthly Retainer"
2021-03-02,"Christian Gonzalez",0.5,"","Edits to the ""About the Authors"" section from the top of the Writers page","Wordpress Site","Non Profit Quarterly","Monthly Retainer"
2021-02-09,"Christian Gonzalez",1.5,"","Update Contact Us page (remove ""Write for NPQ"" and featured image placeholder","Wordpress Site","Non Profit Quarterly","Monthly Retainer"
2021-02-09,"Christian Gonzalez",0.25,"","Update Contact Us page (remove ""Write for NPQ"" and featured image placeholder","Wordpress Site","Non Profit Quarterly","Monthly Retainer"
2021-02-04,"Christian Gonzalez",1.0,"","Test and deploy WP core update (to 6)","Wordpress Site","Non Profit Quarterly","Monthly Retainer"
2021-02-01,"Christian Gonzalez",2.0,"","Test and deploy WP core update (to 6)","Wordpress Site","Non Profit Quarterly","Monthly Retainer"
2021-01-29,"Christian Gonzalez",0.5,"","troublehsoot webinar button appearing on feature article page","Nov & Dec To-dos","Non Profit Quarterly","Monthly Retainer"
2021-01-22,"Christian Gonzalez",2.0,"Fix coauthors in popularpost widget","URGENT: Popular posts not showing Guest authors in By line","Nov & Dec To-dos","Non Profit Quarterly","Monthly Retainer"
2021-01-22,"Christian Gonzalez",1.5,"Fix duplicate authors in author list","Solr Search implementation","Nov & Dec To-dos","Non Profit Quarterly","Monthly Retainer"
2021-01-20,"Christian Gonzalez",2.0,"Change query for more accurate results","Solr Search implementation","Nov & Dec To-dos","Non Profit Quarterly","Monthly Retainer"
2021-01-19,"Christian Gonzalez",1.5,"","URGENT: investigate the search on prod, showing all for results","Nov & Dec To-dos","Non Profit Quarterly","Monthly Retainer"
2021-01-11,"Christian Gonzalez",0.5,"Add rule between posts for new widget","URGENT: investigate the Popular posts","Nov & Dec To-dos","Non Profit Quarterly","Monthly Retainer"
2021-01-08,"Christian Gonzalez",2.5,"Troubleshoot, research and test","URGENT: investigate the Popular posts","Nov & Dec To-dos","Non Profit Quarterly","Monthly Retainer"
2021-01-07,"Christian Gonzalez",1.5,"initial troubleshoot and research","URGENT: investigate the Popular posts","Nov & Dec To-dos","Non Profit Quarterly","Monthly Retainer"
2021-01-05,"Christian Gonzalez",1.5,"Remove ""admin"" from author list","Solr Search implementation","Nov & Dec To-dos","Non Profit Quarterly","Monthly Retainer"
2021-01-04,"Christian Gonzalez",1.5,"Add coauthors to the author list","Solr Search implementation","Nov & Dec To-dos","Non Profit Quarterly","Monthly Retainer"
2020-12-28,"Christian Gonzalez",3.0,"","Solr Search implementation","Nov & Dec To-dos","Non Profit Quarterly","Monthly Retainer"
2020-12-23,"Christian Gonzalez",1.5,"","Solr Search implementation","Nov & Dec To-dos","Non Profit Quarterly","Monthly Retainer"
2020-12-16,"Christian Gonzalez",3.0,"","Solr Search implementation","Nov & Dec To-dos","Non Profit Quarterly","Monthly Retainer"
2020-12-15,"Christian Gonzalez",1.5,"","Solr Search implementation","Nov & Dec To-dos","Non Profit Quarterly","Monthly Retainer"
2020-12-03,"Christian Gonzalez",0.5,"Fix bug and deploy to prod","Add new Menu Item","Nov & Dec To-dos","Non Profit Quarterly","Monthly Retainer"
2020-12-02,"Christian Gonzalez",2.0,"","Solr Search implementation","Nov & Dec To-dos","Non Profit Quarterly","Monthly Retainer"
2020-12-02,"Christian Gonzalez",1.5,"","Add new Menu Item","Nov & Dec To-dos","Non Profit Quarterly","Monthly Retainer"
2020-12-01,"Christian Gonzalez",3.0,"","Solr Search implementation","Nov & Dec To-dos","Non Profit Quarterly","Monthly Retainer"
2020-11-27,"Christian Gonzalez",4.0,"Tests on multidev","Solr Search implementation","Nov & Dec To-dos","Non Profit Quarterly","Monthly Retainer"
2020-11-26,"Christian Gonzalez",4.0,"Debug search on both Solr and the default wordpress search","Solr Search implementation","Nov & Dec To-dos","Non Profit Quarterly","Monthly Retainer"
2020-11-25,"Christian Gonzalez",2.5,"Update stage database and set up multidev for search testing","Solr Search implementation","Nov & Dec To-dos","Non Profit Quarterly","Monthly Retainer"
2020-11-13,"Christian Gonzalez",3.0,"Troubleshoot issue with search results and search query in dev","Solr Search implementation","Nov & Dec To-dos","Non Profit Quarterly","Monthly Retainer"
2020-11-11,"Christian Gonzalez",1.0,"Fix bug and styling","Add nav item to Economic justice section","Nov & Dec To-dos","Non Profit Quarterly","Monthly Retainer"
2020-11-11,"Christian Gonzalez",2.5,"Create new template for the about section in categories","Add nav item to Economic justice section","Nov & Dec To-dos","Non Profit Quarterly","Monthly Retainer"
2020-11-10,"Christian Gonzalez",2.0,"Research and setup Solr in dev environment","Solr Search implementation","Nov & Dec To-dos","Non Profit Quarterly","Monthly Retainer"
2020-10-27,"Christian Gonzalez",1.5,"Fix ajax call that was breaking the pagination for some authors","Troubleshoot authors for new Grassroots Fundraising articles","Wordpress Site","Non Profit Quarterly","Monthly Retainer"
2020-10-26,"Christian Gonzalez",1.5,"Changes to the author post query and tests","Troubleshoot authors for new Grassroots Fundraising articles","Wordpress Site","Non Profit Quarterly","Monthly Retainer"
2020-10-23,"Christian Gonzalez",1.5,"Look at where the issue is within the author page template","Troubleshoot authors for new Grassroots Fundraising articles","Wordpress Site","Non Profit Quarterly","Monthly Retainer"
2020-10-22,"Christian Gonzalez",2.0,"Debug and troubleshoot article issue","Troubleshoot authors for new Grassroots Fundraising articles","Wordpress Site","Non Profit Quarterly","Monthly Retainer"
2020-10-22,"Christian Gonzalez",0.5,"","Add new 468x60 Google Ad to site","Wordpress Site","Non Profit Quarterly","Monthly Retainer"
2020-10-15,"Christian Gonzalez",1.0,"Deploy to prod and cache troubleshoot","Adjustments needed on Grassroots pages","Wordpress Site","Non Profit Quarterly","Monthly Retainer"
2020-10-14,"Christian Gonzalez",1.0,"Fix styling issues and add author to cards","Adjustments needed on Grassroots pages","Wordpress Site","Non Profit Quarterly","Monthly Retainer"
2020-10-01,"Christian Gonzalez",0.5,"","Troubleshoot: team block on new page","Wordpress Site","Non Profit Quarterly","Monthly Retainer"
2020-09-29,"Christian Gonzalez",1.5,"New template for GIFT about and requested changes","Edits to GIFT landing page","GIFT Migration","Non Profit Quarterly","Monthly Retainer"
2020-09-11,"Christian Gonzalez",0.5,"push plugins to dev",,,"Non Profit Quarterly","Monthly Retainer"
2020-09-10,"Christian Gonzalez",0.5,"push plugins in dev",,,"Non Profit Quarterly","Monthly Retainer"
2020-09-10,"Christian Gonzalez",1.5,"Change open external link in a new tab plugin",,,"Non Profit Quarterly","Monthly Retainer"
2020-09-02,"Christian Gonzalez",1.5,"push and test plugins in dev",,,"Non Profit Quarterly","Monthly Retainer"
2020-09-01,"Christian Gonzalez",2.0,"push and test plugins in dev",,,"Non Profit Quarterly","Monthly Retainer"
2020-08-31,"Christian Gonzalez",2.5,"","Design and implement custom header for Grassroots Fundraising","Wordpress Site","Non Profit Quarterly","Monthly Retainer"
2019-04-16,"Christian Gonzalez",1.5,"test redirect updates on staging",,,"Non Profit Quarterly","Monthly Retainer"
2019-04-10,"Christian Gonzalez",3.0,"troubleshoot redirect update and staging warnings",,,"Non Profit Quarterly","Monthly Retainer"
2019-04-11,"Christian Gonzalez",2.0,"intial test updating redirect database after fixing some of the warnings",,,"Non Profit Quarterly","Monthly Retainer"
2019-04-11,"Christian Gonzalez",2.5,"Initial refactor to fix remaining warnings that made the update fail",,,"Non Profit Quarterly","Monthly Retainer"
2019-04-12,"Christian Gonzalez",3.0,"Finish the temporal warning fixes and updated the redirect database",,,"Non Profit Quarterly","Monthly Retainer"
2020-08-27,"Christian Gonzalez",1.5,"","Review and update og:type meta property","Wordpress Site","Non Profit Quarterly","Monthly Retainer"
2020-08-27,"Christian Gonzalez",1.0,"","Add og:image meta property for improved control over social sharing","Wordpress Site","Non Profit Quarterly","Monthly Retainer"
2020-08-26,"Christian Gonzalez",1.5,"","Make all image thumbnails clickable","Wordpress Site","Non Profit Quarterly","Monthly Retainer"
2020-08-03,"Christian Gonzalez",1.0,"External links issue",,,"Non Profit Quarterly","Monthly Retainer"
2020-07-22,"Christian Gonzalez",3.0,"Profile picture issue troubleshoot",,,"Non Profit Quarterly","Monthly Retainer"
2020-07-09,"Christian Gonzalez",1.5,"Sidebar issues troubleshooting",,,"Non Profit Quarterly","Monthly Retainer"
2020-06-10,"Christian Gonzalez",0.5,"Open external links in a new tab automatically",,,"Non Profit Quarterly","Monthly Retainer"
2020-06-08,"Christian Gonzalez",2.0,"Local test of security plugin",,,"Non Profit Quarterly","Monthly Retainer"
2020-06-01,"Christian Gonzalez",1.5,"Test links in a new tab by default",,,"Non Profit Quarterly","Monthly Retainer"
2020-05-29,"Christian Gonzalez",1.5,"research about links in a new tab by default",,,"Non Profit Quarterly","Monthly Retainer"
2020-05-06,"Christian Gonzalez",2.0,"Backend configuration changes",,,"Non Profit Quarterly","Monthly Retainer"
2020-05-06,"Christian Gonzalez",0.5,"Fix cookie settings button after php version update",,,"Non Profit Quarterly","Monthly Retainer"
2020-05-04,"Christian Gonzalez",3.0,"Backend configuration changes",,,"Non Profit Quarterly","Monthly Retainer"
2020-05-04,"Christian Gonzalez",2.0,"plugin updates",,,"Non Profit Quarterly","Monthly Retainer"
2020-04-30,"Christian Gonzalez",2.0,"Site outage troubleshoot, configure security plugins",,,"Non Profit Quarterly","Monthly Retainer"
2020-03-27,"Christian Gonzalez",0.75,"Make plugin adjustments and deploy",,,"Non Profit Quarterly","Monthly Retainer"
2020-03-26,"Christian Gonzalez",0.5,"Deploy plugin updates",,,"Non Profit Quarterly","Monthly Retainer"
2020-03-25,"Christian Gonzalez",0.5,"Update plugins locally",,,"Non Profit Quarterly","Monthly Retainer"
2020-03-25,"Christian Gonzalez",1.5,"Review why site is down again and block bot IP",,,"Non Profit Quarterly","Monthly Retainer"
2020-03-24,"Christian Gonzalez",1.0,"review why site is down",,,"Non Profit Quarterly","Monthly Retainer"
2020-03-11,"Christian Gonzalez",2.5,"Add widget to articles and deploy",,,"Non Profit Quarterly","Monthly Retainer"
2020-02-24,"Christian Gonzalez",2.5,"Final changes to widget","Create Promo spot for Webinars (Homepage & other pages)","Wordpress Site","Non Profit Quarterly","Monthly Retainer"
2020-02-17,"Christian Gonzalez",1.5,"Styling","Create Promo spot for Webinars (Homepage & other pages)","Wordpress Site","Non Profit Quarterly","Monthly Retainer"
2020-02-17,"Christian Gonzalez",3.5,"Changes and corrections to old approach","Create Promo spot for Webinars (Homepage & other pages)","Wordpress Site","Non Profit Quarterly","Monthly Retainer"
2020-02-14,"Christian Gonzalez",2.0,"","Create Promo spot for Webinars (Homepage & other pages)","Wordpress Site","Non Profit Quarterly","Monthly Retainer"
2020-02-13,"Christian Gonzalez",1.5,"Fix issues with local instalation","Create Promo spot for Webinars (Homepage & other pages)","Wordpress Site","Non Profit Quarterly","Monthly Retainer"
2020-02-12,"Christian Gonzalez",2.0,"","Create Promo spot for Webinars (Homepage & other pages)","Wordpress Site","Non Profit Quarterly","Monthly Retainer"
2020-02-11,"Christian Gonzalez",2.0,"","Create Promo spot for Webinars (Homepage & other pages)","Wordpress Site","Non Profit Quarterly","Monthly Retainer"
2020-02-11,"Christian Gonzalez",3.5,"Local setup",,,"Non Profit Quarterly","Monthly Retainer"
2020-02-10,"Christian Gonzalez",3.5,"Local setup",,,"Non Profit Quarterly","Monthly Retainer"
2020-02-10,"Christian Gonzalez",2.0,"Troubleshoot/Research issues with table","Research Grid display Q","Wordpress Site","Non Profit Quarterly","Monthly Retainer"
2021-12-03,"Christian Gonzalez",2.5,"Pullquote changes and other small fixes","Development","Project Activties","Non Profit Quarterly","NPQ Site Design Update"
2021-12-02,"Christian Gonzalez",3.0,"Research alternatives for pullquotes","Development","Project Activties","Non Profit Quarterly","NPQ Site Design Update"
2021-12-02,"Christian Gonzalez",1.5,"Troubleshoot featured items in category pages","Development","Project Activties","Non Profit Quarterly","NPQ Site Design Update"
2021-11-30,"Christian Gonzalez",0.5,"Change favicon","Development","Project Activties","Non Profit Quarterly","NPQ Site Design Update"
2021-11-30,"Christian Gonzalez",2.25,"Fix issues with pullquotes and searchbar","Development","Project Activties","Non Profit Quarterly","NPQ Site Design Update"
2021-11-29,"Christian Gonzalez",1.5,"Deployment","Development","Project Activties","Non Profit Quarterly","NPQ Site Design Update"
2021-11-29,"Christian Gonzalez",4.0,"Sticky sidebar","Development","Project Activties","Non Profit Quarterly","NPQ Site Design Update"
2021-11-29,"Christian Gonzalez",3.0,"","Article styling updates","NPQ Brand Refresh","Non Profit Quarterly","NPQ Site Design Update"
2021-11-26,"Christian Gonzalez",1.5,"Fix and updates to main nav","Update navigation menu","NPQ Brand Refresh","Non Profit Quarterly","NPQ Site Design Update"
2021-11-18,"Christian Gonzalez",3.5,"Fixed sidebar test","Development","Project Activties","Non Profit Quarterly","NPQ Site Design Update"
2021-11-17,"Christian Gonzalez",3.0,"","Update navigation menu","NPQ Brand Refresh","Non Profit Quarterly","NPQ Site Design Update"
2021-11-17,"Christian Gonzalez",1.5,"","Development","Project Activties","Non Profit Quarterly","NPQ Site Design Update"
2021-11-17,"Christian Gonzalez",1.0,"","Update Become a Member section","NPQ Brand Refresh","Non Profit Quarterly","NPQ Site Design Update"
2021-11-16,"Christian Gonzalez",5.0,"Update DB, fixes throughout the page","Development","Project Activties","Non Profit Quarterly","NPQ Site Design Update"
2021-11-12,"Christian Gonzalez",1.5,"","Development","Project Activties","Non Profit Quarterly","NPQ Site Design Update"
2021-11-11,"Christian Gonzalez",2.0,"","Development","Project Activties","Non Profit Quarterly","NPQ Site Design Update"
2021-11-11,"Christian Gonzalez",4.0,"","In-article Newsletter sign-up box","NPQ Brand Refresh","Non Profit Quarterly","NPQ Site Design Update"
2021-11-10,"Christian Gonzalez",5.5,"Styling changes outside articles and newsletter forms","Development","Project Activties","Non Profit Quarterly","NPQ Site Design Update"
2021-11-09,"Christian Gonzalez",1.0,"","Update navigation menu","NPQ Brand Refresh","Non Profit Quarterly","NPQ Site Design Update"
2021-11-09,"Christian Gonzalez",1.5,"","Add subscribe CTA to pre-footer area (universal)","NPQ Brand Refresh","Non Profit Quarterly","NPQ Site Design Update"
2021-11-09,"Christian Gonzalez",0.5,"","Update Become a Member section","NPQ Brand Refresh","Non Profit Quarterly","NPQ Site Design Update"
2021-11-09,"Christian Gonzalez",1.5,"","In-article Newsletter sign-up box","NPQ Brand Refresh","Non Profit Quarterly","NPQ Site Design Update"
2021-11-08,"Christian Gonzalez",2.5,"","Article styling updates","NPQ Brand Refresh","Non Profit Quarterly","NPQ Site Design Update"
2021-11-05,"Christian Gonzalez",2.5,"","Article styling updates","NPQ Brand Refresh","Non Profit Quarterly","NPQ Site Design Update"
2021-11-05,"Christian Gonzalez",0.75,"Fix safari bug","Update navigation menu","NPQ Brand Refresh","Non Profit Quarterly","NPQ Site Design Update"
2021-11-05,"Christian Gonzalez",0.5,"","Update Disqus section","NPQ Brand Refresh","Non Profit Quarterly","NPQ Site Design Update"
2021-11-04,"Christian Gonzalez",1.0,"Fix safari bug","Update navigation menu","NPQ Brand Refresh","Non Profit Quarterly","NPQ Site Design Update"
2021-11-03,"Christian Gonzalez",0.5,"Fix disquss issue","Article styling updates","NPQ Brand Refresh","Non Profit Quarterly","NPQ Site Design Update"
2021-11-02,"Christian Gonzalez",1.5,"Disquss","Article styling updates","NPQ Brand Refresh","Non Profit Quarterly","NPQ Site Design Update"
2021-11-02,"Christian Gonzalez",1.5,"","Add second newsletter sign up to pre-footer area (universal)","NPQ Brand Refresh","Non Profit Quarterly","NPQ Site Design Update"
2021-10-29,"Christian Gonzalez",3.0,"","Add subscribe CTA to pre-footer area (universal)","NPQ Brand Refresh","Non Profit Quarterly","NPQ Site Design Update"
2021-10-29,"Christian Gonzalez",2.25,"","Update Disqus section","NPQ Brand Refresh","Non Profit Quarterly","NPQ Site Design Update"
2021-10-29,"Christian Gonzalez",0.5,"","In-article pull quote styling","NPQ Brand Refresh","Non Profit Quarterly","NPQ Site Design Update"
2021-10-29,"Christian Gonzalez",0.5,"","Add in-article advertisement","NPQ Brand Refresh","Non Profit Quarterly","NPQ Site Design Update"
2021-10-29,"Christian Gonzalez",0.25,"","Update social share buttons","NPQ Brand Refresh","Non Profit Quarterly","NPQ Site Design Update"
2021-10-28,"Christian Gonzalez",0.5,"","Footer: remove logo, donate & search","NPQ Brand Refresh","Non Profit Quarterly","NPQ Site Design Update"
2021-10-28,"Christian Gonzalez",0.25,"","Article styling updates","NPQ Brand Refresh","Non Profit Quarterly","NPQ Site Design Update"
2021-10-28,"Christian Gonzalez",1.5,"","In-article pull quote styling","NPQ Brand Refresh","Non Profit Quarterly","NPQ Site Design Update"
2021-10-28,"Christian Gonzalez",2.5,"","Update navigation menu","NPQ Brand Refresh","Non Profit Quarterly","NPQ Site Design Update"
2021-10-27,"Christian Gonzalez",6.0,"","Update navigation menu","NPQ Brand Refresh","Non Profit Quarterly","NPQ Site Design Update"
2021-10-26,"Christian Gonzalez",0.75,"","Update About the Author","NPQ Brand Refresh","Non Profit Quarterly","NPQ Site Design Update"
2021-10-26,"Christian Gonzalez",1.5,"","Article styling updates","NPQ Brand Refresh","Non Profit Quarterly","NPQ Site Design Update"
2021-10-25,"Christian Gonzalez",1.25,"","Article styling updates","NPQ Brand Refresh","Non Profit Quarterly","NPQ Site Design Update"
2021-10-25,"Christian Gonzalez",0.25,"","In-article pull quote styling","NPQ Brand Refresh","Non Profit Quarterly","NPQ Site Design Update"
2021-10-25,"Christian Gonzalez",0.75,"","Widget: change ""webinar"" to ""NPQ Live Events""","NPQ Brand Refresh","Non Profit Quarterly","NPQ Site Design Update"
2021-10-25,"Christian Gonzalez",2.5,"","Update navigation menu","NPQ Brand Refresh","Non Profit Quarterly","NPQ Site Design Update"
2021-10-22,"Christian Gonzalez",1.0,"","Update About the Author","NPQ Brand Refresh","Non Profit Quarterly","NPQ Site Design Update"
2021-10-22,"Christian Gonzalez",0.75,"","Update About the Author","NPQ Brand Refresh","Non Profit Quarterly","NPQ Site Design Update"
2021-10-22,"Christian Gonzalez",2.5,"","Article styling updates","NPQ Brand Refresh","Non Profit Quarterly","NPQ Site Design Update"
2021-10-22,"Christian Gonzalez",0.75,"","Widget: change ""webinar"" to ""NPQ Live Events""","NPQ Brand Refresh","Non Profit Quarterly","NPQ Site Design Update"
2021-10-22,"Christian Gonzalez",2.0,"","Update navigation menu","NPQ Brand Refresh","Non Profit Quarterly","NPQ Site Design Update"
2021-10-20,"Christian Gonzalez",0.5,"","Create Podcast promo block/widget similar to current podcast block (see design)","NPQ Brand Refresh","Non Profit Quarterly","NPQ Site Design Update"
2021-10-20,"Christian Gonzalez",1.5,"","Update About the Author","NPQ Brand Refresh","Non Profit Quarterly","NPQ Site Design Update"
2021-10-20,"Christian Gonzalez",3.5,"","Article styling updates","NPQ Brand Refresh","Non Profit Quarterly","NPQ Site Design Update"
2021-10-19,"Christian Gonzalez",0.75,"","Article styling updates","NPQ Brand Refresh","Non Profit Quarterly","NPQ Site Design Update"
2021-10-19,"Christian Gonzalez",1.25,"","Update navigation menu","NPQ Brand Refresh","Non Profit Quarterly","NPQ Site Design Update"
2021-10-15,"Christian Gonzalez",1.25,"","Add subscribe CTA to pre-footer area (universal)","NPQ Brand Refresh","Non Profit Quarterly","NPQ Site Design Update"
2021-10-15,"Christian Gonzalez",0.5,"","Add second newsletter sign up to pre-footer area (universal)","NPQ Brand Refresh","Non Profit Quarterly","NPQ Site Design Update"
2021-10-15,"Christian Gonzalez",0.75,"","Update Become a Member section","NPQ Brand Refresh","Non Profit Quarterly","NPQ Site Design Update"
2021-10-15,"Christian Gonzalez",1.5,"","Article styling updates","NPQ Brand Refresh","Non Profit Quarterly","NPQ Site Design Update"
2021-10-15,"Christian Gonzalez",0.25,"","Widget: change ""webinar"" to ""NPQ Live Events""","NPQ Brand Refresh","Non Profit Quarterly","NPQ Site Design Update"
2021-10-15,"Christian Gonzalez",0.25,"","Widget: change ""related"" to ""You may also like""","NPQ Brand Refresh","Non Profit Quarterly","NPQ Site Design Update"
2021-10-15,"Christian Gonzalez",0.5,"","Update navigation menu","NPQ Brand Refresh","Non Profit Quarterly","NPQ Site Design Update"
2021-10-12,"Christian Gonzalez",1.0,"","Article styling updates","NPQ Brand Refresh","Non Profit Quarterly","NPQ Site Design Update"
2021-10-12,"Christian Gonzalez",0.75,"","Update navigation menu","NPQ Brand Refresh","Non Profit Quarterly","NPQ Site Design Update"
2021-10-11,"Christian Gonzalez",1.0,"","Footer: remove logo, donate & search","NPQ Brand Refresh","Non Profit Quarterly","NPQ Site Design Update"
2021-10-11,"Christian Gonzalez",0.25,"","Update Disqus section","NPQ Brand Refresh","Non Profit Quarterly","NPQ Site Design Update"
2021-10-11,"Christian Gonzalez",2.5,"","Article styling updates","NPQ Brand Refresh","Non Profit Quarterly","NPQ Site Design Update"
2021-10-11,"Christian Gonzalez",3.0,"","Update navigation menu","NPQ Brand Refresh","Non Profit Quarterly","NPQ Site Design Update"
2021-10-08,"Christian Gonzalez",1.25,"","Article styling updates","NPQ Brand Refresh","Non Profit Quarterly","NPQ Site Design Update"
2021-10-08,"Christian Gonzalez",0.25,"","Update social share buttons","NPQ Brand Refresh","Non Profit Quarterly","NPQ Site Design Update"
2021-10-08,"Christian Gonzalez",0.25,"","remove grey background","NPQ Brand Refresh","Non Profit Quarterly","NPQ Site Design Update"
2021-10-08,"Christian Gonzalez",2.5,"","Update navigation menu","NPQ Brand Refresh","Non Profit Quarterly","NPQ Site Design Update"
2021-10-07,"Christian Gonzalez",3.5,"","Update navigation menu","NPQ Brand Refresh","Non Profit Quarterly","NPQ Site Design Update"
2021-10-06,"Christian Gonzalez",2.5,"","Update navigation menu","NPQ Brand Refresh","Non Profit Quarterly","NPQ Site Design Update"
2021-10-05,"Christian Gonzalez",1.25,"research","Add in-article advertisement","NPQ Brand Refresh","Non Profit Quarterly","NPQ Site Design Update"
2021-10-05,"Christian Gonzalez",0.5,"","Create full backup of PROD on DEV","NPQ Brand Refresh","Non Profit Quarterly","NPQ Site Design Update"
2020-01-31,"Christian Gonzalez",3.0,"Test WordPress updates",,,"Non Profit Quarterly","Wordpress Publishing Site"
2020-01-30,"Christian Gonzalez",2.5,"Update plugins and WordPress core",,,"Non Profit Quarterly","Wordpress Publishing Site"
2020-01-30,"Christian Gonzalez",1.0,"Listing plugin updates",,,"Non Profit Quarterly","Wordpress Publishing Site"
2021-12-17,"Christian Gonzalez",4.0,"Troubleshoot CSV issues","Misc","Discovery","Penn Stater","Penn Stater Website"
2021-12-14,"Christian Gonzalez",1.0,"Drupal updates","Misc","Discovery","Penn Stater","Penn Stater Website"
2021-11-17,"Christian Gonzalez",1.0,"training w jeff for CN & IM","Misc","Discovery","Penn Stater","Penn Stater Website"
2021-11-15,"Christian Gonzalez",1.5,"Troubleshooting and adding missing user","Misc","Discovery","Penn Stater","Penn Stater Website"
2021-11-02,"Christian Gonzalez",0.5,"Fix issue page","Nov/Dec 21 Issue","Content upload","Penn Stater","Penn Stater Website"
2021-11-01,"Christian Gonzalez",1.0,"Issue launch","Nov/Dec 21 Issue","Content upload","Penn Stater","Penn Stater Website"
2021-10-27,"Christian Gonzalez",0.75,"Collections card styling","Nov/Dec 21 Issue","Content upload","Penn Stater","Penn Stater Website"
2021-10-26,"Christian Gonzalez",2.75,"Collection view and test","Nov/Dec 21 Issue","Content upload","Penn Stater","Penn Stater Website"
2021-10-26,"Christian Gonzalez",1.75,"Class Notes and In Memoriam csv generation","Nov/Dec 21 Issue","Content upload","Penn Stater","Penn Stater Website"
2021-10-21,"Christian Gonzalez",0.75,"","Nov/Dec 21 Issue","Content upload","Penn Stater","Penn Stater Website"
2021-10-21,"Christian Gonzalez",2.25,"","Nov/Dec 21 Issue","Content upload","Penn Stater","Penn Stater Website"
2021-10-14,"Christian Gonzalez",0.5,"Spreadsheet notes","Nov/Dec 21 Issue","Content upload","Penn Stater","Penn Stater Website"
2021-10-13,"Christian Gonzalez",0.5,"Spreadsheet notes","Nov/Dec 21 Issue","Content upload","Penn Stater","Penn Stater Website"
2021-09-09,"Christian Gonzalez",2.0,"Fix issue on mobile stacked headline","Sept/October 21 Issue","Content upload","Penn Stater","Penn Stater Website"
2021-08-27,"Christian Gonzalez",1.5,"","Sept/October 21 Issue","Content upload","Penn Stater","Penn Stater Website"
2021-08-26,"Christian Gonzalez",3.0,"","Sept/October 21 Issue","Content upload","Penn Stater","Penn Stater Website"
2021-08-25,"Christian Gonzalez",1.5,"Create class notes and obits csv","Sept/October 21 Issue","Content upload","Penn Stater","Penn Stater Website"
2021-08-25,"Christian Gonzalez",3.0,"","Sept/October 21 Issue","Content upload","Penn Stater","Penn Stater Website"
2021-08-24,"Christian Gonzalez",3.0,"","Sept/October 21 Issue","Content upload","Penn Stater","Penn Stater Website"
2021-08-13,"Christian Gonzalez",1.0,"","Drupal Core update","Post Launch Clean Up","Penn Stater","Penn Stater Website"
2021-08-09,"Christian Gonzalez",1.5,"","Drupal Core update","Post Launch Clean Up","Penn Stater","Penn Stater Website"
2021-08-06,"Christian Gonzalez",0.5,"","Drupal Core update","Post Launch Clean Up","Penn Stater","Penn Stater Website"
2021-07-07,"Christian Gonzalez",0.5,"Fix related","New Issue Rollout","Post Launch Clean Up","Penn Stater","Penn Stater Website"
2021-07-06,"Christian Gonzalez",1.0,"","New Issue Rollout","Post Launch Clean Up","Penn Stater","Penn Stater Website"
2021-07-06,"Christian Gonzalez",1.5,"","Trending","Post Launch Clean Up","Penn Stater","Penn Stater Website"
2021-07-06,"Christian Gonzalez",2.5,"Class notes and In memoriam","New Issue Rollout","Post Launch Clean Up","Penn Stater","Penn Stater Website"
2021-07-02,"Christian Gonzalez",2.0,"","Setting new issue/ homepage content","Post Launch Clean Up","Penn Stater","Penn Stater Website"
2021-07-02,"Christian Gonzalez",1.5,"Penn modules and drupal updates","New Issue Rollout","Post Launch Clean Up","Penn Stater","Penn Stater Website"
2021-07-01,"Christian Gonzalez",1.5,"","Setting new issue/ homepage content","Post Launch Clean Up","Penn Stater","Penn Stater Website"
2021-07-01,"Christian Gonzalez",2.0,"","New Issue Rollout","Post Launch Clean Up","Penn Stater","Penn Stater Website"
2021-07-01,"Christian Gonzalez",0.5,"","Generic member login","Post Launch Clean Up","Penn Stater","Penn Stater Website"
2021-06-30,"Christian Gonzalez",2.0,"","Setting new issue/ homepage content","Post Launch Clean Up","Penn Stater","Penn Stater Website"
2021-06-28,"Christian Gonzalez",3.0,"","Setting new issue/ homepage content","Post Launch Clean Up","Penn Stater","Penn Stater Website"
2021-06-25,"Christian Gonzalez",4.0,"","Setting new issue/ homepage content","Post Launch Clean Up","Penn Stater","Penn Stater Website"
2021-06-22,"Christian Gonzalez",0.5,"","Setting new issue/ homepage content","Post Launch Clean Up","Penn Stater","Penn Stater Website"
2021-06-21,"Christian Gonzalez",1.25,"Fix member login typos","Account Management / PM","Discovery","Penn Stater","Penn Stater Website"
2021-06-18,"Christian Gonzalez",1.5,"Getting in memoriam and class notes ready to import","New Issue Rollout","Post Launch Clean Up","Penn Stater","Penn Stater Website"
2021-06-18,"Christian Gonzalez",2.5,"","Trending","Post Launch Clean Up","Penn Stater","Penn Stater Website"
2021-06-17,"Christian Gonzalez",0.5,"","Generic member login","Post Launch Clean Up","Penn Stater","Penn Stater Website"
2021-06-17,"Christian Gonzalez",0.5,"","Gif Q","Post Launch Clean Up","Penn Stater","Penn Stater Website"
2021-05-28,"Christian Gonzalez",5.0,"Testing and fixes on the automatic/manual member import","Membership Auth","Development","Penn Stater","Penn Stater Website"
2021-05-27,"Christian Gonzalez",3.0,"Create new page with a button to import members manually","Membership Auth","Development","Penn Stater","Penn Stater Website"
2021-05-26,"Christian Gonzalez",4.0,"Create custom drush command to import the member updates","Membership Auth","Development","Penn Stater","Penn Stater Website"
2021-05-25,"Christian Gonzalez",2.0,"Researching how to implement R-Sync and how to create custom drush commands","Research","Development","Penn Stater","Penn Stater Website"
2021-05-24,"Christian Gonzalez",4.0,"Research how to do member import automatically","Research","Development","Penn Stater","Penn Stater Website"
2021-05-19,"Christian Gonzalez",2.0,"Mobile adjustments and newsworthy changes","Theming","Development","Penn Stater","Penn Stater Website"
2021-05-14,"Christian Gonzalez",0.25,"change form settings","Dev Ops","Development","Penn Stater","Penn Stater Website"
2021-05-14,"Christian Gonzalez",1.5,"Newsworthy detail changes","Theming","Development","Penn Stater","Penn Stater Website"
2021-05-13,"Christian Gonzalez",4.0,"Newsworthy page, newsworthy detail changes and sidebar adjustments","Theming","Development","Penn Stater","Penn Stater Website"
2021-05-12,"Christian Gonzalez",2.0,"Newsworthy page view","Theming","Development","Penn Stater","Penn Stater Website"
2021-05-12,"Christian Gonzalez",0.25,"First member update import","Membership Auth","Development","Penn Stater","Penn Stater Website"
2021-05-12,"Christian Gonzalez",0.5,"Related issue and issue archive block adjustments","Theming","Development","Penn Stater","Penn Stater Website"
2021-05-12,"Christian Gonzalez",0.25,"Login page image change","Theming","Development","Penn Stater","Penn Stater Website"
2021-05-12,"Christian Gonzalez",0.75,"Mobile header adjustments","Theming","Development","Penn Stater","Penn Stater Website"
2021-05-11,"Christian Gonzalez",0.75,"Misc updates post launch","Theming","Development","Penn Stater","Penn Stater Website"
2021-05-11,"Christian Gonzalez",3.0,"Homepage mobile spacing changes","Theming","Development","Penn Stater","Penn Stater Website"
2021-05-10,"Christian Gonzalez",2.0,"Mobile feature article fixes","Theming","Development","Penn Stater","Penn Stater Website"
2021-05-10,"Christian Gonzalez",6.0,"Initial member imports","Membership Auth","Development","Penn Stater","Penn Stater Website"
2021-05-07,"Christian Gonzalez",0.75,"Article pages font fixes","Issue Pages","Development","Penn Stater","Penn Stater Website"
2021-05-07,"Christian Gonzalez",2.5,"","Theming","Development","Penn Stater","Penn Stater Website"
2021-05-07,"Christian Gonzalez",3.0,"Menu changes and login button functionality fixes","Theming","Development","Penn Stater","Penn Stater Website"
2021-05-06,"Christian Gonzalez",1.0,"Homepage IM block adjustment","Class Notes + In Memoriam","Development","Penn Stater","Penn Stater Website"
2021-05-06,"Christian Gonzalez",2.0,"Researching how to import big batches of members","Research","Development","Penn Stater","Penn Stater Website"
2021-05-06,"Christian Gonzalez",1.5,"Test initial member import","Research","Development","Penn Stater","Penn Stater Website"
2021-05-05,"Christian Gonzalez",5.0,"IM and CN cards adjustments","Class Notes + In Memoriam","Development","Penn Stater","Penn Stater Website"
2021-05-04,"Christian Gonzalez",1.5,"Article side bar and bottom blocks adjustments","Theming","Development","Penn Stater","Penn Stater Website"
2021-05-04,"Christian Gonzalez",4.0,"CN and IM page and blocks styling adjustments","Theming","Development","Penn Stater","Penn Stater Website"
2021-05-03,"Christian Gonzalez",6.0,"","Theming","Development","Penn Stater","Penn Stater Website"
2021-05-02,"Christian Gonzalez",3.0,"Feature detail page styling","Class Notes + In Memoriam","Development","Penn Stater","Penn Stater Website"
2021-05-02,"Christian Gonzalez",1.5,"Adjustments on form pages","Theming","Development","Penn Stater","Penn Stater Website"
2021-05-01,"Christian Gonzalez",3.5,"Search results page, initial changes to form pages","Theming","Development","Penn Stater","Penn Stater Website"
2021-04-30,"Christian Gonzalez",2.5,"Fix small issues on article pages","Theming","Development","Penn Stater","Penn Stater Website"
2021-04-30,"Christian Gonzalez",2.0,"Update top block view rules","Homepage Articles + Current Issue","Development","Penn Stater","Penn Stater Website"
2021-04-29,"Christian Gonzalez",6.0,"Fix issues on CN and IM list templates. Update styling","Class Notes + In Memoriam","Development","Penn Stater","Penn Stater Website"
2021-04-27,"Christian Gonzalez",2.0,"Add pdf viewer button and restricted page","Issue Pages","Development","Penn Stater","Penn Stater Website"
2021-04-27,"Christian Gonzalez",1.5,"Change URL patter of issue detail page","Issue Pages","Development","Penn Stater","Penn Stater Website"
2021-04-27,"Christian Gonzalez",0.5,"Paragraph aligned image styling","Theming","Development","Penn Stater","Penn Stater Website"
2021-04-26,"Christian Gonzalez",2.0,"","Issue Pages","Development","Penn Stater","Penn Stater Website"
2021-04-26,"Christian Gonzalez",3.0,"Category pages and Issue Archive styling updates","Theming","Development","Penn Stater","Penn Stater Website"
2021-04-23,"Christian Gonzalez",1.5,"PDF viewer","Research","Development","Penn Stater","Penn Stater Website"
2021-04-23,"Christian Gonzalez",1.5,"Change category pages URL alias and update menus","Content Entry","Development","Penn Stater","Penn Stater Website"
2021-04-22,"Christian Gonzalez",1.0,"Format and import May-June CN and IM","Class Notes + In Memoriam","Development","Penn Stater","Penn Stater Website"
2021-04-22,"Christian Gonzalez",2.0,"Issue detail page header fixes","Issue Pages","Development","Penn Stater","Penn Stater Website"
2021-04-21,"Christian Gonzalez",5.0,"Issue detail page","Issue Pages","Development","Penn Stater","Penn Stater Website"
2021-04-20,"Christian Gonzalez",1.5,"Articles cleanup","Theming","Development","Penn Stater","Penn Stater Website"
2021-04-20,"Christian Gonzalez",3.0,"Articles and Category pages styling adjustments","Theming","Development","Penn Stater","Penn Stater Website"
2021-04-19,"Christian Gonzalez",2.5,"Adjust cookie name so it works in pantheon","Membership Auth","Development","Penn Stater","Penn Stater Website"
2021-04-16,"Christian Gonzalez",2.0,"Fix member entity issues, delete inactive users after import","Membership Auth","Development","Penn Stater","Penn Stater Website"
2021-04-16,"Christian Gonzalez",1.5,"Article restriction block styling","Membership Auth","Development","Penn Stater","Penn Stater Website"
2021-04-15,"Christian Gonzalez",3.0,"Member login adjustments","Membership Auth","Development","Penn Stater","Penn Stater Website"
2021-04-14,"Christian Gonzalez",4.0,"Test authentication with custom user or with session cookie","Membership Auth","Development","Penn Stater","Penn Stater Website"
2021-04-12,"Christian Gonzalez",4.0,"Fixes to member entity view, initial login styling","Membership Auth","Development","Penn Stater","Penn Stater Website"
2021-04-09,"Christian Gonzalez",1.25,"Featured article header image changes","Theming","Development","Penn Stater","Penn Stater Website"
2021-04-09,"Christian Gonzalez",3.5,"List page styling","Class Notes + In Memoriam","Development","Penn Stater","Penn Stater Website"
2021-04-08,"Christian Gonzalez",0.25,"Create dummy import sample","Membership Auth","Development","Penn Stater","Penn Stater Website"
2021-04-08,"Christian Gonzalez",4.0,"Homepage In Memoriam and Class Notes","Homepage Articles + Current Issue","Development","Penn Stater","Penn Stater Website"
2021-04-07,"Christian Gonzalez",1.25,"","Homepage Articles + Current Issue","Development","Penn Stater","Penn Stater Website"
2021-04-07,"Christian Gonzalez",4.0,"Member entity setup and importer changes","Membership Auth","Development","Penn Stater","Penn Stater Website"
2021-04-06,"Christian Gonzalez",2.5,"Member import adjustments","Membership Auth","Development","Penn Stater","Penn Stater Website"
2021-04-05,"Christian Gonzalez",4.0,"","Issue Pages","Development","Penn Stater","Penn Stater Website"
2021-03-31,"Christian Gonzalez",1.25,"Category templates","Theming","Development","Penn Stater","Penn Stater Website"
2021-03-30,"Christian Gonzalez",1.5,"Create new views and modify old ones for the category templates","Dev Ops","Development","Penn Stater","Penn Stater Website"
2021-03-29,"Christian Gonzalez",3.0,"Category and subcategory pages, changes in class notes template","Theming","Development","Penn Stater","Penn Stater Website"
2021-03-29,"Christian Gonzalez",1.0,"","Issue Pages","Development","Penn Stater","Penn Stater Website"
2021-03-29,"Christian Gonzalez",1.5,"Change excel formula for class notes import","Research","Development","Penn Stater","Penn Stater Website"
2021-03-26,"Christian Gonzalez",4.5,"Article category page template","Theming","Development","Penn Stater","Penn Stater Website"
2021-03-25,"Christian Gonzalez",1.5,"Add option for different colors in split feature","Theming","Development","Penn Stater","Penn Stater Website"
2021-03-24,"Christian Gonzalez",2.0,"","Issue Pages","Development","Penn Stater","Penn Stater Website"
2021-03-24,"Christian Gonzalez",4.0,"","Issue Pages","Development","Penn Stater","Penn Stater Website"
2021-03-23,"Christian Gonzalez",0.25,"Change Q&A paragraphs from plain text to wysiwyg","Dev Ops","Development","Penn Stater","Penn Stater Website"
2021-03-18,"Christian Gonzalez",0.75,"Change some teaser displays","Theming","Development","Penn Stater","Penn Stater Website"
2021-03-18,"Christian Gonzalez",0.75,"Changed views so they show the newest content","Theming","Development","Penn Stater","Penn Stater Website"
2021-03-18,"Christian Gonzalez",0.5,"Start work on restricting featured class notes and obit","Membership Auth","Development","Penn Stater","Penn Stater Website"
2021-03-18,"Christian Gonzalez",2.0,"Featured article header theming","Theming","Development","Penn Stater","Penn Stater Website"
2021-03-17,"Christian Gonzalez",3.0,"Different feature displays","Theming","Development","Penn Stater","Penn Stater Website"
2021-03-15,"Christian Gonzalez",3.0,"","Membership Auth","Development","Penn Stater","Penn Stater Website"
2021-03-12,"Christian Gonzalez",2.0,"","Current Issue","Development","Penn Stater","Penn Stater Website"
2021-03-11,"Christian Gonzalez",1.0,"","Review PDF viewer options, discuss w client","Development","Penn Stater","Penn Stater Website"
2021-03-10,"Christian Gonzalez",0.5,"Troubleshoot article creation issue",,,"Penn Stater","Penn Stater Website"
2021-03-10,"Christian Gonzalez",1.5,"Fixes to in memoriam preprocess","Class Notes + In Memoriam","Development","Penn Stater","Penn Stater Website"
2021-03-09,"Christian Gonzalez",0.5,"Install and configure focal point module",,,"Penn Stater","Penn Stater Website"
2021-03-09,"Christian Gonzalez",1.5,"adjustments to the excel functions for the content import","Research","Development","Penn Stater","Penn Stater Website"
2021-03-08,"Christian Gonzalez",3.25,"Add functions to the excel spreadsheet to get the info needed for the import","Research","Development","Penn Stater","Penn Stater Website"
2021-03-05,"Christian Gonzalez",2.0,"Testing content import","Research","Development","Penn Stater","Penn Stater Website"
2021-03-05,"Christian Gonzalez",1.5,"research content import","Research","Development","Penn Stater","Penn Stater Website"
2021-03-04,"Christian Gonzalez",0.5,"","Class Notes + In Memoriam","Development","Penn Stater","Penn Stater Website"
2021-03-04,"Christian Gonzalez",2.0,"","Homepage Articles + Current Issue","Development","Penn Stater","Penn Stater Website"
2021-03-04,"Christian Gonzalez",1.0,"","Current Issue","Development","Penn Stater","Penn Stater Website"
2021-03-04,"Christian Gonzalez",1.0,"troubleshoot article teaser issue","Article Template: Share Block.","Development","Penn Stater","Penn Stater Website"
2021-03-02,"Christian Gonzalez",2.25,"","Class Notes + In Memoriam","Development","Penn Stater","Penn Stater Website"
2021-02-26,"Christian Gonzalez",2.0,"Teaser changes","Class Notes + In Memoriam","Development","Penn Stater","Penn Stater Website"
2021-02-25,"Christian Gonzalez",1.5,"Test setting homepage view with custom current issue filter","Homepage Articles + Current Issue","Development","Penn Stater","Penn Stater Website"
2021-02-25,"Christian Gonzalez",2.0,"Test current issue filter and fix bugs","Current Issue","Development","Penn Stater","Penn Stater Website"
2021-02-24,"Christian Gonzalez",3.0,"Create filter for the current issue","Current Issue","Development","Penn Stater","Penn Stater Website"
2021-02-23,"Christian Gonzalez",1.25,"Read how to create custom view filters for the current issue","Current Issue","Development","Penn Stater","Penn Stater Website"
2021-02-22,"Christian Gonzalez",2.0,"Final changes on class notes and in-memoriam templates","Class Notes + In Memoriam","Development","Penn Stater","Penn Stater Website"
2021-02-18,"Christian Gonzalez",1.5,"Add issue block and in memoriam templates","Class Notes + In Memoriam","Development","Penn Stater","Penn Stater Website"
2021-02-17,"Christian Gonzalez",2.5,"","Class Notes + In Memoriam","Development","Penn Stater","Penn Stater Website"
2021-02-16,"Christian Gonzalez",2.0,"Start change of path from id to date/year","Class Notes + In Memoriam","Development","Penn Stater","Penn Stater Website"
2021-02-10,"Christian Gonzalez",2.0,"","Class Notes + In Memoriam","Development","Penn Stater","Penn Stater Website"
2021-02-04,"Christian Gonzalez",2.0,"","Class Notes + In Memoriam","Development","Penn Stater","Penn Stater Website"
2021-02-02,"Christian Gonzalez",2.5,"","Class Notes + In Memoriam","Development","Penn Stater","Penn Stater Website"
2021-01-29,"Christian Gonzalez",4.0,"","Class Notes + In Memoriam","Development","Penn Stater","Penn Stater Website"
2021-01-29,"Christian Gonzalez",2.5,"search bar","Flyout Menu - Second level nav items not appearing.","Development","Penn Stater","Penn Stater Website"
2021-01-29,"Christian Gonzalez",1.5,"Changes in template and styling","Content List: Explore Block","Development","Penn Stater","Penn Stater Website"
2021-01-28,"Christian Gonzalez",2.5,"","Current Issue","Development","Penn Stater","Penn Stater Website"
2021-01-28,"Christian Gonzalez",1.5,"troubleshoot parent taxonomy not showing children taxonomites' articles","Content List: Explore Block","Development","Penn Stater","Penn Stater Website"
2021-01-27,"Christian Gonzalez",2.0,"","Flyout Menu - Second level nav items not appearing.","Development","Penn Stater","Penn Stater Website"
2021-01-27,"Christian Gonzalez",1.5,"Research","Current Issue","Development","Penn Stater","Penn Stater Website"
2021-01-26,"Christian Gonzalez",3.0,"Render child items and do some styling","Flyout Menu - Second level nav items not appearing.","Development","Penn Stater","Penn Stater Website"
2021-01-21,"Christian Gonzalez",1.0,"","Content List: Explore Block","Development","Penn Stater","Penn Stater Website"
2021-01-20,"Christian Gonzalez",1.5,"","Content List: Explore Block","Development","Penn Stater","Penn Stater Website"
2021-12-08,"Christian Gonzalez",1.0,"Research and test Acquia Solr updates","Test and Run Drupal update","July/August 2021","Princeton Alumni Weekly","PAW Misc Requests"
2021-11-02,"Christian Gonzalez",0.25,"","Update color of logo and navigation labels","Miscellaneous","Princeton Alumni Weekly","PAW Misc Requests"
2021-08-13,"Christian Gonzalez",1.0,"","Test and Run Drupal update","July/August 2021","Princeton Alumni Weekly","PAW Misc Requests"
2021-08-09,"Christian Gonzalez",0.5,"","Test and Run Drupal update","July/August 2021","Princeton Alumni Weekly","PAW Misc Requests"
2021-08-06,"Christian Gonzalez",1.0,"Test PHP update on dev","PHP update for Acquia upgrade","July/August 2021","Princeton Alumni Weekly","PAW Misc Requests"
2021-08-06,"Christian Gonzalez",0.5,"Drupal update","Test and Run Drupal update","July/August 2021","Princeton Alumni Weekly","PAW Misc Requests"
2021-06-04,"Christian Gonzalez",2.0,"Troubleshoot newsletter signup form issue",,,"Princeton Alumni Weekly","PAW Misc Requests"
2021-06-03,"Christian Gonzalez",3.0,"Troubleshoot spam issue",,,"Princeton Alumni Weekly","PAW Misc Requests"
2021-05-27,"Christian Gonzalez",1.5,"Drupal updates",,,"Princeton Alumni Weekly","PAW Misc Requests"
2021-03-25,"Christian Gonzalez",2.0,"","Install new SSL","Feb/Mar 2021","Princeton Alumni Weekly","PAW Misc Requests"
2021-03-19,"Christian Gonzalez",1.0,"","Install new SSL","Feb/Mar 2021","Princeton Alumni Weekly","PAW Misc Requests"
2020-09-28,"Christian Gonzalez",1.0,"Deployment and bug troubleshoot",,,"Princeton Alumni Weekly","PAW Misc Requests"
2020-09-23,"Christian Gonzalez",2.0,"Change the way issue date is shown in the issue list for issues from 2020 onwards",,,"Princeton Alumni Weekly","PAW Misc Requests"
2020-09-21,"Christian Gonzalez",1.0,"Change the way the issue date is shown in articles from 2020 onwards",,,"Princeton Alumni Weekly","PAW Misc Requests"
2020-09-21,"Christian Gonzalez",0.75,"Change view options to fix the order issue","Article publish date seems to be changing when an article is modified... but we can't see where to override the modified date.","July 2020","Princeton Alumni Weekly","PAW Misc Requests"
2020-09-10,"Christian Gonzalez",1.5,"review acquia updates branch",,,"Princeton Alumni Weekly","PAW Misc Requests"
2020-09-01,"Christian Gonzalez",2.0,"","Article publish date seems to be changing when an article is modified... but we can't see where to override the modified date.","July 2020","Princeton Alumni Weekly","PAW Misc Requests"
2020-08-21,"Christian Gonzalez",1.5,"Troubleshoot and fix","Portrait image embeds","July 2020","Princeton Alumni Weekly","PAW Misc Requests"
2020-08-21,"Christian Gonzalez",1.0,"Troubleshoot issue","Article publish date seems to be changing when an article is modified... but we can't see where to override the modified date.","July 2020","Princeton Alumni Weekly","PAW Misc Requests"
2020-08-21,"Christian Gonzalez",2.5,"Troubleshoot and fix bugs with the date","Change the way dates are used for issues","July 2020","Princeton Alumni Weekly","PAW Misc Requests"
2020-08-14,"Christian Gonzalez",3.0,"Fix staging issue after Acquia updates",,,"Princeton Alumni Weekly","PAW Misc Requests"
2020-07-17,"Christian Gonzalez",0.5,"","Change the way dates are used for issues","July 2020","Princeton Alumni Weekly","PAW Misc Requests"
2020-07-17,"Christian Gonzalez",1.0,"","Add Classifieds to main nav","July 2020","Princeton Alumni Weekly","PAW Misc Requests"
2020-07-17,"Christian Gonzalez",3.0,"","YouTube link embeds","July 2020","Princeton Alumni Weekly","PAW Misc Requests"
2020-07-06,"Christian Gonzalez",1.5,"Free some server space",,,"Princeton Alumni Weekly","PAW Misc Requests"
2019-08-14,"Christian Gonzalez",3.0,"Soundcloud field troubleshoot",,,"Princeton Alumni Weekly","PAW Misc Requests"
2019-08-14,"Christian Gonzalez",3.0,"Internal QA inline images fixes",,,"Princeton Alumni Weekly","PAW Misc Requests"
2019-08-12,"Christian Gonzalez",5.0,"First internal QA fixes",,,"Princeton Alumni Weekly","PAW Misc Requests"
2019-08-09,"Christian Gonzalez",7.0,"Final changes on hero for featured articles",,,"Princeton Alumni Weekly","PAW Misc Requests"
2019-08-05,"Christian Gonzalez",5.0,"Article information and social media share changes",,,"Princeton Alumni Weekly","PAW Misc Requests"
2019-08-01,"Christian Gonzalez",3.5,"Blockquote and author intial changes",,,"Princeton Alumni Weekly","PAW Misc Requests"
2019-08-01,"Christian Gonzalez",2.0,"Pixel perfect test and initial tweaks",,,"Princeton Alumni Weekly","PAW Misc Requests"
2019-07-29,"Christian Gonzalez",1.5,"Mobile adjustments for menu and articles",,,"Princeton Alumni Weekly","PAW Misc Requests"
2019-07-23,"Christian Gonzalez",4.0,"Features main content, remove sidebars and some more styling changes",,,"Princeton Alumni Weekly","PAW Misc Requests"
2019-07-22,"Christian Gonzalez",3.5,"Features hero tweaks, overlay and more styling tweaks",,,"Princeton Alumni Weekly","PAW Misc Requests"
2019-07-17,"Christian Gonzalez",6.0,"Features hero styling changes and initial inline images changes",,,"Princeton Alumni Weekly","PAW Misc Requests"
2019-07-16,"Christian Gonzalez",5.0,"Features hero template changes and initial styling",,,"Princeton Alumni Weekly","PAW Misc Requests"
2019-07-15,"Christian Gonzalez",3.0,"Initial features styling changes",,,"Princeton Alumni Weekly","PAW Misc Requests"
2019-07-15,"Christian Gonzalez",2.0,"Article backup tweaks and tests",,,"Princeton Alumni Weekly","PAW Misc Requests"
2019-07-11,"Christian Gonzalez",2.0,"Initial article template changes",,,"Princeton Alumni Weekly","PAW Misc Requests"
2019-07-10,"Christian Gonzalez",2.0,"Continuing header changes",,,"Princeton Alumni Weekly","PAW Misc Requests"
2019-07-05,"Christian Gonzalez",3.0,"Initial changes to header template and styling",,,"Princeton Alumni Weekly","PAW Misc Requests"
2019-07-04,"Christian Gonzalez",3.0,"Features hero banner backend option",,,"Princeton Alumni Weekly","PAW Misc Requests"
2021-12-23,"Christian Gonzalez",2.5,"","Redevelop the TEAM section","Dev","Safewaze","Website UX/Design/Implementation"
2021-12-22,"Christian Gonzalez",1.0,"Test paid version of the module","Redevelop the TEAM section","Dev","Safewaze","Website UX/Design/Implementation"
2021-11-12,"Christian Gonzalez",2.5,"Troubleshoot and fix FAQ page issues on dev","Misc. support","Misc.","Safewaze","Website UX/Design/Implementation"
2021-10-15,"Christian Gonzalez",0.75,"","Redevelop the TEAM section","Dev","Safewaze","Website UX/Design/Implementation"
2021-10-14,"Christian Gonzalez",0.75,"","Search Results page clean up","Dev","Safewaze","Website UX/Design/Implementation"
2021-10-14,"Christian Gonzalez",0.25,"","Implement Wishlist feature","Dev","Safewaze","Website UX/Design/Implementation"
2021-10-14,"Christian Gonzalez",0.5,"","Change all instances of the word “Wishlists” to “Favorites”","Dev","Safewaze","Website UX/Design/Implementation"
2021-10-14,"Christian Gonzalez",0.75,"Fix navbar","Redevelop the TEAM section","Dev","Safewaze","Website UX/Design/Implementation"
2021-10-13,"Christian Gonzalez",2.75,"Fix font issue","Redevelop the TEAM section","Dev","Safewaze","Website UX/Design/Implementation"
2021-10-13,"Christian Gonzalez",3.5,"","Search Results page clean up","Dev","Safewaze","Website UX/Design/Implementation"
2021-10-05,"Christian Gonzalez",0.75,"","Implement Wishlist feature","Dev","Safewaze","Website UX/Design/Implementation"
2021-10-05,"Christian Gonzalez",2.5,"","Redevelop the TEAM section","Dev","Safewaze","Website UX/Design/Implementation"
2021-10-01,"Christian Gonzalez",1.5,"","Redevelop the TEAM section","Dev","Safewaze","Website UX/Design/Implementation"
2021-09-29,"Christian Gonzalez",4.5,"","Search Results page clean up","Dev","Safewaze","Website UX/Design/Implementation"
2021-09-28,"Christian Gonzalez",1.0,"","Search Results page clean up","Dev","Safewaze","Website UX/Design/Implementation"
2021-09-27,"Christian Gonzalez",4.75,"","Redevelop the TEAM section","Dev","Safewaze","Website UX/Design/Implementation"
2021-09-23,"Christian Gonzalez",2.5,"","Redevelop the TEAM section","Dev","Safewaze","Website UX/Design/Implementation"
2021-09-23,"Christian Gonzalez",0.75,"","Implement Wishlist feature","Dev","Safewaze","Website UX/Design/Implementation"
2021-09-21,"Christian Gonzalez",2.5,"","Implement Wishlist feature","Dev","Safewaze","Website UX/Design/Implementation"
2021-09-20,"Christian Gonzalez",0.5,"","Implement Wishlist feature","Dev","Safewaze","Website UX/Design/Implementation"
2021-09-20,"Christian Gonzalez",3.0,"","Redevelop the TEAM section","Dev","Safewaze","Website UX/Design/Implementation"
2021-09-16,"Christian Gonzalez",2.25,"","Implement Wishlist feature","Dev","Safewaze","Website UX/Design/Implementation"
2021-09-14,"Christian Gonzalez",3.0,"","Implement Wishlist feature","Dev","Safewaze","Website UX/Design/Implementation"
2021-09-10,"Christian Gonzalez",3.0,"","Implement Wishlist feature","Dev","Safewaze","Website UX/Design/Implementation"
2021-09-08,"Christian Gonzalez",1.5,"","Implement Wishlist feature","Dev","Safewaze","Website UX/Design/Implementation"
2021-03-30,"Christian Gonzalez",1.0,"Troubleshoot SFTP issue",,,"Safewaze","Website UX/Design/Implementation"
2021-03-03,"Christian Gonzalez",0.5,"","Research export of product specifications","Misc.","Safewaze","Website UX/Design/Implementation"
2021-03-02,"Christian Gonzalez",0.75,"","Research export of product specifications","Misc.","Safewaze","Website UX/Design/Implementation"
2020-12-21,"Christian Gonzalez",1.0,"Set up account and review legacy staging",,,"Safewaze","Website UX/Design/Implementation"
2020-09-29,"Christian Gonzalez",3.5,"Product category template and styling changes",,,"Safewaze","Website UX/Design/Implementation"
2020-09-28,"Christian Gonzalez",3.0,"Product detail template and styling changes",,,"Safewaze","Website UX/Design/Implementation"
2020-09-11,"Christian Gonzalez",3.5,"","Mega menu redesign","Dev","Safewaze","Website UX/Design/Implementation"
2020-09-10,"Christian Gonzalez",3.0,"","Mega menu redesign","Dev","Safewaze","Website UX/Design/Implementation"
2020-09-08,"Christian Gonzalez",2.0,"Fix styling issues cause by the megamenu","Header & Footer Implement new design","Dev","Safewaze","Website UX/Design/Implementation"
2020-09-07,"Christian Gonzalez",3.0,"","Mega menu redesign","Dev","Safewaze","Website UX/Design/Implementation"
2020-09-01,"Christian Gonzalez",3.0,"","Mega menu redesign","Dev","Safewaze","Website UX/Design/Implementation"
2020-08-31,"Christian Gonzalez",2.0,"","Mega menu redesign","Dev","Safewaze","Website UX/Design/Implementation"
2020-08-31,"Christian Gonzalez",2.0,"","Header & Footer Implement new design","Dev","Safewaze","Website UX/Design/Implementation"
2020-08-28,"Christian Gonzalez",2.5,"","Mega menu redesign","Dev","Safewaze","Website UX/Design/Implementation"
2020-08-26,"Christian Gonzalez",3.0,"","Mega menu redesign","Dev","Safewaze","Website UX/Design/Implementation"
2020-08-25,"Christian Gonzalez",1.5,"","Header & Footer Implement new design","Dev","Safewaze","Website UX/Design/Implementation"
2020-08-24,"Christian Gonzalez",2.0,"","Header & Footer Implement new design","Dev","Safewaze","Website UX/Design/Implementation"
2020-08-20,"Christian Gonzalez",1.5,"","Header & Footer Implement new design","Dev","Safewaze","Website UX/Design/Implementation"
2020-08-18,"Christian Gonzalez",2.5,"Test plugins for mega menu","Mega menu redesign","Dev","Safewaze","Website UX/Design/Implementation"
2020-08-18,"Christian Gonzalez",1.5,"Push plugins to dev and stage","Install & activate plugins: search, categories, favorites","Dev","Safewaze","Website UX/Design/Implementation"
2020-08-14,"Christian Gonzalez",1.0,"","Header & Footer Implement new design","Dev","Safewaze","Website UX/Design/Implementation"
2020-08-13,"Christian Gonzalez",2.0,"Research plugins to use","Install & activate plugins: search, categories, favorites","Dev","Safewaze","Website UX/Design/Implementation"
2020-08-13,"Christian Gonzalez",1.5,"","Header & Footer Implement new design","Dev","Safewaze","Website UX/Design/Implementation"
2020-08-11,"Christian Gonzalez",2.0,"Review and planning how to implement it","Product detail page design","Design","Safewaze","Website UX/Design/Implementation"
2020-08-11,"Christian Gonzalez",2.0,"Review and planning how to implement it","Product category page design","Design","Safewaze","Website UX/Design/Implementation"
2020-08-11,"Christian Gonzalez",2.0,"Review and planning how to implement it","Header, footer, and navigation design","Design","Safewaze","Website UX/Design/Implementation"
2020-07-28,"Christian Gonzalez",5.0,"WooCommerce Wishlists implementation and tests in dev",,,"Safewaze","Website UX/Design/Implementation"
2020-07-22,"Christian Gonzalez",1.0,"new dev and staging environments setup",,,"Safewaze","Website UX/Design/Implementation"
2020-07-16,"Christian Gonzalez",0.5,"Plugin updates",,,"Safewaze","Website UX/Design/Implementation"
2020-06-26,"Christian Gonzalez",4.0,"Woo Commerce template updates",,,"Safewaze","Website UX/Design/Implementation"
2020-06-25,"Christian Gonzalez",4.0,"Woo Commerce template updates",,,"Safewaze","Website UX/Design/Implementation"
2020-06-24,"Christian Gonzalez",0.75,"","Security, Plugin, WP updates to production","Phase 2: Safewaze IA","Safewaze","Website UX/Design/Implementation"
2020-06-24,"Christian Gonzalez",2.5,"Final staging updates tests",,,"Safewaze","Website UX/Design/Implementation"
2020-06-19,"Christian Gonzalez",2.5,"Module updates and tests on staging",,,"Safewaze","Website UX/Design/Implementation"
2020-06-09,"Christian Gonzalez",1.75,"Set up Git repo",,,"Safewaze","Website UX/Design/Implementation"
2021-06-04,"Christian Gonzalez",0.5,"Push to prod","Check plugin Updates","2021","Sonima / Elev8d","* Sonima"
2021-06-03,"Christian Gonzalez",1.5,"","Check plugin Updates","2021","Sonima / Elev8d","* Sonima"
2021-02-08,"Christian Gonzalez",1.0,"Troubleshoot missing scheduled posts",,,"Sonima / Elev8d","* Sonima"
2020-11-01,"Christian Gonzalez",0.5,"Plugins and core updates on prod",,,"Sonima / Elev8d","* Sonima"
2020-11-01,"Christian Gonzalez",2.0,"Testing plugins and core updates on stage",,,"Sonima / Elev8d","* Sonima"
2020-06-24,"Christian Gonzalez",1.0,"push plugin updates to prod","Run updates on plugins/ WP (test on stage then deploy- tbd w client)","2020","Sonima / Elev8d","* Sonima"
2020-06-24,"Christian Gonzalez",1.5,"Troubleshoot instagram issue","Run updates on plugins/ WP (test on stage then deploy- tbd w client)","2020","Sonima / Elev8d","* Sonima"
2020-06-23,"Christian Gonzalez",2.0,"Bring staging up-to-date with prod","Run updates on plugins/ WP (test on stage then deploy- tbd w client)","2020","Sonima / Elev8d","* Sonima"
2019-12-10,"Christian Gonzalez",2.0,"Final speedtests and conclusions","Sonima Slow Speed on Two Top Pages","Dec 2019","Sonima / Elev8d","* Sonima"
2019-12-09,"Christian Gonzalez",3.0,"Speedtesting slowest page compared to GA report","Sonima Slow Speed on Two Top Pages","Dec 2019","Sonima / Elev8d","* Sonima"
2019-11-14,"Christian Gonzalez",1.0,"Making changes in prod for speed optimization","Research report of page load speed slowdown","Nov 2019","Sonima / Elev8d","* Sonima"
2019-11-13,"Christian Gonzalez",2.0,"Comparing Staging to prod and configuration tweaks","Research report of page load speed slowdown","Nov 2019","Sonima / Elev8d","* Sonima"
2019-11-12,"Christian Gonzalez",3.0,"Final test and configurations for fixing speed slowdown","Research report of page load speed slowdown","Nov 2019","Sonima / Elev8d","* Sonima"
2019-11-08,"Christian Gonzalez",3.0,"Testing new plugin for image optimization","Research report of page load speed slowdown","Nov 2019","Sonima / Elev8d","* Sonima"
2019-11-07,"Christian Gonzalez",4.0,"initial fixes for page speed slowdown","Research report of page load speed slowdown","Nov 2019","Sonima / Elev8d","* Sonima"
2019-11-06,"Christian Gonzalez",2.0,"Test and research of page speed slowdown","Research report of page load speed slowdown","Nov 2019","Sonima / Elev8d","* Sonima"
2019-08-29,"Christian Gonzalez",0.5,"Scheduler tests",,,"Sonima / Elev8d","* Sonima"
2019-08-29,"Christian Gonzalez",0.15,"Daily check to scheduler",,,"Sonima / Elev8d","* Sonima"
2019-08-28,"Christian Gonzalez",0.15,"Daily check to scheduler",,,"Sonima / Elev8d","* Sonima"
2019-08-27,"Christian Gonzalez",0.15,"Daily check to scheduler",,,"Sonima / Elev8d","* Sonima"
2019-08-26,"Christian Gonzalez",0.75,"Troubleshoot scheduler issues",,,"Sonima / Elev8d","* Sonima"
2019-02-28,"Christian Gonzalez",1.0,"deploy social count fix",,,"Sonima / Elev8d","* Sonima"
2019-02-26,"Christian Gonzalez",4.0,"Fixes and cleanup for the social count fix",,,"Sonima / Elev8d","* Sonima"
2019-02-25,"Christian Gonzalez",4.0,"testing/debugging disqus plugin",,,"Sonima / Elev8d","* Sonima"
2019-02-25,"Christian Gonzalez",1.0,"Deploying social counter fix to staging",,,"Sonima / Elev8d","* Sonima"
2019-02-22,"Christian Gonzalez",5.0,"Fixing social media counter function and Ajax call",,,"Sonima / Elev8d","* Sonima"
2019-02-21,"Christian Gonzalez",3.0,"debugging social count in staging testing possible solution",,,"Sonima / Elev8d","* Sonima"
2019-02-21,"Christian Gonzalez",1.0,"Deploy e8 landing and app changes",,,"Sonima / Elev8d","* Sonima"
2019-02-20,"Christian Gonzalez",3.0,"Comparing, debugging and testing plugin differences between sonima staging and prod",,,"Sonima / Elev8d","* Sonima"
2019-02-20,"Christian Gonzalez",3.0,"Redirects for e8 app",,,"Sonima / Elev8d","* Sonima"
2019-02-19,"Christian Gonzalez",4.0,"testing and debugging social count in staging",,,"Sonima / Elev8d","* Sonima"
2019-02-19,"Christian Gonzalez",1.5,"Changes for e8 landing page",,,"Sonima / Elev8d","* Sonima"
2019-12-17,"Christian Gonzalez",1.0,"fix styling bug in workflow Bundle",,,"Squareworks","Misc. Requests"
2019-12-17,"Christian Gonzalez",1.5,"Styling for new table",,,"Squareworks","Misc. Requests"
2021-12-09,"Christian Gonzalez",1.0,"","Disable submit button after send, show indication of success or failure","Misc.","Squareworks","Squareworks CMS Training"
2021-12-08,"Christian Gonzalez",1.5,"","Disable submit button after send, show indication of success or failure","Misc.","Squareworks","Squareworks CMS Training"
2021-09-30,"Christian Gonzalez",1.0,"","Create new sidebar widget area for BERDO posts.","Dev","Vicinity Energy","Support Retainer"
2021-09-30,"Christian Gonzalez",0.25,"","Update headline and category styling to match BERDO blog list page.","Dev","Vicinity Energy","Support Retainer"