date,person,hours,description,todo,list,company,project
2026-03-31,"Christian Gonzalez",2.0,"Look into Axios vulnerability and check sites for it","Project Management","Misc.","Brunello, Inc.","*Brunello Admin"
2025-12-04,"Christian Gonzalez",3.5,"Final pixel pushing, fine tune video and mobile styling","Implementation on staging (content integration, interactivity, redirects)","Design & Dev","Columbia University","2025-2026 Endowment Performance"
2025-12-03,"Christian Gonzalez",4.0,"Add lotti animations and videos. Start fine tunning styling","Implementation on staging (content integration, interactivity, redirects)","Design & Dev","Columbia University","2025-2026 Endowment Performance"
2025-12-02,"Christian Gonzalez",3.0,"Start page build in elementor. Create initial layout and add content and images","Implementation on staging (content integration, interactivity, redirects)","Design & Dev","Columbia University","2025-2026 Endowment Performance"
2026-09-02,"Christian Gonzalez",3.0,"Fix D11 blockers, troubleshoot/research admin theme issues in D11","Misc. Support","Misc.","Columbia University","Columbia Giving"
2026-09-02,"Christian Gonzalez",6.0,"Drupal 11 test update locally","Misc. Support","Misc.","Columbia University","Columbia Giving"
2026-08-31,"Christian Gonzalez",0.75,"Fix CTA links and change popup supporting text. Prep for launch","Fall Appeal Campaign","From Trello Cards","Columbia University","Columbia Giving"
2026-08-28,"Christian Gonzalez",1.25,"Create new set of banners","Fall Appeal Campaign","From Trello Cards","Columbia University","Columbia Giving"
2026-08-28,"Christian Gonzalez",0.75,"Minor styling fixes","Slider development- homepage","From Trello Cards","Columbia University","Columbia Giving"
2026-08-26,"Christian Gonzalez",1.75,"Cleanup config synch and backend changes. Push slider to dev","Slider development- homepage","From Trello Cards","Columbia University","Columbia Giving"
2026-08-25,"Christian Gonzalez",3.0,"Troubleshoot issue with configuration synchronization before pushing slider to dev","Slider development- homepage","From Trello Cards","Columbia University","Columbia Giving"
2026-08-21,"Christian Gonzalez",1.5,"Finish styling on new homepage slider","Slider development- homepage","From Trello Cards","Columbia University","Columbia Giving"
2026-08-20,"Christian Gonzalez",3.0,"Change slider libraries for new carousel. Add javascript and styling","Slider development- homepage","From Trello Cards","Columbia University","Columbia Giving"
2026-08-18,"Christian Gonzalez",4.25,"Start theme work on new slider paragraph","Slider development- homepage","From Trello Cards","Columbia University","Columbia Giving"
2026-08-12,"Christian Gonzalez",2.0,"Drupal updates","Misc. Support","Misc.","Columbia University","Columbia Giving"
2026-08-11,"Christian Gonzalez",2.25,"Post launch theme tweaks","Multi to single site conversion","From Trello Cards","Columbia University","Columbia Giving"
2026-08-10,"Christian Gonzalez",2.5,"post launch items, configuration changes and tests","Multi to single site conversion","From Trello Cards","Columbia University","Columbia Giving"
2026-08-06,"Christian Gonzalez",1.5,"post launch items, configuration changes and tests","Multi to single site conversion","From Trello Cards","Columbia University","Columbia Giving"
2026-08-05,"Christian Gonzalez",2.5,"Post launch items - cleanup of donor story slider. Testing","Multi to single site conversion","From Trello Cards","Columbia University","Columbia Giving"
2026-07-30,"Christian Gonzalez",3.0,"Pull single site locally, change local environment to match. Start work on post-launch items flagged on QA","Multi to single site conversion","From Trello Cards","Columbia University","Columbia Giving"
2026-07-29,"Christian Gonzalez",1.0,"Look into utilization","Misc. Support","Misc.","Columbia University","Columbia Giving"
2026-07-29,"Christian Gonzalez",2.5,"Single site deployment, testing on prod","Multi to single site conversion","From Trello Cards","Columbia University","Columbia Giving"
2026-07-28,"Christian Gonzalez",4.0,"Continue test of single site on staging","Multi to single site conversion","From Trello Cards","Columbia University","Columbia Giving"
2026-07-27,"Christian Gonzalez",5.0,"Mock deployment to staging, review and test","Multi to single site conversion","From Trello Cards","Columbia University","Columbia Giving"
2026-07-23,"Christian Gonzalez",3.0,"QA list and Trello card review. Plan post-launch items","Multi to single site conversion","From Trello Cards","Columbia University","Columbia Giving"
2026-07-21,"Christian Gonzalez",2.0,"Internal review to get ready for mock deployment to staging","Multi to single site conversion","From Trello Cards","Columbia University","Columbia Giving"
2026-07-07,"Christian Gonzalez",0.5,"July funding opps","Corp & Foundation Funding Opps: misc (Dimitra)","Misc.","Columbia University","Columbia Giving"
2026-06-30,"Christian Gonzalez",1.75,"Push lotti animation, fix hover states","Graphs","From Trello Cards","Columbia University","Columbia Giving"
2026-06-26,"Christian Gonzalez",2.0,"FYE26 popup dev, test and deployment","EOY Giving banner & popup","From Trello Cards","Columbia University","Columbia Giving"
2026-06-26,"Christian Gonzalez",2.5,"Pull down prod to stage, troubleshoot issues with lotti animation","Graphs","From Trello Cards","Columbia University","Columbia Giving"
2026-06-23,"Christian Gonzalez",2.5,"Research and test how to get the lotti animation into the giving site without a code push","Graphs","From Trello Cards","Columbia University","Columbia Giving"
2026-06-10,"Christian Gonzalez",2.0,"Push FYE26 banners for giving and alumni. Fix scrolling issue","EOY Giving banner & popup","From Trello Cards","Columbia University","Columbia Giving"
2026-06-09,"Christian Gonzalez",1.0,"dev for FYE26 banners for alumni and giving sites","EOY Giving banner & popup","From Trello Cards","Columbia University","Columbia Giving"
2026-06-05,"Christian Gonzalez",3.0,"FYE26 banner, test and deployment to Columbia Mag","EOY Giving banner & popup","From Trello Cards","Columbia University","Columbia Giving"
2026-06-03,"Christian Gonzalez",1.0,"Publish and test survey popup","Survey banner and popup","From Trello Cards","Columbia University","Columbia Giving"
2026-05-29,"Christian Gonzalez",1.5,"Look into Acquia utilization","Misc. Support","Misc.","Columbia University","Columbia Giving"
2026-05-26,"Christian Gonzalez",1.0,"Merge drupal updates with migration branch","Misc. Support","Misc.","Columbia University","Columbia Giving"
2026-05-25,"Christian Gonzalez",2.0,"D10 updates","PM","Misc.","Columbia University","Columbia Giving"
2026-05-15,"Christian Gonzalez",0.75,"Prep banners, push and test","Survey banner and popup","From Trello Cards","Columbia University","Columbia Giving"
2026-05-14,"Christian Gonzalez",0.75,"Feedback changes","Survey banner and popup","From Trello Cards","Columbia University","Columbia Giving"
2026-05-13,"Christian Gonzalez",1.5,"Survey banner and popup dev, fix bugs","Survey banner and popup","From Trello Cards","Columbia University","Columbia Giving"
2026-04-30,"Christian Gonzalez",2.75,"Merge accessibility updates and 404 page branches, fix conflicts, test and push to prod. Set up 404 page in prod","Troubleshoot/Adhoc","Misc.","Columbia University","Columbia Giving"
2026-04-30,"Christian Gonzalez",1.5,"Troubleshoot external form from script loading slowly. Look into GTM for heatmapping script blocking some javascript until it finishes loading.","Troubleshoot/Adhoc","Misc.","Columbia University","Columbia Giving"
2026-04-29,"Christian Gonzalez",0.75,"Funding opportunities May","Corp & Foundation Funding Opps: misc (Dimitra)","Misc.","Columbia University","Columbia Giving"
2026-04-24,"Christian Gonzalez",1.5,"Changes to the 404 page","404 Page","From Trello Cards","Columbia University","Columbia Giving"
2026-04-22,"Christian Gonzalez",3.0,"Fix captcha appearing on search form. Troubleshoot PHP issues reported and troubleshoot pardot forms","Troubleshoot/Adhoc","Misc.","Columbia University","Columbia Giving"
2026-04-08,"Christian Gonzalez",2.25,"Add final 404 images and replace placeholder text","404 Page Design","From Trello Cards","Columbia University","Columbia Giving"
2026-04-02,"Christian Gonzalez",2.0,"Add extra security to giving form. Fix captcha and change honeypot configuration.","Misc. Support","Misc.","Columbia University","Columbia Giving"
2026-04-01,"Christian Gonzalez",0.5,"Look into and answer single site migration question about redirects","Research","Misc.","Columbia University","Columbia Giving"
2026-03-31,"Christian Gonzalez",0.5,"Answer single site migration questions","Research","Misc.","Columbia University","Columbia Giving"
2026-03-31,"Christian Gonzalez",2.25,"Create custom block for title. Add custom styling for Title and search blocks. Set up new page as 404 in staging.","404 Page","From Trello Cards","Columbia University","Columbia Giving"
2026-03-30,"Christian Gonzalez",3.0,"Add paragraphs and search. Troubleshoot search positioning","404 Page","From Trello Cards","Columbia University","Columbia Giving"
2026-03-27,"Christian Gonzalez",1.5,"Clean up domains for dev and stage in acquia","Acquia Cleanup","From Trello Cards","Columbia University","Columbia Giving"
2026-03-27,"Christian Gonzalez",1.25,"Start setup of 404 template and regions","404 Page","From Trello Cards","Columbia University","Columbia Giving"
2026-03-09,"Christian Gonzalez",1.0,"Look into endowment button contrast issue","ADA Compliance Audit","Misc.","Columbia University","Columbia Giving"
2026-03-06,"Christian Gonzalez",1.75,"Styling fixes and push","Commitment Facts","From Trello Cards","Columbia University","Columbia Giving"
2026-03-05,"Christian Gonzalez",3.5,"Add extra options to facts paragraph and add styling for commitments","Commitment Facts","From Trello Cards","Columbia University","Columbia Giving"
2026-02-27,"Christian Gonzalez",0.5,"March funding oppotunities","Corp & Foundation Funding Opps: misc (Dimitra)","Misc.","Columbia University","Columbia Giving"
2026-02-27,"Christian Gonzalez",4.5,"Look into key facts paragraph. Update facts to match commitment styling","Misc. Support","Misc.","Columbia University","Columbia Giving"
2026-02-25,"Christian Gonzalez",1.0,"Troubleshoot missing DNS for dev/stage environments","Troubleshoot/Adhoc","Misc.","Columbia University","Columbia Giving"
2026-02-20,"Christian Gonzalez",3.25,"Final changes for accessiblity. Tests","ADA Compliance Audit","Misc.","Columbia University","Columbia Giving"
2026-02-16,"Christian Gonzalez",2.25,"Continue work on accessibiliy changes","Giving site design requests","Misc.","Columbia University","Columbia Giving"
2026-02-06,"Christian Gonzalez",2.0,"Start dev on accessibility changes","ADA Compliance Audit","Misc.","Columbia University","Columbia Giving"
2026-02-03,"Christian Gonzalez",2.0,"Look into issues with redirects on commitment pages. Fix and push","Misc. Support","Misc.","Columbia University","Columbia Giving"
2026-01-30,"Christian Gonzalez",1.0,"Match accessibility errors to issues in the theme","ADA Compliance Audit","Misc.","Columbia University","Columbia Giving"
2026-01-29,"Christian Gonzalez",2.0,"Match accessibility errors to issues in the theme","ADA Compliance Audit","Misc.","Columbia University","Columbia Giving"
2026-01-28,"Christian Gonzalez",1.5,"Start reviewing accessibility updates","ADA Compliance Audit","Misc.","Columbia University","Columbia Giving"
2025-12-31,"Christian Gonzalez",0.5,"Take down banners","EOY Giving Banners","Misc.","Columbia University","Columbia Giving"
2025-12-22,"Christian Gonzalez",0.5,"Publish banners","EOY Giving Banners","Misc.","Columbia University","Columbia Giving"
2025-12-16,"Christian Gonzalez",1.5,"Drupal updates","Misc. Support","Misc.","Columbia University","Columbia Giving"
2025-12-16,"Christian Gonzalez",2.5,"Fix local install","Troubleshoot/Adhoc","Misc.","Columbia University","Columbia Giving"
2025-12-11,"Christian Gonzalez",1.5,"End of year banners dev","EOY Giving Banners","Misc.","Columbia University","Columbia Giving"
2025-12-09,"Christian Gonzalez",1.0,"Funding opportunities December","Corp & Foundation Funding Opps: misc (Dimitra)","Misc.","Columbia University","Columbia Giving"
2025-11-19,"Christian Gonzalez",2.0,"Outline steps and estimate turning multisite into single site","Research","Misc.","Columbia University","Columbia Giving"
2025-11-18,"Christian Gonzalez",1.75,"Research on ways to turn Drupal multisite into a single site","Research","Misc.","Columbia University","Columbia Giving"
2025-11-11,"Christian Gonzalez",2.0,"Test and deploy PHP version upgrade","Misc. Support","Misc.","Columbia University","Columbia Giving"
2025-11-10,"Christian Gonzalez",0.5,"add noindex to page","Misc. Support","Misc.","Columbia University","Columbia Giving"
2025-10-31,"Christian Gonzalez",0.5,"Remove banners/popups","GIVING DAY 2025","Misc.","Columbia University","Columbia Giving"
2025-10-29,"Christian Gonzalez",0.5,"November funding opps","Corp & Foundation Funding Opps: misc (Dimitra)","Misc.","Columbia University","Columbia Giving"
2025-10-21,"Christian Gonzalez",2.5,"Research best ways to change site's architecture from multisite to single site","Research","Misc.","Columbia University","Columbia Giving"
2025-10-21,"Christian Gonzalez",1.0,"Post giving day banner changes, deployment and test","GIVING DAY 2025","Misc.","Columbia University","Columbia Giving"
2025-10-20,"Christian Gonzalez",1.0,"Giving day banner changes, deployment and test","GIVING DAY 2025","Misc.","Columbia University","Columbia Giving"
2025-10-15,"Christian Gonzalez",2.75,"Changes to mag banner, enable giving day banners in all sites","GIVING DAY 2025","Misc.","Columbia University","Columbia Giving"
2025-10-14,"Christian Gonzalez",3.0,"Troubleshoot issues with banners/popup host","GIVING DAY 2025","Misc.","Columbia University","Columbia Giving"
2025-10-07,"Christian Gonzalez",1.0,"Acquia solr update","Misc. Support","Misc.","Columbia University","Columbia Giving"
2025-09-30,"Christian Gonzalez",1.5,"Updates to paragraph styling and push","Misc. Support","Misc.","Columbia University","Columbia Giving"
2025-09-26,"Christian Gonzalez",2.0,"Updates to paragraph styling","Misc. Support","Misc.","Columbia University","Columbia Giving"
2025-09-25,"Christian Gonzalez",1.5,"Updates to paragraph styling","Misc. Support","Misc.","Columbia University","Columbia Giving"
2025-09-16,"Christian Gonzalez",4.0,"Look into new homepage, troubleshoot redirect issue and fix CKE5 configuration","Misc. Support","Misc.","Columbia University","Columbia Giving"
2025-09-12,"Christian Gonzalez",1.0,"Push updates","Misc. Support","Misc.","Columbia University","Columbia Giving"
2025-09-11,"Christian Gonzalez",1.5,"Prep for deployment, test a mock deployment in staging","Misc. Support","Misc.","Columbia University","Columbia Giving"
2025-09-08,"Christian Gonzalez",2.0,"Update to paragraph templates and styling","Misc. Support","Misc.","Columbia University","Columbia Giving"
2025-08-27,"Christian Gonzalez",0.5,"Funding opps","Corp & Foundation Funding Opps: misc (Dimitra)","Misc.","Columbia University","Columbia Giving"
2025-07-25,"Christian Gonzalez",1.5,"Add bacck animated hero banners in D10 site","Misc. Support","Misc.","Columbia University","Columbia Giving"
2025-07-24,"Christian Gonzalez",4.0,"Add description to facts, add container to pull quote paragraph, set up in dev and test","Misc. Support","Misc.","Columbia University","Columbia Giving"
2025-07-01,"Christian Gonzalez",0.5,"July funding opps","Corp & Foundation Funding Opps: misc (Dimitra)","Misc.","Columbia University","Columbia Giving"
2025-07-01,"Christian Gonzalez",3.0,"New card paragraph, fix WYSIWYG issue, fix issue with pull quotes on teasers","Misc. Support","Misc.","Columbia University","Columbia Giving"
2025-07-01,"Christian Gonzalez",1.0,"July funding opps","Corp & Foundation Funding Opps: misc (Dimitra)","Misc.","Columbia University","Columbia Giving"
2025-06-30,"Christian Gonzalez",2.0,"Card paragraph","Misc. Support","Misc.","Columbia University","Columbia Giving"
2025-06-25,"Christian Gonzalez",1.25,"Card paragraph","Misc. Support","Misc.","Columbia University","Columbia Giving"
2025-06-16,"Christian Gonzalez",1.25,"Post launch fixes","d10","Misc.","Columbia University","Columbia Giving"
2025-06-13,"Christian Gonzalez",5.0,"Deploy D10 upgrade","d10","Misc.","Columbia University","Columbia Giving"
2025-06-11,"Christian Gonzalez",1.0,"Button changes","Button and Header standardization","Misc.","Columbia University","Columbia Giving"
2025-06-04,"Christian Gonzalez",1.0,"Button changes","Button and Header standardization","Misc.","Columbia University","Columbia Giving"
2025-06-03,"Christian Gonzalez",1.5,"Look into D10 wysiwyg issues","d10","Misc.","Columbia University","Columbia Giving"
2025-05-30,"Christian Gonzalez",0.5,"June funding opportunities","Corp & Foundation Funding Opps: misc (Dimitra)","Misc.","Columbia University","Columbia Giving"
2025-05-15,"Christian Gonzalez",3.5,"Fixes to new styling, test","Button and Header standardization","Misc.","Columbia University","Columbia Giving"
2025-05-14,"Christian Gonzalez",5.0,"Button and header changes","Button and Header standardization","Misc.","Columbia University","Columbia Giving"
2025-05-13,"Christian Gonzalez",1.5,"Button and header changes","Button and Header standardization","Misc.","Columbia University","Columbia Giving"
2025-05-06,"Christian Gonzalez",2.5,"Button styling changes","Button and Header standardization","Misc.","Columbia University","Columbia Giving"
2025-05-06,"Christian Gonzalez",3.0,"testing and bug fixes","d10","Misc.","Columbia University","Columbia Giving"
2025-05-05,"Christian Gonzalez",7.0,"Bug fixes, rewrite javascript, testing","d10","Misc.","Columbia University","Columbia Giving"
2025-05-02,"Christian Gonzalez",7.5,"D10 upgrade final prep work on dev, upgrade and initial testing","d10","Misc.","Columbia University","Columbia Giving"
2025-04-29,"Christian Gonzalez",0.5,"May funding opps","Corp & Foundation Funding Opps: misc (Dimitra)","Misc.","Columbia University","Columbia Giving"
2025-04-22,"Christian Gonzalez",2.5,"More D9 updates, start prep on D10 branch","d10","Misc.","Columbia University","Columbia Giving"
2025-04-21,"Christian Gonzalez",4.25,"Fix composer issues, more D9 updates","d10","Misc.","Columbia University","Columbia Giving"
2025-04-16,"Christian Gonzalez",4.0,"Install new modules needed for D10, fix issues","d10","Misc.","Columbia University","Columbia Giving"
2025-04-15,"Christian Gonzalez",3.75,"Fix custom code that is installed but incompatible with D10","d10","Misc.","Columbia University","Columbia Giving"
2025-04-14,"Christian Gonzalez",4.0,"Fix composer errors, more D9 updates","d10","Misc.","Columbia University","Columbia Giving"
2025-04-11,"Christian Gonzalez",3.25,"D9 updates on dev to prep to D10, remove incompatible modules","d10","Misc.","Columbia University","Columbia Giving"
2025-04-10,"Christian Gonzalez",3.75,"Prep dev for D10 upgrade tests","d10","Misc.","Columbia University","Columbia Giving"
2025-04-09,"Christian Gonzalez",4.0,"Lando troubleshooting","d10","Misc.","Columbia University","Columbia Giving"
2025-03-31,"Christian Gonzalez",2.5,"Lando sync for D10 upgrade, troubleshoot lando issues","d10","Misc.","Columbia University","Columbia Giving"
2025-03-28,"Christian Gonzalez",1.0,"April funding opportunities","Corp & Foundation Funding Opps: misc (Dimitra)","Misc.","Columbia University","Columbia Giving"
2025-03-03,"Christian Gonzalez",0.5,"","Corp & Foundation Funding Opps: misc (Dimitra)","Misc.","Columbia University","Columbia Giving"
2025-02-21,"Christian Gonzalez",0.75,"Push HTTPS redirect","SEO audit","Misc.","Columbia University","Columbia Giving"
2025-02-10,"Christian Gonzalez",3.0,"Research HTTPS redirects on acquia, test and troubleshoot","SEO audit","Misc.","Columbia University","Columbia Giving"
2025-02-07,"Christian Gonzalez",1.5,"Trello items","Troubleshoot/Adhoc","Misc.","Columbia University","Columbia Giving"
2025-02-03,"Christian Gonzalez",1.25,"Look into HTTP/HTTPS issue","SEO audit","Misc.","Columbia University","Columbia Giving"
2025-01-17,"Christian Gonzalez",0.5,"Final set of changes","Animated hero","Misc.","Columbia University","Columbia Giving"
2025-01-15,"Christian Gonzalez",2.5,"Feedback changes and Mockups","Animated hero","Misc.","Columbia University","Columbia Giving"
2025-01-14,"Christian Gonzalez",3.0,"Feedback changes","Animated hero","Misc.","Columbia University","Columbia Giving"
2025-01-08,"Christian Gonzalez",3.0,"Bug fixes and mobile styling","Animated hero","Misc.","Columbia University","Columbia Giving"
2025-01-07,"Christian Gonzalez",2.5,"Templating and styling","Animated hero","Misc.","Columbia University","Columbia Giving"
2025-01-06,"Christian Gonzalez",1.25,"Continue work on backend/styling","Animated hero","Misc.","Columbia University","Columbia Giving"
2025-01-06,"Christian Gonzalez",0.75,"","Corp & Foundation Funding Opps: misc (Dimitra)","Misc.","Columbia University","Columbia Giving"
2025-01-06,"Christian Gonzalez",0.5,"Change footer year to 2025","Misc. Support","Misc.","Columbia University","Columbia Giving"
2025-01-02,"Christian Gonzalez",0.5,"Change homepage hero banner","Misc. Support","Misc.","Columbia University","Columbia Giving"
2026-08-31,"Christian Gonzalez",6.0,"Drupal 11 upgrade. Local testing.","Run Drupal/ plugin updates","To-Dos","Columbia University","Columbia Magazine"
2026-08-24,"Christian Gonzalez",1.25,"Troubleshoot and add SSL certificates","Misc. Support","General","Columbia University","Columbia Magazine"
2026-08-21,"Christian Gonzalez",1.5,"SSL Support","Misc. Support","General","Columbia University","Columbia Magazine"
2026-08-19,"Christian Gonzalez",4.75,"Changes to audio page styling. Tweaks to header, player positioning and overall card styling","Audio Aggregation Page","To-Dos","Columbia University","Columbia Magazine"
2026-08-18,"Christian Gonzalez",3.5,"Tweaks to audio page styling, mobile fixes","Audio Aggregation Page","To-Dos","Columbia University","Columbia Magazine"
2026-08-11,"Christian Gonzalez",2.25,"Drupal updates","Run Drupal/ plugin updates","To-Dos","Columbia University","Columbia Magazine"
2026-08-11,"Christian Gonzalez",1.0,"Look into SSL questions","Misc. Support","General","Columbia University","Columbia Magazine"
2026-07-31,"Christian Gonzalez",2.0,"Style fixes in audio aggregation page","Audio Aggregation Page","To-Dos","Columbia University","Columbia Magazine"
2026-07-23,"Christian Gonzalez",4.25,"Continue dev on audio aggregation page. Bug fixes and positioning","Audio Aggregation Page","To-Dos","Columbia University","Columbia Magazine"
2026-07-22,"Christian Gonzalez",5.0,"Continue dev on player in audio aggregation page, add styling","Audio Aggregation Page","To-Dos","Columbia University","Columbia Magazine"
2026-07-21,"Christian Gonzalez",3.0,"Start dev on embedded player for audio aggregation page","Audio Aggregation Page","To-Dos","Columbia University","Columbia Magazine"
2026-07-17,"Christian Gonzalez",2.5,"Test page speed results, troubleshoot performance variance","Font audit-deactivate unused adobe fonts","To-Dos","Columbia University","Columbia Magazine"
2026-07-16,"Christian Gonzalez",4.0,"Continue dev on page speed optimization","Font audit-deactivate unused adobe fonts","To-Dos","Columbia University","Columbia Magazine"
2026-07-14,"Christian Gonzalez",4.0,"Fix fonts, change and update compiler, audit javascript and image treatment","Font audit-deactivate unused adobe fonts","To-Dos","Columbia University","Columbia Magazine"
2026-07-14,"Christian Gonzalez",1.5,"Start pagespeed optimization dev","Font audit-deactivate unused adobe fonts","To-Dos","Columbia University","Columbia Magazine"
2026-07-13,"Christian Gonzalez",1.5,"Look at Trinity Audio embedded player documentation for the audio aggregation page","Audio Aggregation Page","To-Dos","Columbia University","Columbia Magazine"
2026-06-30,"Christian Gonzalez",1.0,"Set up plan for font optimization and page speed","Font audit-deactivate unused adobe fonts","To-Dos","Columbia University","Columbia Magazine"
2026-06-30,"Christian Gonzalez",2.0,"Set up audio aggregation page, test locally and push to dev","Audio Aggregation Page","To-Dos","Columbia University","Columbia Magazine"
2026-06-19,"Christian Gonzalez",0.5,"Push misc fixes","Misc. Support","General","Columbia University","Columbia Magazine"
2026-06-19,"Christian Gonzalez",1.5,"Fix issues with article's header on scroll in mobile. Merge to master","Misc. Support","General","Columbia University","Columbia Magazine"
2026-06-17,"Christian Gonzalez",2.0,"Fix mobile readmore and author aggregation button. Merge to master and prep to push","Misc. Support","General","Columbia University","Columbia Magazine"
2026-06-17,"Christian Gonzalez",2.0,"Merge master into letters branch, fix conflicts and push","new Letters content type","To-Dos","Columbia University","Columbia Magazine"
2026-06-11,"Christian Gonzalez",2.0,"Fix letters date display, add fallback and test","new Letters content type","To-Dos","Columbia University","Columbia Magazine"
2026-06-04,"Christian Gonzalez",1.0,"Prep and push Drupal updates","Run Drupal/ plugin updates","To-Dos","Columbia University","Columbia Magazine"
2026-05-29,"Christian Gonzalez",2.75,"Fix query string in cards. Add new issue class to past issues. Test with updates","Misc. Support","General","Columbia University","Columbia Magazine"
2026-05-29,"Christian Gonzalez",1.25,"Changes in letters","new Letters content type","To-Dos","Columbia University","Columbia Magazine"
2026-05-28,"Christian Gonzalez",1.5,"Final changes in letters content type","new Letters content type","To-Dos","Columbia University","Columbia Magazine"
2026-05-27,"Christian Gonzalez",1.5,"Look into font optimization","Misc. Support","General","Columbia University","Columbia Magazine"
2026-05-26,"Christian Gonzalez",2.25,"Research custom ad server functionalities","Google Ads mock up","To-Dos","Columbia University","Columbia Magazine"
2026-05-25,"Christian Gonzalez",2.0,"Drupal updates","Site updates","General","Columbia University","Columbia Magazine"
2026-05-21,"Christian Gonzalez",3.25,"Research on ad server","Google Ads mock up","To-Dos","Columbia University","Columbia Magazine"
2026-05-20,"Christian Gonzalez",3.25,"Letters styling changes","new Letters content type","To-Dos","Columbia University","Columbia Magazine"
2026-05-14,"Christian Gonzalez",2.0,"Feedback and styling fixes for letters","new Letters content type","To-Dos","Columbia University","Columbia Magazine"
2026-05-13,"Christian Gonzalez",2.75,"Letters styling changes, remove separators for letters responding to the same article","new Letters content type","To-Dos","Columbia University","Columbia Magazine"
2026-05-12,"Christian Gonzalez",1.25,"Look at internal ads image compression, fixes and tests","Misc. Support","General","Columbia University","Columbia Magazine"
2026-05-08,"Christian Gonzalez",4.25,"Letters template chnages","new Letters content type","To-Dos","Columbia University","Columbia Magazine"
2026-05-06,"Christian Gonzalez",1.5,"Letters styling","new Letters content type","To-Dos","Columbia University","Columbia Magazine"
2026-05-05,"Christian Gonzalez",3.5,"Letters template changes and add it to the issue page","new Letters content type","To-Dos","Columbia University","Columbia Magazine"
2026-05-01,"Christian Gonzalez",1.5,"Fix issue with images on mobile","Misc. Support","General","Columbia University","Columbia Magazine"
2026-05-01,"Christian Gonzalez",1.0,"Fix issue with featured article","MISC site requests.support","To-Dos","Columbia University","Columbia Magazine"
2026-04-22,"Christian Gonzalez",1.25,"Mobile cleanup, final styling fixes and create dummy content for new fields","new Letters content type","To-Dos","Columbia University","Columbia Magazine"
2026-04-21,"Christian Gonzalez",6.0,"Add extra fields to paragraph, styling changes","new Letters content type","To-Dos","Columbia University","Columbia Magazine"
2026-04-20,"Christian Gonzalez",2.0,"Styling","new Letters content type","To-Dos","Columbia University","Columbia Magazine"
2026-04-17,"Christian Gonzalez",1.5,"Add dummy content and test, fix bugs","new Letters content type","To-Dos","Columbia University","Columbia Magazine"
2026-04-16,"Christian Gonzalez",3.0,"Fix styling for letters paragraph","new Letters content type","To-Dos","Columbia University","Columbia Magazine"
2026-04-14,"Christian Gonzalez",4.25,"Change backend config for letters, turn it into paragraph and changes to template","new Letters content type","To-Dos","Columbia University","Columbia Magazine"
2026-04-13,"Christian Gonzalez",3.0,"Styling for letters","new Letters content type","To-Dos","Columbia University","Columbia Magazine"
2026-04-09,"Christian Gonzalez",0.75,"Backup and push updates, accessibility changes and trinity player backend","MISC site requests.support","To-Dos","Columbia University","Columbia Magazine"
2026-04-09,"Christian Gonzalez",1.0,"Merge branches and test updates","MISC site requests.support","To-Dos","Columbia University","Columbia Magazine"
2026-04-09,"Christian Gonzalez",2.0,"Troubleshoot issue with trinity player and test","Add Audio Player to Articles","To-Dos","Columbia University","Columbia Magazine"
2026-04-07,"Christian Gonzalez",4.5,"Create config for letters content type, map it to template and export","new Letters content type","To-Dos","Columbia University","Columbia Magazine"
2026-04-06,"Christian Gonzalez",2.0,"Start templating letters content type","new Letters content type","To-Dos","Columbia University","Columbia Magazine"
2026-03-17,"Christian Gonzalez",2.0,"Push trinity audio to staging, set up and styling tests/changes","Add Audio Player to Articles","To-Dos","Columbia University","Columbia Magazine"
2026-03-16,"Christian Gonzalez",1.5,"Add trinity player to template. Test locally","Add Audio Player to Articles","To-Dos","Columbia University","Columbia Magazine"
2026-03-13,"Christian Gonzalez",3.0,"Drupal updates","Run Drupal/ plugin updates","To-Dos","Columbia University","Columbia Magazine"
2026-03-12,"Christian Gonzalez",2.5,"Set up trinity player","Add Audio Player to Articles","To-Dos","Columbia University","Columbia Magazine"
2026-02-06,"Christian Gonzalez",2.0,"Install DFP module. Research setup","Set up Ad manager account, integrate with GTM","To-Dos","Columbia University","Columbia Magazine"
2026-01-29,"Christian Gonzalez",0.5,"Changes in subscribe banner","Misc. Support","General","Columbia University","Columbia Magazine"
2026-01-28,"Christian Gonzalez",0.75,"Log all changes in spreadsheet","ADA Compliance Audit","To-Dos","Columbia University","Columbia Magazine"
2026-01-23,"Christian Gonzalez",1.25,"Fix another round of warnings","ADA Compliance Audit","To-Dos","Columbia University","Columbia Magazine"
2026-01-22,"Christian Gonzalez",3.75,"Fix most compliance warnings. Troubleshoot duplicate links","ADA Compliance Audit","To-Dos","Columbia University","Columbia Magazine"
2026-01-21,"Christian Gonzalez",1.25,"Look into heading issues","ADA Compliance Audit","To-Dos","Columbia University","Columbia Magazine"
2026-01-20,"Christian Gonzalez",3.25,"Fix all accessibility errors, start looking at warnings","ADA Compliance Audit","To-Dos","Columbia University","Columbia Magazine"
2026-01-13,"Christian Gonzalez",2.5,"Continue review, start dev on errors","ADA Compliance Audit","To-Dos","Columbia University","Columbia Magazine"
2026-01-12,"Christian Gonzalez",1.0,"Start review of accessibility updates","ADA Compliance Audit","To-Dos","Columbia University","Columbia Magazine"
2026-01-08,"Christian Gonzalez",1.0,"Fix PHP 8.3 issue with copyright in custom module","MISC site requests.support","To-Dos","Columbia University","Columbia Magazine"
2025-12-23,"Christian Gonzalez",1.5,"Test styling change for issue template and push","2026 Design updates","To-Dos","Columbia University","Columbia Magazine"
2025-12-22,"Christian Gonzalez",2.5,"Change styling for featured section in issues going forward","2026 Design updates","To-Dos","Columbia University","Columbia Magazine"
2025-12-16,"Christian Gonzalez",1.0,"Install and configure antibot and honeypot for extra security","Add spam protection to ALL form types","To-Dos","Columbia University","Columbia Magazine"
2025-12-16,"Christian Gonzalez",2.0,"Drupal updates","Run Drupal/ plugin updates","To-Dos","Columbia University","Columbia Magazine"
2025-12-04,"Christian Gonzalez",2.5,"Check spam, block offending IPs and add initial form security","Add spam protection to ALL form types","To-Dos","Columbia University","Columbia Magazine"
2025-12-01,"Christian Gonzalez",1.5,"Initial look at form security","Add spam protection to ALL form types","To-Dos","Columbia University","Columbia Magazine"
2025-11-11,"Christian Gonzalez",0.5,"Test and deploy PHP upgrade where needed","Run Drupal/ plugin updates","To-Dos","Columbia University","Columbia Magazine"
2025-10-20,"Christian Gonzalez",0.5,"Troubleshoot issue with ad module","Misc. Support","General","Columbia University","Columbia Magazine"
2025-10-17,"Christian Gonzalez",1.5,"Set up new views using the reactivity fields for the popular posts","Change to Top Stories","To-Dos","Columbia University","Columbia Magazine"
2025-10-07,"Christian Gonzalez",1.0,"Acquia solr updates","Run Drupal/ plugin updates","To-Dos","Columbia University","Columbia Magazine"
2025-10-06,"Christian Gonzalez",3.0,"Troubleshoot issues with new approach using the reactivity plugin, fix, prep and push","Change to Top Stories","To-Dos","Columbia University","Columbia Magazine"
2025-09-22,"Christian Gonzalez",1.75,"Add new module and test updates","Run Drupal/ plugin updates","To-Dos","Columbia University","Columbia Magazine"
2025-09-22,"Christian Gonzalez",1.25,"Refactor top stories","Change to Top Stories","To-Dos","Columbia University","Columbia Magazine"
2025-09-16,"Christian Gonzalez",2.0,"Drupal updates","Run Drupal/ plugin updates","To-Dos","Columbia University","Columbia Magazine"
2025-09-16,"Christian Gonzalez",1.25,"Refactor top stories","Change to Top Stories","To-Dos","Columbia University","Columbia Magazine"
2025-09-15,"Christian Gonzalez",0.5,"Drupal updates","Run Drupal/ plugin updates","To-Dos","Columbia University","Columbia Magazine"
2025-09-15,"Christian Gonzalez",1.0,"","Change to Top Stories","To-Dos","Columbia University","Columbia Magazine"
2025-09-11,"Christian Gonzalez",2.0,"Troubleshoot top stories","Change to Top Stories","To-Dos","Columbia University","Columbia Magazine"
2025-09-08,"Christian Gonzalez",2.0,"Update and test anchor list offset in list page","25 Innovations/ List template","To-Dos","Columbia University","Columbia Magazine"
2025-09-04,"Christian Gonzalez",1.5,"Update list page styling","25 Innovations/ List template","To-Dos","Columbia University","Columbia Magazine"
2025-08-28,"Christian Gonzalez",1.5,"List feature fixes","25 Innovations/ List template","To-Dos","Columbia University","Columbia Magazine"
2025-08-27,"Christian Gonzalez",1.25,"List feature fixes","25 Innovations/ List template","To-Dos","Columbia University","Columbia Magazine"
2025-08-26,"Christian Gonzalez",1.5,"Fix list article in prod, hotfixes to image sizes and captions","25 Innovations/ List template","To-Dos","Columbia University","Columbia Magazine"
2025-08-14,"Christian Gonzalez",4.0,"feature list template styling and pixel pushing","25 Innovations/ List template","To-Dos","Columbia University","Columbia Magazine"
2025-08-13,"Christian Gonzalez",3.0,"Feature list styling","25 Innovations/ List template","To-Dos","Columbia University","Columbia Magazine"
2025-08-12,"Christian Gonzalez",2.5,"Start dev on list feature template and paragraph styling. Add fonts","25 Innovations/ List template","To-Dos","Columbia University","Columbia Magazine"
2025-08-11,"Christian Gonzalez",2.5,"Backend of the list feature template and paragraphs","25 Innovations/ List template","To-Dos","Columbia University","Columbia Magazine"
2025-08-08,"Christian Gonzalez",1.0,"Start list feature dev","25 Innovations/ List template","To-Dos","Columbia University","Columbia Magazine"
2025-07-22,"Christian Gonzalez",0.75,"Look into expanding background of timeline and upcoming list template","Expand feature article template","To-Dos","Columbia University","Columbia Magazine"
2025-07-22,"Christian Gonzalez",2.5,"Fix issue with page dek, look into wysiwyg issues","DEV feedback after Drupal update","To-Dos","Columbia University","Columbia Magazine"
2025-07-16,"Christian Gonzalez",1.0,"Drupal updates","Site updates","General","Columbia University","Columbia Magazine"
2025-07-16,"Christian Gonzalez",2.5,"Fix default image not showing, push","DEV feedback after Drupal update","To-Dos","Columbia University","Columbia Magazine"
2025-06-26,"Christian Gonzalez",3.0,"Drupal updates","Run Drupal/ plugin updates","To-Dos","Columbia University","Columbia Magazine"
2025-06-24,"Christian Gonzalez",0.75,"Update popular posts","MISC site requests.support","To-Dos","Columbia University","Columbia Magazine"
2025-06-12,"Christian Gonzalez",0.75,"Fix ""view all"" positioning","MISC site requests.support","To-Dos","Columbia University","Columbia Magazine"
2025-06-11,"Christian Gonzalez",1.25,"Remove database variables","MISC site requests.support","To-Dos","Columbia University","Columbia Magazine"
2025-06-02,"Christian Gonzalez",1.5,"Deploy updates, test","2025 Design updates","To-Dos","Columbia University","Columbia Magazine"
2025-05-20,"Christian Gonzalez",2.0,"Pixel pushing and final feedback fixes","2025 Design updates","To-Dos","Columbia University","Columbia Magazine"
2025-05-19,"Christian Gonzalez",0.5,"Fix subhead in issue landing page","2025 Design updates","To-Dos","Columbia University","Columbia Magazine"
2025-05-13,"Christian Gonzalez",0.75,"template refactor","2025 Design updates","To-Dos","Columbia University","Columbia Magazine"
2025-05-12,"Christian Gonzalez",2.75,"Fix to font sizes and featured posts spacing, roll back image change in issue","2025 Design updates","To-Dos","Columbia University","Columbia Magazine"
2025-05-09,"Christian Gonzalez",3.0,"test changes to featured article's image in issue page","2025 Design updates","To-Dos","Columbia University","Columbia Magazine"
2025-05-08,"Christian Gonzalez",2.0,"test changes to featured article's image in issue page","2025 Design updates","To-Dos","Columbia University","Columbia Magazine"
2025-05-07,"Christian Gonzalez",4.0,"Styling refresh feedback, test changes to featured article's image in issue page","2025 Design updates","To-Dos","Columbia University","Columbia Magazine"
2025-04-30,"Christian Gonzalez",4.75,"Styling, mobile tweaks, link styling and test","! ADD Timeline capability","To-Dos","Columbia University","Columbia Magazine"
2025-04-29,"Christian Gonzalez",6.25,"Change text styling, pixel pushing and mobile","! ADD Timeline capability","To-Dos","Columbia University","Columbia Magazine"
2025-04-28,"Christian Gonzalez",6.75,"Change template and layout styling to fix image positioning, add header section","! ADD Timeline capability","To-Dos","Columbia University","Columbia Magazine"
2025-04-28,"Christian Gonzalez",0.5,"Change banner image","Top banner","To-Dos","Columbia University","Columbia Magazine"
2025-04-25,"Christian Gonzalez",4.25,"Fix image field, styling","! ADD Timeline capability","To-Dos","Columbia University","Columbia Magazine"
2025-04-24,"Christian Gonzalez",5.0,"Fix fields, start initial styling","! ADD Timeline capability","To-Dos","Columbia University","Columbia Magazine"
2025-04-23,"Christian Gonzalez",3.75,"Paragraph field setup and initial templating","! ADD Timeline capability","To-Dos","Columbia University","Columbia Magazine"
2025-04-22,"Christian Gonzalez",2.5,"Timeline prep","! ADD Timeline capability","To-Dos","Columbia University","Columbia Magazine"
2025-04-10,"Christian Gonzalez",3.0,"Troubleshoot focal point with GIFs","MISC site requests.support","To-Dos","Columbia University","Columbia Magazine"
2025-04-09,"Christian Gonzalez",2.0,"Fix edit buttons being hidden when the new banner is up, troubleshoot focal point with GIFs","MISC site requests.support","To-Dos","Columbia University","Columbia Magazine"
2025-04-09,"Christian Gonzalez",2.75,"Logo sizing changes, mobile header/footer adjustments","2025 Design updates","To-Dos","Columbia University","Columbia Magazine"
2025-04-03,"Christian Gonzalez",2.5,"Changes to header/footer","2025 Design updates","To-Dos","Columbia University","Columbia Magazine"
2025-04-01,"Christian Gonzalez",2.0,"Merge D10 upgrade into styling updates changes","2025 Design updates","To-Dos","Columbia University","Columbia Magazine"
2025-03-27,"Christian Gonzalez",2.0,"Set up D9 copy on dev, prep prod for D10 and push live","Drupal 10 upgrade","To-Dos","Columbia University","Columbia Magazine"
2025-03-27,"Christian Gonzalez",5.0,"Fix image sizes, padding and look into CKE errors","Drupal 10 upgrade","To-Dos","Columbia University","Columbia Magazine"
2025-03-26,"Christian Gonzalez",0.75,"Set up staging for D10 upgrade","Drupal 10 upgrade","To-Dos","Columbia University","Columbia Magazine"
2025-03-18,"Christian Gonzalez",3.25,"Fix issue on article teaser display","Drupal 10 upgrade","To-Dos","Columbia University","Columbia Magazine"
2025-03-14,"Christian Gonzalez",4.0,"Corrections, embed with GTM and tests","Top banner","To-Dos","Columbia University","Columbia Magazine"
2025-03-13,"Christian Gonzalez",5.5,"Set up new banner on Vercel, prep embed code and styling","Top banner","To-Dos","Columbia University","Columbia Magazine"
2025-03-07,"Christian Gonzalez",2.5,"Corrections to the styling updates","2025 Design updates","To-Dos","Columbia University","Columbia Magazine"
2025-03-06,"Christian Gonzalez",3.5,"Corrections to styling updates","2025 Design updates","To-Dos","Columbia University","Columbia Magazine"
2025-02-26,"Christian Gonzalez",4.0,"Pull prod, run upgrades and troubleshoot with PHP 8.1","Drupal 10 upgrade","To-Dos","Columbia University","Columbia Magazine"
2025-02-25,"Christian Gonzalez",3.0,"Troubleshoot PHP version issues and continue troubleshooting twig extension","Drupal 10 upgrade","To-Dos","Columbia University","Columbia Magazine"
2025-02-21,"Christian Gonzalez",3.0,"Troubleshoot issues","Drupal 10 upgrade","To-Dos","Columbia University","Columbia Magazine"
2025-02-20,"Christian Gonzalez",1.25,"Look into 50X errors","MISC site requests.support","To-Dos","Columbia University","Columbia Magazine"
2025-02-19,"Christian Gonzalez",1.0,"Troubleshoot issues","Drupal 10 upgrade","To-Dos","Columbia University","Columbia Magazine"
2025-02-18,"Christian Gonzalez",2.5,"Troubleshoot issues","Drupal 10 upgrade","To-Dos","Columbia University","Columbia Magazine"
2025-02-14,"Christian Gonzalez",2.0,"Fixes and code refactoring","2025 Design updates","To-Dos","Columbia University","Columbia Magazine"
2025-02-13,"Christian Gonzalez",5.0,"Flyout menu rework and mobile styling","2025 Design updates","To-Dos","Columbia University","Columbia Magazine"
2025-02-12,"Christian Gonzalez",2.5,"Global styling changes and start of the new flyout menu changes","2025 Design updates","To-Dos","Columbia University","Columbia Magazine"
2025-02-11,"Christian Gonzalez",3.5,"New header and footer changes","2025 Design updates","To-Dos","Columbia University","Columbia Magazine"
2025-02-06,"Christian Gonzalez",5.0,"Misc fixes and pixel pushing for issues and categories","2025 Design updates","To-Dos","Columbia University","Columbia Magazine"
2025-02-05,"Christian Gonzalez",3.0,"Mobile style updates","2025 Design updates","To-Dos","Columbia University","Columbia Magazine"
2025-02-04,"Christian Gonzalez",4.5,"Revert issues template change. Rework issues landing page styling","2025 Design updates","To-Dos","Columbia University","Columbia Magazine"
2025-02-03,"Christian Gonzalez",1.5,"Continue troubleshooting D10 upgrade","Drupal 10 upgrade","To-Dos","Columbia University","Columbia Magazine"
2025-02-03,"Christian Gonzalez",4.5,"Template tests and styling updates","2025 Design updates","To-Dos","Columbia University","Columbia Magazine"
2025-01-31,"Christian Gonzalez",2.0,"D10 upgrade troubleshoot","Drupal 10 upgrade","To-Dos","Columbia University","Columbia Magazine"
2025-01-31,"Christian Gonzalez",2.0,"Design refresh dev","2025 Design updates","To-Dos","Columbia University","Columbia Magazine"
2025-01-30,"Christian Gonzalez",0.75,"Design refresh dev","2025 Design updates","To-Dos","Columbia University","Columbia Magazine"
2025-01-30,"Christian Gonzalez",2.5,"D10 upgrade troubleshoot","Drupal 10 upgrade","To-Dos","Columbia University","Columbia Magazine"
2025-01-28,"Christian Gonzalez",3.0,"Design updates","2025 Design updates","To-Dos","Columbia University","Columbia Magazine"
2025-01-27,"Christian Gonzalez",2.5,"Start work on design updates","2025 Design updates","To-Dos","Columbia University","Columbia Magazine"
2025-01-06,"Christian Gonzalez",1.0,"Change footer year to 2025","Misc. Support","General","Columbia University","Columbia Magazine"
2026-05-20,"Christian Gonzalez",0.75,"Create testing checklist for single site migration","Multi to Single site migration","Migration","Columbia University","Giving: Multi to Single site migration"
2026-05-11,"Christian Gonzalez",3.0,"Troubleshoot issue with images and file directory","Multi to Single site migration","Migration","Columbia University","Giving: Multi to Single site migration"
2026-05-08,"Christian Gonzalez",2.0,"Single site testing in dev","Multi to Single site migration","Migration","Columbia University","Giving: Multi to Single site migration"
2026-05-07,"Christian Gonzalez",4.0,"Finishing single site migration locally, push to dev for testing","Multi to Single site migration","Migration","Columbia University","Giving: Multi to Single site migration"
2026-05-06,"Christian Gonzalez",2.5,"D11 research","Drupal 11 upgrade","Migration","Columbia University","Giving: Multi to Single site migration"
2026-05-04,"Christian Gonzalez",2.5,"Start work on D11 upgrade locally","Drupal 11 upgrade","Migration","Columbia University","Giving: Multi to Single site migration"
2026-04-30,"Christian Gonzalez",2.0,"Bug fixes, continue testing. Start prep for pushing to dev/stage and testing in the server","Multi to Single site migration","Migration","Columbia University","Giving: Multi to Single site migration"
2026-04-29,"Christian Gonzalez",5.75,"Test single site, change lando file. Fix issues with images","Multi to Single site migration","Migration","Columbia University","Giving: Multi to Single site migration"
2026-04-28,"Christian Gonzalez",5.0,"Changes in the setting.php, remove sites.php and move giving site to default directory on drupal","Multi to Single site migration","Migration","Columbia University","Giving: Multi to Single site migration"
2026-04-27,"Christian Gonzalez",3.0,"Finish troubleshooting local setup, make changes in the filesystem and test","Multi to Single site migration","Migration","Columbia University","Giving: Multi to Single site migration"
2026-04-23,"Christian Gonzalez",3.0,"Backup site and pull latest database. Troubleshoot local setup","Multi to Single site migration","Migration","Columbia University","Giving: Multi to Single site migration"
2026-08-21,"Christian Gonzalez",1.5,"Help troubleshoot issues on the Humac menu","Build new HUMAC INSIGHT Product Page","Misc.","CSMi","Retainer"
2026-06-01,"Christian Gonzalez",0.5,"Huddle with Adam about hosting extra site in WPE","Setup testmyknee.org in WPEngine and point domain","Misc.","CSMi","Retainer"
2026-04-27,"Christian Gonzalez",2.0,"Push header changes. Fix issue with products in new low-width desktop header","Misc. Support","Misc.","CSMi","Tactical Marketing Support"
2026-04-24,"Christian Gonzalez",4.0,"Test changes to fit SportsWare header in new breakpoints. Remove button in desktop and mobile subnavs. Styling","Misc. Support","Misc.","CSMi","Tactical Marketing Support"
2026-04-23,"Christian Gonzalez",1.5,"Style header to fit in extra breakpoint","Misc. Support","Misc.","CSMi","Tactical Marketing Support"
2026-04-22,"Christian Gonzalez",0.5,"Fix max-height in mobile menu items","Misc. Support","Misc.","CSMi","Tactical Marketing Support"
2026-04-20,"Christian Gonzalez",1.25,"Get missing files","Check for files and assets that are hosted OUTSIDE of the WP directories","Hosting Setup & Website Migration","CSMi","Tactical Marketing Support"
2026-04-15,"Christian Gonzalez",1.25,"Fix mobile menu borders and gaps","Misc. Support","Misc.","CSMi","Tactical Marketing Support"
2026-04-15,"Christian Gonzalez",1.5,"Push site live, troubleshoot captcha issue","Misc. Support","Misc.","CSMi","Tactical Marketing Support"
2026-04-15,"Christian Gonzalez",1.75,"Test wpengine redirect rule using wpengine humac dev and csmistage","Configure 301 redirects to preserve SEO and eliminate broken links.","Hosting Setup & Website Migration","CSMi","Tactical Marketing Support"
2026-04-15,"Christian Gonzalez",1.0,"Try backing up humac and sportswear sites","Re-migration of Humac and Sportsware sites for backups","Hosting Setup & Website Migration","CSMi","Tactical Marketing Support"
2026-04-06,"Christian Gonzalez",1.0,"Create missing pages in elementor","Rebuild pages using Section Express Elementor Components","Website Restructuring & Navigation Refresh","CSMi","Tactical Marketing Support"
2026-04-06,"Christian Gonzalez",0.5,"Rebuild 2 missing pages to the elementor templates","Rebuild pages using Section Express Elementor Components","Website Restructuring & Navigation Refresh","CSMi","Tactical Marketing Support"
2026-03-27,"Christian Gonzalez",2.75,"Fix footer in all the new rebuilt pages, troubleshoot missing header","Rebuild pages using Section Express Elementor Components","Website Restructuring & Navigation Refresh","CSMi","Tactical Marketing Support"
2026-03-26,"Christian Gonzalez",5.0,"Rebuild templates using elementor components","Rebuild pages using Section Express Elementor Components","Website Restructuring & Navigation Refresh","CSMi","Tactical Marketing Support"
2026-03-25,"Christian Gonzalez",2.5,"Rebuild pages using Elementor templates","Rebuild pages using Section Express Elementor Components","Website Restructuring & Navigation Refresh","CSMi","Tactical Marketing Support"
2026-03-04,"Christian Gonzalez",0.75,"Add list styling globally","Misc. Support","Misc.","CSMi","Tactical Marketing Support"
2026-03-02,"Christian Gonzalez",0.75,"Troubleshoot and fix missing header/navs","*Blog detail pages are missing header/nav","Website Restructuring & Navigation Refresh","CSMi","Tactical Marketing Support"
2026-03-02,"Christian Gonzalez",0.5,"Fix blog styling","*Blog landing page needs font size adjustments (title is smaller than description, decrease description text site)","Website Restructuring & Navigation Refresh","CSMi","Tactical Marketing Support"
2026-03-02,"Christian Gonzalez",0.5,"Add divi code back to broken layour page","*SportWare: Who's it For page layout broken","Website Restructuring & Navigation Refresh","CSMi","Tactical Marketing Support"
2026-03-02,"Christian Gonzalez",1.25,"Change redirection approach, add preprocess to redirect if the page exists.","Create redirects to resolve the move to the /humac /sportsware URL structure","Website Restructuring & Navigation Refresh","CSMi","Tactical Marketing Support"
2026-02-26,"Christian Gonzalez",0.5,"Troubleshoot issue with missing header on blog pages","*Blog detail pages are missing header/nav","Website Restructuring & Navigation Refresh","CSMi","Tactical Marketing Support"
2026-02-26,"Christian Gonzalez",1.5,"Start work on contact us page","*Create new ""Contact Us"" page","Website Restructuring & Navigation Refresh","CSMi","Tactical Marketing Support"
2026-02-26,"Christian Gonzalez",3.5,"Compare merged site to sitemap. Fix issues/bugs","Consolidate SportsWareOnline and Extremity content under CSMiSolutions.com, reinforcing core brand differentiators throughout the site.","Website Restructuring & Navigation Refresh","CSMi","Tactical Marketing Support"
2026-02-24,"Christian Gonzalez",2.5,"Tests, bug fixes","Consolidate SportsWareOnline and Extremity content under CSMiSolutions.com, reinforcing core brand differentiators throughout the site.","Website Restructuring & Navigation Refresh","CSMi","Tactical Marketing Support"
2026-02-19,"Christian Gonzalez",2.25,"Add code to handle bugs/issues with merged site","Consolidate SportsWareOnline and Extremity content under CSMiSolutions.com, reinforcing core brand differentiators throughout the site.","Website Restructuring & Navigation Refresh","CSMi","Tactical Marketing Support"
2026-02-18,"Christian Gonzalez",2.0,"Add CSS to override divi stlying. Tests","Consolidate SportsWareOnline and Extremity content under CSMiSolutions.com, reinforcing core brand differentiators throughout the site.","Website Restructuring & Navigation Refresh","CSMi","Tactical Marketing Support"
2026-02-17,"Christian Gonzalez",2.0,"Fix issues with humac subhead","Adding the new header/nav to merged dev site","Website Restructuring & Navigation Refresh","CSMi","Tactical Marketing Support"
2026-02-17,"Christian Gonzalez",3.0,"Add CSS to override existing divi styling","Consolidate SportsWareOnline and Extremity content under CSMiSolutions.com, reinforcing core brand differentiators throughout the site.","Website Restructuring & Navigation Refresh","CSMi","Tactical Marketing Support"
2026-02-16,"Christian Gonzalez",3.0,"Fix bugs on imported headers/homepage","Adding the new header/nav to merged dev site","Website Restructuring & Navigation Refresh","CSMi","Tactical Marketing Support"
2026-02-12,"Christian Gonzalez",2.0,"Add headers to merged site","Adding the new header/nav to merged dev site","Website Restructuring & Navigation Refresh","CSMi","Tactical Marketing Support"
2026-02-12,"Christian Gonzalez",1.75,"Move homepage to merged site","Add new homepage to merged dev site","Website Restructuring & Navigation Refresh","CSMi","Tactical Marketing Support"
2026-02-05,"Christian Gonzalez",6.5,"Fix merge issues, consolidate deployment process and deploy merged site to dev environment","Consolidate SportsWareOnline and Extremity content under CSMiSolutions.com, reinforcing core brand differentiators throughout the site.","Website Restructuring & Navigation Refresh","CSMi","Tactical Marketing Support"
2026-02-04,"Christian Gonzalez",3.25,"Troubleshoot merge issues","Consolidate SportsWareOnline and Extremity content under CSMiSolutions.com, reinforcing core brand differentiators throughout the site.","Website Restructuring & Navigation Refresh","CSMi","Tactical Marketing Support"
2026-02-03,"Christian Gonzalez",6.0,"Locally merge sites, debug and test","Consolidate SportsWareOnline and Extremity content under CSMiSolutions.com, reinforcing core brand differentiators throughout the site.","Website Restructuring & Navigation Refresh","CSMi","Tactical Marketing Support"
2026-02-02,"Christian Gonzalez",3.5,"Pull all sites locally, start tests for merge","Consolidate SportsWareOnline and Extremity content under CSMiSolutions.com, reinforcing core brand differentiators throughout the site.","Website Restructuring & Navigation Refresh","CSMi","Tactical Marketing Support"
2026-01-30,"Christian Gonzalez",1.75,"Research merge and plan","Consolidate SportsWareOnline and Extremity content under CSMiSolutions.com, reinforcing core brand differentiators throughout the site.","Website Restructuring & Navigation Refresh","CSMi","Tactical Marketing Support"
2026-01-27,"Christian Gonzalez",2.25,"Finish pulling sites and testing local installs","Consolidate SportsWareOnline and Extremity content under CSMiSolutions.com, reinforcing core brand differentiators throughout the site.","Website Restructuring & Navigation Refresh","CSMi","Tactical Marketing Support"
2026-01-26,"Christian Gonzalez",4.5,"Pull sites to test merging","Consolidate SportsWareOnline and Extremity content under CSMiSolutions.com, reinforcing core brand differentiators throughout the site.","Website Restructuring & Navigation Refresh","CSMi","Tactical Marketing Support"
2026-01-23,"Christian Gonzalez",1.5,"Header feedback changes","Design and implement a megamenu navigation structure with distinct sections for: Extremity Products, SportsWareOnline, Resources, and Customer Support.","Website Restructuring & Navigation Refresh","CSMi","Tactical Marketing Support"
2026-01-22,"Christian Gonzalez",1.5,"Header feedback changes","Design and implement a megamenu navigation structure with distinct sections for: Extremity Products, SportsWareOnline, Resources, and Customer Support.","Website Restructuring & Navigation Refresh","CSMi","Tactical Marketing Support"
2026-01-19,"Christian Gonzalez",2.25,"Humac subheader dev","Design and implement a megamenu navigation structure with distinct sections for: Extremity Products, SportsWareOnline, Resources, and Customer Support.","Website Restructuring & Navigation Refresh","CSMi","Tactical Marketing Support"
2026-01-16,"Christian Gonzalez",3.0,"Humac subheader dev","Design and implement a megamenu navigation structure with distinct sections for: Extremity Products, SportsWareOnline, Resources, and Customer Support.","Website Restructuring & Navigation Refresh","CSMi","Tactical Marketing Support"
2026-01-15,"Christian Gonzalez",6.0,"Humac subheader dev","Design and implement a megamenu navigation structure with distinct sections for: Extremity Products, SportsWareOnline, Resources, and Customer Support.","Website Restructuring & Navigation Refresh","CSMi","Tactical Marketing Support"
2025-11-20,"Christian Gonzalez",1.0,"Double encoding fix","Dev","Retainer","Dartmouth College","D10 & Site Design Update"
2025-11-17,"Christian Gonzalez",1.25,"Fix issue with pages with no dek, fix sidebar links","Dev","Retainer","Dartmouth College","D10 & Site Design Update"
2025-11-13,"Christian Gonzalez",0.75,"Troubleshoot issues with Trinity audio","Dev","Retainer","Dartmouth College","D10 & Site Design Update"
2025-11-12,"Christian Gonzalez",0.5,"Push plain text changes","Dev","Retainer","Dartmouth College","D10 & Site Design Update"
2025-11-06,"Christian Gonzalez",0.5,"Merge plain text HTML changes to master","Dev","Retainer","Dartmouth College","D10 & Site Design Update"
2025-10-31,"Christian Gonzalez",3.5,"Allow tags in plain text fields, tests","Post Launch","Drupal 10 Migration","Dartmouth College","D10 & Site Design Update"
2025-10-28,"Christian Gonzalez",0.75,"Fix twitter metatags","Post Launch","Drupal 10 Migration","Dartmouth College","D10 & Site Design Update"
2025-10-24,"Christian Gonzalez",2.75,"Changes to view/template for more articles, test and push","Related Articles","Retainer","Dartmouth College","D10 & Site Design Update"
2025-10-23,"Christian Gonzalez",2.25,"Fix permission issue with alumni books","Post Launch","Drupal 10 Migration","Dartmouth College","D10 & Site Design Update"
2025-10-23,"Christian Gonzalez",1.5,"Start troubleshooting more articles bug","Related Articles","Retainer","Dartmouth College","D10 & Site Design Update"
2025-09-25,"Christian Gonzalez",1.0,"Add and test X metatags","Post Launch","Drupal 10 Migration","Dartmouth College","D10 & Site Design Update"
2025-09-17,"Christian Gonzalez",2.5,"QA","Development","Drupal 10 Migration","Dartmouth College","D10 & Site Design Update"
2025-09-16,"Christian Gonzalez",1.5,"QA","Development","Drupal 10 Migration","Dartmouth College","D10 & Site Design Update"
2025-09-15,"Christian Gonzalez",4.75,"QA","Development","Drupal 10 Migration","Dartmouth College","D10 & Site Design Update"
2025-09-10,"Christian Gonzalez",2.5,"QA","Development","Drupal 10 Migration","Dartmouth College","D10 & Site Design Update"
2025-09-09,"Christian Gonzalez",3.0,"QA","Development","Drupal 10 Migration","Dartmouth College","D10 & Site Design Update"
2025-09-08,"Christian Gonzalez",1.5,"QA and troubleshoot token issue","Development","Drupal 10 Migration","Dartmouth College","D10 & Site Design Update"
2025-09-05,"Christian Gonzalez",3.0,"QA","Development","Drupal 10 Migration","Dartmouth College","D10 & Site Design Update"
2025-09-03,"Christian Gonzalez",2.5,"QA","Development","Drupal 10 Migration","Dartmouth College","D10 & Site Design Update"
2025-09-02,"Christian Gonzalez",4.0,"Theme development","Development","Drupal 10 Migration","Dartmouth College","D10 & Site Design Update"
2025-08-29,"Christian Gonzalez",3.0,"QA Items","QA","Drupal 10 Migration","Dartmouth College","D10 & Site Design Update"
2025-08-28,"Christian Gonzalez",3.0,"QA Items","QA","Drupal 10 Migration","Dartmouth College","D10 & Site Design Update"
2025-08-27,"Christian Gonzalez",2.5,"QA Items","QA","Drupal 10 Migration","Dartmouth College","D10 & Site Design Update"
2025-08-26,"Christian Gonzalez",3.0,"QA Items","QA","Drupal 10 Migration","Dartmouth College","D10 & Site Design Update"
2025-08-25,"Christian Gonzalez",3.0,"QA Items","QA","Drupal 10 Migration","Dartmouth College","D10 & Site Design Update"
2025-08-08,"Christian Gonzalez",2.0,"QA Items","QA","Drupal 10 Migration","Dartmouth College","D10 & Site Design Update"
2025-08-06,"Christian Gonzalez",2.0,"Troubleshoot login issues","Development","Drupal 10 Migration","Dartmouth College","D10 & Site Design Update"
2025-08-01,"Christian Gonzalez",4.5,"Class notes, obits and QA items","Development","Drupal 10 Migration","Dartmouth College","D10 & Site Design Update"
2025-07-31,"Christian Gonzalez",5.5,"Change the class year view to show the latest class note for every class year","Development","Drupal 10 Migration","Dartmouth College","D10 & Site Design Update"
2025-07-30,"Christian Gonzalez",1.0,"Continue obits/class notes dev","Development","Drupal 10 Migration","Dartmouth College","D10 & Site Design Update"
2025-07-29,"Christian Gonzalez",1.5,"Continue obits/class notes dev","Development","Drupal 10 Migration","Dartmouth College","D10 & Site Design Update"
2025-07-28,"Christian Gonzalez",2.0,"Continue dev in class notes and obits","Development","Drupal 10 Migration","Dartmouth College","D10 & Site Design Update"
2025-07-25,"Christian Gonzalez",3.0,"Add custom module to change the class year filter to accept decades","Development","Drupal 10 Migration","Dartmouth College","D10 & Site Design Update"
2025-07-22,"Christian Gonzalez",2.0,"Add custom module to change the class year filter to accept decades","Development","Drupal 10 Migration","Dartmouth College","D10 & Site Design Update"
2025-07-18,"Christian Gonzalez",1.0,"Add custom js to decade filters","Development","Drupal 10 Migration","Dartmouth College","D10 & Site Design Update"
2025-07-17,"Christian Gonzalez",2.0,"Look into decade filters","Development","Drupal 10 Migration","Dartmouth College","D10 & Site Design Update"
2025-07-11,"Christian Gonzalez",3.5,"Continue work on class notes and obits","Development","Drupal 10 Migration","Dartmouth College","D10 & Site Design Update"
2025-07-10,"Christian Gonzalez",4.0,"Continue dev on obitss and class notes teasers and views, continue troubleshooting lando","Development","Drupal 10 Migration","Dartmouth College","D10 & Site Design Update"
2025-07-09,"Christian Gonzalez",1.5,"Troubleshoot issues with class notes and obit filters in class year page","Development","Drupal 10 Migration","Dartmouth College","D10 & Site Design Update"
2025-07-04,"Christian Gonzalez",1.5,"Troubleshoot issues with Lando","Development","Drupal 10 Migration","Dartmouth College","D10 & Site Design Update"
2025-07-03,"Christian Gonzalez",0.75,"Call with Kyle for theme walkthrough","Meetings & Calls","Drupal 10 Migration","Dartmouth College","D10 & Site Design Update"
2025-07-02,"Christian Gonzalez",2.0,"Pull site through Lando","Development","Drupal 10 Migration","Dartmouth College","D10 & Site Design Update"
2025-04-22,"Christian Gonzalez",0.5,"Review theme's rendered homepage progress","Project Management","Drupal 10 Migration","Dartmouth College","D10 & Site Design Update"
2025-04-21,"Christian Gonzalez",1.5,"Review theme build","Project Management","Drupal 10 Migration","Dartmouth College","D10 & Site Design Update"
2025-04-15,"Christian Gonzalez",0.5,"Review progress on D10 migration","Project Management","Drupal 10 Migration","Dartmouth College","D10 & Site Design Update"
2025-01-21,"Christian Gonzalez",1.0,"Content migration research","Migration","Drupal 10 Migration","Dartmouth College","D10 & Site Design Update"
2025-01-20,"Christian Gonzalez",1.25,"Content migration research","Migration","Drupal 10 Migration","Dartmouth College","D10 & Site Design Update"
2025-01-09,"Christian Gonzalez",1.75,"Troubleshoot local errors, test content migration","Migration","Drupal 10 Migration","Dartmouth College","D10 & Site Design Update"
2025-01-08,"Christian Gonzalez",1.5,"Content migration research","Migration","Drupal 10 Migration","Dartmouth College","D10 & Site Design Update"
2025-01-15,"Christian Gonzalez",2.25,"Fix table of contents mobile view, push to prod","Misc. Support","2024","Dartmouth College","Misc. updates"
2026-06-25,"Christian Gonzalez",2.5,"Fix Seen & Heard image size, fix italics in books. Merge changes into master","Misc.","Trello To-dos","Dartmouth College","Monthly Retainer"
2026-06-15,"Christian Gonzalez",0.5,"Test scheduler in multidev, push to master","APR: Scheduler","Trello To-dos","Dartmouth College","Monthly Retainer"
2026-06-02,"Christian Gonzalez",2.5,"Add toggle to hide book's featured image, set articles as draft by default","Misc.","Trello To-dos","Dartmouth College","Monthly Retainer"
2026-05-21,"Christian Gonzalez",1.5,"Look for <em> tags in views, fix","Misc.","Trello To-dos","Dartmouth College","Monthly Retainer"
2026-05-14,"Christian Gonzalez",2.0,"Create custom module to extend the scheduler functionality","APR: Scheduler","Trello To-dos","Dartmouth College","Monthly Retainer"
2026-05-04,"Christian Gonzalez",1.25,"Make all content types and taxonomy items save as a draft by default","APR: Articles draft as default","Trello To-dos","Dartmouth College","Monthly Retainer"
2026-04-20,"Christian Gonzalez",1.75,"Look into fixing scheduler to add articles to the homepage","APR: Scheduler","Trello To-dos","Dartmouth College","Monthly Retainer"
2026-04-17,"Christian Gonzalez",0.5,"Fix <em> tag appearing on search","MAR: Search","Trello To-dos","Dartmouth College","Monthly Retainer"
2026-03-25,"Christian Gonzalez",2.0,"Troubleshoot issues, fix. Change styling of load more pagination.","MAR: Search","Trello To-dos","Dartmouth College","Monthly Retainer"
2026-03-24,"Christian Gonzalez",2.5,"Add extra content types to search index, change results weight","MAR: Search","Trello To-dos","Dartmouth College","Monthly Retainer"
2026-03-20,"Christian Gonzalez",1.0,"Look for &nbsp; in database and fix in the CMS","MAR: Fix &NBSP;","Trello To-dos","Dartmouth College","Monthly Retainer"
2026-03-18,"Christian Gonzalez",1.5,"Troubleshoot search issue and fix no results text","MAR: Search","Trello To-dos","Dartmouth College","Monthly Retainer"
2026-03-05,"Christian Gonzalez",1.25,"Add field to hide archive in Issue taxonomy","MAR: Toggle to hide Archive link","Trello To-dos","Dartmouth College","Monthly Retainer"
2026-01-16,"Christian Gonzalez",2.0,"Hide button from newest issue. Remove sidebar from newest issue.","Misc.","Trello To-dos","Dartmouth College","Monthly Retainer"
2025-12-19,"Christian Gonzalez",2.0,"Fix italics in captions","Misc.","Trello To-dos","Dartmouth College","Monthly Retainer"
2025-12-04,"Christian Gonzalez",0.75,"Look into nbsp issue in class note","Misc.","Trello To-dos","Dartmouth College","Monthly Retainer"
2025-08-08,"Christian Gonzalez",1.25,"Troubleshoot styling issues","Misc. Support","Misc.","EforAll","Restructuring for National Expansion"
2025-05-30,"Christian Gonzalez",3.75,"Nav/header updates. Reverse engineer the theme to find where to add custom code","Implement header/nav updates","4. Navigation & Menu Updates","EforAll","Restructuring for National Expansion"
2025-05-29,"Christian Gonzalez",2.0,"Pull down local version, troubleshoot issues with infinite loading on local","Implement header/nav updates","4. Navigation & Menu Updates","EforAll","Restructuring for National Expansion"
2026-06-12,"Christian Gonzalez",0.5,"Troubleshoot issue with image sizes","Misc. Support","Misc.","EforAll","Retainer"
2026-06-02,"Christian Gonzalez",3.0,"Huddle with Kyle and Adam. Test issue with form submission","Internal testing","Dev","Enel NA","DR Calculator"
2025-12-01,"Christian Gonzalez",0.5,"Help with translations","Translations","Dev","GiggleFiber","Retainer"
2025-11-26,"Christian Gonzalez",3.0,"Help with QA and styling","Implementation of Pricing Cards component (dark)","Dev","GiggleFiber","Retainer"
2026-03-03,"Christian Gonzalez",0.75,"Changes and Javascript/CSS for the FAQ block","Create sticky sidebar FAQ on blog template","Retainer Tasks","Gray Associates","Services Retainer"
2025-11-21,"Christian Gonzalez",0.5,"Security training","Security Training: Monthly","Misc.","Lexia Learning","Lexia Learning Retainer"
2025-10-22,"Christian Gonzalez",1.0,"October security training","Security Training: Monthly","Misc.","Lexia Learning","Lexia Learning Retainer"
2025-09-23,"Christian Gonzalez",0.5,"September security training","Security Training: Monthly","Misc.","Lexia Learning","Lexia Learning Retainer"
2025-09-22,"Christian Gonzalez",1.0,"Troubleshoot VDI access issues","Account/Project Management","Misc.","Lexia Learning","Lexia Learning Retainer"
2025-09-19,"Christian Gonzalez",2.75,"Troubleshoot issues with pressroom","Media hub / Press Room landing page","Running To-Do List","Lexia Learning","Lexia Learning Retainer"
2025-09-18,"Christian Gonzalez",2.0,"Look into API","Misc. Support","Misc.","Lexia Learning","Lexia Learning Retainer"
2025-08-29,"Christian Gonzalez",4.0,"Publish press room","New Landing page","Misc.","Lexia Learning","Lexia Learning Retainer"
2025-08-22,"Christian Gonzalez",7.0,"New content type, templates and widget. Add sample content and test. Finish setting up the press room landing page","New Landing page","Misc.","Lexia Learning","Lexia Learning Retainer"
2025-08-21,"Christian Gonzalez",4.5,"Changes to split bio widget and start work on new content type","New Landing page","Misc.","Lexia Learning","Lexia Learning Retainer"
2025-08-20,"Christian Gonzalez",2.0,"Press room changes","New Landing page","Misc.","Lexia Learning","Lexia Learning Retainer"
2025-08-20,"Christian Gonzalez",1.0,"","Security Training: Monthly","Misc.","Lexia Learning","Lexia Learning Retainer"
2025-08-13,"Christian Gonzalez",1.5,"Look into press room changes","New Landing page","Misc.","Lexia Learning","Lexia Learning Retainer"
2025-08-06,"Christian Gonzalez",1.25,"Finish changes to landing page background","Misc. Support","Misc.","Lexia Learning","Lexia Learning Retainer"
2025-08-04,"Christian Gonzalez",1.5,"Changes to landing page background","Misc. Support","Misc.","Lexia Learning","Lexia Learning Retainer"
2025-07-22,"Christian Gonzalez",1.0,"Security training","Security Training: Monthly","Misc.","Lexia Learning","Lexia Learning Retainer"
2025-06-23,"Christian Gonzalez",0.5,"June security training","Security Training: Monthly","Misc.","Lexia Learning","Lexia Learning Retainer"
2025-06-17,"Christian Gonzalez",1.5,"Troubleshoot login issues","Account/Project Management","Misc.","Lexia Learning","Lexia Learning Retainer"
2025-05-13,"Christian Gonzalez",0.5,"May security training","Security Training: Monthly","Misc.","Lexia Learning","Lexia Learning Retainer"
2025-05-13,"Christian Gonzalez",3.0,"mobile styling, add missing copy","New Landing page","Misc.","Lexia Learning","Lexia Learning Retainer"
2025-05-12,"Christian Gonzalez",2.0,"Press room feedback","New Landing page","Misc.","Lexia Learning","Lexia Learning Retainer"
2025-04-30,"Christian Gonzalez",0.75,"","Security Training: Monthly","Misc.","Lexia Learning","Lexia Learning Retainer"
2025-04-04,"Christian Gonzalez",4.0,"Create new quote template/style. Finish styling for pressroom test and do minor mobile cleanup","New Landing page","Misc.","Lexia Learning","Lexia Learning Retainer"
2025-04-03,"Christian Gonzalez",3.5,"Changes to styling and templates of pressroom page","New Landing page","Misc.","Lexia Learning","Lexia Learning Retainer"
2025-03-21,"Christian Gonzalez",3.75,"Set up widgets and add some styling to new test page","New Landing page","Misc.","Lexia Learning","Lexia Learning Retainer"
2025-03-20,"Christian Gonzalez",2.5,"Setup new template in CMS, start test page","New Landing page","Misc.","Lexia Learning","Lexia Learning Retainer"
2025-03-10,"Christian Gonzalez",3.75,"Cleanup on new landing page template and tests on new widgets","New Landing page","Misc.","Lexia Learning","Lexia Learning Retainer"
2025-03-05,"Christian Gonzalez",3.0,"Test secondary navbar on the new template","New Landing page","Misc.","Lexia Learning","Lexia Learning Retainer"
2025-02-28,"Christian Gonzalez",2.0,"Tests, look into styling in the new CMS","New Landing page","Misc.","Lexia Learning","Lexia Learning Retainer"
2025-02-27,"Christian Gonzalez",3.0,"Dev on template. Start planning CMS changes","New Landing page","Misc.","Lexia Learning","Lexia Learning Retainer"
2025-02-26,"Christian Gonzalez",1.75,"Continue dev on templates/widgets","New Landing page","Misc.","Lexia Learning","Lexia Learning Retainer"
2025-02-25,"Christian Gonzalez",2.5,"Continue dev on template/widgets","New Landing page","Misc.","Lexia Learning","Lexia Learning Retainer"
2025-02-24,"Christian Gonzalez",3.0,"Plan template/widgets, dev and test","New Landing page","Misc.","Lexia Learning","Lexia Learning Retainer"
2025-02-20,"Christian Gonzalez",1.75,"Start work on pressroom landing page","New Landing page","Misc.","Lexia Learning","Lexia Learning Retainer"
2025-02-19,"Christian Gonzalez",2.0,"Security training","Security Training: Monthly","Misc.","Lexia Learning","Lexia Learning Retainer"
2025-02-19,"Christian Gonzalez",1.25,"Continue troubleshooting VDI access","Account/Project Management","Misc.","Lexia Learning","Lexia Learning Retainer"
2025-02-12,"Christian Gonzalez",2.25,"Email back and forth with helpdesk to troubleshoot VDI access issues","Account/Project Management","Misc.","Lexia Learning","Lexia Learning Retainer"
2025-02-12,"Christian Gonzalez",0.5,"Email helpdesk again to gain access to the VDI","Account/Project Management","Misc.","Lexia Learning","Lexia Learning Retainer"
2025-02-11,"Christian Gonzalez",1.0,"Email helpdesk to gain access to the VDI","Account/Project Management","Misc.","Lexia Learning","Lexia Learning Retainer"
2025-02-10,"Christian Gonzalez",2.0,"Troubleshoot VDI access issue","Account/Project Management","Misc.","Lexia Learning","Lexia Learning Retainer"
2025-01-17,"Christian Gonzalez",2.25,"Review canonical url source code, request changes, test","New SEO work","Misc.","Lexia Learning","Lexia Learning Retainer"
2025-01-16,"Christian Gonzalez",1.0,"Review canonical url source code","New SEO work","Misc.","Lexia Learning","Lexia Learning Retainer"
2025-01-14,"Christian Gonzalez",1.25,"SEO updates","New SEO work","Misc.","Lexia Learning","Lexia Learning Retainer"
2025-09-12,"Christian Gonzalez",2.75,"Styling changes","Post-launch feedback (see Trello)","14. Launch","Non Profit Quarterly","Leading Edge Shopify -> Wordpress"
2025-09-11,"Christian Gonzalez",3.0,"Styling changes","Post-launch feedback (see Trello)","14. Launch","Non Profit Quarterly","Leading Edge Shopify -> Wordpress"
2025-09-10,"Christian Gonzalez",2.0,"Fix issue with access check for users that aren't members but purchased a product. Push fix","Post-launch feedback (see Trello)","14. Launch","Non Profit Quarterly","Leading Edge Shopify -> Wordpress"
2025-09-09,"Christian Gonzalez",0.75,"Copy prod to stage, prep for changes","Post-launch feedback (see Trello)","14. Launch","Non Profit Quarterly","Leading Edge Shopify -> Wordpress"
2025-08-15,"Christian Gonzalez",2.5,"Misc fixes: Add missing social media, tertiary nav link to mobile, sort mag query and footer alignment","Develop the WordPress site and custom theme.","7. Site Implementation & Build","Non Profit Quarterly","Leading Edge Shopify -> Wordpress"
2025-08-12,"Christian Gonzalez",2.75,"Homepage changes","Develop the WordPress site and custom theme.","7. Site Implementation & Build","Non Profit Quarterly","Leading Edge Shopify -> Wordpress"
2025-08-11,"Christian Gonzalez",2.5,"Homepage changes","Develop the WordPress site and custom theme.","7. Site Implementation & Build","Non Profit Quarterly","Leading Edge Shopify -> Wordpress"
2025-07-30,"Christian Gonzalez",3.5,"Internal QA, add controls for top sliders in the homepage and increase the slides count","Develop the WordPress site and custom theme.","7. Site Implementation & Build","Non Profit Quarterly","Leading Edge Shopify -> Wordpress"
2025-07-29,"Christian Gonzalez",3.5,"Internal QA, look into .ics downloading as .txt in Safari","Develop the WordPress site and custom theme.","7. Site Implementation & Build","Non Profit Quarterly","Leading Edge Shopify -> Wordpress"
2025-07-28,"Christian Gonzalez",2.75,"Internal QA dev","Develop the WordPress site and custom theme.","7. Site Implementation & Build","Non Profit Quarterly","Leading Edge Shopify -> Wordpress"
2025-07-25,"Christian Gonzalez",2.5,"Internal QA, menu and nav work","Develop the WordPress site and custom theme.","7. Site Implementation & Build","Non Profit Quarterly","Leading Edge Shopify -> Wordpress"
2025-07-24,"Christian Gonzalez",2.0,"Internal QA dev","Develop the WordPress site and custom theme.","7. Site Implementation & Build","Non Profit Quarterly","Leading Edge Shopify -> Wordpress"
2025-07-23,"Christian Gonzalez",1.5,"Start dev in internal QA items","Develop the WordPress site and custom theme.","7. Site Implementation & Build","Non Profit Quarterly","Leading Edge Shopify -> Wordpress"
2025-07-22,"Christian Gonzalez",2.0,"Size changes","Develop the WordPress site and custom theme.","7. Site Implementation & Build","Non Profit Quarterly","Leading Edge Shopify -> Wordpress"
2025-07-21,"Christian Gonzalez",6.0,"Size changes","Develop the WordPress site and custom theme.","7. Site Implementation & Build","Non Profit Quarterly","Leading Edge Shopify -> Wordpress"
2025-07-18,"Christian Gonzalez",2.0,"Start font size changes","Develop the WordPress site and custom theme.","7. Site Implementation & Build","Non Profit Quarterly","Leading Edge Shopify -> Wordpress"
2025-07-17,"Christian Gonzalez",3.0,"Consolidate different font styles into css, styling fixes","Develop the WordPress site and custom theme.","7. Site Implementation & Build","Non Profit Quarterly","Leading Edge Shopify -> Wordpress"
2025-07-16,"Christian Gonzalez",2.0,"Tag filters and tag pills in category pages","Build required pages (Homepage, Signup Form, Webinar Pages, Product Pages, Contact, FAQs, etc.).","7. Site Implementation & Build","Non Profit Quarterly","Leading Edge Shopify -> Wordpress"
2025-07-16,"Christian Gonzalez",3.0,"Scroll Jack","Develop the WordPress site and custom theme.","7. Site Implementation & Build","Non Profit Quarterly","Leading Edge Shopify -> Wordpress"
2025-07-15,"Christian Gonzalez",5.0,"Scroll Jack","Develop the WordPress site and custom theme.","7. Site Implementation & Build","Non Profit Quarterly","Leading Edge Shopify -> Wordpress"
2025-07-09,"Christian Gonzalez",3.0,"Cart and Checkout pages styling. Add copy to homepage","Build required pages (Homepage, Signup Form, Webinar Pages, Product Pages, Contact, FAQs, etc.).","7. Site Implementation & Build","Non Profit Quarterly","Leading Edge Shopify -> Wordpress"
2025-07-08,"Christian Gonzalez",6.0,"Mobile styling and pixel pushing","Develop the WordPress site and custom theme.","7. Site Implementation & Build","Non Profit Quarterly","Leading Edge Shopify -> Wordpress"
2025-07-04,"Christian Gonzalez",4.0,"Pixel push desktop pages, initial mobile styling","Build required pages (Homepage, Signup Form, Webinar Pages, Product Pages, Contact, FAQs, etc.).","7. Site Implementation & Build","Non Profit Quarterly","Leading Edge Shopify -> Wordpress"
2025-07-03,"Christian Gonzalez",2.5,"Fix container in product and product archive pages. Styling","Develop the WordPress site and custom theme.","7. Site Implementation & Build","Non Profit Quarterly","Leading Edge Shopify -> Wordpress"
2025-07-02,"Christian Gonzalez",4.5,"Add ticker and start dev on scroll jack in become-a-member page. Fix containers","Build required pages (Homepage, Signup Form, Webinar Pages, Product Pages, Contact, FAQs, etc.).","7. Site Implementation & Build","Non Profit Quarterly","Leading Edge Shopify -> Wordpress"
2025-07-01,"Christian Gonzalez",3.0,"Homepage, add top and bottom sliders with initial styling","Build required pages (Homepage, Signup Form, Webinar Pages, Product Pages, Contact, FAQs, etc.).","7. Site Implementation & Build","Non Profit Quarterly","Leading Edge Shopify -> Wordpress"
2025-06-30,"Christian Gonzalez",5.0,"Slider styling, start scroll jack functionality","Develop the WordPress site and custom theme.","7. Site Implementation & Build","Non Profit Quarterly","Leading Edge Shopify -> Wordpress"
2025-06-27,"Christian Gonzalez",4.0,"Ticker and slider, try different libraries for the slider","Develop the WordPress site and custom theme.","7. Site Implementation & Build","Non Profit Quarterly","Leading Edge Shopify -> Wordpress"
2025-06-26,"Christian Gonzalez",4.5,"Start work on ticker and sliders","Develop the WordPress site and custom theme.","7. Site Implementation & Build","Non Profit Quarterly","Leading Edge Shopify -> Wordpress"
2025-06-25,"Christian Gonzalez",7.0,"Become a member landing page, more homepage dev","Develop the WordPress site and custom theme.","7. Site Implementation & Build","Non Profit Quarterly","Leading Edge Shopify -> Wordpress"
2025-06-24,"Christian Gonzalez",5.0,"Dropdown menus, start work on homepage","Develop the WordPress site and custom theme.","7. Site Implementation & Build","Non Profit Quarterly","Leading Edge Shopify -> Wordpress"
2025-06-19,"Christian Gonzalez",5.0,"Front end dev","Develop the WordPress site and custom theme.","7. Site Implementation & Build","Non Profit Quarterly","Leading Edge Shopify -> Wordpress"
2025-06-16,"Christian Gonzalez",5.0,"Header/footer templating, start product category landing page","Develop the WordPress site and custom theme.","7. Site Implementation & Build","Non Profit Quarterly","Leading Edge Shopify -> Wordpress"
2025-06-12,"Christian Gonzalez",6.0,"Product templating","Develop the WordPress site and custom theme.","7. Site Implementation & Build","Non Profit Quarterly","Leading Edge Shopify -> Wordpress"
2025-06-10,"Christian Gonzalez",5.0,"Products templating","Develop the WordPress site and custom theme.","7. Site Implementation & Build","Non Profit Quarterly","Leading Edge Shopify -> Wordpress"
2025-06-09,"Christian Gonzalez",4.0,"Look into modifying the woocommerce template in our custom theme","Develop the WordPress site and custom theme.","7. Site Implementation & Build","Non Profit Quarterly","Leading Edge Shopify -> Wordpress"
2025-06-06,"Christian Gonzalez",3.0,"Set up global variables in tailwind, troubleshoot issues with Alpine.js","Develop the WordPress site and custom theme.","7. Site Implementation & Build","Non Profit Quarterly","Leading Edge Shopify -> Wordpress"
2025-06-05,"Christian Gonzalez",2.5,"Set up initial templates","Develop the WordPress site and custom theme.","7. Site Implementation & Build","Non Profit Quarterly","Leading Edge Shopify -> Wordpress"
2025-06-03,"Christian Gonzalez",5.0,"Set up theme with tailwind, alpinejs and vite. Create repo and start building global elements","Develop the WordPress site and custom theme.","7. Site Implementation & Build","Non Profit Quarterly","Leading Edge Shopify -> Wordpress"
2025-05-30,"Christian Gonzalez",2.5,"Start theme planning and setup","Develop the WordPress site and custom theme.","7. Site Implementation & Build","Non Profit Quarterly","Leading Edge Shopify -> Wordpress"
2025-05-29,"Christian Gonzalez",1.5,"Pull site locally and set up","Develop the WordPress site and custom theme.","7. Site Implementation & Build","Non Profit Quarterly","Leading Edge Shopify -> Wordpress"
2025-04-07,"Christian Gonzalez",1.5,"project walkthrough w/ team","Meetings & Phone Calls","PM & Misc.","Non Profit Quarterly","Leading Edge Shopify -> Wordpress"
2026-01-30,"Christian Gonzalez",0.75,"Change header banner","Misc. Support","Misc.","Non Profit Quarterly","Monthly Retainer"
2026-01-05,"Christian Gonzalez",0.75,"Change header banner","Misc. Support","Misc.","Non Profit Quarterly","Monthly Retainer"
2025-12-19,"Christian Gonzalez",3.0,"Add new slider, test and deploy","Add another slider to homepage","Retainer To-Dos","Non Profit Quarterly","Monthly Retainer"
2025-12-18,"Christian Gonzalez",2.0,"Add custom javascript to swap randomly between 2 sidebar ads, test and deploy","Misc. Support","Misc.","Non Profit Quarterly","Monthly Retainer"
2025-12-17,"Christian Gonzalez",0.5,"Chagne header banner","Misc. Support","Misc.","Non Profit Quarterly","Monthly Retainer"
2025-12-17,"Christian Gonzalez",2.5,"Fix upcoming webinar sorting","Check default sort order for on-demand webinars (should be most recent first)","WooCommerce Site","Non Profit Quarterly","Monthly Retainer"
2025-12-03,"Christian Gonzalez",1.0,"Push template changes","Misc. Support","Misc.","Non Profit Quarterly","Monthly Retainer"
2025-12-02,"Christian Gonzalez",1.5,"header banner and donation copy changes","Misc. Support","Misc.","Non Profit Quarterly","Monthly Retainer"
2025-11-21,"Christian Gonzalez",0.5,"Add homepage banner","Add 50% off banner below the featured article slider on the main NPQ homepage","Retainer To-Dos","Non Profit Quarterly","Monthly Retainer"
2025-11-20,"Christian Gonzalez",1.0,"Set up and test custom endpoint","Set up custom member endpoint","WooCommerce Site","Non Profit Quarterly","Monthly Retainer"
2025-11-18,"Christian Gonzalez",2.0,"Add ad in the header and sidebar for survey","Sticky header image to advertise reader survey","Retainer To-Dos","Non Profit Quarterly","Monthly Retainer"
2025-11-13,"Christian Gonzalez",0.5,"Style add to cart button on new product","Style ""Add to Cart"" button on new Uconn product","WooCommerce Site","Non Profit Quarterly","Monthly Retainer"
2025-11-10,"Christian Gonzalez",1.25,"Fix list styling","!!Add list formatting/styling for Elementor text widgets","WooCommerce Site","Non Profit Quarterly","Monthly Retainer"
2025-10-20,"Christian Gonzalez",0.75,"Look into regenerating thumbnails plugin, test","Misc. Support","Misc.","Non Profit Quarterly","Monthly Retainer"
2025-10-16,"Christian Gonzalez",1.5,"Troubleshoot issues with thumbnails","Misc. Support","Misc.","Non Profit Quarterly","Monthly Retainer"
2025-10-15,"Christian Gonzalez",1.25,"Finish webinar styling changes","update site webinar categories","Retainer To-Dos","Non Profit Quarterly","Monthly Retainer"
2025-10-07,"Christian Gonzalez",1.0,"Push homepage to prod","Rebuild Homepage in Elementor","WooCommerce Site","Non Profit Quarterly","Monthly Retainer"
2025-10-03,"Christian Gonzalez",1.75,"Internal feedback fixes","Rebuild Homepage in Elementor","WooCommerce Site","Non Profit Quarterly","Monthly Retainer"
2025-10-03,"Christian Gonzalez",1.0,"Change styling on premium webinars block","update site webinar categories","Retainer To-Dos","Non Profit Quarterly","Monthly Retainer"
2025-10-02,"Christian Gonzalez",2.0,"Test member/non-member page status, troubleshoot visibility issues","Rebuild Homepage in Elementor","WooCommerce Site","Non Profit Quarterly","Monthly Retainer"
2025-10-01,"Christian Gonzalez",2.0,"Add tags to premium webinars, change template","update site webinar categories","Retainer To-Dos","Non Profit Quarterly","Monthly Retainer"
2025-09-30,"Christian Gonzalez",1.25,"Homepage rebuld in elementor","Rebuild Homepage in Elementor","WooCommerce Site","Non Profit Quarterly","Monthly Retainer"
2025-09-29,"Christian Gonzalez",1.75,"Homepage rebuld in elementor","Rebuild Homepage in Elementor","WooCommerce Site","Non Profit Quarterly","Monthly Retainer"
2025-09-26,"Christian Gonzalez",3.0,"Start homepage elemento. Look into member/non-member check in elementor","Rebuild Homepage in Elementor","WooCommerce Site","Non Profit Quarterly","Monthly Retainer"
2025-09-19,"Christian Gonzalez",2.5,"Changes to theme to make it more compatible with elementor","Install Elementor","WooCommerce Site","Non Profit Quarterly","Monthly Retainer"
2025-09-18,"Christian Gonzalez",1.0,"Troubleshoot elementor issues","Install Elementor","WooCommerce Site","Non Profit Quarterly","Monthly Retainer"
2025-09-17,"Christian Gonzalez",0.75,"Look into error messages after installing elmentor","Install Elementor","WooCommerce Site","Non Profit Quarterly","Monthly Retainer"
2025-09-04,"Christian Gonzalez",0.5,"Update homepage slider","Misc. Support","Misc.","Non Profit Quarterly","Monthly Retainer"
2025-09-03,"Christian Gonzalez",0.5,"Adjust top padding in special collections page","Misc. Support","Misc.","Non Profit Quarterly","Monthly Retainer"
2025-08-20,"Christian Gonzalez",0.5,"Check GA changes","Misc. Support","Misc.","Non Profit Quarterly","Monthly Retainer"
2025-08-05,"Christian Gonzalez",2.75,"Look into category link issue, fix redirect loop","Misc. Support","Misc.","Non Profit Quarterly","Monthly Retainer"
2025-07-28,"Christian Gonzalez",1.0,"Fix header menu spacing with new items","Misc. Support","Misc.","Non Profit Quarterly","Monthly Retainer"
2025-07-23,"Christian Gonzalez",1.0,"Adjustments to Columns page","Columns Page","Retainer To-Dos","Non Profit Quarterly","Monthly Retainer"
2025-07-23,"Christian Gonzalez",1.5,"Add submenu to about us page, test in stage then deploy","About Us","Retainer To-Dos","Non Profit Quarterly","Monthly Retainer"
2025-07-16,"Christian Gonzalez",1.5,"Add back leaderboard ad in WPE stage site","Misc. Support","Misc.","Non Profit Quarterly","Monthly Retainer"
2025-07-15,"Christian Gonzalez",1.5,"Look into guest author issue","Misc. Support","Misc.","Non Profit Quarterly","Monthly Retainer"
2025-07-14,"Christian Gonzalez",2.5,"Pull site from WPE, fix issue with title cut off","WPEngine issue -- Special Collections title cut-off","Retainer To-Dos","Non Profit Quarterly","Monthly Retainer"
2025-07-12,"Christian Gonzalez",1.5,"Test migrated site, trobuleshoot Nicole's login issues","Site migration from Pantheon to WPEngine","Retainer To-Dos","Non Profit Quarterly","Monthly Retainer"
2025-07-10,"Christian Gonzalez",1.0,"Add back top banner in stage","Misc. Support","Misc.","Non Profit Quarterly","Monthly Retainer"
2025-07-09,"Christian Gonzalez",1.0,"Update links, test","Update ""DONATE"" link to point to new custom domain: https://donate.nonprofitquarterly.org","Retainer To-Dos","Non Profit Quarterly","Monthly Retainer"
2025-07-03,"Christian Gonzalez",1.5,"Look into site going down small amounts of time consistently each day","Misc. Support","Misc.","Non Profit Quarterly","Monthly Retainer"
2025-06-27,"Christian Gonzalez",1.5,"Troubleshoot issues with the top nav, change ""donate"" link","Misc. Support","Misc.","Non Profit Quarterly","Monthly Retainer"
2025-06-13,"Christian Gonzalez",1.5,"Add migration module to dev, prep dev for migration","Site migration from Pantheon to WPEngine","Retainer To-Dos","Non Profit Quarterly","Monthly Retainer"
2025-06-12,"Christian Gonzalez",0.75,"Logo width change","Add new logo with tagline to site","Retainer To-Dos","Non Profit Quarterly","Monthly Retainer"
2025-06-11,"Christian Gonzalez",1.0,"Author issues fix","Misc. Support","Misc.","Non Profit Quarterly","Monthly Retainer"
2025-06-11,"Christian Gonzalez",1.5,"Add new logo","Add new logo with tagline to site","Retainer To-Dos","Non Profit Quarterly","Monthly Retainer"
2025-06-06,"Christian Gonzalez",1.5,"Look into author issues","Misc. Support","Misc.","Non Profit Quarterly","Monthly Retainer"
2025-06-05,"Christian Gonzalez",2.75,"Fix desktop/mobile ad","AD slots to Top of page","Retainer To-Dos","Non Profit Quarterly","Monthly Retainer"
2025-05-29,"Christian Gonzalez",1.5,"Fix mobile and tablet menu issues, including search","Search field overlaps with the other menu elements on mobile – request to move search to the bottom (of the mobile menu).","Retainer To-Dos","Non Profit Quarterly","Monthly Retainer"
2025-05-26,"Christian Gonzalez",3.0,"Changes to header menu, change header styling and add new logo","Menu Site Categories","Retainer To-Dos","Non Profit Quarterly","Monthly Retainer"
2025-05-22,"Christian Gonzalez",5.0,"aPrep stage site for category merge, merge categories and add redirect","Menu Site Categories","Retainer To-Dos","Non Profit Quarterly","Monthly Retainer"
2025-05-21,"Christian Gonzalez",2.0,"Troubleshoot issues with top ad","AD slots to Top of page","Retainer To-Dos","Non Profit Quarterly","Monthly Retainer"
2025-05-20,"Christian Gonzalez",2.5,"Test new top ad","AD slots to Top of page","Retainer To-Dos","Non Profit Quarterly","Monthly Retainer"
2025-05-07,"Christian Gonzalez",0.75,"Troubleshoot redirect issues","Misc. Support","Misc.","Non Profit Quarterly","Monthly Retainer"
2025-05-01,"Christian Gonzalez",0.5,"Fix wrapping link in footer","Misc. Support","Misc.","Non Profit Quarterly","Monthly Retainer"
2025-04-30,"Christian Gonzalez",0.5,"Remove dates from category pages and featured homepage post","Misc. Support","Misc.","Non Profit Quarterly","Monthly Retainer"
2025-04-22,"Christian Gonzalez",0.75,"Troubleshoot reported styling issue on webinar page","Update /webinars page on nonprofitquarterly.org","Retainer To-Dos","Non Profit Quarterly","Monthly Retainer"
2025-04-15,"Christian Gonzalez",0.5,"Donate block text and styling changes","Updates to improve ""DONATE"" visibility","Retainer To-Dos","Non Profit Quarterly","Monthly Retainer"
2025-04-14,"Christian Gonzalez",0.5,"Change donate block in article body","Updates to improve ""DONATE"" visibility","Retainer To-Dos","Non Profit Quarterly","Monthly Retainer"
2025-04-14,"Christian Gonzalez",0.5,"Fix issues with markup not showing on webinar excerpt","Update /webinars page on nonprofitquarterly.org","Retainer To-Dos","Non Profit Quarterly","Monthly Retainer"
2025-04-14,"Christian Gonzalez",0.5,"Sync dev into prod","Tag Plugin Research","Retainer To-Dos","Non Profit Quarterly","Monthly Retainer"
2025-04-10,"Christian Gonzalez",0.5,"Sync prod into dev","Tag Plugin Research","Retainer To-Dos","Non Profit Quarterly","Monthly Retainer"
2025-04-08,"Christian Gonzalez",0.5,"Fix ACF fields for new premium webinars","Update /webinars page on nonprofitquarterly.org","Retainer To-Dos","Non Profit Quarterly","Monthly Retainer"
2025-04-07,"Christian Gonzalez",1.0,"Header/Footer changes","Updates to improve ""DONATE"" visibility","Retainer To-Dos","Non Profit Quarterly","Monthly Retainer"
2025-04-07,"Christian Gonzalez",0.5,"Sync dev into prod for tag work","Tag Plugin Research","Retainer To-Dos","Non Profit Quarterly","Monthly Retainer"
2025-04-03,"Christian Gonzalez",0.75,"Prep stage/dev for tag work","Tag Plugin Research","Retainer To-Dos","Non Profit Quarterly","Monthly Retainer"
2025-04-02,"Christian Gonzalez",1.25,"Test tag plugin, prep webinar page for push","Tag Plugin Research","Retainer To-Dos","Non Profit Quarterly","Monthly Retainer"
2025-04-02,"Christian Gonzalez",0.75,"Add button to premium webinar store, fix upcoming icon on non featured premium webinar","Update /webinars page on nonprofitquarterly.org","Retainer To-Dos","Non Profit Quarterly","Monthly Retainer"
2025-03-27,"Christian Gonzalez",0.5,"Misc fixes","Update /webinars page on nonprofitquarterly.org","Retainer To-Dos","Non Profit Quarterly","Monthly Retainer"
2025-03-25,"Christian Gonzalez",1.25,"Remove timestamps, add icons for premium webinars buttons","Update /webinars page on nonprofitquarterly.org","Retainer To-Dos","Non Profit Quarterly","Monthly Retainer"
2025-03-21,"Christian Gonzalez",2.0,"Remove ""remaking the economy"" from webinars on the last section, styling fixes","Update /webinars page on nonprofitquarterly.org","Retainer To-Dos","Non Profit Quarterly","Monthly Retainer"
2025-03-19,"Christian Gonzalez",0.5,"Research tag management plugins","Tag Plugin Research","Retainer To-Dos","Non Profit Quarterly","Monthly Retainer"
2025-03-19,"Christian Gonzalez",4.0,"Pixel pushing, look into Remaking the economy tag","Update /webinars page on nonprofitquarterly.org","Retainer To-Dos","Non Profit Quarterly","Monthly Retainer"
2025-03-19,"Christian Gonzalez",1.75,"Remaking the economy section","Update /webinars page on nonprofitquarterly.org","Retainer To-Dos","Non Profit Quarterly","Monthly Retainer"
2025-03-18,"Christian Gonzalez",3.75,"Fix webinars query for AJAX load more. Test and styling","Update /webinars page on nonprofitquarterly.org","Retainer To-Dos","Non Profit Quarterly","Monthly Retainer"
2025-03-14,"Christian Gonzalez",2.5,"Styling","Update /webinars page on nonprofitquarterly.org","Retainer To-Dos","Non Profit Quarterly","Monthly Retainer"
2025-03-13,"Christian Gonzalez",3.5,"Styling","Update /webinars page on nonprofitquarterly.org","Retainer To-Dos","Non Profit Quarterly","Monthly Retainer"
2025-03-12,"Christian Gonzalez",3.0,"Create new template for the premium webinars","Update /webinars page on nonprofitquarterly.org","Retainer To-Dos","Non Profit Quarterly","Monthly Retainer"
2025-03-11,"Christian Gonzalez",0.5,"Set up webinars multidev","Update /webinars page on nonprofitquarterly.org","Retainer To-Dos","Non Profit Quarterly","Monthly Retainer"
2025-01-28,"Christian Gonzalez",1.75,"Get bluesky logo, scale it for header, styling and push","Replace red Twitter button in header with Bluesky","Retainer To-Dos","Non Profit Quarterly","Monthly Retainer"
2025-01-15,"Christian Gonzalez",1.5,"Remove magazine from footer and remove all magazine promos from widgets","Update site footer to remove magazine","Retainer To-Dos","Non Profit Quarterly","Monthly Retainer"
2025-01-06,"Christian Gonzalez",0.75,"Change magazine promos","Misc. Support","Misc.","Non Profit Quarterly","Monthly Retainer"
2026-06-03,"Christian Gonzalez",0.5,"Look into disabling hubspot email template","Ad-hoc Support","Follow up Items","Nonprofit Financial Commons","Retainer"
2026-05-27,"Christian Gonzalez",0.5,"Help troubleshoot the early bird pricing error","Support","To-dos","Nonprofit Financial Commons","Retainer"
2025-10-27,"Christian Gonzalez",1.25,"Troubleshoot issues with images not loading","NPGPS landing page","Fall 2025","Nonprofit Financial Commons","Retainer"
2025-10-22,"Christian Gonzalez",2.0,"Troubleshoot elementor styling issues on launch","NPGPS landing page","Fall 2025","Nonprofit Financial Commons","Retainer"
2025-10-20,"Christian Gonzalez",0.75,"Troubleshoot issue with sliders","NPGPS landing page","Fall 2025","Nonprofit Financial Commons","Retainer"
2025-09-23,"Christian Gonzalez",1.0,"Help setting up new domain","Acquire new domain names","Fall 2025","Nonprofit Financial Commons","Retainer"
2025-01-10,"Christian Gonzalez",6.0,"Troubleshoot issues with spam messages, test captcha and form security and update plugins","SPAM / Forum issues","Misc. Support","Nonprofit Financial Commons","Retainer"
2026-07-20,"Christian Gonzalez",1.0,"Search deployment on NPGPS and NFC","Deploy the new search functionality to both GPS and NFC.","Final To-Dos","Nonprofit Financial Commons","UX Audit"
2026-07-17,"Christian Gonzalez",4.0,"Prep search in NFC. Pixel pushing","Deploy the new search functionality to both GPS and NFC.","Final To-Dos","Nonprofit Financial Commons","UX Audit"
2026-07-15,"Christian Gonzalez",4.0,"Changes in the header to include the search form","Update the GPS search navigation link to point to the new search page.","Final To-Dos","Nonprofit Financial Commons","UX Audit"
2026-07-14,"Christian Gonzalez",2.0,"Styling pixel pushing","Deploy the new search functionality to both GPS and NFC.","Final To-Dos","Nonprofit Financial Commons","UX Audit"
2026-07-07,"Christian Gonzalez",3.25,"Change NFC's query to restrict search to just webinars, resources and courses. Testing","Update GPS search results to include Webinar Archives, Resources, and Upcoming Webinars.","Final To-Dos","Nonprofit Financial Commons","UX Audit"
2026-06-25,"Christian Gonzalez",3.0,"Search dev, testing and styling","Implement Native Search Within GPS","4. Audit To-do Phase 1","Nonprofit Financial Commons","UX Audit"
2026-06-24,"Christian Gonzalez",4.0,"Pull down fresh version of the site, change fetch logic to bring missing fields from the NFC search","Implement Native Search Within GPS","4. Audit To-do Phase 1","Nonprofit Financial Commons","UX Audit"
2026-06-17,"Christian Gonzalez",3.0,"Design updates","Implement Native Search Within GPS","4. Audit To-do Phase 1","Nonprofit Financial Commons","UX Audit"
2026-06-02,"Christian Gonzalez",2.0,"Cross site search implementation","Implement Native Search Within GPS","4. Audit To-do Phase 1","Nonprofit Financial Commons","UX Audit"
2026-06-01,"Christian Gonzalez",4.0,"Cross site search implementation","Implement Native Search Within GPS","4. Audit To-do Phase 1","Nonprofit Financial Commons","UX Audit"
2026-05-29,"Christian Gonzalez",1.25,"refactor custom search to be it's own custom plugin, test","Implement Native Search Within GPS","4. Audit To-do Phase 1","Nonprofit Financial Commons","UX Audit"
2026-05-28,"Christian Gonzalez",1.5,"Continue dev in custom search dev","Implement Native Search Within GPS","4. Audit To-do Phase 1","Nonprofit Financial Commons","UX Audit"
2026-05-19,"Christian Gonzalez",2.5,"Start development on custom search to test multisite search solution","Implement Native Search Within GPS","4. Audit To-do Phase 1","Nonprofit Financial Commons","UX Audit"
2026-05-15,"Christian Gonzalez",2.5,"Research and plan multisite search","Implement Native Search Within GPS","4. Audit To-do Phase 1","Nonprofit Financial Commons","UX Audit"
2026-05-12,"Christian Gonzalez",1.75,"AI search research","Implement Native Search Within GPS","4. Audit To-do Phase 1","Nonprofit Financial Commons","UX Audit"
2026-05-06,"Christian Gonzalez",2.0,"Search research, test local search for NPGPS","Implement Native Search Within GPS","4. Audit To-do Phase 1","Nonprofit Financial Commons","UX Audit"
2026-08-14,"Christian Gonzalez",4.5,"Finish Drupal 11 upgrade locally. Test functionality and styling","Updates","MISC Support Requests","Penn Stater","Penn Stater Website"
2026-08-13,"Christian Gonzalez",4.75,"Drupal 11 test upgrade, troubleshoot blockers","Updates","MISC Support Requests","Penn Stater","Penn Stater Website"
2026-08-11,"Christian Gonzalez",1.5,"Drupal updates, tests","Updates","MISC Support Requests","Penn Stater","Penn Stater Website"
2026-08-03,"Christian Gonzalez",3.25,"Bug fixes in the slider. Styling fine tunning","Next up: possible slider on homepage","2026 Retainer to-dos","Penn Stater","Penn Stater Website"
2026-07-31,"Christian Gonzalez",3.0,"Styling, change modal behavior, add specific styling to portrait images","Next up: possible slider on homepage","2026 Retainer to-dos","Penn Stater","Penn Stater Website"
2026-07-30,"Christian Gonzalez",2.5,"Add clickable images with modal, styling","Next up: possible slider on homepage","2026 Retainer to-dos","Penn Stater","Penn Stater Website"
2026-07-24,"Christian Gonzalez",2.0,"Test changes to the slider","Next up: possible slider on homepage","2026 Retainer to-dos","Penn Stater","Penn Stater Website"
2026-07-24,"Christian Gonzalez",1.25,"Changes to form confirmation","Misc fixes","MISC Support Requests","Penn Stater","Penn Stater Website"
2026-06-22,"Christian Gonzalez",4.0,"Styling fine tuning. Adding extra fields. Add custom module to swap image fields order on slider block","Next up: possible slider on homepage","2026 Retainer to-dos","Penn Stater","Penn Stater Website"
2026-06-19,"Christian Gonzalez",2.0,"Fix styling bugs","Next up: possible slider on homepage","2026 Retainer to-dos","Penn Stater","Penn Stater Website"
2026-06-17,"Christian Gonzalez",2.0,"Slider adjustments","Next up: possible slider on homepage","2026 Retainer to-dos","Penn Stater","Penn Stater Website"
2026-06-16,"Christian Gonzalez",3.0,"Design updates","Next up: possible slider on homepage","2026 Retainer to-dos","Penn Stater","Penn Stater Website"
2026-06-12,"Christian Gonzalez",3.0,"Refactoring with new library and styling","Next up: possible slider on homepage","2026 Retainer to-dos","Penn Stater","Penn Stater Website"
2026-06-11,"Christian Gonzalez",1.5,"Dev, test changes to existing slider","Next up: possible slider on homepage","2026 Retainer to-dos","Penn Stater","Penn Stater Website"
2026-06-10,"Christian Gonzalez",2.25,"Dev, test 3D carousel","Next up: possible slider on homepage","2026 Retainer to-dos","Penn Stater","Penn Stater Website"
2026-06-09,"Christian Gonzalez",5.0,"Slider research and mockup implementation","Next up: possible slider on homepage","2026 Retainer to-dos","Penn Stater","Penn Stater Website"
2026-06-03,"Christian Gonzalez",1.0,"Push drupal updates","Updates","MISC Support Requests","Penn Stater","Penn Stater Website"
2026-05-25,"Christian Gonzalez",2.0,"Drupal updates","Updates","MISC Support Requests","Penn Stater","Penn Stater Website"
2026-05-11,"Christian Gonzalez",2.25,"Prep, test and push page speed changes","Misc fixes","MISC Support Requests","Penn Stater","Penn Stater Website"
2026-05-04,"Christian Gonzalez",3.25,"Research slider solutions, test locally","Next up: possible slider on homepage","2026 Retainer to-dos","Penn Stater","Penn Stater Website"
2026-04-22,"Christian Gonzalez",1.25,"Start prep for new slider","Next up: possible slider on homepage","2026 Retainer to-dos","Penn Stater","Penn Stater Website"
2026-04-13,"Christian Gonzalez",4.0,"Clean up theme, optimize page speeed in lighthouse test","Misc","Discovery","Penn Stater","Penn Stater Website"
2026-04-10,"Christian Gonzalez",4.25,"Clean up theme, optimize page speeed in lighthouse test","Misc","Discovery","Penn Stater","Penn Stater Website"
2026-04-09,"Christian Gonzalez",3.0,"Module updates. Major version upgrade for some modules. Test updates.","Updates","MISC Support Requests","Penn Stater","Penn Stater Website"
2026-03-13,"Christian Gonzalez",1.0,"Prep multidev and spreadsheet for testing","Run WCAG 2.0 accessibility audit","2026 Retainer to-dos","Penn Stater","Penn Stater Website"
2026-03-11,"Christian Gonzalez",0.5,"Troubleshoot member issue","Misc fixes","MISC Support Requests","Penn Stater","Penn Stater Website"
2026-03-09,"Christian Gonzalez",3.0,"Drupal updates","Module updates","MISC Support Requests","Penn Stater","Penn Stater Website"
2026-03-06,"Christian Gonzalez",2.5,"Set up google ads in the templates, placement and styling","Implement Google Ads","2026 Retainer to-dos","Penn Stater","Penn Stater Website"
2026-03-06,"Christian Gonzalez",1.5,"Set up google ads","Implement Google Ads","2026 Retainer to-dos","Penn Stater","Penn Stater Website"
2026-03-04,"Christian Gonzalez",2.75,"Fix missing alerts","Run WCAG 2.0 accessibility audit","2026 Retainer to-dos","Penn Stater","Penn Stater Website"
2026-03-03,"Christian Gonzalez",3.0,"Accessibility updates dev and testing","Run WCAG 2.0 accessibility audit","2026 Retainer to-dos","Penn Stater","Penn Stater Website"
2026-03-02,"Christian Gonzalez",2.5,"Accessibility updates dev and testing","Run WCAG 2.0 accessibility audit","2026 Retainer to-dos","Penn Stater","Penn Stater Website"
2026-02-20,"Christian Gonzalez",2.5,"Start dev on accessibility","Accessibility updates completed","2026 Retainer to-dos","Penn Stater","Penn Stater Website"
2026-02-13,"Christian Gonzalez",2.5,"Look into setting up DFP. Add custom meta tag in prod for verification","Implement Google Ads","2026 Retainer to-dos","Penn Stater","Penn Stater Website"
2026-02-03,"Christian Gonzalez",1.25,"research and install DFP module","Implement Google Ads","2026 Retainer to-dos","Penn Stater","Penn Stater Website"
2026-01-19,"Christian Gonzalez",0.5,"Add GTM","Google Analytics","MISC Support Requests","Penn Stater","Penn Stater Website"
2026-01-15,"Christian Gonzalez",3.0,"Drupal updates","Updates","MISC Support Requests","Penn Stater","Penn Stater Website"
2026-01-13,"Christian Gonzalez",1.0,"Review accessibility audit","Run WCAG 2.0 accessibility audit","2026 Retainer to-dos","Penn Stater","Penn Stater Website"
2026-01-12,"Christian Gonzalez",0.5,"Fix account creation spam","Misc fixes","MISC Support Requests","Penn Stater","Penn Stater Website"
2026-01-05,"Christian Gonzalez",0.25,"Fix year in new issue","Misc fixes","MISC Support Requests","Penn Stater","Penn Stater Website"
2025-11-17,"Christian Gonzalez",3.5,"Troubleshoot form submission, add security fields and fix issue caused by devel. Test","! Submit form updates","MISC Support Requests","Penn Stater","Penn Stater Website"
2025-11-14,"Christian Gonzalez",3.5,"Fix email, test","Misc fixes","MISC Support Requests","Penn Stater","Penn Stater Website"
2025-07-23,"Christian Gonzalez",3.0,"Look into issues with email handler","Misc fixes","MISC Support Requests","Penn Stater","Penn Stater Website"
2025-04-28,"Christian Gonzalez",1.0,"Remove visible labels in blue box and slider paragraphs","Misc fixes","MISC Support Requests","Penn Stater","Penn Stater Website"
2025-04-08,"Christian Gonzalez",2.0,"Member issues, test importer changes on dev. Fix floating images","Misc fixes","MISC Support Requests","Penn Stater","Penn Stater Website"
2025-03-04,"Christian Gonzalez",2.0,"Add restricted field to paragraphs and test","Misc fixes","MISC Support Requests","Penn Stater","Penn Stater Website"
2025-02-27,"Christian Gonzalez",2.25,"Fix table of contents for the new issue, remove member block for the PDF viewer and push changes","Misc fixes","MISC Support Requests","Penn Stater","Penn Stater Website"
2025-02-18,"Christian Gonzalez",3.5,"Fix CKEditor, look into captions alignment issue","Misc fixes","MISC Support Requests","Penn Stater","Penn Stater Website"
2025-01-31,"Christian Gonzalez",1.5,"Push D10 to stage and prod, run update.php and tests","Upgrade to Drupal 10","MISC Support Requests","Penn Stater","Penn Stater Website"
2025-01-29,"Christian Gonzalez",1.5,"Review D10 in dev, prep live site for D10 upgrade","Upgrade to Drupal 10","MISC Support Requests","Penn Stater","Penn Stater Website"
2025-01-08,"Christian Gonzalez",0.5,"Add member","Misc fixes","MISC Support Requests","Penn Stater","Penn Stater Website"
2026-02-25,"Christian Gonzalez",2.75,"Update IMAF with updated HubSpot form. Fix language changes. Fixes to mobile form","IMAF tool updates","Retainer Requests","Rollworks","Monthly Retainer"
2026-02-24,"Christian Gonzalez",2.5,"Update IMAF with updated HubSpot form","IMAF tool updates","Retainer Requests","Rollworks","Monthly Retainer"
2026-02-19,"Christian Gonzalez",1.5,"Try stopping the form from redirecting on submit","IMAF tool updates","Retainer Requests","Rollworks","Monthly Retainer"
2026-02-18,"Christian Gonzalez",2.25,"Add HubSpot form, test","IMAF tool updates","Retainer Requests","Rollworks","Monthly Retainer"
2026-02-05,"Christian Gonzalez",2.0,"Test and plan flow changes and connecting qualified bot","IMAF tool updates","Retainer Requests","Rollworks","Monthly Retainer"
2026-01-29,"Christian Gonzalez",3.25,"Dev branding changes, match as much as possible to adroll site","IMAF tool updates","Retainer Requests","Rollworks","Monthly Retainer"
2026-01-28,"Christian Gonzalez",1.0,"Start dev on branding changes","IMAF tool updates","Retainer Requests","Rollworks","Monthly Retainer"
2026-01-21,"Christian Gonzalez",1.0,"Look into branding changes","IMAF tool updates","Retainer Requests","Rollworks","Monthly Retainer"
2026-01-19,"Christian Gonzalez",0.5,"Look into IMAF Qs","IMAF tool updates","Retainer Requests","Rollworks","Monthly Retainer"
2026-01-14,"Christian Gonzalez",2.25,"Set up redirects. Followups","Redirects","Retainer Requests","Rollworks","Monthly Retainer"
2026-01-13,"Christian Gonzalez",2.25,"Create shell script for testing. Extra tests","Redirects","Retainer Requests","Rollworks","Monthly Retainer"
2026-01-12,"Christian Gonzalez",1.25,"Change plan with the results of the tests. Research.","Redirects","Retainer Requests","Rollworks","Monthly Retainer"
2026-01-09,"Christian Gonzalez",2.5,"Troubleshoot issues with first test, debug","Redirects","Retainer Requests","Rollworks","Monthly Retainer"
2026-01-08,"Christian Gonzalez",3.0,"Set up dictionary in fastly, test with a batch of 30 redirects","Redirects","Retainer Requests","Rollworks","Monthly Retainer"
2026-01-07,"Christian Gonzalez",2.5,"Remove marketo and drift bot to prep for new flow. Create install instructions","IMAF tool updates","Retainer Requests","Rollworks","Monthly Retainer"
2025-12-23,"Christian Gonzalez",0.5,"Remove Hotjar","Troubleshoot/ Account Support","Misc.","Rollworks","Monthly Retainer"
2025-12-18,"Christian Gonzalez",2.0,"Research best way to do the redirects","Redirect strategy and implementation","Misc.","Rollworks","Monthly Retainer"
2025-12-09,"Christian Gonzalez",1.5,"Send new, updated, IMAF bundle with instructions","IMAF tool updates","Retainer Requests","Rollworks","Monthly Retainer"
2025-12-04,"Christian Gonzalez",0.5,"Send bundled IMAF","IMAF tool updates","Retainer Requests","Rollworks","Monthly Retainer"
2025-11-19,"Christian Gonzalez",1.5,"IMAF estimate","IMAF tool updates","Retainer Requests","Rollworks","Monthly Retainer"
2025-11-18,"Christian Gonzalez",0.5,"Troubleshoot site down (cloudflare outage)","Misc site requests","Retainer Requests","Rollworks","Monthly Retainer"
2025-11-17,"Christian Gonzalez",1.0,"Discuss changes for IMAF","IMAF tool updates","Retainer Requests","Rollworks","Monthly Retainer"
2025-11-06,"Christian Gonzalez",1.5,"Refresh on IMAF code and look into best ways to host it outside wordrpess","IMAF tool updates","Retainer Requests","Rollworks","Monthly Retainer"
2025-11-05,"Christian Gonzalez",1.0,"Look into DO alerts, backup site","Misc site requests","Retainer Requests","Rollworks","Monthly Retainer"
2025-10-28,"Christian Gonzalez",0.75,"Look into how the site handles GDPR","Misc site requests","Retainer Requests","Rollworks","Monthly Retainer"
2025-10-27,"Christian Gonzalez",1.5,"Block CH and SG in fastly","Research China traffic on site","Retainer Requests","Rollworks","Monthly Retainer"
2025-10-24,"Christian Gonzalez",1.5,"Troubleshoot issues with database","Misc site requests","Retainer Requests","Rollworks","Monthly Retainer"
2025-09-03,"Christian Gonzalez",1.75,"Update pricing page and whitelist IPs","Troubleshoot/ Account Support","Misc.","Rollworks","Monthly Retainer"
2025-08-28,"Christian Gonzalez",0.5,"Change banner colors and fonts","Add leaderboard to entire site","Retainer Requests","Rollworks","Monthly Retainer"
2025-08-27,"Christian Gonzalez",1.5,"Banner changes","Add leaderboard to entire site","Retainer Requests","Rollworks","Monthly Retainer"
2025-08-21,"Christian Gonzalez",3.0,"Pricing page changes","Add leaderboard to entire site","Retainer Requests","Rollworks","Monthly Retainer"
2025-08-20,"Christian Gonzalez",0.5,"Fix empty button in top banner","Add leaderboard to entire site","Retainer Requests","Rollworks","Monthly Retainer"
2025-08-19,"Christian Gonzalez",0.5,"Estimate pricing changes","Misc site requests","Retainer Requests","Rollworks","Monthly Retainer"
2025-08-19,"Christian Gonzalez",1.5,"Make top banner global","Add leaderboard to entire site","Retainer Requests","Rollworks","Monthly Retainer"
2025-08-08,"Christian Gonzalez",1.75,"Add link to pricing page, troubleshoot issue with bot popup","Misc site requests","Retainer Requests","Rollworks","Monthly Retainer"
2025-07-24,"Christian Gonzalez",0.75,"Address spacing in demo page, removec image in pricing page","Troubleshoot/ Account Support","Misc.","Rollworks","Monthly Retainer"
2025-07-10,"Christian Gonzalez",1.5,"Fix issue with sizing of the pricing images","Troubleshoot/ Account Support","Misc.","Rollworks","Monthly Retainer"
2025-06-20,"Christian Gonzalez",2.5,"Wordpress updates","Misc site requests","Retainer Requests","Rollworks","Monthly Retainer"
2025-06-18,"Christian Gonzalez",0.5,"Remove phone from footer","Misc site requests","Retainer Requests","Rollworks","Monthly Retainer"
2025-06-11,"Christian Gonzalez",0.75,"Reduce padding in new landing page","Misc site requests","Retainer Requests","Rollworks","Monthly Retainer"
2025-05-16,"Christian Gonzalez",0.5,"Fix time text being too big in landing page","reformat time and text","Retainer Requests","Rollworks","Monthly Retainer"
2025-05-16,"Christian Gonzalez",1.5,"Tracking for phone number clicks","Add GA event tracking","Retainer Requests","Rollworks","Monthly Retainer"
2025-05-16,"Christian Gonzalez",5.0,"New demo page","Replicate hubspot page","Retainer Requests","Rollworks","Monthly Retainer"
2025-05-08,"Christian Gonzalez",1.25,"Phone link in footer and landing page. Remove euler link from agency page","Misc site requests","Retainer Requests","Rollworks","Monthly Retainer"
2025-04-23,"Christian Gonzalez",1.5,"Troubleshoot issue with bot","Misc site requests","Retainer Requests","Rollworks","Monthly Retainer"
2025-04-21,"Christian Gonzalez",1.75,"Agency page changes","Misc site requests","Retainer Requests","Rollworks","Monthly Retainer"
2025-04-01,"Christian Gonzalez",0.5,"Clear caches after site restore","Troubleshoot/ Account Support","Misc.","Rollworks","Monthly Retainer"
2025-03-31,"Christian Gonzalez",0.75,"Restore backup on prod","Misc site requests","Retainer Requests","Rollworks","Monthly Retainer"
2025-03-25,"Christian Gonzalez",1.0,"Press release","Misc site requests","Retainer Requests","Rollworks","Monthly Retainer"
2025-02-24,"Christian Gonzalez",0.5,"Fix staging url in an asset","Paid Search Landing page on WP","Retainer Requests","Rollworks","Monthly Retainer"
2025-02-11,"Christian Gonzalez",0.5,"Add redirect to agency site","Fix Error issues on SEO report","Retainer Requests","Rollworks","Monthly Retainer"
2025-02-07,"Christian Gonzalez",2.25,"New landing page without a header","Paid Search Landing page on WP","Retainer Requests","Rollworks","Monthly Retainer"
2025-01-29,"Christian Gonzalez",2.0,"Use GTM for Mutiny's data script","Misc site requests","Retainer Requests","Rollworks","Monthly Retainer"
2025-01-22,"Christian Gonzalez",1.5,"Try looking into marketo's cookies to try filling mutiny's script data","Misc site requests","Retainer Requests","Rollworks","Monthly Retainer"
2025-01-21,"Christian Gonzalez",1.0,"Look into mutiny data script","Misc site requests","Retainer Requests","Rollworks","Monthly Retainer"
2025-01-16,"Christian Gonzalez",0.5,"Remove G2 badges from homepage","Misc site requests","Retainer Requests","Rollworks","Monthly Retainer"
2025-09-09,"Christian Gonzalez",1.25,"Fix JS errors and deploy","Fix search on prod","4. QA & Launch","Sonima / Elev8d","Website Maintenance & Optimization"
2025-09-08,"Christian Gonzalez",1.5,"Fix search","Fix search on prod","4. QA & Launch","Sonima / Elev8d","Website Maintenance & Optimization"
2025-08-28,"Christian Gonzalez",1.5,"Create local site from latest working database and latest available files","Misc. Support","Misc.","Sonima / Elev8d","Website Maintenance & Optimization"
2025-08-26,"Christian Gonzalez",0.75,"Help troubleshoot outage","Misc. Support","Misc.","Sonima / Elev8d","Website Maintenance & Optimization"
2025-02-03,"Christian Gonzalez",0.5,"huddle w/ Adam to troubleshoot","Create announcement banner for SumerBRAIN","Misc. Dev (Not tied to a sprint)","SumerSports","B2C - Retainer"
2026-08-06,"Christian Gonzalez",1.25,"Mobile tweaks for search result page","Implement site-wide search","Dev","Vicinity Energy","Support Retainer"
2026-08-05,"Christian Gonzalez",2.5,"Push search to staging. Test","Implement site-wide search","Dev","Vicinity Energy","Support Retainer"
2026-07-13,"Christian Gonzalez",4.5,"Fix jumping issues on homepage header, add search to homepage transparent header. Fine tune styling","Implement site-wide search","Dev","Vicinity Energy","Support Retainer"
2026-07-10,"Christian Gonzalez",4.0,"Continue dev on search form in header. Fine tune styling in search results page","Implement site-wide search","Dev","Vicinity Energy","Support Retainer"
2026-07-08,"Christian Gonzalez",2.5,"Start dev on search form in the header","Implement site-wide search","Dev","Vicinity Energy","Support Retainer"
2026-07-06,"Christian Gonzalez",3.0,"Set up search results page","Implement site-wide search","Dev","Vicinity Energy","Support Retainer"
2026-04-02,"Christian Gonzalez",1.5,"Changes to photo gallery template and styling to match homepage carrousel","Implementation of Events Hub and Event Landing pages","Dev","Vicinity Energy","Support Retainer"
2026-04-01,"Christian Gonzalez",6.0,"Add new shortcodes for ACF repeater fields. Styling and testing.","Implementation of Events Hub and Event Landing pages","Dev","Vicinity Energy","Support Retainer"
2026-03-31,"Christian Gonzalez",2.0,"Events page dev","Implementation of Events Hub and Event Landing pages","Dev","Vicinity Energy","Support Retainer"
2026-03-30,"Christian Gonzalez",1.75,"Discussion about the events page and start setup","Implementation of Events Hub and Event Landing pages","Dev","Vicinity Energy","Support Retainer"
2026-02-09,"Christian Gonzalez",0.75,"Fix shortcode to open external links in a new tab","Fix newsroom ""Open in new tab"" functionality","Dev","Vicinity Energy","Support Retainer"
2025-12-12,"Christian Gonzalez",4.0,"Final tweaks, desktop height fixes and mobile tweaks","Implement new homepage carousel component","Summer 2025 Updates","Vicinity Energy","Support Retainer"
2025-12-11,"Christian Gonzalez",3.0,"New homepage header fixes","Implement new homepage carousel component","Summer 2025 Updates","Vicinity Energy","Support Retainer"
2025-12-10,"Christian Gonzalez",3.5,"Build slides, tweak heights and functionality","Implement new homepage carousel component","Summer 2025 Updates","Vicinity Energy","Support Retainer"
2025-12-09,"Christian Gonzalez",5.0,"Create new plugin with a custom slider component. Test differnet approaches","Implement new homepage carousel component","Summer 2025 Updates","Vicinity Energy","Support Retainer"
2025-11-26,"Christian Gonzalez",1.25,"Mobile QA fixes","QA implementation","Summer 2025 Updates","Vicinity Energy","Support Retainer"
2025-11-25,"Christian Gonzalez",5.5,"Mobile QA fixes","QA implementation","Summer 2025 Updates","Vicinity Energy","Support Retainer"
2025-11-24,"Christian Gonzalez",2.0,"Mobile nav","Implementation of components (use tracking spreadsheet)","Summer 2025 Updates","Vicinity Energy","Support Retainer"
2025-11-24,"Christian Gonzalez",2.25,"District Energy homepage hero dev","Implementation of ""District Energy"" homepage hero","Summer 2025 Updates","Vicinity Energy","Support Retainer"
2025-11-21,"Christian Gonzalez",4.0,"Finish interal QA fixes","QA implementation","Summer 2025 Updates","Vicinity Energy","Support Retainer"
2025-11-20,"Christian Gonzalez",3.0,"Finish global QA fixes, start fixes on location pages","QA implementation","Summer 2025 Updates","Vicinity Energy","Support Retainer"
2025-11-19,"Christian Gonzalez",1.75,"Global QA fixes","QA implementation","Summer 2025 Updates","Vicinity Energy","Support Retainer"
2025-11-18,"Christian Gonzalez",2.25,"Global QA fixes","QA implementation","Summer 2025 Updates","Vicinity Energy","Support Retainer"
2025-11-14,"Christian Gonzalez",2.0,"Components dev","Implementation of components (use tracking spreadsheet)","Summer 2025 Updates","Vicinity Energy","Support Retainer"
2025-11-13,"Christian Gonzalez",1.75,"Components dev","Implementation of components (use tracking spreadsheet)","Summer 2025 Updates","Vicinity Energy","Support Retainer"
2025-11-12,"Christian Gonzalez",2.25,"Components dev","Implementation of components (use tracking spreadsheet)","Summer 2025 Updates","Vicinity Energy","Support Retainer"
2025-11-11,"Christian Gonzalez",4.0,"Initial mobile and tablet QA and fixes for Homepage, location and industry pages","Implementation of updated Homepage design","Summer 2025 Updates","Vicinity Energy","Support Retainer"
2025-11-10,"Christian Gonzalez",2.75,"Final template QA","Implementation of components (use tracking spreadsheet)","Summer 2025 Updates","Vicinity Energy","Support Retainer"
2025-11-07,"Christian Gonzalez",2.0,"Homepage QA and fixes","Implementation of updated Homepage design","Summer 2025 Updates","Vicinity Energy","Support Retainer"
2025-11-06,"Christian Gonzalez",1.5,"Boston QA and fixes","Implementation of updated Location page design","Summer 2025 Updates","Vicinity Energy","Support Retainer"
2025-11-05,"Christian Gonzalez",1.75,"QA Boston location page and Fixes","Implementation of updated Location page design","Summer 2025 Updates","Vicinity Energy","Support Retainer"
2025-11-05,"Christian Gonzalez",1.5,"Changes to headers submenu, start mobile changes","Implementation of components (use tracking spreadsheet)","Summer 2025 Updates","Vicinity Energy","Support Retainer"
2025-11-04,"Christian Gonzalez",2.0,"eSteam QA and fixes","Implementation of updated eSteam page design","Summer 2025 Updates","Vicinity Energy","Support Retainer"
2025-11-04,"Christian Gonzalez",2.5,"Header changes and styling","Implementation of components (use tracking spreadsheet)","Summer 2025 Updates","Vicinity Energy","Support Retainer"
2025-10-31,"Christian Gonzalez",2.5,"Continue with global QA items","QA implementation","Summer 2025 Updates","Vicinity Energy","Support Retainer"
2025-10-30,"Christian Gonzalez",5.0,"Start work on site's header. Fix issues with old global css overriding some of the new style","QA implementation","Summer 2025 Updates","Vicinity Energy","Support Retainer"
2025-10-29,"Christian Gonzalez",1.75,"Initial fixes for mobile and tablet to homepage","Implementation of updated Homepage design","Summer 2025 Updates","Vicinity Energy","Support Retainer"
2025-10-28,"Christian Gonzalez",4.0,"Fixes for tablet and mobile in boston and industry pages","Implementation of updated Location page design","Summer 2025 Updates","Vicinity Energy","Support Retainer"
2025-10-23,"Christian Gonzalez",1.5,"Start work on fixes for tablet and mobile in Boston page","Implementation of updated Location page design","Summer 2025 Updates","Vicinity Energy","Support Retainer"
2025-10-22,"Christian Gonzalez",3.5,"Second pass through desktop homepage","Implementation of updated Homepage design","Summer 2025 Updates","Vicinity Energy","Support Retainer"
2025-10-21,"Christian Gonzalez",2.25,"Second pass through industry page","Implementation of updated resources design","Summer 2025 Updates","Vicinity Energy","Support Retainer"
2025-10-21,"Christian Gonzalez",2.25,"Second pass through desktop Boston page","Implementation of updated Location page design","Summer 2025 Updates","Vicinity Energy","Support Retainer"
2025-10-20,"Christian Gonzalez",3.5,"Second pass through eSteam page, fix tablet and mobile","Implementation of updated eSteam page design","Summer 2025 Updates","Vicinity Energy","Support Retainer"
2025-10-17,"Christian Gonzalez",1.75,"Start second apss through eSteam page","Implementation of updated eSteam page design","Summer 2025 Updates","Vicinity Energy","Support Retainer"
2025-09-25,"Christian Gonzalez",3.0,"Look into component logic and test global components","Implement new content component","Dev","Vicinity Energy","Support Retainer"
2025-09-24,"Christian Gonzalez",2.5,"Look into component logic and test global components","Implement new content component","Dev","Vicinity Energy","Support Retainer"