date,person,hours,description,todo,list,company,project
2022-05-26,"Christian Gonzalez",1.5,"D9 push to both stage and prod","Implementation Drupal upgrade","Drupal upgrade","Columbia University","Columbia D8 to D9"
2022-05-17,"Christian Gonzalez",1.5,"Fix weekly highlights view","Implementation Drupal upgrade","Drupal upgrade","Columbia University","Columbia D8 to D9"
2022-05-16,"Christian Gonzalez",1.5,"New google analytics counter module setup and test","Implementation Drupal upgrade","Drupal upgrade","Columbia University","Columbia D8 to D9"
2022-05-05,"Christian Gonzalez",3.0,"Fix bugs","Implementation Drupal upgrade","Drupal upgrade","Columbia University","Columbia D8 to D9"
2022-05-03,"Christian Gonzalez",2.5,"","Implementation Drupal upgrade","Drupal upgrade","Columbia University","Columbia D8 to D9"
2022-05-02,"Christian Gonzalez",5.0,"","Implementation Drupal upgrade","Drupal upgrade","Columbia University","Columbia D8 to D9"
2022-04-29,"Christian Gonzalez",6.0,"Resolve composer conflicts, add compatibility modules and fix some of the deprecated custom code.","Implementation Drupal upgrade","Drupal upgrade","Columbia University","Columbia D8 to D9"
2022-04-28,"Christian Gonzalez",2.5,"Resolve composer conflicts","Implementation Drupal upgrade","Drupal upgrade","Columbia University","Columbia D8 to D9"
2023-12-06,"Christian Gonzalez",3.25,"Timeline","Misc. dev cleanup and to-dos","Design & Dev","Columbia University","Columbia FY23 Endowment Digital Experience"
2023-11-30,"Christian Gonzalez",0.5,"Look into alternatives for the timeline","Misc. dev cleanup and to-dos","Design & Dev","Columbia University","Columbia FY23 Endowment Digital Experience"
2023-11-28,"Christian Gonzalez",1.75,"Changes to president page, tests","Misc. dev cleanup and to-dos","Design & Dev","Columbia University","Columbia FY23 Endowment Digital Experience"
2024-11-20,"Christian Gonzalez",1.25,"Fix scaling on the homepage hero","Dev adjustments to components/layout based on new content and wires","Design & Dev","Columbia University","Columbia FY24 Endowment Digital Experience"
2024-11-19,"Christian Gonzalez",0.5,"Huddle with Adam to help with styling","Dev adjustments to components/layout based on new content and wires","Design & Dev","Columbia University","Columbia FY24 Endowment Digital Experience"
2024-12-31,"Christian Gonzalez",0.5,"Stop end of year banners and popups","Giving day","Misc.","Columbia University","Columbia Giving"
2024-12-23,"Christian Gonzalez",1.25,"Changes to banner and popups, update GTM code, test and push live","Giving day","Misc.","Columbia University","Columbia Giving"
2024-12-19,"Christian Gonzalez",0.75,"Changes to banners and popup","Giving day","Misc.","Columbia University","Columbia Giving"
2024-12-18,"Christian Gonzalez",3.0,"Check existing hero paragraph's video styling, style the new field","Animated hero","Misc.","Columbia University","Columbia Giving"
2024-12-17,"Christian Gonzalez",3.5,"Animated hero dev","Animated hero","Misc.","Columbia University","Columbia Giving"
2024-12-16,"Christian Gonzalez",1.75,"Start prep on animated hero paragraph","Animated hero","Misc.","Columbia University","Columbia Giving"
2024-12-10,"Christian Gonzalez",3.5,"D10 upgrade research for multisites","Research","Misc.","Columbia University","Columbia Giving"
2024-12-10,"Christian Gonzalez",2.5,"Banners and popup for end of year","Giving day","Misc.","Columbia University","Columbia Giving"
2024-12-09,"Christian Gonzalez",2.5,"Troubleshoot issues with local install in lando for D10 upgrade","Research","Misc.","Columbia University","Columbia Giving"
2024-12-06,"Christian Gonzalez",1.0,"Add external redirect, test and clear caches","Misc. Support","Misc.","Columbia University","Columbia Giving"
2024-11-29,"Christian Gonzalez",1.0,"Start work on new banners","Misc. Support","Misc.","Columbia University","Columbia Giving"
2024-11-27,"Christian Gonzalez",0.75,"December funding opps","Corp & Foundation Funding Opps: misc (Dimitra)","Misc.","Columbia University","Columbia Giving"
2024-11-15,"Christian Gonzalez",1.0,"Push changes","Misc. Support","Misc.","Columbia University","Columbia Giving"
2024-11-13,"Christian Gonzalez",1.25,"Change background color field to use taxonomy instead of a list for the trello to-dos","Misc. Support","Misc.","Columbia University","Columbia Giving"
2024-11-11,"Christian Gonzalez",2.0,"Troubleshot and fix Trello to-dos","Misc. Support","Misc.","Columbia University","Columbia Giving"
2024-11-08,"Christian Gonzalez",1.5,"Troubleshot and fix Trello to-dos","Misc. Support","Misc.","Columbia University","Columbia Giving"
2024-10-30,"Christian Gonzalez",1.0,"Funding opps","Corp & Foundation Funding Opps: misc (Dimitra)","Misc.","Columbia University","Columbia Giving"
2024-10-16,"Christian Gonzalez",2.75,"Fix issue with CTA custom module","Troubleshoot/Adhoc","Misc.","Columbia University","Columbia Giving"
2024-10-15,"Christian Gonzalez",1.25,"Push templates and block changes","Giving site design requests","Misc.","Columbia University","Columbia Giving"
2024-10-04,"Christian Gonzalez",1.5,"Mock deployment and test on dev","Giving site design requests","Misc.","Columbia University","Columbia Giving"
2024-10-02,"Christian Gonzalez",1.0,"Change banner for post-giving day","Giving day","Misc.","Columbia University","Columbia Giving"
2024-10-01,"Christian Gonzalez",1.0,"Change banners for giving day","Giving day","Misc.","Columbia University","Columbia Giving"
2024-09-26,"Christian Gonzalez",1.0,"October Funding opps","Corp & Foundation Funding Opps: misc (Dimitra)","Misc.","Columbia University","Columbia Giving"
2024-09-17,"Christian Gonzalez",0.25,"Enable banners and popup","Giving day","Misc.","Columbia University","Columbia Giving"
2024-09-16,"Christian Gonzalez",0.75,"Test banners on staging for mag, giving and alumni","Giving day","Misc.","Columbia University","Columbia Giving"
2024-09-13,"Christian Gonzalez",0.75,"Add floating quotes to in-article pull quote","Giving site design requests","Misc.","Columbia University","Columbia Giving"
2024-09-12,"Christian Gonzalez",6.0,"Pullquote backend changes. Styling. Fixes to header in story template. Look into issues on the bottom blocks","Giving site design requests","Misc.","Columbia University","Columbia Giving"
2024-09-11,"Christian Gonzalez",1.0,"Banner and popup changes","Giving day","Misc.","Columbia University","Columbia Giving"
2024-09-11,"Christian Gonzalez",3.25,"Pull quote styling and mobile fixes","Giving site design requests","Misc.","Columbia University","Columbia Giving"
2024-09-09,"Christian Gonzalez",6.0,"Story templates and Initial pull quote styling","Giving site design requests","Misc.","Columbia University","Columbia Giving"
2024-09-06,"Christian Gonzalez",0.75,"Look into issue redirecting HTTP to HTTPS","Misc. Support","Misc.","Columbia University","Columbia Giving"
2024-09-06,"Christian Gonzalez",2.0,"Story templates","Giving site design requests","Misc.","Columbia University","Columbia Giving"
2024-09-05,"Christian Gonzalez",3.5,"Story template","Giving site design requests","Misc.","Columbia University","Columbia Giving"
2024-09-04,"Christian Gonzalez",0.75,"Check on existing hosting of banner and popups","Giving day","Misc.","Columbia University","Columbia Giving"
2024-08-29,"Christian Gonzalez",0.75,"","Corp & Foundation Funding Opps: misc (Dimitra)","Misc.","Columbia University","Columbia Giving"
2024-08-23,"Christian Gonzalez",0.75,"","Corp & Foundation Funding Opps: misc (Dimitra)","Misc.","Columbia University","Columbia Giving"
2024-08-20,"Christian Gonzalez",1.75,"Story template changes","Giving site design requests","Misc.","Columbia University","Columbia Giving"
2024-08-15,"Christian Gonzalez",3.5,"Drupal updates, test","Misc. Support","Misc.","Columbia University","Columbia Giving"
2024-08-09,"Christian Gonzalez",2.5,"Story template changes","Giving site design requests","Misc.","Columbia University","Columbia Giving"
2024-08-06,"Christian Gonzalez",1.5,"Hero paragraph changes, push","Giving site design requests","Misc.","Columbia University","Columbia Giving"
2024-08-02,"Christian Gonzalez",2.25,"Paragraph adjustments and styling changes, prep to go live","Giving site design requests","Misc.","Columbia University","Columbia Giving"
2024-07-31,"Christian Gonzalez",0.5,"Look into hero paragraph styling and template","Misc. Support","Misc.","Columbia University","Columbia Giving"
2024-07-22,"Christian Gonzalez",1.0,"Fix header button and margin between headline and nav on mobile, push to prod","Giving site design requests","Misc.","Columbia University","Columbia Giving"
2024-07-19,"Christian Gonzalez",1.5,"Push paragraph changes, test on prod","Giving site design requests","Misc.","Columbia University","Columbia Giving"
2024-07-15,"Christian Gonzalez",0.75,"Send changes for review","Giving site design requests","Misc.","Columbia University","Columbia Giving"
2024-07-11,"Christian Gonzalez",1.25,"Related articles styling changes","Giving site design requests","Misc.","Columbia University","Columbia Giving"
2024-07-08,"Christian Gonzalez",1.75,"New paragraph styling adjustments, mobile testing","Giving site design requests","Misc.","Columbia University","Columbia Giving"
2024-06-20,"Christian Gonzalez",0.75,"Set up new landing page to showcase the new blocks","Giving site design requests","Misc.","Columbia University","Columbia Giving"
2024-06-19,"Christian Gonzalez",2.75,"Final round of styling changes for the new blocks","Giving site design requests","Misc.","Columbia University","Columbia Giving"
2024-06-17,"Christian Gonzalez",1.75,"Mobile styling for new blocks","Giving site design requests","Misc.","Columbia University","Columbia Giving"
2024-06-14,"Christian Gonzalez",3.0,"Sync prod to dev and work on facts block","Giving site design requests","Misc.","Columbia University","Columbia Giving"
2024-06-13,"Christian Gonzalez",0.5,"Huddle w Jay to discuss feedback","Meetings & Phone Calls","Misc.","Columbia University","Columbia Giving"
2024-05-31,"Christian Gonzalez",3.5,"Changes to facts css and mobile styling","Giving site design requests","Misc.","Columbia University","Columbia Giving"
2024-05-30,"Christian Gonzalez",3.5,"Changes to facts fields and styling","Giving site design requests","Misc.","Columbia University","Columbia Giving"
2024-05-28,"Christian Gonzalez",2.25,"Create new ""facts"" paragraph","Giving site design requests","Misc.","Columbia University","Columbia Giving"
2024-05-23,"Christian Gonzalez",3.0,"Look into existing paragraph changes","Giving site design requests","Misc.","Columbia University","Columbia Giving"
2024-05-21,"Christian Gonzalez",1.25,"CSS fixes to current new paragraphs","Giving site design requests","Misc.","Columbia University","Columbia Giving"
2024-05-17,"Christian Gonzalez",1.0,"Updates to paragraphs","Giving site design requests","Misc.","Columbia University","Columbia Giving"
2024-04-30,"Christian Gonzalez",0.75,"May funding opps","Corp & Foundation Funding Opps: misc (Dimitra)","Misc.","Columbia University","Columbia Giving"
2024-04-08,"Christian Gonzalez",0.75,"CSS fixes and initial mobile adjustments","Giving site design requests","Misc.","Columbia University","Columbia Giving"
2024-04-05,"Christian Gonzalez",2.25,"paragraph styling","Giving site design requests","Misc.","Columbia University","Columbia Giving"
2024-04-04,"Christian Gonzalez",5.25,"New paragraphs styling, install new fonts, font and color changes","Giving site design requests","Misc.","Columbia University","Columbia Giving"
2024-04-03,"Christian Gonzalez",2.0,"New paragraphs and story template dev","Giving site design requests","Misc.","Columbia University","Columbia Giving"
2024-04-03,"Christian Gonzalez",1.75,"Start dev work on new paragraphs","Giving site design requests","Misc.","Columbia University","Columbia Giving"
2024-04-02,"Christian Gonzalez",1.5,"Test and Deploy new extensions on story files downloads","Troubleshoot/Adhoc","Misc.","Columbia University","Columbia Giving"
2024-04-02,"Christian Gonzalez",0.5,"April funding opps","Corp & Foundation Funding Opps: misc (Dimitra)","Misc.","Columbia University","Columbia Giving"
2024-03-01,"Christian Gonzalez",1.75,"Spam tests and antibot update","Troubleshoot/Adhoc","Misc.","Columbia University","Columbia Giving"
2024-03-01,"Christian Gonzalez",1.5,"Accessibility changes mock deployment","Implement Accessibility updates","Misc.","Columbia University","Columbia Giving"
2024-03-01,"Christian Gonzalez",0.75,"March funding opps","Corp & Foundation Funding Opps: misc (Dimitra)","Misc.","Columbia University","Columbia Giving"
2024-02-29,"Christian Gonzalez",0.75,"Update antibot","Misc. Support","Misc.","Columbia University","Columbia Giving"
2024-02-20,"Christian Gonzalez",2.25,"Color corrections","Implement Accessibility updates","Misc.","Columbia University","Columbia Giving"
2024-02-19,"Christian Gonzalez",2.0,"Color corrections","Implement Accessibility updates","Misc.","Columbia University","Columbia Giving"
2024-02-19,"Christian Gonzalez",1.25,"Troubleshoot domain issues","Misc. Support","Misc.","Columbia University","Columbia Giving"
2024-01-26,"Christian Gonzalez",3.25,"Fix contrast issues in articles, fix warnings","Implement Accessibility updates","Misc.","Columbia University","Columbia Giving"
2024-01-23,"Christian Gonzalez",5.5,"Menu color fixes, background contrast fix, finish color changes","Implement Accessibility updates","Misc.","Columbia University","Columbia Giving"
2024-01-22,"Christian Gonzalez",6.5,"Color changes in major landing pages","Implement Accessibility updates","Misc.","Columbia University","Columbia Giving"
2024-01-16,"Christian Gonzalez",2.75,"Troubleshoot contrast issues on backgrounds","Implement Accessibility updates","Misc.","Columbia University","Columbia Giving"
2024-01-15,"Christian Gonzalez",0.75,"Look into the theme to plan color changes","Implement Accessibility updates","Misc.","Columbia University","Columbia Giving"
2024-01-04,"Christian Gonzalez",1.25,"","Implement Accessibility updates","Misc.","Columbia University","Columbia Giving"
2024-01-02,"Christian Gonzalez",3.5,"Drupal updates, fix alt tags and other issues","Accessibility: Audit, Updates","Misc.","Columbia University","Columbia Giving"
2023-12-22,"Christian Gonzalez",1.75,"Accessibility dev","Implement Accessibility updates","Misc.","Columbia University","Columbia Giving"
2023-12-21,"Christian Gonzalez",3.0,"Finish drupal updates","Misc. Support","Misc.","Columbia University","Columbia Giving"
2023-12-21,"Christian Gonzalez",2.5,"Start accessibility dev","Implement Accessibility updates","Misc.","Columbia University","Columbia Giving"
2023-12-20,"Christian Gonzalez",2.5,"Roll back updates, make new updates with composer 1 instead of composer 2","Misc. Support","Misc.","Columbia University","Columbia Giving"
2023-12-19,"Christian Gonzalez",1.25,"Drupal updates","Misc. Support","Misc.","Columbia University","Columbia Giving"
2023-12-18,"Christian Gonzalez",0.75,"Look into the site with the WAVE extension","Implement Accessibility updates","Misc.","Columbia University","Columbia Giving"
2023-12-15,"Christian Gonzalez",2.0,"Setup dev and stage to start updates and accessibility dev","Implement Accessibility updates","Misc.","Columbia University","Columbia Giving"
2023-12-04,"Christian Gonzalez",1.5,"Add new funding opps, test importer and merge spreadsheets","Corp & Foundation Funding Opps: misc (Dimitra)","Misc.","Columbia University","Columbia Giving"
2023-11-02,"Christian Gonzalez",2.75,"Debug opps uploader","Corp & Foundation Funding Opps: misc (Dimitra)","Misc.","Columbia University","Columbia Giving"
2023-10-02,"Christian Gonzalez",0.75,"Test and Update to PHP 8.1","Misc. Support","Misc.","Columbia University","Columbia Giving"
2023-10-02,"Christian Gonzalez",1.25,"Look into importer issues","Corp & Foundation Funding Opps: misc (Dimitra)","Misc.","Columbia University","Columbia Giving"
2023-09-29,"Christian Gonzalez",2.25,"Create new temp blank banner to test in the alumni site, test embed in alumni site","Create new version of Giving Day banner(s) for magazine","Misc.","Columbia University","Columbia Giving"
2023-09-18,"Christian Gonzalez",1.0,"Update cookie settings, pause tags in GTM","Giving site banners","Misc.","Columbia University","Columbia Giving"
2023-09-18,"Christian Gonzalez",2.0,"Popup dev","Create new version of Giving Day banner(s) for magazine","Misc.","Columbia University","Columbia Giving"
2023-09-15,"Christian Gonzalez",3.75,"Finish banner countdown, reposition iframe and start popup dev","Create new version of Giving Day banner(s) for magazine","Misc.","Columbia University","Columbia Giving"
2023-09-12,"Christian Gonzalez",1.25,"Embed the banner in an iframe on dev site","Create new version of Giving Day banner(s) for magazine","Misc.","Columbia University","Columbia Giving"
2023-09-11,"Christian Gonzalez",2.75,"Fix links target, push to prod and adjustments in magazine site banner","Giving site banners","Misc.","Columbia University","Columbia Giving"
2023-09-11,"Christian Gonzalez",2.25,"Text updates, server setup, test and breakpoint updates","Giving site banners","Misc.","Columbia University","Columbia Giving"
2023-09-11,"Christian Gonzalez",2.25,"Banner development, hosting in Vercel for testing","Create new version of Giving Day banner(s) for magazine","Misc.","Columbia University","Columbia Giving"
2023-09-06,"Christian Gonzalez",1.75,"Banner and popup changes","Giving site banners","Misc.","Columbia University","Columbia Giving"
2023-09-06,"Christian Gonzalez",1.25,"Research and planning for banner/popup development","Create new version of Giving Day banner(s) for magazine","Misc.","Columbia University","Columbia Giving"
2023-04-20,"Christian Gonzalez",0.75,"Fix broken link on homepage","Misc. Support","Misc.","Columbia University","Columbia Giving"
2023-02-10,"Christian Gonzalez",0.5,"Push and set up antibot module","Add more spam control to new on site form","Misc.","Columbia University","Columbia Giving"
2023-02-07,"Christian Gonzalez",1.25,"Research and test anti spam modules for an extra security layer","Add more spam control to new on site form","Misc.","Columbia University","Columbia Giving"
2023-02-03,"Christian Gonzalez",1.0,"Troubleshoot issues with captcha in contact form","Add more spam control to new on site form","Misc.","Columbia University","Columbia Giving"
2023-02-03,"Christian Gonzalez",0.75,"Test honeypot on stage and add it to prod","Add more spam control to new on site form","Misc.","Columbia University","Columbia Giving"
2023-02-02,"Christian Gonzalez",0.75,"Deploy fixes to deprecated code bug","fix nav errors","Misc.","Columbia University","Columbia Giving"
2023-02-01,"Christian Gonzalez",0.75,"Test honeypot modules locally","Add more spam control to new on site form","Misc.","Columbia University","Columbia Giving"
2023-01-31,"Christian Gonzalez",0.75,"Deploy core updates and honeypot module","Misc. Support","Misc.","Columbia University","Columbia Giving"
2023-01-31,"Christian Gonzalez",0.25,"Install honeypot module on stage","Add more spam control to new on site form","Misc.","Columbia University","Columbia Giving"
2023-01-31,"Christian Gonzalez",0.5,"Test core updates on dev","Misc. Support","Misc.","Columbia University","Columbia Giving"
2023-01-27,"Christian Gonzalez",3.5,"Push module updates. Troubleshoot and fix drush issues from the D9 upgrade. Set up SMTP on prod","Misc. Support","Misc.","Columbia University","Columbia Giving"
2023-01-27,"Christian Gonzalez",0.5,"Fix footer year","Misc. Support","Misc.","Columbia University","Columbia Giving"
2023-01-27,"Christian Gonzalez",1.5,"SMTP fix to contact form, tests on dev","Misc. Support","Misc.","Columbia University","Columbia Giving"
2023-01-26,"Christian Gonzalez",1.25,"email issue - Acquia email platform approach","Misc. Support","Misc.","Columbia University","Columbia Giving"
2023-01-25,"Christian Gonzalez",1.5,"Form troubleshoot","Misc. Support","Misc.","Columbia University","Columbia Giving"
2023-01-23,"Christian Gonzalez",2.5,"Module updates","Misc. Support","Misc.","Columbia University","Columbia Giving"
2023-01-20,"Christian Gonzalez",1.5,"Fix composer issues","Misc. Support","Misc.","Columbia University","Columbia Giving"
2023-01-12,"Christian Gonzalez",1.25,"Look into the issues of the contact form","Misc. Support","Misc.","Columbia University","Columbia Giving"
2023-01-06,"Christian Gonzalez",0.75,"meeting","Meetings & Phone Calls","Misc.","Columbia University","Columbia Giving"
2022-12-23,"Christian Gonzalez",0.5,"Set up new domains for dev and stage","Misc. Support","Misc.","Columbia University","Columbia Giving"
2022-12-22,"Christian Gonzalez",0.75,"Look into new domains for dev and stage","Misc. Support","Misc.","Columbia University","Columbia Giving"
2022-12-09,"Christian Gonzalez",1.25,"","UAT Testing","Ongoing Tasks...","Columbia University","Columbia Giving"
2022-12-07,"Christian Gonzalez",1.0,"","Meetings & Phone Calls","Misc.","Columbia University","Columbia Giving"
2024-12-18,"Christian Gonzalez",0.5,"Help with HTML formatting","Misc. Support","General","Columbia University","Columbia Magazine"
2024-12-16,"Christian Gonzalez",1.25,"Fix issue with gifs in the featured article's header","Misc. Support","General","Columbia University","Columbia Magazine"
2024-12-06,"Christian Gonzalez",4.0,"Troubleshoot issues on last steps of the upgrade","Drupal 10 upgrade","To-Dos","Columbia University","Columbia Magazine"
2024-12-05,"Christian Gonzalez",2.75,"Troubleshoot issues on last steps of the upgrade","Drupal 10 upgrade","To-Dos","Columbia University","Columbia Magazine"
2024-12-04,"Christian Gonzalez",2.75,"Troubleshoot issues on last steps of the upgrade","Drupal 10 upgrade","To-Dos","Columbia University","Columbia Magazine"
2024-12-03,"Christian Gonzalez",3.5,"Upgrade","Drupal 10 upgrade","To-Dos","Columbia University","Columbia Magazine"
2024-11-29,"Christian Gonzalez",2.75,"Run composer commands for update, test locally","Drupal 10 upgrade","To-Dos","Columbia University","Columbia Magazine"
2024-11-28,"Christian Gonzalez",5.0,"Remove outdated modules and themes, update modules","Drupal 10 upgrade","To-Dos","Columbia University","Columbia Magazine"
2024-11-26,"Christian Gonzalez",3.0,"Fix Lando for local dev, pull site again and continue updates","Drupal 10 upgrade","To-Dos","Columbia University","Columbia Magazine"
2024-11-26,"Christian Gonzalez",1.75,"Fix issue with cron and fix popular articles","Misc. Support","General","Columbia University","Columbia Magazine"
2024-11-25,"Christian Gonzalez",2.5,"Troubleshoot issue with cron and most popular articles","Misc. Support","General","Columbia University","Columbia Magazine"
2024-11-25,"Christian Gonzalez",1.0,"Push text changes to prod, clear caches and test","New Font styling","To-Dos","Columbia University","Columbia Magazine"
2024-11-21,"Christian Gonzalez",1.5,"D10 updates","Drupal 10 upgrade","To-Dos","Columbia University","Columbia Magazine"
2024-11-20,"Christian Gonzalez",2.5,"Fix custom theme/modules issues, test locally","Drupal 10 upgrade","To-Dos","Columbia University","Columbia Magazine"
2024-11-19,"Christian Gonzalez",2.5,"","New Font styling","To-Dos","Columbia University","Columbia Magazine"
2024-11-18,"Christian Gonzalez",2.0,"","New Font styling","To-Dos","Columbia University","Columbia Magazine"
2024-11-14,"Christian Gonzalez",1.75,"Start planning D10 upgrade","Drupal 10 upgrade","To-Dos","Columbia University","Columbia Magazine"
2024-11-07,"Christian Gonzalez",1.5,"Text changes, push some of the changes","New Font styling","To-Dos","Columbia University","Columbia Magazine"
2024-10-31,"Christian Gonzalez",1.75,"Test font sizes on featured section of category pages","New Font styling","To-Dos","Columbia University","Columbia Magazine"
2024-10-29,"Christian Gonzalez",1.5,"Change font everywhere else","New Font styling","To-Dos","Columbia University","Columbia Magazine"
2024-10-25,"Christian Gonzalez",0.75,"Change font sizes and weights in teaser cards","New Font styling","To-Dos","Columbia University","Columbia Magazine"
2024-10-24,"Christian Gonzalez",1.5,"Change font styling for article body content, test","New Font styling","To-Dos","Columbia University","Columbia Magazine"
2024-10-09,"Christian Gonzalez",1.0,"Fix issue with popular posts","Misc. Support","General","Columbia University","Columbia Magazine"
2024-10-03,"Christian Gonzalez",0.5,"Mobile changes","mobile :readmore: button under articles on category pages, text too small (wrong font?)","To-Dos","Columbia University","Columbia Magazine"
2024-10-03,"Christian Gonzalez",2.25,"Import the missing weights and re-do the test page with the correct weights","New Font styling","To-Dos","Columbia University","Columbia Magazine"
2024-10-02,"Christian Gonzalez",0.75,"Troubleshoot","Footer logo: needs to link to homepage","To-Dos","Columbia University","Columbia Magazine"
2024-10-02,"Christian Gonzalez",1.25,"Set up initial test page for the new font styling","New Font styling","To-Dos","Columbia University","Columbia Magazine"
2024-10-02,"Christian Gonzalez",1.75,"Changes to mobile readmore styling and test articles with multiple authors","mobile :readmore: button under articles on category pages, text too small (wrong font?)","To-Dos","Columbia University","Columbia Magazine"
2024-10-02,"Christian Gonzalez",1.5,"Fix blurry thumbnails","Mobile thumbnail art some looking blurry","To-Dos","Columbia University","Columbia Magazine"
2024-10-01,"Christian Gonzalez",1.75,"Start looking into blurry thumbnails","Mobile thumbnail art some looking blurry","To-Dos","Columbia University","Columbia Magazine"
2024-09-24,"Christian Gonzalez",0.75,"Fix overlap issue on article ad","Misc. Support","General","Columbia University","Columbia Magazine"
2024-09-23,"Christian Gonzalez",2.0,"Change ad positioning for giving day, fix issues on article sidebar issues and mobile","Misc. Support","General","Columbia University","Columbia Magazine"
2024-09-23,"Christian Gonzalez",0.75,"","mobile :readmore: button under articles on category pages, text too small (wrong font?)","To-Dos","Columbia University","Columbia Magazine"
2024-09-19,"Christian Gonzalez",1.25,"Change ad positioning for giving day","Misc. Support","General","Columbia University","Columbia Magazine"
2024-08-14,"Christian Gonzalez",0.75,"Look into possible issues with SSL certificate","Misc. Support","General","Columbia University","Columbia Magazine"
2024-08-14,"Christian Gonzalez",1.75,"Search image size changes, link fixes","Misc. Support","General","Columbia University","Columbia Magazine"
2024-08-13,"Christian Gonzalez",0.75,"Image size changes","Misc. Support","General","Columbia University","Columbia Magazine"
2024-08-12,"Christian Gonzalez",4.0,"Roll back updates, troubleshot and fix issues with module updates","Run Drupal/ plugin updates","To-Dos","Columbia University","Columbia Magazine"
2024-08-06,"Christian Gonzalez",1.5,"Minor drupal updates","Run Drupal/ plugin updates","To-Dos","Columbia University","Columbia Magazine"
2024-07-31,"Christian Gonzalez",2.0,"Drupal updates","Run Drupal/ plugin updates","To-Dos","Columbia University","Columbia Magazine"
2024-06-06,"Christian Gonzalez",3.0,"Fix broken images in search, change sizes for issues in homepage, push to prod","Misc. Support","General","Columbia University","Columbia Magazine"
2024-06-05,"Christian Gonzalez",1.25,"Image ratio changes, push to dev and prep for prod","Misc. Support","General","Columbia University","Columbia Magazine"
2024-05-16,"Christian Gonzalez",2.25,"Image ratio changes","Misc. Support","General","Columbia University","Columbia Magazine"
2024-05-02,"Christian Gonzalez",1.5,"Fix slug and missing homepage section","Misc. Support","General","Columbia University","Columbia Magazine"
2024-04-22,"Christian Gonzalez",1.0,"Default images for articles that doesn't have featured images, push to prod","Misc. Support","General","Columbia University","Columbia Magazine"
2024-04-17,"Christian Gonzalez",1.25,"Troubleshoot GIF and Italics issues","Misc. Support","General","Columbia University","Columbia Magazine"
2024-04-08,"Christian Gonzalez",1.25,"Deploy and set up author changes and search text","Misc. Support","General","Columbia University","Columbia Magazine"
2024-04-05,"Christian Gonzalez",0.5,"","!! Search page, sort pull down menu text change","To-Dos","Columbia University","Columbia Magazine"
2024-03-12,"Christian Gonzalez",2.5,"Author styling fixes","Jan24: ? Did we implement the second author ability?","To-Dos","Columbia University","Columbia Magazine"
2024-03-11,"Christian Gonzalez",0.75,"More author styling","Jan24: ? Did we implement the second author ability?","To-Dos","Columbia University","Columbia Magazine"
2024-03-08,"Christian Gonzalez",1.75,"New author styling","Jan24: ? Did we implement the second author ability?","To-Dos","Columbia University","Columbia Magazine"
2024-03-05,"Christian Gonzalez",1.25,"Push twitter logo changes and author changes","Feb twitter","To-Dos","Columbia University","Columbia Magazine"
2024-03-04,"Christian Gonzalez",1.0,"Fix twitter logo in footer and header menus","Feb twitter","To-Dos","Columbia University","Columbia Magazine"
2024-03-01,"Christian Gonzalez",1.0,"Look into twitter logo in footer","Feb twitter","To-Dos","Columbia University","Columbia Magazine"
2024-02-26,"Christian Gonzalez",1.25,"Test option for multiple long named authors in posts","Jan24: ? Did we implement the second author ability?","To-Dos","Columbia University","Columbia Magazine"
2024-02-15,"Christian Gonzalez",0.75,"Try final svg for the logo","Feb twitter","To-Dos","Columbia University","Columbia Magazine"
2024-02-02,"Christian Gonzalez",0.75,"Try new svg for the logo","Feb twitter","To-Dos","Columbia University","Columbia Magazine"
2024-02-01,"Christian Gonzalez",1.5,"Look into twitter logo changes and compiled svgs","Feb twitter","To-Dos","Columbia University","Columbia Magazine"
2024-02-01,"Christian Gonzalez",1.25,"","Jan24: Video pages: link overlays","To-Dos","Columbia University","Columbia Magazine"
2024-01-31,"Christian Gonzalez",2.75,"Add multiple authors to ""more from"" section, tests and styling adjustments","Jan24: ? Did we implement the second author ability?","To-Dos","Columbia University","Columbia Magazine"
2024-01-31,"Christian Gonzalez",0.75,"","Jan 24: Replace Twitter icon with one that matches magazine","To-Dos","Columbia University","Columbia Magazine"
2024-01-30,"Christian Gonzalez",2.0,"Add multiple authors in staging, styling","Jan24: ? Did we implement the second author ability?","To-Dos","Columbia University","Columbia Magazine"
2024-01-30,"Christian Gonzalez",1.5,"","Jan 24: Replace Twitter icon with one that matches magazine","To-Dos","Columbia University","Columbia Magazine"
2024-01-29,"Christian Gonzalez",4.5,"","Jan 24: Replace Twitter icon with one that matches magazine","To-Dos","Columbia University","Columbia Magazine"
2024-01-18,"Christian Gonzalez",0.5,"Help with non-italics captions","Misc. Support","General","Columbia University","Columbia Magazine"
2024-01-10,"Christian Gonzalez",1.75,"Changes to video orientation and captions","Jan24: Title space","To-Dos","Columbia University","Columbia Magazine"
2024-01-09,"Christian Gonzalez",2.0,"Refactor video header template code","Jan24: video text background mobile","To-Dos","Columbia University","Columbia Magazine"
2024-01-09,"Christian Gonzalez",1.75,"","Jan24: video text background mobile","To-Dos","Columbia University","Columbia Magazine"
2024-01-09,"Christian Gonzalez",3.0,"","Jan24: Video Vertical","To-Dos","Columbia University","Columbia Magazine"
2024-01-08,"Christian Gonzalez",0.75,"","Jan24: Title space","To-Dos","Columbia University","Columbia Magazine"
2024-01-08,"Christian Gonzalez",1.25,"Troubleshoot cache and loading issues in staging and dev environments","Misc. Support","General","Columbia University","Columbia Magazine"
2024-01-05,"Christian Gonzalez",4.5,"Troubleshoot cache and loading issues in staging and dev environments","Account Management","General","Columbia University","Columbia Magazine"
2024-01-04,"Christian Gonzalez",1.5,"Drupal updates","Misc. Support","General","Columbia University","Columbia Magazine"
2023-12-14,"Christian Gonzalez",1.25,"Mobile view changes","Add Left / Right alignment","November 2023","Columbia University","Columbia Magazine"
2023-12-11,"Christian Gonzalez",1.0,"Push updates","Misc. Support","General","Columbia University","Columbia Magazine"
2023-12-06,"Christian Gonzalez",2.25,"Drupal updates","Misc. Support","General","Columbia University","Columbia Magazine"
2023-12-01,"Christian Gonzalez",0.75,"Changes to mobile view","Add Left / Right alignment","November 2023","Columbia University","Columbia Magazine"
2023-11-28,"Christian Gonzalez",1.25,"Fix form submission email formatting","New submit ideas form/module","To-Dos","Columbia University","Columbia Magazine"
2023-11-20,"Christian Gonzalez",0.25,"add italics to normal captions","Misc. Support","General","Columbia University","Columbia Magazine"
2023-11-14,"Christian Gonzalez",2.25,"Change label, look into line breaks in the email submission","New submit ideas form/module","To-Dos","Columbia University","Columbia Magazine"
2023-11-07,"Christian Gonzalez",0.75,"Video alignment mobile fix","New submit ideas form/module","To-Dos","Columbia University","Columbia Magazine"
2023-11-03,"Christian Gonzalez",1.25,"Pop posts module fix","Misc. Support","General","Columbia University","Columbia Magazine"
2023-11-03,"Christian Gonzalez",1.5,"Look into multiple authors in staging","Multiple authors","To-Dos","Columbia University","Columbia Magazine"
2023-11-02,"Christian Gonzalez",1.75,"Alignment changes","Image effect feature","To-Dos","Columbia University","Columbia Magazine"
2023-11-02,"Christian Gonzalez",1.25,"Create fields and changes to the styling/template","Add Left / Right alignment","November 2023","Columbia University","Columbia Magazine"
2023-10-25,"Christian Gonzalez",2.25,"Research and troubleshoot issues with Google PHP library","Misc. Support","General","Columbia University","Columbia Magazine"
2023-10-20,"Christian Gonzalez",1.0,"Override manually popular posts temporarly","Misc. Support","General","Columbia University","Columbia Magazine"
2023-10-17,"Christian Gonzalez",4.25,"Look into issues with popular posts view","Misc. Support","General","Columbia University","Columbia Magazine"
2023-10-02,"Christian Gonzalez",0.75,"Test and update PHP 8.1","Misc. Support","General","Columbia University","Columbia Magazine"
2023-10-02,"Christian Gonzalez",0.75,"Push video feature","Image effect feature","To-Dos","Columbia University","Columbia Magazine"
2023-10-02,"Christian Gonzalez",0.75,"Google search console auth","Misc. Support","General","Columbia University","Columbia Magazine"
2023-09-29,"Christian Gonzalez",0.25,"Configure SMTP and test form submission","Misc. Support","General","Columbia University","Columbia Magazine"
2023-09-28,"Christian Gonzalez",2.0,"Fix mobile bugs","Image effect feature","To-Dos","Columbia University","Columbia Magazine"
2023-09-28,"Christian Gonzalez",1.5,"Look into form submission and email issues","Misc. Support","General","Columbia University","Columbia Magazine"
2023-09-27,"Christian Gonzalez",4.75,"Fix featured image caption mobile, add options for different text color and positioning","Image effect feature","To-Dos","Columbia University","Columbia Magazine"
2023-09-26,"Christian Gonzalez",3.25,"Finish first version of the video feature, video is hardcoded for the first test","Image effect feature","To-Dos","Columbia University","Columbia Magazine"
2023-09-25,"Christian Gonzalez",1.75,"Development of new feature","Image effect feature","To-Dos","Columbia University","Columbia Magazine"
2023-09-21,"Christian Gonzalez",1.75,"Start development of new feature","Image effect feature","To-Dos","Columbia University","Columbia Magazine"
2023-09-11,"Christian Gonzalez",1.75,"Changes to styling and confirmation in prod","New submit ideas form/module","To-Dos","Columbia University","Columbia Magazine"
2023-09-05,"Christian Gonzalez",1.25,"Setup and push updates and form to prod","New submit ideas form/module","To-Dos","Columbia University","Columbia Magazine"
2023-09-04,"Christian Gonzalez",0.5,"Mock deploy to stage","New submit ideas form/module","To-Dos","Columbia University","Columbia Magazine"
2023-08-30,"Christian Gonzalez",2.75,"Look into fixes to search form autosubmission and tests","Misc. Support","General","Columbia University","Columbia Magazine"
2023-08-29,"Christian Gonzalez",0.5,"Look into 5XX issues","Misc. Support","General","Columbia University","Columbia Magazine"
2023-08-22,"Christian Gonzalez",1.25,"Plugin version upgrades and tests to sort autosubmit","Misc. Support","General","Columbia University","Columbia Magazine"
2023-08-17,"Christian Gonzalez",2.25,"Look into search form autosubmission","Misc. Support","General","Columbia University","Columbia Magazine"
2023-08-15,"Christian Gonzalez",0.25,"Center submit text on the newsletter form","! Check the Accessibility of site to new standards","To-Dos","Columbia University","Columbia Magazine"
2023-08-15,"Christian Gonzalez",0.75,"Styling change on confirmation message","New submit ideas form/module","To-Dos","Columbia University","Columbia Magazine"
2023-08-15,"Christian Gonzalez",0.75,"Minor module updates","Misc. Support","General","Columbia University","Columbia Magazine"
2023-08-09,"Christian Gonzalez",1.25,"Test AJAX submission","New submit ideas form/module","To-Dos","Columbia University","Columbia Magazine"
2023-08-08,"Christian Gonzalez",1.75,"Module and core udates","Misc. Support","General","Columbia University","Columbia Magazine"
2023-07-24,"Christian Gonzalez",1.5,"Form changes","New submit ideas form/module","To-Dos","Columbia University","Columbia Magazine"
2023-07-19,"Christian Gonzalez",1.25,"New image animations","Image effect feature","To-Dos","Columbia University","Columbia Magazine"
2023-07-18,"Christian Gonzalez",1.0,"Change image animation styling","Image effect feature","To-Dos","Columbia University","Columbia Magazine"
2023-07-18,"Christian Gonzalez",1.0,"Form mobile styling","New submit ideas form/module","To-Dos","Columbia University","Columbia Magazine"
2023-07-17,"Christian Gonzalez",1.25,"Mobile styling/animation changes","Image effect feature","To-Dos","Columbia University","Columbia Magazine"
2023-07-13,"Christian Gonzalez",0.75,"Change font weight","New submit ideas form/module","To-Dos","Columbia University","Columbia Magazine"
2023-07-13,"Christian Gonzalez",0.5,"Troubleshoot push error","Misc. Support","General","Columbia University","Columbia Magazine"
2023-07-10,"Christian Gonzalez",1.0,"New article taxonomy styling","Image effect feature","To-Dos","Columbia University","Columbia Magazine"
2023-07-10,"Christian Gonzalez",1.0,"Styling changes","New submit ideas form/module","To-Dos","Columbia University","Columbia Magazine"
2023-07-06,"Christian Gonzalez",1.0,"Form mobile styling","New submit ideas form/module","To-Dos","Columbia University","Columbia Magazine"
2023-07-06,"Christian Gonzalez",1.5,"Image css animations","Image effect feature","To-Dos","Columbia University","Columbia Magazine"
2023-07-05,"Christian Gonzalez",1.0,"form styling","New submit ideas form/module","To-Dos","Columbia University","Columbia Magazine"
2023-07-05,"Christian Gonzalez",1.0,"Image css animations test","Image effect feature","To-Dos","Columbia University","Columbia Magazine"
2023-07-05,"Christian Gonzalez",1.25,"Pull dev to local, debug webform logic","New submit ideas form/module","To-Dos","Columbia University","Columbia Magazine"
2023-07-05,"Christian Gonzalez",1.5,"Form logic and initial styling","New submit ideas form/module","To-Dos","Columbia University","Columbia Magazine"
2023-07-05,"Christian Gonzalez",0.75,"Setup webform on dev","New submit ideas form/module","To-Dos","Columbia University","Columbia Magazine"
2023-06-27,"Christian Gonzalez",1.25,"Initial setup, testing","New submit ideas form/module","To-Dos","Columbia University","Columbia Magazine"
2023-06-21,"Christian Gonzalez",1.25,"Change last colors, remove underline on abbreviation link","! Check the Accessibility of site to new standards","To-Dos","Columbia University","Columbia Magazine"
2023-06-21,"Christian Gonzalez",1.5,"Set up backend fields necessary for testing the image effect","Image effect feature","To-Dos","Columbia University","Columbia Magazine"
2023-06-16,"Christian Gonzalez",2.5,"Drupal updates, fix issues with libraries","Misc. Support","General","Columbia University","Columbia Magazine"
2023-06-15,"Christian Gonzalez",0.75,"Color changes","! Check the Accessibility of site to new standards","To-Dos","Columbia University","Columbia Magazine"
2023-06-15,"Christian Gonzalez",0.75,"Look into the image effect sample","Image effect feature","To-Dos","Columbia University","Columbia Magazine"
2023-05-24,"Christian Gonzalez",3.0,"Drupal core and module updates, form accessibility update","Misc. Support","General","Columbia University","Columbia Magazine"
2023-05-15,"Christian Gonzalez",0.5,"Look into user issue","Misc. Support","General","Columbia University","Columbia Magazine"
2023-05-05,"Christian Gonzalez",1.25,"Fix Issues header styling","Misc. Support","General","Columbia University","Columbia Magazine"
2023-05-04,"Christian Gonzalez",1.25,"Fix sidebar issues","Misc. Support","General","Columbia University","Columbia Magazine"
2023-05-03,"Christian Gonzalez",0.75,"Look into adding tracking to custom ads","Misc. Support","General","Columbia University","Columbia Magazine"
2023-04-03,"Christian Gonzalez",0.5,"Form background color change test","! Check the Accessibility of site to new standards","To-Dos","Columbia University","Columbia Magazine"
2023-04-03,"Christian Gonzalez",2.0,"Screen reader tests and adjustments","! Check the Accessibility of site to new standards","To-Dos","Columbia University","Columbia Magazine"
2023-03-31,"Christian Gonzalez",1.25,"Screen reader test","! Check the Accessibility of site to new standards","To-Dos","Columbia University","Columbia Magazine"
2023-03-23,"Christian Gonzalez",2.5,"Changes to templates and styling","! Check the Accessibility of site to new standards","To-Dos","Columbia University","Columbia Magazine"
2023-03-22,"Christian Gonzalez",2.5,"Changes and tests in the styling and templates","! Check the Accessibility of site to new standards","To-Dos","Columbia University","Columbia Magazine"
2023-03-17,"Christian Gonzalez",2.5,"Initial accessibility audit","! Check the Accessibility of site to new standards","To-Dos","Columbia University","Columbia Magazine"
2023-02-07,"Christian Gonzalez",1.75,"Pushing updates to dev, testing and adding image styles for ads","Misc. Support","General","Columbia University","Columbia Magazine"
2023-02-06,"Christian Gonzalez",0.5,"Push initial minor updates to dev and test","Misc. Support","General","Columbia University","Columbia Magazine"
2023-02-02,"Christian Gonzalez",1.5,"PHP upgrades locally, tests","Misc. Support","General","Columbia University","Columbia Magazine"
2023-02-01,"Christian Gonzalez",1.5,"Core updates locally, initial tests","Misc. Support","General","Columbia University","Columbia Magazine"
2023-01-26,"Christian Gonzalez",1.5,"Module updates and local tests","Misc. Support","General","Columbia University","Columbia Magazine"
2023-01-23,"Christian Gonzalez",0.75,"look into token override","Twitter feed Q","To-Dos","Columbia University","Columbia Magazine"
2023-01-18,"Christian Gonzalez",1.5,"Mobile ad bug fix","Misc. Support","General","Columbia University","Columbia Magazine"
2023-01-17,"Christian Gonzalez",1.25,"Mobile ad changes","Misc. Support","General","Columbia University","Columbia Magazine"
2023-01-12,"Christian Gonzalez",0.75,"Fix missing caption on black theme feature","Feature Article template","To-Dos","Columbia University","Columbia Magazine"
2023-01-10,"Christian Gonzalez",0.5,"Fix required theme issue","Feature Article template","To-Dos","Columbia University","Columbia Magazine"
2022-12-20,"Christian Gonzalez",1.5,"Push to prod, fix date color issue on dark theme","Feature Article template","To-Dos","Columbia University","Columbia Magazine"
2022-12-19,"Christian Gonzalez",0.25,"Change dark theme hover color","Feature Article template","To-Dos","Columbia University","Columbia Magazine"
2022-12-15,"Christian Gonzalez",1.25,"add and set up focal point for features only","Feature Article template","To-Dos","Columbia University","Columbia Magazine"
2022-12-14,"Christian Gonzalez",0.5,"Change colors for light and dark theme","Feature Article template","To-Dos","Columbia University","Columbia Magazine"
2022-12-12,"Christian Gonzalez",0.75,"Change css for themes and image centering","Feature Article template","To-Dos","Columbia University","Columbia Magazine"
2022-12-09,"Christian Gonzalez",0.75,"Set up themes on dev","Feature Article template","To-Dos","Columbia University","Columbia Magazine"
2022-12-02,"Christian Gonzalez",1.5,"Test new themes and research conditional fields","Feature Article template","To-Dos","Columbia University","Columbia Magazine"
2022-12-02,"Christian Gonzalez",1.5,"","Dev Site: Drupal upgrade tweak","To-Dos","Columbia University","Columbia Magazine"
2022-12-02,"Christian Gonzalez",2.5,"","Feature Article template","To-Dos","Columbia University","Columbia Magazine"
2022-11-25,"Christian Gonzalez",1.5,"","Feature Article template","To-Dos","Columbia University","Columbia Magazine"
2022-11-11,"Christian Gonzalez",1.0,"","Feature Article template","To-Dos","Columbia University","Columbia Magazine"
2022-10-24,"Christian Gonzalez",0.75,"","Feature Article template","To-Dos","Columbia University","Columbia Magazine"
2022-10-24,"Christian Gonzalez",1.5,"","Core and plugin updates","To-Dos","Columbia University","Columbia Magazine"
2022-10-24,"Christian Gonzalez",0.25,"","Search title formatting for em","To-Dos","Columbia University","Columbia Magazine"
2022-10-18,"Christian Gonzalez",2.5,"","Feature Article template","To-Dos","Columbia University","Columbia Magazine"
2022-10-12,"Christian Gonzalez",0.75,"styling adjustments","Feature Article template","To-Dos","Columbia University","Columbia Magazine"
2022-10-11,"Christian Gonzalez",0.25,"Fix feature tablet bug","Feature Article template","To-Dos","Columbia University","Columbia Magazine"
2022-10-10,"Christian Gonzalez",0.75,"styling adjustments","Feature Article template","To-Dos","Columbia University","Columbia Magazine"
2022-10-03,"Christian Gonzalez",0.75,"Styling fixes","Feature Article template","To-Dos","Columbia University","Columbia Magazine"
2022-09-22,"Christian Gonzalez",2.0,"Pullquote changes","Feature Article template","To-Dos","Columbia University","Columbia Magazine"
2022-09-21,"Christian Gonzalez",1.25,"Add final styling to new features","Feature Article template","To-Dos","Columbia University","Columbia Magazine"
2022-09-20,"Christian Gonzalez",4.0,"Add new fields to choose the feature template and add initial changes to feature article header","Feature Article template","To-Dos","Columbia University","Columbia Magazine"
2022-09-19,"Christian Gonzalez",2.0,"New feature template setup","Feature Article template","To-Dos","Columbia University","Columbia Magazine"
2022-08-18,"Christian Gonzalez",4.0,"Deployment of multiple changes. Troubleshooting and fix issues with new search layout","Account Management","General","Columbia University","Columbia Magazine"
2022-08-16,"Christian Gonzalez",0.75,"D9 updates","!! Drupal Update","To-Dos","Columbia University","Columbia Magazine"
2022-07-21,"Christian Gonzalez",0.25,"","Headlines: want to be able to use ITALIC in headlines","To-Dos","Columbia University","Columbia Magazine"
2022-07-13,"Christian Gonzalez",1.5,"","!! Drupal Update","To-Dos","Columbia University","Columbia Magazine"
2022-07-07,"Christian Gonzalez",1.0,"","!! Drupal Update","To-Dos","Columbia University","Columbia Magazine"
2022-06-23,"Christian Gonzalez",1.5,"Change twitter share link and card type","TWitter feed/ card meta issues (See spreadsheet)","To-Dos","Columbia University","Columbia Magazine"
2022-06-23,"Christian Gonzalez",1.5,"Finish search changes","Search: sort filter","To-Dos","Columbia University","Columbia Magazine"
2022-06-22,"Christian Gonzalez",1.5,"Fine tune search changes","Search: sort filter","To-Dos","Columbia University","Columbia Magazine"
2022-06-21,"Christian Gonzalez",1.0,"","Search: sort filter","To-Dos","Columbia University","Columbia Magazine"
2022-06-21,"Christian Gonzalez",1.5,"","TWitter feed/ card meta issues (See spreadsheet)","To-Dos","Columbia University","Columbia Magazine"
2022-06-20,"Christian Gonzalez",0.5,"","Search: sort filter","To-Dos","Columbia University","Columbia Magazine"
2022-06-17,"Christian Gonzalez",2.5,"D9 core and plugin updates","Account Management","General","Columbia University","Columbia Magazine"
2022-06-17,"Christian Gonzalez",0.5,"","Search: sort filter","To-Dos","Columbia University","Columbia Magazine"
2022-06-17,"Christian Gonzalez",0.5,"","Headlines: want to be able to use ITALIC in headlines","To-Dos","Columbia University","Columbia Magazine"
2022-03-30,"Christian Gonzalez",1.5,"Mobile width adjustments and troubleshooting",,,"Columbia University","Columbia Magazine"
2022-03-30,"Christian Gonzalez",2.5,"Update search modules, set up new search server and re-index site","! Security update needed on Prod","Ongoing to-dos","Columbia University","Columbia Magazine"
2022-02-14,"Christian Gonzalez",0.75,"Troubleshoot mobile horizontal scrolling",,,"Columbia University","Columbia Magazine"
2022-01-20,"Christian Gonzalez",1.5,"","HOLD ! Launch Apple News","Ongoing to-dos","Columbia University","Columbia Magazine"
2022-01-19,"Christian Gonzalez",4.0,"","HOLD ! Launch Apple News","Ongoing to-dos","Columbia University","Columbia Magazine"
2022-01-18,"Christian Gonzalez",1.5,"","! Security update needed on Prod","Ongoing to-dos","Columbia University","Columbia Magazine"
2022-01-18,"Christian Gonzalez",2.0,"","HOLD ! Add new print subscription form page","Ongoing to-dos","Columbia University","Columbia Magazine"
2022-01-07,"Christian Gonzalez",2.0,"","HOLD ! Add new print subscription form page","Ongoing to-dos","Columbia University","Columbia Magazine"
2022-01-07,"Christian Gonzalez",1.0,"","! Adujst heading style on About, Staff, adv etc page types. From H1 to H2 (match Category landing pages)","Ongoing to-dos","Columbia University","Columbia Magazine"
2022-01-06,"Christian Gonzalez",2.5,"","HOLD ! Add new print subscription form page","Ongoing to-dos","Columbia University","Columbia Magazine"
2022-01-05,"Christian Gonzalez",1.5,"","! Security update needed on Prod","Ongoing to-dos","Columbia University","Columbia Magazine"
2022-01-05,"Christian Gonzalez",2.0,"","HOLD ! Add new print subscription form page","Ongoing to-dos","Columbia University","Columbia Magazine"
2024-11-27,"Christian Gonzalez",0.5,"Huddle w Kyle to plan next steps","Meetings & Calls","Misc","Dartmouth College","D10 & Site Design Update"
2024-11-25,"Christian Gonzalez",1.0,"Look into how the multi dev is setup","Migration requirements/ Initial planning","Drupal 10 Migration","Dartmouth College","D10 & Site Design Update"
2024-03-05,"Christian Gonzalez",2.0,"Godaddy redirects for www to non www","Pantheon setup","Site Migration","Dartmouth College","DAM: Site Migration"
2024-02-22,"Christian Gonzalez",4.5,"Set up stage and prod environments, set up DNS records in godaddy and go live","Pantheon setup","Site Migration","Dartmouth College","DAM: Site Migration"
2024-02-20,"Christian Gonzalez",1.75,"Fix font and missing styling updates","Testing","Site Migration","Dartmouth College","DAM: Site Migration"
2024-02-16,"Christian Gonzalez",1.75,"Look into font issues","Testing","Site Migration","Dartmouth College","DAM: Site Migration"
2024-02-15,"Christian Gonzalez",6.75,"Fix more issues after migration","Testing","Site Migration","Dartmouth College","DAM: Site Migration"
2024-02-14,"Christian Gonzalez",4.75,"Troubleshoot issues with the ""latest issue"" block, drupal updates","Testing","Site Migration","Dartmouth College","DAM: Site Migration"
2024-02-13,"Christian Gonzalez",2.25,"Set up dev site in pantheon","Pantheon setup","Site Migration","Dartmouth College","DAM: Site Migration"
2024-02-13,"Christian Gonzalez",3.75,"Take backups, export site files, uploads and codebase to setup pantheon","Site preparation","Site Migration","Dartmouth College","DAM: Site Migration"
2024-02-09,"Christian Gonzalez",0.75,"Investigate and plan site migration","Pantheon setup","Site Migration","Dartmouth College","DAM: Site Migration"
2023-04-18,"Christian Gonzalez",1.75,"Try adding embed option on wysiwyg","Video embed","OCT22","Dartmouth College","Dev./Misc. Support"
2023-04-17,"Christian Gonzalez",1.25,"Test video embeds on stage","Video embed","OCT22","Dartmouth College","Dev./Misc. Support"
2022-10-18,"Christian Gonzalez",0.75,"Install new certs","Fix SSL warning on site","OCT22","Dartmouth College","Dev./Misc. Support"
2022-10-17,"Christian Gonzalez",0.25,"Add godaddy id","Fix SSL warning on site","OCT22","Dartmouth College","Dev./Misc. Support"
2022-09-01,"Christian Gonzalez",0.5,"Change focus on featured slider images",,,"Dartmouth College","Dev./Misc. Support"
2024-12-20,"Christian Gonzalez",0.5,"Create new user","Misc. Support","2024","Dartmouth College","Misc. updates"
2024-11-06,"Christian Gonzalez",2.25,"help troubleshoot issues with image library not loading","File Upload Error","2024","Dartmouth College","Misc. updates"
2024-11-05,"Christian Gonzalez",1.25,"Check on file upload issue","File Upload Error","2024","Dartmouth College","Misc. updates"
2024-10-04,"Christian Gonzalez",0.25,"Add hotjar","Misc. Support","2024","Dartmouth College","Misc. updates"
2024-09-11,"Christian Gonzalez",0.75,"Look into pantheons SSL renewal","Misc. Support","2024","Dartmouth College","Misc. updates"
2024-09-10,"Christian Gonzalez",3.75,"Look into GoDaddy SSL, current DAM SSL and Pantheon SSL","Misc. Support","2024","Dartmouth College","Misc. updates"
2024-09-09,"Christian Gonzalez",0.25,"Initial look into the SSL renewal","Misc. Support","2024","Dartmouth College","Misc. updates"
2024-09-04,"Christian Gonzalez",0.5,"Import class notes","Misc. Support","2024","Dartmouth College","Misc. updates"
2024-09-03,"Christian Gonzalez",1.25,"Troubleshoot issues with XML import","Misc. Support","2024","Dartmouth College","Misc. updates"
2024-07-25,"Christian Gonzalez",2.0,"Changes to contact us page","Misc. Support","2024","Dartmouth College","Misc. updates"
2024-05-20,"Christian Gonzalez",1.5,"Change ownership in pantheon","Misc. Support","2024","Dartmouth College","Misc. updates"
2024-05-10,"Christian Gonzalez",0.75,"Look into Pantheon's views and GA views","Misc. Support","2024","Dartmouth College","Misc. updates"
2024-04-30,"Christian Gonzalez",0.75,"Push slider and sidebar to prod","Misc. Support","2024","Dartmouth College","Misc. updates"
2024-04-29,"Christian Gonzalez",0.5,"Sidebar changes","Homepage sidebar","2024","Dartmouth College","Misc. updates"
2024-04-11,"Christian Gonzalez",0.75,"Fix Images slider at the bottom of the homepage in desktop","Misc. Support","2024","Dartmouth College","Misc. updates"
2024-04-11,"Christian Gonzalez",2.0,"Sidebar changes","Homepage sidebar","2024","Dartmouth College","Misc. updates"
2024-04-05,"Christian Gonzalez",1.75,"Slider changes","Homepage slider","2024","Dartmouth College","Misc. updates"
2024-03-26,"Christian Gonzalez",1.25,"Sidebar corrections","Homepage sidebar","2024","Dartmouth College","Misc. updates"
2024-03-25,"Christian Gonzalez",1.25,"Changes to slider","Homepage slider","2024","Dartmouth College","Misc. updates"
2024-03-25,"Christian Gonzalez",2.5,"Sync prod with dev, updates to sidebar","Homepage sidebar","2024","Dartmouth College","Misc. updates"
2024-03-08,"Christian Gonzalez",1.0,"Look into the DAM theme to plan updates","Homepage slider","2024","Dartmouth College","Misc. updates"
2023-11-14,"Christian Gonzalez",0.5,"Remove GA module","Disable UA Module","Misc","Dartmouth College","Misc. updates"
2023-10-25,"Christian Gonzalez",1.5,"","DAM SSL install Nov 2023","Misc","Dartmouth College","Misc. updates"
2023-06-22,"Christian Gonzalez",0.75,"Fix custom module for the class note import and push","Class notes import","Misc","Dartmouth College","Misc. updates"
2023-06-21,"Christian Gonzalez",1.25,"Look into class note issue","Class notes import","Misc","Dartmouth College","Misc. updates"
2023-06-07,"Christian Gonzalez",0.75,"Add modules","Disable UA Module","Misc","Dartmouth College","Misc. updates"
2023-05-25,"Christian Gonzalez",1.0,"Update module on stage and prod, update Tracking ID and test","UpdateGA Tracking ID","Misc","Dartmouth College","Misc. updates"
2022-04-11,"Christian Gonzalez",0.25,"Deployment","Add ability to upload audio files to articles","March 2022","Dartmouth College","Misc. updates"
2022-04-06,"Christian Gonzalez",0.75,"","Add ability to upload audio files to articles","March 2022","Dartmouth College","Misc. updates"
2022-04-04,"Christian Gonzalez",1.25,"Audio player adjustments and styling","Add ability to upload audio files to articles","March 2022","Dartmouth College","Misc. updates"
2022-04-01,"Christian Gonzalez",3.0,"Set up field collection and library testing","Add ability to upload audio files to articles","March 2022","Dartmouth College","Misc. updates"
2022-03-31,"Christian Gonzalez",3.5,"Plugin tests and initial setup","Add ability to upload audio files to articles","March 2022","Dartmouth College","Misc. updates"
2023-04-12,"Christian Gonzalez",4.5,"Finish Spanish translation, review and corrections","Review Spanish translations for Mexico pages","Canada and Mexico","Enel X Way","Retainer"
2023-04-11,"Christian Gonzalez",2.5,"First pass at spanish translation","Review Spanish translations for Mexico pages","Canada and Mexico","Enel X Way","Retainer"
2022-05-06,"Christian Gonzalez",0.5,"","Checkout improvements","Running to-do list","Esco Optics","Esco Marketing"
2022-04-28,"Christian Gonzalez",1.5,"Make it so it only updates thursday","Esco - custom - Wordle","Running to-do list","Esco Optics","Esco Marketing"
2022-04-27,"Christian Gonzalez",3.5,"Same word for everyone and save the results on local storage","Esco - custom - Wordle","Running to-do list","Esco Optics","Esco Marketing"
2022-04-05,"Christian Gonzalez",1.5,"Escordle results page","Esco - custom - Wordle","Running to-do list","Esco Optics","Esco Marketing"
2024-12-23,"Christian Gonzalez",0.75,"Fix padding","Design for adding second map to homepage","Retainer Tasks","Gray Associates","Services Retainer"
2024-12-20,"Christian Gonzalez",3.0,"Add animations and styling","Design for adding second map to homepage","Retainer Tasks","Gray Associates","Services Retainer"
2024-12-19,"Christian Gonzalez",1.5,"Add custom HTML and Javascript for map toggle","Design for adding second map to homepage","Retainer Tasks","Gray Associates","Services Retainer"
2024-10-23,"Christian Gonzalez",1.0,"Fix issue with mega menu link being highlighted","Misc. Support","Misc.","Gray Associates","Services Retainer"
2024-01-19,"Christian Gonzalez",0.75,"troubleshoot In the News on dev with Adam","Misc. Support","Misc.","Gray Associates","Services Retainer"
2024-01-10,"Christian Gonzalez",0.75,"Troubleshoot and fix feed issues","Misc. Support","Misc.","Gray Associates","Services Retainer"
2024-01-10,"Christian Gonzalez",1.25,"","Blogs with multiple authors are only showing one author","2023 Gray D.I. Re-theme","Gray Associates","Services Retainer"
2023-05-19,"Christian Gonzalez",2.25,"Test 3 different alternatives for CSV/XML exports","Research, test and select a plugin that can copy blog posts from production to stage (and vice versa) without copying the full db, file system, etc.","Retainer Tasks","Gray Associates","Services Retainer"
2023-03-03,"Christian Gonzalez",0.75,"Push to prod","Add co-authors for blog posts","Retainer Tasks","Gray Associates","Services Retainer"
2023-02-14,"Christian Gonzalez",0.75,"Disable guest author feature","Add co-authors for blog posts","Retainer Tasks","Gray Associates","Services Retainer"
2023-02-13,"Christian Gonzalez",1.5,"Fix issues with author archive and changes to bottom author block","Add co-authors for blog posts","Retainer Tasks","Gray Associates","Services Retainer"
2023-02-10,"Christian Gonzalez",0.75,"Changes to article author meta widget to show multiple authors","Add co-authors for blog posts","Retainer Tasks","Gray Associates","Services Retainer"
2023-02-09,"Christian Gonzalez",0.75,"Update dev and add coauthor, initial test","Add co-authors for blog posts","Retainer Tasks","Gray Associates","Services Retainer"
2022-10-21,"Christian Gonzalez",0.25,"Add GrayData: Expresso's posts to main blog page","Misc. Support","Misc.","Gray Associates","Services Retainer"
2022-10-17,"Christian Gonzalez",0.75,"Push changes to prod","Design and implement author list page, and author attribution on blog post preview cards, post detail pages.","Retainer Tasks","Gray Associates","Services Retainer"
2022-10-11,"Christian Gonzalez",0.5,"Add author info","Design and implement author list page, and author attribution on blog post preview cards, post detail pages.","Retainer Tasks","Gray Associates","Services Retainer"
2022-10-07,"Christian Gonzalez",1.5,"Shortcode styling","Design and implement author list page, and author attribution on blog post preview cards, post detail pages.","Retainer Tasks","Gray Associates","Services Retainer"
2022-10-06,"Christian Gonzalez",3.0,"Initial setup and shortcodes on staging","Design and implement author list page, and author attribution on blog post preview cards, post detail pages.","Retainer Tasks","Gray Associates","Services Retainer"
2022-09-30,"Christian Gonzalez",0.5,"Update on prod","Change URL structure for blogs so they can be isolated in Google Analytics","Retainer Tasks","Gray Associates","Services Retainer"
2022-09-28,"Christian Gonzalez",0.5,"Troubleshoot and fix blog template on stage","Change URL structure for blogs so they can be isolated in Google Analytics","Retainer Tasks","Gray Associates","Services Retainer"
2022-09-27,"Christian Gonzalez",0.5,"","Change URL structure for blogs so they can be isolated in Google Analytics","Retainer Tasks","Gray Associates","Services Retainer"
2022-05-23,"Christian Gonzalez",0.25,"Manual migration and staging creation","Migrate robertgrayatkins.com to WPEngine","Retainer Tasks","Gray Associates","Services Retainer"
2022-05-22,"Christian Gonzalez",0.25,"Backup db and wp-content manually to prepare for manual migration","Migrate robertgrayatkins.com to WPEngine","Retainer Tasks","Gray Associates","Services Retainer"
2022-05-22,"Christian Gonzalez",0.25,"Try wpengine automatic migration","Migrate robertgrayatkins.com to WPEngine","Retainer Tasks","Gray Associates","Services Retainer"
2022-05-18,"Christian Gonzalez",0.75,"Reviewing migration and fixing issues","Migrate grayasspciates.com site to WPEngine","Retainer Tasks","Gray Associates","Services Retainer"
2022-05-18,"Christian Gonzalez",1.5,"Importing the site to wpengine","Migrate grayasspciates.com site to WPEngine","Retainer Tasks","Gray Associates","Services Retainer"
2022-05-17,"Christian Gonzalez",2.5,"Try 3 different plugins to export the site wp-content and db and import locally","Migrate grayasspciates.com site to WPEngine","Retainer Tasks","Gray Associates","Services Retainer"
2022-05-16,"Christian Gonzalez",1.5,"Researching alternative plugins for the migration","Migrate grayasspciates.com site to WPEngine","Retainer Tasks","Gray Associates","Services Retainer"
2022-05-13,"Christian Gonzalez",0.5,"Trying wpengine automatic migration plugin","Migrate grayasspciates.com site to WPEngine","Retainer Tasks","Gray Associates","Services Retainer"
2022-05-12,"Christian Gonzalez",1.75,"","Setup local development environments.","General Onboarding","Gray Associates","Services Retainer"
2024-11-14,"Christian Gonzalez",1.75,"New CMS training, browse through the CMS and look at the new repo","Meetings and Phone Calls","Misc.","Lexia Learning","Lexia Learning Retainer"
2024-10-31,"Christian Gonzalez",2.5,"Security training","Misc. Support","Misc.","Lexia Learning","Lexia Learning Retainer"
2024-10-23,"Christian Gonzalez",2.5,"Push the changes, fix mobile header for an extra page","Misc. Support","Misc.","Lexia Learning","Lexia Learning Retainer"
2024-10-22,"Christian Gonzalez",4.0,"Test using existing fields in Alyssa's templates","Misc. Support","Misc.","Lexia Learning","Lexia Learning Retainer"
2024-10-21,"Christian Gonzalez",1.75,"Test gated form","Misc. Support","Misc.","Lexia Learning","Lexia Learning Retainer"
2024-10-18,"Christian Gonzalez",3.5,"Gated form and more changes to the mobile header","Misc. Support","Misc.","Lexia Learning","Lexia Learning Retainer"
2024-10-17,"Christian Gonzalez",2.5,"Mobile header fix for template","Misc. Support","Misc.","Lexia Learning","Lexia Learning Retainer"
2024-10-15,"Christian Gonzalez",2.75,"Security training","Misc. Support","Misc.","Lexia Learning","Lexia Learning Retainer"
2024-09-24,"Christian Gonzalez",1.25,"Security training","Misc. Support","Misc.","Lexia Learning","Lexia Learning Retainer"
2024-08-26,"Christian Gonzalez",2.5,"Deeper look into 404s errors and why there are new redirect issues","address new 401s from Alyssa (in email)","Misc.","Lexia Learning","Lexia Learning Retainer"
2024-08-19,"Christian Gonzalez",0.75,"Look into 404s spreadsheet","address new 401s from Alyssa (in email)","Misc.","Lexia Learning","Lexia Learning Retainer"
2024-07-31,"Christian Gonzalez",1.5,"Look into header issues","Misc. Support","Misc.","Lexia Learning","Lexia Learning Retainer"
2024-07-25,"Christian Gonzalez",2.25,"Fix 401s, 400s, run the report again and fix missing 404s from the new homepage","SEO work","Running To-Do List","Lexia Learning","Lexia Learning Retainer"
2024-07-18,"Christian Gonzalez",1.75,"Finish fixing 404s","SEO work","Running To-Do List","Lexia Learning","Lexia Learning Retainer"
2024-07-15,"Christian Gonzalez",2.0,"Fix 404s","SEO work","Running To-Do List","Lexia Learning","Lexia Learning Retainer"
2024-07-12,"Christian Gonzalez",1.5,"Add schema to FAQ page","Misc. Support","Misc.","Lexia Learning","Lexia Learning Retainer"
2024-07-09,"Christian Gonzalez",1.75,"Look into outages alerts again, ELC alumni update","Misc. Support","Misc.","Lexia Learning","Lexia Learning Retainer"
2024-07-08,"Christian Gonzalez",0.25,"Look into outage alert","Misc. Support","Misc.","Lexia Learning","Lexia Learning Retainer"
2024-06-28,"Christian Gonzalez",3.0,"Security training","Account/Project Management","Misc.","Lexia Learning","Lexia Learning Retainer"
2024-05-29,"Christian Gonzalez",2.0,"Fix JS error","Misc. Support","Misc.","Lexia Learning","Lexia Learning Retainer"
2024-04-26,"Christian Gonzalez",3.5,"Redirects","SEO work","Running To-Do List","Lexia Learning","Lexia Learning Retainer"
2024-04-24,"Christian Gonzalez",0.75,"Test redirects","SEO work","Running To-Do List","Lexia Learning","Lexia Learning Retainer"
2024-04-11,"Christian Gonzalez",0.75,"Look at redirects for planning","SEO work","Running To-Do List","Lexia Learning","Lexia Learning Retainer"
2024-03-19,"Christian Gonzalez",1.5,"Add custom js to change text in homepage slider, create PR to change it in the template","Misc. Support","Misc.","Lexia Learning","Lexia Learning Retainer"
2024-03-06,"Christian Gonzalez",2.0,"Classroom resources fix, proof is power","Misc. Support","Misc.","Lexia Learning","Lexia Learning Retainer"
2024-03-04,"Christian Gonzalez",1.75,"Look into unused landing page and make pull request to remove from codebase","Misc. Support","Misc.","Lexia Learning","Lexia Learning Retainer"
2024-02-27,"Christian Gonzalez",2.75,"Look into 404s in Proof is Power landing page and other landing pages outside the CMS. ESSA evidence script help","Misc. Support","Misc.","Lexia Learning","Lexia Learning Retainer"
2024-02-06,"Christian Gonzalez",2.25,"New content type, test canonical link changes","Misc. Support","Misc.","Lexia Learning","Lexia Learning Retainer"
2024-01-15,"Christian Gonzalez",1.25,"Fix state resources gating and add gating to state pacing guide","JAN24: Fix Gating on State resource pages","Running To-Do List","Lexia Learning","Lexia Learning Retainer"
2024-01-12,"Christian Gonzalez",3.0,"Look into resource content type gating","JAN24: Fix Gating on State resource pages","Running To-Do List","Lexia Learning","Lexia Learning Retainer"
2024-01-12,"Christian Gonzalez",2.25,"Create new content type and tests","JAN24: New Resource type: State Pacing Guide","Running To-Do List","Lexia Learning","Lexia Learning Retainer"
2024-01-03,"Christian Gonzalez",0.75,"Review new content type and resource gating","JAN24: New Resource type: State Pacing Guide","Running To-Do List","Lexia Learning","Lexia Learning Retainer"
2023-12-19,"Christian Gonzalez",0.75,"Changes to popup video button in products","Misc. Support","Misc.","Lexia Learning","Lexia Learning Retainer"
2023-12-07,"Christian Gonzalez",2.0,"Add tracking in gtm for the popups","popups Geo IP","Running To-Do List","Lexia Learning","Lexia Learning Retainer"
2023-12-07,"Christian Gonzalez",1.5,"Push geotargetly, add scripts to the landing pages","popups Geo IP","Running To-Do List","Lexia Learning","Lexia Learning Retainer"
2023-12-05,"Christian Gonzalez",1.25,"Products video dev","Misc. Support","Misc.","Lexia Learning","Lexia Learning Retainer"
2023-12-05,"Christian Gonzalez",1.75,"Geotargetly popups dev","popups Geo IP","Running To-Do List","Lexia Learning","Lexia Learning Retainer"
2023-12-04,"Christian Gonzalez",0.75,"Look into how the resources video is set up to plan the products video","Misc. Support","Misc.","Lexia Learning","Lexia Learning Retainer"
2023-11-30,"Christian Gonzalez",0.5,"Fix image and remove popup white background","popups Geo IP","Running To-Do List","Lexia Learning","Lexia Learning Retainer"
2023-11-29,"Christian Gonzalez",3.0,"Test popups in lexiacms, change security policy so the script can run","popups Geo IP","Running To-Do List","Lexia Learning","Lexia Learning Retainer"
2023-11-21,"Christian Gonzalez",2.25,"Popup html and styling, test","popups Geo IP","Running To-Do List","Lexia Learning","Lexia Learning Retainer"
2023-11-14,"Christian Gonzalez",1.25,"SEO call","Account/Project Management","Misc.","Lexia Learning","Lexia Learning Retainer"
2023-11-13,"Christian Gonzalez",1.0,"Troubleshoot load issues","Misc. Support","Misc.","Lexia Learning","Lexia Learning Retainer"
2023-11-10,"Christian Gonzalez",1.25,"SEO research","SEO work","Running To-Do List","Lexia Learning","Lexia Learning Retainer"
2023-10-31,"Christian Gonzalez",4.5,"Look into theme to increase page speed, canonical links and long titles","SEO work","Running To-Do List","Lexia Learning","Lexia Learning Retainer"
2023-10-26,"Christian Gonzalez",3.0,"Page speed and duplicate content analysis","SEO work","Running To-Do List","Lexia Learning","Lexia Learning Retainer"
2023-10-06,"Christian Gonzalez",1.0,"Look into how to change homepage widget text","Misc. Support","Misc.","Lexia Learning","Lexia Learning Retainer"
2023-10-02,"Christian Gonzalez",0.75,"Look into how to delete old PDF file","Misc. Support","Misc.","Lexia Learning","Lexia Learning Retainer"
2023-09-29,"Christian Gonzalez",0.5,"Change year in resource","Misc. Support","Misc.","Lexia Learning","Lexia Learning Retainer"
2023-08-25,"Christian Gonzalez",0.75,"Review changes after push and re-save carousel","Misc. Support","Misc.","Lexia Learning","Lexia Learning Retainer"
2023-08-22,"Christian Gonzalez",0.5,"Change homepage slide main button text","Misc. Support","Misc.","Lexia Learning","Lexia Learning Retainer"
2023-08-08,"Christian Gonzalez",1.0,"Troubleshoot missing button on homepage and missing products tiles","Misc. Support","Misc.","Lexia Learning","Lexia Learning Retainer"
2023-08-03,"Christian Gonzalez",0.5,"Look into mobile slider","Misc. Support","Misc.","Lexia Learning","Lexia Learning Retainer"
2023-08-02,"Christian Gonzalez",0.75,"Test changes after code push","Misc. Support","Misc.","Lexia Learning","Lexia Learning Retainer"
2023-07-26,"Christian Gonzalez",0.75,"Homepage banner change and fix vmware issues","Misc. Support","Misc.","Lexia Learning","Lexia Learning Retainer"
2023-07-25,"Christian Gonzalez",0.75,"Troubleshoot VDI login issue","Misc. Support","Misc.","Lexia Learning","Lexia Learning Retainer"
2023-07-18,"Christian Gonzalez",0.75,"Text change in core5 page","Misc. Support","Misc.","Lexia Learning","Lexia Learning Retainer"
2023-06-30,"Christian Gonzalez",2.0,"Security training","Misc. Support","Misc.","Lexia Learning","Lexia Learning Retainer"
2023-06-28,"Christian Gonzalez",0.5,"Adjust padding of video","APR23: Landing pages","Running To-Do List","Lexia Learning","Lexia Learning Retainer"
2023-06-27,"Christian Gonzalez",0.5,"Landing page video","APR23: Landing pages","Running To-Do List","Lexia Learning","Lexia Learning Retainer"
2023-06-23,"Christian Gonzalez",0.75,"change old signup form testing page to use the new widget instead of the js form","Misc. Support","Misc.","Lexia Learning","Lexia Learning Retainer"
2023-06-22,"Christian Gonzalez",1.0,"Fix non-alumni in the wrong section","Misc. Support","Misc.","Lexia Learning","Lexia Learning Retainer"
2023-06-15,"Christian Gonzalez",0.75,"set up new signup widget on a test page","Misc. Support","Misc.","Lexia Learning","Lexia Learning Retainer"
2023-06-13,"Christian Gonzalez",2.5,"Landing page","Policy Maker Landing page","Running To-Do List","Lexia Learning","Lexia Learning Retainer"
2023-06-13,"Christian Gonzalez",0.5,"Test widget in test server","Misc. Support","Misc.","Lexia Learning","Lexia Learning Retainer"
2023-06-13,"Christian Gonzalez",1.25,"Add multiple js scripts to change background of a section in solutions pages","Widget Grey background","Running To-Do List","Lexia Learning","Lexia Learning Retainer"
2023-06-13,"Christian Gonzalez",1.5,"Look into gray background and js script to modify widgets","Widget Grey background","Running To-Do List","Lexia Learning","Lexia Learning Retainer"
2023-06-12,"Christian Gonzalez",0.75,"Finish work on the signup widget, create PR","Misc. Support","Misc.","Lexia Learning","Lexia Learning Retainer"
2023-06-09,"Christian Gonzalez",2.75,"Start work on the signup widget","Misc. Support","Misc.","Lexia Learning","Lexia Learning Retainer"
2023-06-08,"Christian Gonzalez",1.75,"Change js form submit and styling","Misc. Support","Misc.","Lexia Learning","Lexia Learning Retainer"
2023-06-05,"Christian Gonzalez",0.75,"Finish initial js signup form","Misc. Support","Misc.","Lexia Learning","Lexia Learning Retainer"
2023-06-05,"Christian Gonzalez",0.5,"Look into Why Lexia text change","Misc. Support","Misc.","Lexia Learning","Lexia Learning Retainer"
2023-06-02,"Christian Gonzalez",1.75,"Javascript signup form","Misc. Support","Misc.","Lexia Learning","Lexia Learning Retainer"
2023-06-01,"Christian Gonzalez",1.25,"Double check links and upload images","APR23: Landing pages","Running To-Do List","Lexia Learning","Lexia Learning Retainer"
2023-05-31,"Christian Gonzalez",1.75,"Test new Eloqua form on an HTML widget","Misc. Support","Misc.","Lexia Learning","Lexia Learning Retainer"
2023-05-30,"Christian Gonzalez",2.5,"Create new landing page","APR23: Landing pages","Running To-Do List","Lexia Learning","Lexia Learning Retainer"
2023-05-25,"Christian Gonzalez",0.25,"Look into how the current contact form widgets are set up","Misc. Support","Misc.","Lexia Learning","Lexia Learning Retainer"
2023-05-12,"Christian Gonzalez",0.5,"Publish landing page","APR23: Landing pages","Running To-Do List","Lexia Learning","Lexia Learning Retainer"
2023-05-09,"Christian Gonzalez",0.75,"Video in solutions page","Misc. Support","Misc.","Lexia Learning","Lexia Learning Retainer"
2023-05-08,"Christian Gonzalez",0.5,"Look into GA question","Misc. Support","Misc.","Lexia Learning","Lexia Learning Retainer"
2023-05-03,"Christian Gonzalez",1.25,"Create final version of the landing page","APR23: Landing pages","Running To-Do List","Lexia Learning","Lexia Learning Retainer"
2023-04-28,"Christian Gonzalez",1.75,"Set up test video and CTA links","APR23: Landing pages","Running To-Do List","Lexia Learning","Lexia Learning Retainer"
2023-04-26,"Christian Gonzalez",2.5,"Set up new template and test page on staging site","APR23: Landing pages","Running To-Do List","Lexia Learning","Lexia Learning Retainer"
2023-04-25,"Christian Gonzalez",4.5,"Finish template and tests on local vdi environment","APR23: Landing pages","Running To-Do List","Lexia Learning","Lexia Learning Retainer"
2023-04-13,"Christian Gonzalez",1.75,"Start dev of new template locally","APR23: Landing pages","Running To-Do List","Lexia Learning","Lexia Learning Retainer"
2023-03-15,"Christian Gonzalez",0.75,"test testimonial widget in test site","Testimonial Widget","Running To-Do List","Lexia Learning","Lexia Learning Retainer"
2023-03-14,"Christian Gonzalez",0.5,"set up hostfile for test site","Testimonial Widget","Running To-Do List","Lexia Learning","Lexia Learning Retainer"
2023-03-13,"Christian Gonzalez",1.5,"Troubleshoot new solutions page issues","Misc. Support","Misc.","Lexia Learning","Lexia Learning Retainer"
2023-03-03,"Christian Gonzalez",2.0,"Bug fixes, styling adjustments and create PR","Testimonial Widget","Running To-Do List","Lexia Learning","Lexia Learning Retainer"
2023-02-27,"Christian Gonzalez",1.0,"Styling changes and tests","Testimonial Widget","Running To-Do List","Lexia Learning","Lexia Learning Retainer"
2023-02-27,"Christian Gonzalez",0.75,"Products grid fix","Misc. Support","Misc.","Lexia Learning","Lexia Learning Retainer"
2023-02-23,"Christian Gonzalez",1.5,"Test new widget on vdi local dev and make adjustments","Testimonial Widget","Running To-Do List","Lexia Learning","Lexia Learning Retainer"
2023-02-15,"Christian Gonzalez",1.25,"Start work on new widget","Testimonial Widget","Running To-Do List","Lexia Learning","Lexia Learning Retainer"
2023-02-09,"Christian Gonzalez",0.75,"Add new html widget with the council member javascript","Misc. Support","Misc.","Lexia Learning","Lexia Learning Retainer"
2023-02-09,"Christian Gonzalez",0.75,"Set up new product widget changes on prod","DEC22: Product widget homepage","Running To-Do List","Lexia Learning","Lexia Learning Retainer"
2023-02-06,"Christian Gonzalez",1.25,"password reset and security training","Misc. Support","Misc.","Lexia Learning","Lexia Learning Retainer"
2023-02-03,"Christian Gonzalez",0.75,"login issues","Misc. Support","Misc.","Lexia Learning","Lexia Learning Retainer"
2023-02-01,"Christian Gonzalez",0.5,"Issues logging in","Misc. Support","Misc.","Lexia Learning","Lexia Learning Retainer"
2023-01-24,"Christian Gonzalez",0.75,"Video question help","Misc. Support","Misc.","Lexia Learning","Lexia Learning Retainer"
2023-01-23,"Christian Gonzalez",0.75,"Look into video question","Misc. Support","Misc.","Lexia Learning","Lexia Learning Retainer"
2023-01-10,"Christian Gonzalez",0.5,"Changes to product grid and create pull request","DEC22: Product widget homepage","Running To-Do List","Lexia Learning","Lexia Learning Retainer"
2023-01-06,"Christian Gonzalez",1.25,"Test in VDI local environment, test featured product approach","DEC22: Product widget homepage","Running To-Do List","Lexia Learning","Lexia Learning Retainer"
2023-01-06,"Christian Gonzalez",0.75,"Change template to work more like the other widgets","DEC22:Homepage Carousel","Running To-Do List","Lexia Learning","Lexia Learning Retainer"
2023-01-05,"Christian Gonzalez",3.5,"Testing on VDI local environment, fixes and adjustments","DEC22:Homepage Carousel","Running To-Do List","Lexia Learning","Lexia Learning Retainer"
2023-01-04,"Christian Gonzalez",1.25,"Look into the CMS function that gets the products and plan the changes","DEC22: Product widget homepage","Running To-Do List","Lexia Learning","Lexia Learning Retainer"
2023-01-04,"Christian Gonzalez",2.5,"Local changes and tests","DEC22:Homepage Carousel","Running To-Do List","Lexia Learning","Lexia Learning Retainer"
2022-12-29,"Christian Gonzalez",1.5,"Troubleshoot issue with nested products on homepage and product pages","DEC22: Product widget homepage","Running To-Do List","Lexia Learning","Lexia Learning Retainer"
2022-12-09,"Christian Gonzalez",2.5,"","DEC22: New Solutions Page: Professional Learning","Running To-Do List","Lexia Learning","Lexia Learning Retainer"
2022-12-08,"Christian Gonzalez",0.5,"Troubleshooting VDI login issues","DEC22: New Solutions Page: Professional Learning","Running To-Do List","Lexia Learning","Lexia Learning Retainer"
2022-11-29,"Christian Gonzalez",0.5,"","Nov22: Research Coree5 video embed","Running To-Do List","Lexia Learning","Lexia Learning Retainer"
2022-11-11,"Christian Gonzalez",0.5,"","Nov22: Research Coree5 video embed","Running To-Do List","Lexia Learning","Lexia Learning Retainer"
2022-11-09,"Christian Gonzalez",0.75,"","DEC22:Homepage Carousel","Running To-Do List","Lexia Learning","Lexia Learning Retainer"
2022-11-04,"Christian Gonzalez",1.25,"Push form, change confirmation text","OCT22: !! Aspire form","Running To-Do List","Lexia Learning","Lexia Learning Retainer"
2022-10-31,"Christian Gonzalez",5.0,"Set up form without pushing. Adjustments to form submit and validation","OCT22: !! Aspire form","Running To-Do List","Lexia Learning","Lexia Learning Retainer"
2022-10-28,"Christian Gonzalez",3.5,"","OCT22: !! Aspire form","Running To-Do List","Lexia Learning","Lexia Learning Retainer"
2022-10-27,"Christian Gonzalez",2.0,"","OCT22: !! Aspire form","Running To-Do List","Lexia Learning","Lexia Learning Retainer"
2022-10-25,"Christian Gonzalez",2.5,"","OCT22: !! Aspire form","Running To-Do List","Lexia Learning","Lexia Learning Retainer"
2022-10-14,"Christian Gonzalez",0.75,"Add logos, hide title and publish","Oct22: Pandemic Recovery Solutions Page","Running To-Do List","Lexia Learning","Lexia Learning Retainer"
2022-10-13,"Christian Gonzalez",0.25,"Fix deleted block","Oct22: Pandemic Recovery Solutions Page","Running To-Do List","Lexia Learning","Lexia Learning Retainer"
2022-10-11,"Christian Gonzalez",1.5,"build intervention page","OCT22: Intervention Solutions page","Running To-Do List","Lexia Learning","Lexia Learning Retainer"
2022-10-11,"Christian Gonzalez",1.5,"Build interrumpted learning page","Oct22: Pandemic Recovery Solutions Page","Running To-Do List","Lexia Learning","Lexia Learning Retainer"
2022-09-21,"Christian Gonzalez",3.0,"","SEPT22: Dyslexia Solutions page","Running To-Do List","Lexia Learning","Lexia Learning Retainer"
2022-09-21,"Christian Gonzalez",0.5,"Change image","Sept22: fix circle graphic in chrome PC","Running To-Do List","Lexia Learning","Lexia Learning Retainer"
2022-09-12,"Christian Gonzalez",0.5,"Make sure anchor link is correct and add extra button","SEPT22: Differential Instruction LP","Running To-Do List","Lexia Learning","Lexia Learning Retainer"
2022-09-08,"Christian Gonzalez",2.0,"","SEPT22: Differential Instruction LP","Running To-Do List","Lexia Learning","Lexia Learning Retainer"
2022-09-02,"Christian Gonzalez",2.0,"","AUG22: TBD Landing page Template on LL.com","Running To-Do List","Lexia Learning","Lexia Learning Retainer"
2022-09-01,"Christian Gonzalez",1.25,"","AUG22: Watch now addition in Resources","Running To-Do List","Lexia Learning","Lexia Learning Retainer"
2022-09-01,"Christian Gonzalez",1.5,"","July22: State Pages Form Q","Running To-Do List","Lexia Learning","Lexia Learning Retainer"
2022-08-30,"Christian Gonzalez",2.25,"Changes to research page video button","AUG22: Watch now addition in Resources","Running To-Do List","Lexia Learning","Lexia Learning Retainer"
2022-08-26,"Christian Gonzalez",1.5,"Add video button on resources page","AUG22: Watch now addition in Resources","Running To-Do List","Lexia Learning","Lexia Learning Retainer"
2022-08-26,"Christian Gonzalez",0.25,"Change Aspire logos","AUG22: New Product Page: ASPIRE","Running To-Do List","Lexia Learning","Lexia Learning Retainer"
2022-08-24,"Christian Gonzalez",0.25,"Change image in stage","Account/Project Management","Misc.","Lexia Learning","Lexia Learning Retainer"
2022-08-24,"Christian Gonzalez",0.75,"Assess video button on resources page","AUG22: Watch now addition in Resources","Running To-Do List","Lexia Learning","Lexia Learning Retainer"
2022-08-17,"Christian Gonzalez",0.5,"Fix menu link not showing","Account/Project Management","Misc.","Lexia Learning","Lexia Learning Retainer"
2022-08-16,"Christian Gonzalez",0.25,"Add missing links to aspire page","AUG22: New Product Page: ASPIRE","Running To-Do List","Lexia Learning","Lexia Learning Retainer"
2022-08-15,"Christian Gonzalez",1.0,"Finish aspire product page draft","AUG22: New Product Page: ASPIRE","Running To-Do List","Lexia Learning","Lexia Learning Retainer"
2022-08-11,"Christian Gonzalez",1.5,"Initial work on aspire product page","AUG22: New Product Page: ASPIRE","Running To-Do List","Lexia Learning","Lexia Learning Retainer"
2022-08-08,"Christian Gonzalez",0.5,"Troubleshooting and updates for login issue","Account/Project Management","Misc.","Lexia Learning","Lexia Learning Retainer"
2022-07-29,"Christian Gonzalez",1.5,"","July22: State Pages Form Q","Running To-Do List","Lexia Learning","Lexia Learning Retainer"
2022-07-28,"Christian Gonzalez",2.5,"","July22: State Pages Form Q","Running To-Do List","Lexia Learning","Lexia Learning Retainer"
2022-07-28,"Christian Gonzalez",0.5,"Change the logo in the widget template and create the pull request","Jun/Jul22: LETRS widget background","Running To-Do List","Lexia Learning","Lexia Learning Retainer"
2022-07-27,"Christian Gonzalez",1.5,"Try changing logo with js on each page","Jun/Jul22: LETRS widget background","Running To-Do List","Lexia Learning","Lexia Learning Retainer"
2022-07-26,"Christian Gonzalez",0.5,"","July22: remove string from TRYit button","Running To-Do List","Lexia Learning","Lexia Learning Retainer"
2022-07-26,"Christian Gonzalez",0.25,"","Jun/Jul22: North Carolina Department of Public Instruction logo","Running To-Do List","Lexia Learning","Lexia Learning Retainer"
2022-07-21,"Christian Gonzalez",1.5,"","July22: Assessment without Testing Solutions page","Running To-Do List","Lexia Learning","Lexia Learning Retainer"
2022-07-14,"Christian Gonzalez",1.5,"","Jun/Jul22: LETRS widget background","Running To-Do List","Lexia Learning","Lexia Learning Retainer"
2022-07-14,"Christian Gonzalez",0.25,"","Jun/Jul22: North Carolina Department of Public Instruction logo","Running To-Do List","Lexia Learning","Lexia Learning Retainer"
2022-07-08,"Christian Gonzalez",0.75,"Complete code form","Account/Project Management","Misc.","Lexia Learning","Lexia Learning Retainer"
2022-07-06,"Christian Gonzalez",0.75,"","June22: New Widget Request","Running To-Do List","Lexia Learning","Lexia Learning Retainer"
2022-07-05,"Christian Gonzalez",0.5,"","June22: New Widget Request","Running To-Do List","Lexia Learning","Lexia Learning Retainer"
2022-06-30,"Christian Gonzalez",1.5,"Review new to-dos","June22: New Widget Request","Running To-Do List","Lexia Learning","Lexia Learning Retainer"
2022-06-30,"Christian Gonzalez",2.5,"Review existing widget and test/plan changes","June22: New Widget Request","Running To-Do List","Lexia Learning","Lexia Learning Retainer"
2022-06-16,"Christian Gonzalez",1.25,"Hide new product box in the product page and in the homepage","Product menu show/hide","Running To-Do List","Lexia Learning","Lexia Learning Retainer"
2022-06-13,"Christian Gonzalez",0.25,"Changes to link and publishing the page","June22: New ESSER Funding page","Running To-Do List","Lexia Learning","Lexia Learning Retainer"
2022-06-09,"Christian Gonzalez",0.25,"Add missing buttons","MAY22: NEW PAGE: Fundraising Solutions","Running To-Do List","Lexia Learning","Lexia Learning Retainer"
2022-06-08,"Christian Gonzalez",1.25,"Set up page widgets and content","MAY22: NEW PAGE: Fundraising Solutions","Running To-Do List","Lexia Learning","Lexia Learning Retainer"
2022-06-07,"Christian Gonzalez",0.25,"Set up initial page in the cms","MAY22: NEW PAGE: Fundraising Solutions","Running To-Do List","Lexia Learning","Lexia Learning Retainer"
2022-05-27,"Christian Gonzalez",0.75,"Push form changes","MAY22: Contact us forms STATE Pages","Running To-Do List","Lexia Learning","Lexia Learning Retainer"
2022-05-26,"Christian Gonzalez",1.0,"Fixing form locally","MAY22: Contact us forms STATE Pages","Running To-Do List","Lexia Learning","Lexia Learning Retainer"
2022-05-26,"Christian Gonzalez",1.5,"Troubleshoot form","MAY22: Contact us forms STATE Pages","Running To-Do List","Lexia Learning","Lexia Learning Retainer"
2022-05-26,"Christian Gonzalez",1.5,"Troubleshoot form","MAY22: Contact us forms STATE Pages","Running To-Do List","Lexia Learning","Lexia Learning Retainer"
2022-05-26,"Christian Gonzalez",1.5,"Moncur code access meeting","Meetings and Phone Calls","Misc.","Lexia Learning","Lexia Learning Retainer"
2022-05-25,"Christian Gonzalez",3.5,"Troubleshoot form issues","MAY22: Contact us forms STATE Pages","Running To-Do List","Lexia Learning","Lexia Learning Retainer"
2022-05-24,"Christian Gonzalez",5.0,"Troubleshoot form issues","MAY22: Contact us forms STATE Pages","Running To-Do List","Lexia Learning","Lexia Learning Retainer"
2022-05-23,"Christian Gonzalez",2.5,"Final fixes to the contact us form, deploy code","MAY22: Contact us forms STATE Pages","Running To-Do List","Lexia Learning","Lexia Learning Retainer"
2022-05-20,"Christian Gonzalez",3.5,"Contact form script changes","MAY22: Contact us forms STATE Pages","Running To-Do List","Lexia Learning","Lexia Learning Retainer"
2022-05-10,"Christian Gonzalez",2.0,"","MAY22: Contact us forms STATE Pages","Running To-Do List","Lexia Learning","Lexia Learning Retainer"
2022-05-09,"Christian Gonzalez",5.0,"Create script to replace existing form with contact us form","MAY22: Contact us forms STATE Pages","Running To-Do List","Lexia Learning","Lexia Learning Retainer"
2022-05-03,"Christian Gonzalez",0.75,"","Meetings and Phone Calls","Misc.","Lexia Learning","Lexia Learning Retainer"
2022-04-25,"Christian Gonzalez",0.5,"Fix myLexia link","APR22: Logo updates","Running To-Do List","Lexia Learning","Lexia Learning Retainer"
2022-04-21,"Christian Gonzalez",0.5,"Troubleshoot issues found after publishing the new logos","APR22: Logo updates","Running To-Do List","Lexia Learning","Lexia Learning Retainer"
2022-04-21,"Christian Gonzalez",1.25,"Replace old logos with the new ones","APR22: Logo updates","Running To-Do List","Lexia Learning","Lexia Learning Retainer"
2022-04-21,"Christian Gonzalez",3.0,"Make a copy of old LETRS logo and add it to some of the state adoption pages","APR22: Logo updates","Running To-Do List","Lexia Learning","Lexia Learning Retainer"
2022-04-20,"Christian Gonzalez",1.25,"Initial tests for logo changes in state pages","APR22: Logo updates","Running To-Do List","Lexia Learning","Lexia Learning Retainer"
2022-04-18,"Christian Gonzalez",0.75,"Troubleshoot form GTM","Apr: Form updates","Running To-Do List","Lexia Learning","Lexia Learning Retainer"
2022-04-13,"Christian Gonzalez",1.75,"Change anchor scroll behavior","Apr: Form updates","Running To-Do List","Lexia Learning","Lexia Learning Retainer"
2022-04-13,"Christian Gonzalez",2.5,"Add resources","Apr: Form updates","Running To-Do List","Lexia Learning","Lexia Learning Retainer"
2022-04-12,"Christian Gonzalez",3.5,"Initial changes to the landing page and adding contact sales form","Apr: Form updates","Running To-Do List","Lexia Learning","Lexia Learning Retainer"
2022-04-07,"Christian Gonzalez",0.25,"","APR22: LTRS pdf change","Running To-Do List","Lexia Learning","Lexia Learning Retainer"
2022-03-30,"Christian Gonzalez",0.5,"Fix broken link","LTRS pdf download","Running To-Do List","Lexia Learning","Lexia Learning Retainer"
2022-03-30,"Christian Gonzalez",0.5,"Investigate how to add carousel to homepage","Homepage carousel investigate","Running To-Do List","Lexia Learning","Lexia Learning Retainer"
2022-03-30,"Christian Gonzalez",0.5,"Dropdown list adjustments","MAR22: Dropdown list for States","Running To-Do List","Lexia Learning","Lexia Learning Retainer"
2022-03-30,"Christian Gonzalez",0.75,"Set up dropdown list","MAR22: Dropdown list for States","Running To-Do List","Lexia Learning","Lexia Learning Retainer"
2022-03-22,"Christian Gonzalez",2.25,"Footer changes and logo update","MAR22: DUEDATE Demo Access Page Updates","Running To-Do List","Lexia Learning","Lexia Learning Retainer"
2022-03-11,"Christian Gonzalez",0.75,"","MAR22: DUEDATE Demo Access Page Updates","Running To-Do List","Lexia Learning","Lexia Learning Retainer"
2022-03-10,"Christian Gonzalez",8.75,"","MAR22: DUEDATE Demo Access Page Updates","Running To-Do List","Lexia Learning","Lexia Learning Retainer"
2022-03-09,"Christian Gonzalez",4.0,"","MAR22: DUEDATE Demo Access Page Updates","Running To-Do List","Lexia Learning","Lexia Learning Retainer"
2022-03-03,"Christian Gonzalez",0.5,"meet and greet","Meetings and Phone Calls","Misc.","Lexia Learning","Lexia Learning Retainer"
2022-03-01,"Christian Gonzalez",3.0,"","March22: Homepage LETRS Stat graphic","Running To-Do List","Lexia Learning","Lexia Learning Retainer"
2022-02-16,"Christian Gonzalez",1.0,"","FEB22: Virtual Access/Video Sessions","Running To-Do List","Lexia Learning","Lexia Learning Retainer"
2022-02-16,"Christian Gonzalez",1.75,"Changes on Alabama LETRS","FEB22: State pages updates","Running To-Do List","Lexia Learning","Lexia Learning Retainer"
2022-02-14,"Christian Gonzalez",3.75,"","FEB22: State pages updates","Running To-Do List","Lexia Learning","Lexia Learning Retainer"
2022-02-10,"Christian Gonzalez",7.0,"","MAR22: DUEDATE Demo Access Page Updates","Running To-Do List","Lexia Learning","Lexia Learning Retainer"
2022-02-09,"Christian Gonzalez",2.75,"","FEB21- homepage fixes: Research & CaseStudies","Running To-Do List","Lexia Learning","Lexia Learning Retainer"
2022-02-08,"Christian Gonzalez",5.0,"","FEB21- homepage fixes: Research & CaseStudies","Running To-Do List","Lexia Learning","Lexia Learning Retainer"
2022-02-07,"Christian Gonzalez",4.5,"","FEB21- homepage fixes: Research & CaseStudies","Running To-Do List","Lexia Learning","Lexia Learning Retainer"
2022-01-31,"Christian Gonzalez",2.5,"","JAN21: Update site links","Running To-Do List","Lexia Learning","Lexia Learning Retainer"
2022-01-28,"Christian Gonzalez",3.0,"","JAN21: Update site links","Running To-Do List","Lexia Learning","Lexia Learning Retainer"
2022-01-25,"Christian Gonzalez",0.25,"","Fix broken link","Running To-Do List","Lexia Learning","Lexia Learning Retainer"
2022-01-25,"Christian Gonzalez",3.0,"","JAN21: Update image on 2 pages","Running To-Do List","Lexia Learning","Lexia Learning Retainer"
2022-01-24,"Christian Gonzalez",0.5,"","MAR22: DUEDATE Demo Access Page Updates","Running To-Do List","Lexia Learning","Lexia Learning Retainer"
2022-01-21,"Christian Gonzalez",1.25,"","JAN21: Update image on 2 pages","Running To-Do List","Lexia Learning","Lexia Learning Retainer"
2022-01-20,"Christian Gonzalez",2.0,"","JAN21: Remove select research assets from site.","Running To-Do List","Lexia Learning","Lexia Learning Retainer"
2022-01-19,"Christian Gonzalez",2.0,"","JAN21: Remove select research assets from site.","Running To-Do List","Lexia Learning","Lexia Learning Retainer"
2022-01-06,"Christian Gonzalez",2.0,"","JAN21: Update Report download Buttons on LL site","Running To-Do List","Lexia Learning","Lexia Learning Retainer"
2022-01-05,"Christian Gonzalez",1.5,"Troubleshoot VPN issue","Account/Project Management","Misc.","Lexia Learning","Lexia Learning Retainer"
2022-03-22,"Christian Gonzalez",1.25,"Deployment","API connection and data retrieval, formatting, etc.","Development","Lightfully","Greenhouse Integration"
2022-03-21,"Christian Gonzalez",0.75,"Add confirmation page","API connection and data retrieval, formatting, etc.","Development","Lightfully","Greenhouse Integration"
2022-03-21,"Christian Gonzalez",1.25,"Create new form confirmation page","API connection and data retrieval, formatting, etc.","Development","Lightfully","Greenhouse Integration"
2022-03-15,"Christian Gonzalez",2.0,"Form adjustments, copy and link changes","API connection and data retrieval, formatting, etc.","Development","Lightfully","Greenhouse Integration"
2022-03-14,"Christian Gonzalez",3.0,"Fix submission error and file handling","API connection and data retrieval, formatting, etc.","Development","Lightfully","Greenhouse Integration"
2022-03-11,"Christian Gonzalez",4.0,"Cleanup code, form submission and fixes","API connection and data retrieval, formatting, etc.","Development","Lightfully","Greenhouse Integration"
2022-03-09,"Christian Gonzalez",0.5,"Job board API key","API connection and data retrieval, formatting, etc.","Development","Lightfully","Greenhouse Integration"
2022-03-09,"Christian Gonzalez",0.75,"Job not found message for filters","API connection and data retrieval, formatting, etc.","Development","Lightfully","Greenhouse Integration"
2022-03-07,"Christian Gonzalez",3.5,"Filter fixes and adjustments","API connection and data retrieval, formatting, etc.","Development","Lightfully","Greenhouse Integration"
2022-03-02,"Christian Gonzalez",0.75,"Application submission message","API connection and data retrieval, formatting, etc.","Development","Lightfully","Greenhouse Integration"
2022-03-02,"Christian Gonzalez",0.75,"Restrict application attachment types","API connection and data retrieval, formatting, etc.","Development","Lightfully","Greenhouse Integration"
2022-03-02,"Christian Gonzalez",1.5,"Error management and job not found message","API connection and data retrieval, formatting, etc.","Development","Lightfully","Greenhouse Integration"
2022-03-02,"Christian Gonzalez",0.75,"Navigation and broken links fixes","API connection and data retrieval, formatting, etc.","Development","Lightfully","Greenhouse Integration"
2022-03-01,"Christian Gonzalez",3.0,"Filter fixes","API connection and data retrieval, formatting, etc.","Development","Lightfully","Greenhouse Integration"
2022-02-25,"Christian Gonzalez",3.0,"Fix issues with related job openings and add missing items to the templates","API connection and data retrieval, formatting, etc.","Development","Lightfully","Greenhouse Integration"
2022-02-24,"Christian Gonzalez",5.0,"Change filter logic and code cleanup","API connection and data retrieval, formatting, etc.","Development","Lightfully","Greenhouse Integration"
2022-02-23,"Christian Gonzalez",3.5,"Add related job openings and changes to application form","API connection and data retrieval, formatting, etc.","Development","Lightfully","Greenhouse Integration"
2022-02-21,"Christian Gonzalez",5.0,"Changed job board API calls for grouping, added filters","API connection and data retrieval, formatting, etc.","Development","Lightfully","Greenhouse Integration"
2022-02-18,"Christian Gonzalez",5.0,"Work on the filters and comparing the Job board API and the harvest API","API connection and data retrieval, formatting, etc.","Development","Lightfully","Greenhouse Integration"
2022-02-17,"Christian Gonzalez",5.0,"Build Job Detail and Job Application templates","API connection and data retrieval, formatting, etc.","Development","Lightfully","Greenhouse Integration"
2022-02-15,"Christian Gonzalez",3.0,"Filters and related articles test with harvest API","API connection and data retrieval, formatting, etc.","Development","Lightfully","Greenhouse Integration"
2022-02-11,"Christian Gonzalez",1.75,"Test Job detail and job application calls","API connection and data retrieval, formatting, etc.","Development","Lightfully","Greenhouse Integration"
2022-02-04,"Christian Gonzalez",1.75,"Get the initial info into the job board page","API connection and data retrieval, formatting, etc.","Development","Lightfully","Greenhouse Integration"
2022-02-04,"Christian Gonzalez",2.5,"Testing library and API calls","Research","Development","Lightfully","Greenhouse Integration"
2022-02-03,"Christian Gonzalez",1.5,"","API connection and data retrieval, formatting, etc.","Development","Lightfully","Greenhouse Integration"
2022-02-02,"Christian Gonzalez",0.75,"","API connection and data retrieval, formatting, etc.","Development","Lightfully","Greenhouse Integration"
2022-01-28,"Christian Gonzalez",1.5,"","Research","Development","Lightfully","Greenhouse Integration"
2022-01-25,"Christian Gonzalez",0.75,"kick off call","Meetings & Phone Calls","Misc.","Lightfully","Greenhouse Integration"
2022-01-20,"Christian Gonzalez",1.25,"API","Research","Development","Lightfully","Greenhouse Integration"
2023-02-24,"Christian Gonzalez",0.25,"Change location name so it matches the office to fix the filter issue","Troubleshoot and resolve issues with ""Redwood City RTC: Adolescent"" filter not working","Misc.","Lightfully","Monthly Retainer"
2023-02-23,"Christian Gonzalez",1.25,"Look into the offices in greenhouse","Troubleshoot and resolve issues with ""Redwood City RTC: Adolescent"" filter not working","Misc.","Lightfully","Monthly Retainer"
2023-02-21,"Christian Gonzalez",1.75,"Pull the code, test and troubleshoot filter","Troubleshoot and resolve issues with ""Redwood City RTC: Adolescent"" filter not working","Misc.","Lightfully","Monthly Retainer"
2022-06-07,"Christian Gonzalez",1.25,"Troubleshoot and fixes to locations","Updates to Greenhouse application form for Offices/Locations","To-Dos Monthly Retainer","Lightfully","Monthly Retainer"
2022-06-07,"Christian Gonzalez",0.5,"Call to clarify how locations works on greenhouse","Updates to Greenhouse application form for Offices/Locations","To-Dos Monthly Retainer","Lightfully","Monthly Retainer"
2022-06-02,"Christian Gonzalez",0.5,"Push changes to dev","Updates to Greenhouse application form for Offices/Locations","To-Dos Monthly Retainer","Lightfully","Monthly Retainer"
2022-06-02,"Christian Gonzalez",3.5,"Location changes for job board and AJAX","Updates to Greenhouse application form for Offices/Locations","To-Dos Monthly Retainer","Lightfully","Monthly Retainer"
2022-06-02,"Christian Gonzalez",2.0,"Location changes for job detail and job form pages","Updates to Greenhouse application form for Offices/Locations","To-Dos Monthly Retainer","Lightfully","Monthly Retainer"
2022-06-01,"Christian Gonzalez",2.0,"Test for new locations","Updates to Greenhouse application form for Offices/Locations","To-Dos Monthly Retainer","Lightfully","Monthly Retainer"
2022-01-17,"Christian Gonzalez",0.75,"","Advisory page updates","Misc.","Lightfully","Monthly Retainer"
2022-01-14,"Christian Gonzalez",0.25,"","Create a Staging site","Misc.","Lightfully","Monthly Retainer"
2024-02-22,"Christian Gonzalez",1.75,"Set up yahoo video feed","Create Video feeds for Yahoo and MSN","OLD Retainer requests...","Mental","Misc. Support"
2024-01-24,"Christian Gonzalez",1.5,"Look into thumbnails, change feed description to use subtitle instead of body","Create Video feeds for Yahoo and MSN","OLD Retainer requests...","Mental","Misc. Support"
2024-01-18,"Christian Gonzalez",1.75,"Enable feed in prod and add new field","Create Video feeds for Yahoo and MSN","OLD Retainer requests...","Mental","Misc. Support"
2024-01-12,"Christian Gonzalez",0.25,"Look into video embed field","Create Video feeds for Yahoo and MSN","OLD Retainer requests...","Mental","Misc. Support"
2023-12-21,"Christian Gonzalez",2.25,"Finish new shortcodes and change styling","Dev for Eating Disorders landing page","OLD Retainer requests...","Mental","Misc. Support"
2023-12-20,"Christian Gonzalez",2.5,"New shortcodes dev","Dev for Eating Disorders landing page","OLD Retainer requests...","Mental","Misc. Support"
2023-12-04,"Christian Gonzalez",2.0,"Video detail pages","Create Video feeds for Yahoo and MSN","OLD Retainer requests...","Mental","Misc. Support"
2023-11-30,"Christian Gonzalez",0.5,"Create new fields for video detail page","Create Video feeds for Yahoo and MSN","OLD Retainer requests...","Mental","Misc. Support"
2023-11-21,"Christian Gonzalez",0.75,"Test that feeds don't include draft items","Troubleshoot issues with MSN/Yahoo feeds","OLD Retainer requests...","Mental","Misc. Support"
2023-11-20,"Christian Gonzalez",0.75,"Call with Adam and Substack test","Switch newsletter signup forms from MailChimp to SubStack","OLD Retainer requests...","Mental","Misc. Support"
2023-11-20,"Christian Gonzalez",2.0,"Test MSN video feed with she media video links on dev","Create Video feeds for Yahoo and MSN","OLD Retainer requests...","Mental","Misc. Support"
2023-11-15,"Christian Gonzalez",1.75,"Look into issues with the slideshow feed template","Troubleshoot issues with MSN/Yahoo feeds","OLD Retainer requests...","Mental","Misc. Support"
2023-10-18,"Christian Gonzalez",0.5,"Help with Better Help css","Add ""Sponsored by Better Help"" logo section to template","OLD Retainer requests...","Mental","Misc. Support"
2023-10-09,"Christian Gonzalez",1.25,"Fix header css issues","Misc. Support","Project Management","Mental","Misc. Support"
2023-10-06,"Christian Gonzalez",1.25,"Create temporal video feed","Create Video feeds for Yahoo and MSN","OLD Retainer requests...","Mental","Misc. Support"
2023-10-06,"Christian Gonzalez",1.75,"Finish tests to title/image overrides, push to prod","Yahoo and MSN Feed: Create the ability to publish a story with a different photo than the story on the site","OLD Retainer requests...","Mental","Misc. Support"
2023-10-05,"Christian Gonzalez",1.25,"Look into video feed documentation","Create Video feeds for Yahoo and MSN","OLD Retainer requests...","Mental","Misc. Support"
2023-10-05,"Christian Gonzalez",1.5,"Create new fields for overriding feed thumbnail, tests","Yahoo and MSN Feed: Create the ability to publish a story with a different photo than the story on the site","OLD Retainer requests...","Mental","Misc. Support"
2023-10-04,"Christian Gonzalez",0.75,"Look into feed changes and plan custom fields","Yahoo and MSN Feed: Create the ability to publish a story with a different photo than the story on the site","OLD Retainer requests...","Mental","Misc. Support"
2023-08-30,"Christian Gonzalez",2.75,"Troubleshoot issues with last modified date on both Yahoo and MSN feeds","Implement new content feed for Yahoo","OLD Retainer requests...","Mental","Misc. Support"
2023-08-18,"Christian Gonzalez",0.25,"Setup Yahoo feed on live site","Implement new content feed for Yahoo","OLD Retainer requests...","Mental","Misc. Support"
2023-08-10,"Christian Gonzalez",0.5,"Change srcset for featured images on each feed item","Implement new content feed for Yahoo","OLD Retainer requests...","Mental","Misc. Support"
2023-08-09,"Christian Gonzalez",1.25,"Add categories to Yahoo feed","Implement new content feed for Yahoo","OLD Retainer requests...","Mental","Misc. Support"
2023-07-21,"Christian Gonzalez",0.75,"Change url and date format","Implement new content feed for Yahoo","OLD Retainer requests...","Mental","Misc. Support"
2023-07-19,"Christian Gonzalez",0.5,"Setup yahoo feed on stage","Implement new content feed for Yahoo","OLD Retainer requests...","Mental","Misc. Support"
2023-07-18,"Christian Gonzalez",1.75,"Setup yahoo feed locally for testing","Implement new content feed for Yahoo","OLD Retainer requests...","Mental","Misc. Support"
2023-06-29,"Christian Gonzalez",0.5,"Add CDATA to slideshow feed","Updates to MSN Feed","OLD Retainer requests...","Mental","Misc. Support"
2023-05-26,"Christian Gonzalez",1.75,"Change custom filters to add the meta fields, tests","Expand search function to include subtitle and SEO meta.","OLD Retainer requests...","Mental","Misc. Support"
2023-05-25,"Christian Gonzalez",1.0,"Search query and custom filters research","Expand search function to include subtitle and SEO meta.","OLD Retainer requests...","Mental","Misc. Support"
2023-05-24,"Christian Gonzalez",1.0,"Test changes to wp_query in shortcode","Expand search function to include subtitle and SEO meta.","OLD Retainer requests...","Mental","Misc. Support"
2023-05-23,"Christian Gonzalez",0.5,"Troubleshoot feed issue","Updates to MSN Feed","OLD Retainer requests...","Mental","Misc. Support"
2023-05-23,"Christian Gonzalez",1.25,"Search changes","Expand search function to include subtitle and SEO meta.","OLD Retainer requests...","Mental","Misc. Support"
2023-05-12,"Christian Gonzalez",1.5,"New feed for slideshow only","Updates to MSN Feed","OLD Retainer requests...","Mental","Misc. Support"
2023-05-11,"Christian Gonzalez",0.25,"Troubleshoot issues with slideshow","Updates to MSN Feed","OLD Retainer requests...","Mental","Misc. Support"
2023-05-09,"Christian Gonzalez",1.25,"Date format changes, tests and push","Updates to MSN Feed","OLD Retainer requests...","Mental","Misc. Support"
2023-05-08,"Christian Gonzalez",0.75,"Set up ACF pro and slideshows","Updates to MSN Feed","OLD Retainer requests...","Mental","Misc. Support"
2023-04-28,"Christian Gonzalez",0.5,"ACF pro","Updates to MSN Feed","OLD Retainer requests...","Mental","Misc. Support"
2023-04-26,"Christian Gonzalez",0.75,"Setup slideshow tests on stage","Updates to MSN Feed","OLD Retainer requests...","Mental","Misc. Support"
2023-04-24,"Christian Gonzalez",2.25,"Test slideshows and custom body locally","Updates to MSN Feed","OLD Retainer requests...","Mental","Misc. Support"
2023-04-18,"Christian Gonzalez",0.75,"Set up and push modified date and categories to prod","Updates to MSN Feed","OLD Retainer requests...","Mental","Misc. Support"
2023-04-14,"Christian Gonzalez",1.25,"Categories test","Updates to MSN Feed","OLD Retainer requests...","Mental","Misc. Support"
2023-04-05,"Christian Gonzalez",0.75,"New modified date tag test","Updates to MSN Feed","OLD Retainer requests...","Mental","Misc. Support"
2023-04-04,"Christian Gonzalez",1.75,"Exclude signup from feed with regex","Exclude email signup box from MSN feed","OLD Retainer requests...","Mental","Misc. Support"
2023-04-03,"Christian Gonzalez",0.75,"Debug issues with articles not found on the feed","Updates to MSN Feed","OLD Retainer requests...","Mental","Misc. Support"
2023-04-03,"Christian Gonzalez",0.5,"Fix title","Updates to MSN Feed","OLD Retainer requests...","Mental","Misc. Support"
2023-03-31,"Christian Gonzalez",1.25,"Look into documentation to look how they handle inline styling","Add ""Geek Out On Our Sources"" box to Good Buys detail pages","OLD Retainer requests...","Mental","Misc. Support"
2023-03-31,"Christian Gonzalez",0.75,"call w/ Bill and Amy","Updates to MSN Feed","OLD Retainer requests...","Mental","Misc. Support"
2023-03-29,"Christian Gonzalez",2.25,"Add new good buys detail page changes","Updates to Good Buys detail page","OLD Retainer requests...","Mental","Misc. Support"
2023-03-17,"Christian Gonzalez",0.25,"Change capitalization on Updated and Review dates","Additional options need for ""Publish Date""","OLD Retainer requests...","Mental","Misc. Support"
2023-03-17,"Christian Gonzalez",0.75,"Add new fields for updated and reviewed dates, changes in shortcodes and deploy","Additional options need for ""Publish Date""","OLD Retainer requests...","Mental","Misc. Support"
2023-03-16,"Christian Gonzalez",0.5,"Push date, by line and good buys body to prod","Additional options need for ""Publish Date""","OLD Retainer requests...","Mental","Misc. Support"
2023-03-16,"Christian Gonzalez",0.75,"Test structured data for updated date, new medically reviewed on date and shortcode","Additional options need for ""Publish Date""","OLD Retainer requests...","Mental","Misc. Support"
2023-03-16,"Christian Gonzalez",0.5,"Create new function that changes good buys body if there's content on the new custom field","All full content for Good Buys detail pages","OLD Retainer requests...","Mental","Misc. Support"
2023-03-15,"Christian Gonzalez",0.25,"Look into changing the_content content","All full content for Good Buys detail pages","OLD Retainer requests...","Mental","Misc. Support"
2023-03-14,"Christian Gonzalez",0.5,"Create new custom select for bylines and add it to the single post template","Create option for ""by line"" prefixes","OLD Retainer requests...","Mental","Misc. Support"
2023-03-01,"Christian Gonzalez",0.25,"Fix good buys landing page being overridden by good buys archive, push to prod","Update Good Buys URLs and create redirect","OLD Retainer requests...","Mental","Misc. Support"
2023-03-01,"Christian Gonzalez",0.5,"Slug change on stage","Update Good Buys URLs and create redirect","OLD Retainer requests...","Mental","Misc. Support"
2023-02-27,"Christian Gonzalez",0.25,"Look into slug change","Update Good Buys URLs and create redirect","OLD Retainer requests...","Mental","Misc. Support"
2023-02-21,"Christian Gonzalez",0.25,"Change good buys CTA","Create design comp for Good Buys detail page","OLD Retainer requests...","Mental","Misc. Support"
2023-02-21,"Christian Gonzalez",0.75,"Add missing image styling","Create design comp for Good Buys detail page","OLD Retainer requests...","Mental","Misc. Support"
2023-02-20,"Christian Gonzalez",2.5,"Create new widgets and new stylings for the detail page","Create design comp for Good Buys detail page","OLD Retainer requests...","Mental","Misc. Support"
2023-01-17,"Christian Gonzalez",0.5,"Fixes in new widget","Exclude ""Good Buys"" from the feed","OLD Retainer requests...","Mental","Misc. Support"
2023-01-16,"Christian Gonzalez",2.5,"Create new elementor widget for the in-article good buy","Exclude ""Good Buys"" from the feed","OLD Retainer requests...","Mental","Misc. Support"
2023-01-12,"Christian Gonzalez",2.5,"Try creating a filter to remove the good buy div content from the rss feed","Exclude ""Good Buys"" from the feed","OLD Retainer requests...","Mental","Misc. Support"
2023-01-10,"Christian Gonzalez",1.5,"Review article good buy and test alternatives","Exclude ""Good Buys"" from the feed","OLD Retainer requests...","Mental","Misc. Support"
2022-12-22,"Christian Gonzalez",0.5,"feed template published date fix","Feed for MSN Syndication","OLD Retainer requests...","Mental","Misc. Support"
2022-12-02,"Christian Gonzalez",0.25,"remove top padding","Mental Health Awards","OLD Retainer requests...","Mental","Misc. Support"
2022-11-30,"Christian Gonzalez",0.5,"dev support for hero image spacing","Mental Health Awards","OLD Retainer requests...","Mental","Misc. Support"
2022-11-30,"Christian Gonzalez",0.5,"dev support for landing page","Mental Health Awards","OLD Retainer requests...","Mental","Misc. Support"
2022-11-18,"Christian Gonzalez",0.25,"","Feed for MSN Syndication","OLD Retainer requests...","Mental","Misc. Support"
2022-11-18,"Christian Gonzalez",0.75,"","""See More"" button not displaying for categories","OLD Retainer requests...","Mental","Misc. Support"
2022-11-11,"Christian Gonzalez",0.75,"research feed subtitle","Feed for MSN Syndication","OLD Retainer requests...","Mental","Misc. Support"
2022-11-10,"Christian Gonzalez",0.25,"Changes to feed on prod","Feed for MSN Syndication","OLD Retainer requests...","Mental","Misc. Support"
2022-11-09,"Christian Gonzalez",1.75,"Test feed changes and validate the changes","Feed for MSN Syndication","OLD Retainer requests...","Mental","Misc. Support"
2022-11-08,"Christian Gonzalez",1.5,"Research and tests","Feed for MSN Syndication","OLD Retainer requests...","Mental","Misc. Support"
2022-11-04,"Christian Gonzalez",0.5,"Exclude navito post in trending, add id","Ad integration with Navito","OLD Retainer requests...","Mental","Misc. Support"
2022-10-24,"Christian Gonzalez",0.25,"upload ads.txt","Misc. Support","Project Management","Mental","Misc. Support"
2022-09-30,"Christian Gonzalez",1.75,"More search adjustments, good buys permalink change, daily quote link styling and image caption styling","Trello todos and general QA, pre/post-launch bug fixes","OLD Retainer requests...","Mental","Misc. Support"
2022-09-29,"Christian Gonzalez",1.25,"Search troubleshoot and fixes","Trello todos and general QA, pre/post-launch bug fixes","OLD Retainer requests...","Mental","Misc. Support"
2022-09-22,"Christian Gonzalez",1.25,"","Trello todos and general QA, pre/post-launch bug fixes","OLD Retainer requests...","Mental","Misc. Support"
2022-09-21,"Christian Gonzalez",1.0,"","Trello todos and general QA, pre/post-launch bug fixes","OLD Retainer requests...","Mental","Misc. Support"
2022-08-31,"Christian Gonzalez",1.0,"Fix women we love cards on mobile","Trello todos and general QA, pre/post-launch bug fixes","OLD Retainer requests...","Mental","Misc. Support"
2022-08-30,"Christian Gonzalez",0.75,"Fix anchor scroll, change load more to see more","Trello todos and general QA, pre/post-launch bug fixes","OLD Retainer requests...","Mental","Misc. Support"
2022-08-29,"Christian Gonzalez",3.5,"988, Good buys slug, program top story on each category","Trello todos and general QA, pre/post-launch bug fixes","OLD Retainer requests...","Mental","Misc. Support"
2022-08-26,"Christian Gonzalez",2.5,"Fix category's load more query bug","Trello todos and general QA, pre/post-launch bug fixes","OLD Retainer requests...","Mental","Misc. Support"
2022-08-24,"Christian Gonzalez",1.5,"Add title to category pages, research bug with category page's load more query","Trello todos and general QA, pre/post-launch bug fixes","OLD Retainer requests...","Mental","Misc. Support"
2022-08-23,"Christian Gonzalez",2.0,"Change category page from 6 to 3 posts. Changes to women carousel","Trello todos and general QA, pre/post-launch bug fixes","OLD Retainer requests...","Mental","Misc. Support"
2022-08-19,"Christian Gonzalez",2.5,"Make 6 block units into 3, and make it controllable","Trello todos and general QA, pre/post-launch bug fixes","OLD Retainer requests...","Mental","Misc. Support"
2022-08-17,"Christian Gonzalez",2.5,"Make featured articles controlled in the backend. Make H2-H4 margins the same","Trello todos and general QA, pre/post-launch bug fixes","OLD Retainer requests...","Mental","Misc. Support"
2022-08-16,"Christian Gonzalez",1.0,"Remove FB and Pinterest, add Instagram; Update copy of good buys to match view all page","Trello todos and general QA, pre/post-launch bug fixes","OLD Retainer requests...","Mental","Misc. Support"
2022-08-12,"Christian Gonzalez",2.0,"HTML stripping and primary category changes","Trello todos and general QA, pre/post-launch bug fixes","OLD Retainer requests...","Mental","Misc. Support"
2022-08-11,"Christian Gonzalez",1.5,"Search changes, primary category","Trello todos and general QA, pre/post-launch bug fixes","OLD Retainer requests...","Mental","Misc. Support"
2022-08-08,"Christian Gonzalez",3.0,"Search changes, Daily cope share fix, Link daily cope","Trello todos and general QA, pre/post-launch bug fixes","OLD Retainer requests...","Mental","Misc. Support"
2022-08-05,"Christian Gonzalez",2.5,"Only show primary category above the headline, changes to margins","Trello todos and general QA, pre/post-launch bug fixes","OLD Retainer requests...","Mental","Misc. Support"
2022-08-03,"Christian Gonzalez",2.0,"Research and update to good buys length","Trello todos and general QA, pre/post-launch bug fixes","OLD Retainer requests...","Mental","Misc. Support"
2022-08-02,"Christian Gonzalez",3.5,"Change social media buttons, update copy length, link daily cope and open good buys on new window","Trello todos and general QA, pre/post-launch bug fixes","OLD Retainer requests...","Mental","Misc. Support"
2022-07-29,"Christian Gonzalez",0.5,"Fix some of the to-dos that came from the call","Trello todos and general QA, pre/post-launch bug fixes","OLD Retainer requests...","Mental","Misc. Support"
2022-07-29,"Christian Gonzalez",0.75,"Review Site","Misc. Support","Project Management","Mental","Misc. Support"
2022-07-26,"Christian Gonzalez",2.5,"Mobile menu, changes to good buy and fix top padding on some pages","Trello todos and general QA, pre/post-launch bug fixes","OLD Retainer requests...","Mental","Misc. Support"
2022-07-25,"Christian Gonzalez",1.25,"Mobile layout adjustments","Trello todos and general QA, pre/post-launch bug fixes","OLD Retainer requests...","Mental","Misc. Support"
2022-07-21,"Christian Gonzalez",1.5,"Fix to related articles section and social share buttons","Trello todos and general QA, pre/post-launch bug fixes","OLD Retainer requests...","Mental","Misc. Support"
2022-07-19,"Christian Gonzalez",3.0,"Articles, thumbnails and daily cope changes","Trello todos and general QA, pre/post-launch bug fixes","OLD Retainer requests...","Mental","Misc. Support"
2022-07-18,"Christian Gonzalez",2.5,"Good buys fixes","Trello todos and general QA, pre/post-launch bug fixes","OLD Retainer requests...","Mental","Misc. Support"
2022-07-15,"Christian Gonzalez",1.5,"Start looking into gravatar alternatives and thumbnail sizes","Trello todos and general QA, pre/post-launch bug fixes","OLD Retainer requests...","Mental","Misc. Support"
2022-06-30,"Christian Gonzalez",1.25,"Add skimlinks in stage and replace lottie in dev","Misc. Support","Project Management","Mental","Misc. Support"
2022-05-03,"Christian Gonzalez",0.5,"","Comments aren't working or showing up but there does seem to be a Disqus account linked","OLD Retainer requests...","Mental","Misc. Support"
2022-05-03,"Christian Gonzalez",0.25,"","Need some UL > LI styling","OLD Retainer requests...","Mental","Misc. Support"
2022-05-03,"Christian Gonzalez",0.25,"","HR needs styling","OLD Retainer requests...","Mental","Misc. Support"
2024-12-16,"Christian Gonzalez",0.75,"Change banners","Tech support","Retainer To-Dos","Non Profit Quarterly","Monthly Retainer"
2024-11-18,"Christian Gonzalez",3.0,"Troubleshoot Disqus issue","Misc. Support","Misc.","Non Profit Quarterly","Monthly Retainer"
2024-11-12,"Christian Gonzalez",1.0,"Fix list styling in pages, test and push","Misc. Support","Misc.","Non Profit Quarterly","Monthly Retainer"
2024-11-06,"Christian Gonzalez",0.75,"Continue work on you might also like section","Misc. Support","Misc.","Non Profit Quarterly","Monthly Retainer"
2024-11-01,"Christian Gonzalez",1.75,"Look into adding series to you might also like","Misc. Support","Misc.","Non Profit Quarterly","Monthly Retainer"
2024-10-30,"Christian Gonzalez",0.5,"Look into adding instagram to the social share buttons","Misc. Support","Misc.","Non Profit Quarterly","Monthly Retainer"
2024-10-25,"Christian Gonzalez",2.0,"Add series to the search","Tech support","Retainer To-Dos","Non Profit Quarterly","Monthly Retainer"
2024-10-24,"Christian Gonzalez",3.0,"Start looking into adding series to the site search","Tech support","Retainer To-Dos","Non Profit Quarterly","Monthly Retainer"
2024-10-15,"Christian Gonzalez",4.5,"Troubleshoot issue with missing images, fix bug for author search more","Tech support","Retainer To-Dos","Non Profit Quarterly","Monthly Retainer"
2024-10-08,"Christian Gonzalez",2.25,"Finish work on you might also like and push","Misc. Support","Misc.","Non Profit Quarterly","Monthly Retainer"
2024-10-03,"Christian Gonzalez",1.75,"Query 50 most popular articles for a category","Misc. Support","Misc.","Non Profit Quarterly","Monthly Retainer"
2024-09-26,"Christian Gonzalez",1.5,"Change category load more styling","Misc. Support","Misc.","Non Profit Quarterly","Monthly Retainer"
2024-09-25,"Christian Gonzalez",3.5,"author load more functionality and styling, fix a bug on the search load more","Misc. Support","Misc.","Non Profit Quarterly","Monthly Retainer"
2024-09-24,"Christian Gonzalez",0.75,"Initial work on changing the author pagination to AJAX load more","Misc. Support","Misc.","Non Profit Quarterly","Monthly Retainer"
2024-09-11,"Christian Gonzalez",0.25,"Clear cloudflare for new changes","Improvements to search","Retainer To-Dos","Non Profit Quarterly","Monthly Retainer"
2024-09-09,"Christian Gonzalez",1.75,"Fix no search results page and header wrapping","Improvements to search","Retainer To-Dos","Non Profit Quarterly","Monthly Retainer"
2024-09-06,"Christian Gonzalez",1.0,"Troubleshoot cache issues, clear Pantheon's cache and CloudFlare","Improvements to search","Retainer To-Dos","Non Profit Quarterly","Monthly Retainer"
2024-09-04,"Christian Gonzalez",0.25,"Clear CloudFlare for search changes","Improvements to search","Retainer To-Dos","Non Profit Quarterly","Monthly Retainer"
2024-09-03,"Christian Gonzalez",0.75,"Push search","Improvements to search","Retainer To-Dos","Non Profit Quarterly","Monthly Retainer"
2024-08-08,"Christian Gonzalez",1.5,"Author issue","Reported issues","Retainer To-Dos","Non Profit Quarterly","Monthly Retainer"
2024-08-05,"Christian Gonzalez",2.0,"Search tests, try to optimize performance","Improvements to search","Retainer To-Dos","Non Profit Quarterly","Monthly Retainer"
2024-08-02,"Christian Gonzalez",1.25,"Search adjustments","Improvements to search","Retainer To-Dos","Non Profit Quarterly","Monthly Retainer"
2024-08-01,"Christian Gonzalez",1.25,"Add back team section, add redirects","Reported issues","Retainer To-Dos","Non Profit Quarterly","Monthly Retainer"
2024-08-01,"Christian Gonzalez",1.25,"add back board in about page","Misc. Support","Misc.","Non Profit Quarterly","Monthly Retainer"
2024-07-29,"Christian Gonzalez",3.5,"Changes to loading animation, send link for review","Improvements to search","Retainer To-Dos","Non Profit Quarterly","Monthly Retainer"
2024-07-26,"Christian Gonzalez",1.5,"Changes to loading animation","Improvements to search","Retainer To-Dos","Non Profit Quarterly","Monthly Retainer"
2024-07-25,"Christian Gonzalez",1.75,"Add simple loading indicator, fix issue where search can show unpublished posts","Improvements to search","Retainer To-Dos","Non Profit Quarterly","Monthly Retainer"
2024-07-23,"Christian Gonzalez",2.25,"Continue troubleshooting search results","Improvements to search","Retainer To-Dos","Non Profit Quarterly","Monthly Retainer"
2024-07-22,"Christian Gonzalez",1.25,"Look into query issues","Improvements to search","Retainer To-Dos","Non Profit Quarterly","Monthly Retainer"
2024-07-19,"Christian Gonzalez",2.0,"Continue work on AJAX load for search results","Improvements to search","Retainer To-Dos","Non Profit Quarterly","Monthly Retainer"
2024-07-18,"Christian Gonzalez",2.75,"Start work on alternate pagination solution","Improvements to search","Retainer To-Dos","Non Profit Quarterly","Monthly Retainer"
2024-07-17,"Christian Gonzalez",4.25,"Fix author query, remove author's posts limiter and troubleshoot pagination errors","Improvements to search","Retainer To-Dos","Non Profit Quarterly","Monthly Retainer"
2024-07-17,"Christian Gonzalez",0.25,"Clear cache for duplicate author fix","Misc. Support","Misc.","Non Profit Quarterly","Monthly Retainer"
2024-07-10,"Christian Gonzalez",1.5,"Fix double author result","Misc. Support","Misc.","Non Profit Quarterly","Monthly Retainer"
2024-07-09,"Christian Gonzalez",0.5,"Change banners","Misc. Support","Misc.","Non Profit Quarterly","Monthly Retainer"
2024-07-03,"Christian Gonzalez",0.75,"Hide team section from about us landing page","Misc. Support","Misc.","Non Profit Quarterly","Monthly Retainer"
2024-07-03,"Christian Gonzalez",2.0,"Look into author search options with the guest authors","Improvements to search","Retainer To-Dos","Non Profit Quarterly","Monthly Retainer"
2024-07-02,"Christian Gonzalez",2.25,"Change query to prioritize titles","Improvements to search","Retainer To-Dos","Non Profit Quarterly","Monthly Retainer"
2024-07-02,"Christian Gonzalez",0.75,"Look into post duplication plugin, hide Our team section","Misc. Support","Misc.","Non Profit Quarterly","Monthly Retainer"
2024-06-13,"Christian Gonzalez",1.0,"Webinar landing page change","Misc. Support","Misc.","Non Profit Quarterly","Monthly Retainer"
2024-06-05,"Christian Gonzalez",0.75,"Look into italics in excerpts","Misc. Support","Misc.","Non Profit Quarterly","Monthly Retainer"
2024-05-29,"Christian Gonzalez",2.5,"Search adjustments and set up in multidev for testing","Improvements to search","Retainer To-Dos","Non Profit Quarterly","Monthly Retainer"
2024-05-28,"Christian Gonzalez",2.25,"Changes to custom search","Improvements to search","Retainer To-Dos","Non Profit Quarterly","Monthly Retainer"
2024-05-17,"Christian Gonzalez",2.75,"Test search plugins","Improvements to search","Retainer To-Dos","Non Profit Quarterly","Monthly Retainer"
2024-05-10,"Christian Gonzalez",1.5,"Search research","Improvements to search","Retainer To-Dos","Non Profit Quarterly","Monthly Retainer"
2024-05-09,"Christian Gonzalez",0.5,"Initial search research","Improvements to search","Retainer To-Dos","Non Profit Quarterly","Monthly Retainer"
2024-05-07,"Christian Gonzalez",3.0,"Troubleshoot scheduler","A24: Scheduling tool for articles not working","Retainer To-Dos","Non Profit Quarterly","Monthly Retainer"
2024-04-30,"Christian Gonzalez",1.25,"Test and research scheduler issues","A24: Scheduling tool for articles not working","Retainer To-Dos","Non Profit Quarterly","Monthly Retainer"
2024-04-30,"Christian Gonzalez",1.0,"Push to prod, add LinkedIn share and add Instagram icon to header","A24: Add new social share tool","Retainer To-Dos","Non Profit Quarterly","Monthly Retainer"
2024-04-25,"Christian Gonzalez",2.0,"Test shareaholic template support and add styling to the shareaholic icons","A24: Add new social share tool","Retainer To-Dos","Non Profit Quarterly","Monthly Retainer"
2024-04-22,"Christian Gonzalez",1.75,"Change in slider code to remove posts with a specific tag","Misc. Support","Misc.","Non Profit Quarterly","Monthly Retainer"
2024-04-22,"Christian Gonzalez",1.25,"Fix default font color on some landing pages","Misc. Support","Misc.","Non Profit Quarterly","Monthly Retainer"
2024-04-11,"Christian Gonzalez",0.75,"Troubleshoot 403 error and fix homepage banner code","Misc. Support","Misc.","Non Profit Quarterly","Monthly Retainer"
2024-04-10,"Christian Gonzalez",0.5,"Install shareaholic to compare to add-to-any and social warfare","A24: Add new social share tool","Retainer To-Dos","Non Profit Quarterly","Monthly Retainer"
2024-03-19,"Christian Gonzalez",0.75,"Change default multiple authors image in the theme","Misc. Support","Misc.","Non Profit Quarterly","Monthly Retainer"
2024-03-13,"Christian Gonzalez",1.0,"Fix author excerpt with italics","Misc. Support","Misc.","Non Profit Quarterly","Monthly Retainer"
2024-03-11,"Christian Gonzalez",2.25,"Look into cache issue and security plugin update warnings","Misc. Support","Misc.","Non Profit Quarterly","Monthly Retainer"
2024-03-05,"Christian Gonzalez",1.0,"Push plugin updates","Misc. Support","Misc.","Non Profit Quarterly","Monthly Retainer"
2024-03-05,"Christian Gonzalez",0.25,"","Monthly Primary Category Reports","Retainer To-Dos","Non Profit Quarterly","Monthly Retainer"
2024-03-04,"Christian Gonzalez",1.25,"Sync prod to dev and test plugin updates","Misc. Support","Misc.","Non Profit Quarterly","Monthly Retainer"
2024-02-27,"Christian Gonzalez",1.25,"Look into timeout issues","Tech support","Retainer To-Dos","Non Profit Quarterly","Monthly Retainer"
2024-02-23,"Christian Gonzalez",2.25,"Guest author changes","J24: Guest author issues","Retainer To-Dos","Non Profit Quarterly","Monthly Retainer"
2024-02-21,"Christian Gonzalez",1.75,"Initial guest author changes","J24: Guest author issues","Retainer To-Dos","Non Profit Quarterly","Monthly Retainer"
2024-02-07,"Christian Gonzalez",0.25,"Push slider changes","Tech support","Retainer To-Dos","Non Profit Quarterly","Monthly Retainer"
2024-02-06,"Christian Gonzalez",0.5,"Update dev db and get January posts info","Tech support","Retainer To-Dos","Non Profit Quarterly","Monthly Retainer"
2024-02-02,"Christian Gonzalez",2.75,"Fix slider autoplay in homepage","Tech support","Retainer To-Dos","Non Profit Quarterly","Monthly Retainer"
2024-01-30,"Christian Gonzalez",0.5,"","J24: Remove red bubbles on Webinar page","Retainer To-Dos","Non Profit Quarterly","Monthly Retainer"
2024-01-30,"Christian Gonzalez",1.0,"Fix mobile ads styling and mobile newsletter form","J24: fix mobile ad display","Retainer To-Dos","Non Profit Quarterly","Monthly Retainer"
2024-01-18,"Christian Gonzalez",2.5,"Troubleshoot backend timeout","Reported issues","Retainer To-Dos","Non Profit Quarterly","Monthly Retainer"
2024-01-17,"Christian Gonzalez",1.25,"Category merge","J24: Push category merges live","Retainer To-Dos","Non Profit Quarterly","Monthly Retainer"
2024-01-16,"Christian Gonzalez",0.75,"Search analytics","Tech support","Retainer To-Dos","Non Profit Quarterly","Monthly Retainer"
2024-01-16,"Christian Gonzalez",1.25,"Add search in mobile, styling","J24: add search to mobile","Retainer To-Dos","Non Profit Quarterly","Monthly Retainer"
2024-01-03,"Christian Gonzalez",2.0,"Get total of articles by category posted on 2023","Tech support","Retainer To-Dos","Non Profit Quarterly","Monthly Retainer"
2024-01-02,"Christian Gonzalez",0.75,"Change popular articles timeframe","Tech support","Retainer To-Dos","Non Profit Quarterly","Monthly Retainer"
2023-12-19,"Christian Gonzalez",0.25,"Webinar button change","Misc. Support","Misc.","Non Profit Quarterly","Monthly Retainer"
2023-12-18,"Christian Gonzalez",1.5,"Fix list styling, clear cache","!! Formatting issue imbedded lists","Retainer To-Dos","Non Profit Quarterly","Monthly Retainer"
2023-12-13,"Christian Gonzalez",2.5,"Look into merging categories","! Merge duplicate categories","Retainer To-Dos","Non Profit Quarterly","Monthly Retainer"
2023-12-13,"Christian Gonzalez",0.75,"Fix Cyndi's title and guest authors in yoast","!! Author Page Titles","Retainer To-Dos","Non Profit Quarterly","Monthly Retainer"
2023-12-13,"Christian Gonzalez",0.25,"","!! Formatting issue imbedded lists","Retainer To-Dos","Non Profit Quarterly","Monthly Retainer"
2023-12-11,"Christian Gonzalez",2.25,"Research into other CMS's","Misc. Support","Misc.","Non Profit Quarterly","Monthly Retainer"
2023-12-11,"Christian Gonzalez",0.75,"Push breadcrumbs and add custom fields","Misc. Support","Misc.","Non Profit Quarterly","Monthly Retainer"
2023-12-07,"Christian Gonzalez",1.25,"Add hotjar via script","! add hotjar","Retainer To-Dos","Non Profit Quarterly","Monthly Retainer"
2023-11-16,"Christian Gonzalez",2.25,"Research and help converting guest authors into full authors","Tech support","Retainer To-Dos","Non Profit Quarterly","Monthly Retainer"
2023-11-13,"Christian Gonzalez",2.25,"New test homepage styling","homepage test/static","Retainer To-Dos","Non Profit Quarterly","Monthly Retainer"
2023-11-08,"Christian Gonzalez",2.25,"Create new multidev to test alternative homepage","homepage test/static","Retainer To-Dos","Non Profit Quarterly","Monthly Retainer"
2023-11-07,"Christian Gonzalez",2.75,"Fix issue with slick js and cloudflare cache, change webinar buttons","Site Optimization","Retainer To-Dos","Non Profit Quarterly","Monthly Retainer"
2023-11-01,"Christian Gonzalez",0.25,"Change breadcrumb text","Tech support","Retainer To-Dos","Non Profit Quarterly","Monthly Retainer"
2023-11-01,"Christian Gonzalez",1.25,"Troubleshoot slider loading issues","Tech support","Retainer To-Dos","Non Profit Quarterly","Monthly Retainer"
2023-11-01,"Christian Gonzalez",1.75,"Test breadcrumbs in dev","Misc. Support","Misc.","Non Profit Quarterly","Monthly Retainer"
2023-10-24,"Christian Gonzalez",2.25,"Lazy load sliders","Site Optimization","Retainer To-Dos","Non Profit Quarterly","Monthly Retainer"
2023-10-23,"Christian Gonzalez",1.25,"","Site Optimization","Retainer To-Dos","Non Profit Quarterly","Monthly Retainer"
2023-10-20,"Christian Gonzalez",2.0,"","Site Optimization","Retainer To-Dos","Non Profit Quarterly","Monthly Retainer"
2023-10-19,"Christian Gonzalez",1.5,"Look into page optimizations, js debugging","Site Optimization","Retainer To-Dos","Non Profit Quarterly","Monthly Retainer"
2023-10-13,"Christian Gonzalez",0.75,"Update featured post to work with pages","Misc. Support","Misc.","Non Profit Quarterly","Monthly Retainer"
2023-10-10,"Christian Gonzalez",7.5,"Troubleshoot image issues, restore db, roll back and create missin posts","Misc. Support","Misc.","Non Profit Quarterly","Monthly Retainer"
2023-10-06,"Christian Gonzalez",0.5,"Banner change","Misc. Support","Misc.","Non Profit Quarterly","Monthly Retainer"
2023-10-03,"Christian Gonzalez",0.5,"","! List styling issues","Retainer To-Dos","Non Profit Quarterly","Monthly Retainer"
2023-10-03,"Christian Gonzalez",0.5,"Set VEV page to full width","Misc. Support","Misc.","Non Profit Quarterly","Monthly Retainer"
2023-10-03,"Christian Gonzalez",0.75,"Troubleshoot search","Misc. Support","Misc.","Non Profit Quarterly","Monthly Retainer"
2023-10-03,"Christian Gonzalez",0.5,"Image sizes in slider","Site Optimization","Retainer To-Dos","Non Profit Quarterly","Monthly Retainer"
2023-10-02,"Christian Gonzalez",2.5,"Test image size changes in dev","Site Optimization","Retainer To-Dos","Non Profit Quarterly","Monthly Retainer"
2023-09-29,"Christian Gonzalez",0.5,"Look into vev page mobile issues","Misc. Support","Misc.","Non Profit Quarterly","Monthly Retainer"
2023-09-13,"Christian Gonzalez",1.25,"Plugins/theme updates","Misc. Support","Misc.","Non Profit Quarterly","Monthly Retainer"
2023-09-13,"Christian Gonzalez",0.25,"Remove arrow/box styling in multidev","Formatting: remove the arrow/box styling","Retainer To-Dos","Non Profit Quarterly","Monthly Retainer"
2023-07-18,"Christian Gonzalez",1.25,"Glossary changes, menu changes on dev and security plugin issue","Misc. Support","Misc.","Non Profit Quarterly","Monthly Retainer"
2023-07-12,"Christian Gonzalez",0.5,"Push glossary page to prod","Misc. Support","Misc.","Non Profit Quarterly","Monthly Retainer"
2023-06-30,"Christian Gonzalez",1.5,"Add styling to glossary page, changes to new wysiwyg button","Misc. Support","Misc.","Non Profit Quarterly","Monthly Retainer"
2023-06-28,"Christian Gonzalez",2.25,"Create new wysiwyg button to add new button style","Misc. Support","Misc.","Non Profit Quarterly","Monthly Retainer"
2023-06-27,"Christian Gonzalez",1.25,"Create glossary page","Misc. Support","Misc.","Non Profit Quarterly","Monthly Retainer"
2023-06-26,"Christian Gonzalez",4.75,"Look into exposed key and cookies","!! Address security issues","Retainer To-Dos","Non Profit Quarterly","Monthly Retainer"
2023-06-23,"Christian Gonzalez",1.25,"Look into security issues report and plan the updates","!! Address security issues","Retainer To-Dos","Non Profit Quarterly","Monthly Retainer"
2023-06-22,"Christian Gonzalez",0.25,"Change banner","Misc. Support","Misc.","Non Profit Quarterly","Monthly Retainer"
2023-06-21,"Christian Gonzalez",1.25,"Fix issues with images in webinar widget, add styling","Misc. Support","Misc.","Non Profit Quarterly","Monthly Retainer"
2023-06-13,"Christian Gonzalez",1.25,"Add webinar widget to webinar page on dev","Misc. Support","Misc.","Non Profit Quarterly","Monthly Retainer"
2023-06-06,"Christian Gonzalez",0.5,"Push form, default image and slider changes to prod","Misc. Support","Misc.","Non Profit Quarterly","Monthly Retainer"
2023-06-06,"Christian Gonzalez",0.5,"Troubleshoot privy form","Misc. Support","Misc.","Non Profit Quarterly","Monthly Retainer"
2023-06-06,"Christian Gonzalez",0.75,"Test slider changes","Misc. Support","Misc.","Non Profit Quarterly","Monthly Retainer"
2023-06-06,"Christian Gonzalez",1.0,"Change missing default images","Misc. Support","Misc.","Non Profit Quarterly","Monthly Retainer"
2023-05-31,"Christian Gonzalez",0.75,"Change styling of i tags","Misc. Support","Misc.","Non Profit Quarterly","Monthly Retainer"
2023-05-30,"Christian Gonzalez",2.75,"Test hubspot form issue, test slick adjustments and changes in js","Misc. Support","Misc.","Non Profit Quarterly","Monthly Retainer"
2023-05-26,"Christian Gonzalez",0.5,"Table styling","Misc. Support","Misc.","Non Profit Quarterly","Monthly Retainer"
2023-05-26,"Christian Gonzalez",0.75,"Troubleshoot issues with slick js not loading","Misc. Support","Misc.","Non Profit Quarterly","Monthly Retainer"
2023-05-25,"Christian Gonzalez",0.25,"Change i tags styling","Misc. Support","Misc.","Non Profit Quarterly","Monthly Retainer"
2023-05-25,"Christian Gonzalez",0.5,"Create exhibbit page on prod and push changes","Exhibbit","Retainer To-Dos","Non Profit Quarterly","Monthly Retainer"
2023-05-17,"Christian Gonzalez",2.75,"Styling and troubleshooting issue with embed code","Exhibbit","Retainer To-Dos","Non Profit Quarterly","Monthly Retainer"
2023-05-16,"Christian Gonzalez",0.5,"Tests and changes to related article shortcode","Misc. Support","Misc.","Non Profit Quarterly","Monthly Retainer"
2023-05-16,"Christian Gonzalez",1.0,"Add Exhibbit embed code and test","Exhibbit","Retainer To-Dos","Non Profit Quarterly","Monthly Retainer"
2023-05-12,"Christian Gonzalez",1.5,"Changes in related articles shortcode","Misc. Support","Misc.","Non Profit Quarterly","Monthly Retainer"
2023-05-08,"Christian Gonzalez",2.5,"Look into exhibbit documentation and set up test landing page","Exhibbit","Retainer To-Dos","Non Profit Quarterly","Monthly Retainer"
2023-05-03,"Christian Gonzalez",0.5,"Change default image","Misc. Support","Misc.","Non Profit Quarterly","Monthly Retainer"
2023-04-28,"Christian Gonzalez",2.5,"site updates","Misc. Support","Misc.","Non Profit Quarterly","Monthly Retainer"
2023-04-19,"Christian Gonzalez",0.75,"Fix missing wysiwyg options","Misc. Support","Misc.","Non Profit Quarterly","Monthly Retainer"
2023-04-17,"Christian Gonzalez",1.75,"Look into missing wysiwyg options","Misc. Support","Misc.","Non Profit Quarterly","Monthly Retainer"
2023-03-29,"Christian Gonzalez",0.75,"troubleshoot new quotes issues","New quote styles","Retainer To-Dos","Non Profit Quarterly","Monthly Retainer"
2023-03-21,"Christian Gonzalez",1.5,"Add new quote styles in the wysiwyg editor","New quote styles","Retainer To-Dos","Non Profit Quarterly","Monthly Retainer"
2023-03-16,"Christian Gonzalez",1.25,"Make latest slider autoplay instead of the collections one","Search results: update filters","Retainer To-Dos","Non Profit Quarterly","Monthly Retainer"
2023-03-14,"Christian Gonzalez",1.25,"Change how the pages featured images work","! Create new ""SEO"" landing page- or add on to existing page template","Retainer To-Dos","Non Profit Quarterly","Monthly Retainer"
2023-03-13,"Christian Gonzalez",1.25,"Change latests and popular queries","! Add rule for Latest homepage content","Retainer To-Dos","Non Profit Quarterly","Monthly Retainer"
2023-03-09,"Christian Gonzalez",2.25,"Change the backend custom field to have more control over this block","! Create new ""SEO"" landing page- or add on to existing page template","Retainer To-Dos","Non Profit Quarterly","Monthly Retainer"
2023-03-09,"Christian Gonzalez",0.75,"Collections overlay","! Create new ""SEO"" landing page- or add on to existing page template","Retainer To-Dos","Non Profit Quarterly","Monthly Retainer"
2023-03-08,"Christian Gonzalez",0.75,"Cleanup and styling","! Create new ""SEO"" landing page- or add on to existing page template","Retainer To-Dos","Non Profit Quarterly","Monthly Retainer"
2023-03-08,"Christian Gonzalez",3.0,"Template/shortcode changes to implement the new blocks in the deesign","! Create new ""SEO"" landing page- or add on to existing page template","Retainer To-Dos","Non Profit Quarterly","Monthly Retainer"
2023-03-07,"Christian Gonzalez",1.5,"Set up custom fields for related articles","! Create new ""SEO"" landing page- or add on to existing page template","Retainer To-Dos","Non Profit Quarterly","Monthly Retainer"
2023-03-07,"Christian Gonzalez",2.5,"Document all custom pages template, get a count of where they are used and see what we can delete","! CMS Template key","Retainer To-Dos","Non Profit Quarterly","Monthly Retainer"
2023-03-06,"Christian Gonzalez",1.5,"Refactor default post template to remove unused bloat","! CMS Template key","Retainer To-Dos","Non Profit Quarterly","Monthly Retainer"
2023-03-06,"Christian Gonzalez",2.5,"Document all the custom fields, where are they used and what they do","! CMS Template key","Retainer To-Dos","Non Profit Quarterly","Monthly Retainer"
2023-03-03,"Christian Gonzalez",1.5,"Start implementing new block","! Create new ""SEO"" landing page- or add on to existing page template","Retainer To-Dos","Non Profit Quarterly","Monthly Retainer"
2023-03-02,"Christian Gonzalez",1.5,"Test custom fields and shortcode for new block","! Create new ""SEO"" landing page- or add on to existing page template","Retainer To-Dos","Non Profit Quarterly","Monthly Retainer"
2023-02-21,"Christian Gonzalez",1.5,"Test updates and push to prod","Troubleshoot plugin error","Retainer To-Dos","Non Profit Quarterly","Monthly Retainer"
2023-02-20,"Christian Gonzalez",0.5,"Look into logs for errors and troubleshoot","Troubleshoot plugin error","Retainer To-Dos","Non Profit Quarterly","Monthly Retainer"
2023-02-20,"Christian Gonzalez",2.0,"Debug and troubleshoot error on dev","Troubleshoot plugin error","Retainer To-Dos","Non Profit Quarterly","Monthly Retainer"
2023-02-16,"Christian Gonzalez",1.0,"Troubleshoot monster insights plugin","Troubleshoot plugin error","Retainer To-Dos","Non Profit Quarterly","Monthly Retainer"
2023-02-15,"Christian Gonzalez",0.5,"Look into issues with guest authors","Misc. Support","Misc.","Non Profit Quarterly","Monthly Retainer"
2023-02-01,"Christian Gonzalez",2.0,"Update brand update database and test wordpress updates","Misc. Support","Misc.","Non Profit Quarterly","Monthly Retainer"
2023-01-31,"Christian Gonzalez",1.25,"Wordpress updates","Misc. Support","Misc.","Non Profit Quarterly","Monthly Retainer"
2023-01-26,"Christian Gonzalez",0.5,"Increase latests post slider to 12 posts","Popular Posts","Retainer To-Dos","Non Profit Quarterly","Monthly Retainer"
2023-01-25,"Christian Gonzalez",1.25,"Plugin updates","Misc. Support","Misc.","Non Profit Quarterly","Monthly Retainer"
2023-01-24,"Christian Gonzalez",2.5,"New popular posts slider on dev","Popular Posts","Retainer To-Dos","Non Profit Quarterly","Monthly Retainer"
2023-01-20,"Christian Gonzalez",0.75,"Webinar tags test in dev","Misc. Support","Misc.","Non Profit Quarterly","Monthly Retainer"
2023-01-19,"Christian Gonzalez",0.75,"Look into webinar tags","Misc. Support","Misc.","Non Profit Quarterly","Monthly Retainer"
2023-01-11,"Christian Gonzalez",1.25,"CSS Changes for new ads, test and push","Add Winter issue ads","Retainer To-Dos","Non Profit Quarterly","Monthly Retainer"
2023-01-10,"Christian Gonzalez",0.25,"","Jan23: Webinar widget update","Retainer To-Dos","Non Profit Quarterly","Monthly Retainer"
2022-12-21,"Christian Gonzalez",3.5,"WP embeds changes for the best of list","Best of List: story preview support","Retainer To-Dos","Non Profit Quarterly","Monthly Retainer"
2022-12-20,"Christian Gonzalez",1.5,"Look into WP embeds and how to edit the template","Best of List: story preview support","Retainer To-Dos","Non Profit Quarterly","Monthly Retainer"
2022-12-15,"Christian Gonzalez",0.5,"","Economic Justice Misc to-dos","Retainer To-Dos","Non Profit Quarterly","Monthly Retainer"
2022-12-15,"Christian Gonzalez",0.25,"","Series page ADdition","Retainer To-Dos","Non Profit Quarterly","Monthly Retainer"
2022-12-14,"Christian Gonzalez",0.5,"Menu styling fix","Misc. Support","Misc.","Non Profit Quarterly","Monthly Retainer"
2022-12-07,"Christian Gonzalez",0.75,"Add option and styling for 728x90 ads","Ad Support","Retainer To-Dos","Non Profit Quarterly","Monthly Retainer"
2022-12-06,"Christian Gonzalez",0.75,"Troubleshoot missing newsletter form","Misc. Support","Misc.","Non Profit Quarterly","Monthly Retainer"
2022-11-22,"Christian Gonzalez",0.75,"","Economic Justice Misc to-dos","Retainer To-Dos","Non Profit Quarterly","Monthly Retainer"
2022-11-21,"Christian Gonzalez",2.0,"Changes to sidebar ad and push to prod","! Side bar edits","Retainer To-Dos","Non Profit Quarterly","Monthly Retainer"
2022-11-16,"Christian Gonzalez",0.75,"Look into card image ratios","Misc. Support","Misc.","Non Profit Quarterly","Monthly Retainer"
2022-11-05,"Christian Gonzalez",1.0,"Adjust sidebar styling","! Q, Article detail pages","Retainer To-Dos","Non Profit Quarterly","Monthly Retainer"
2022-11-03,"Christian Gonzalez",0.25,"","! Adjust in-article sign up block","Retainer To-Dos","Non Profit Quarterly","Monthly Retainer"
2022-11-03,"Christian Gonzalez",0.75,"","!Series page changes","Retainer To-Dos","Non Profit Quarterly","Monthly Retainer"
2022-11-03,"Christian Gonzalez",0.75,"","! Economic Justice","Retainer To-Dos","Non Profit Quarterly","Monthly Retainer"
2022-11-01,"Christian Gonzalez",1.0,"","! Q, Article detail pages","Retainer To-Dos","Non Profit Quarterly","Monthly Retainer"
2022-11-01,"Christian Gonzalez",0.5,"","!Series page changes","Retainer To-Dos","Non Profit Quarterly","Monthly Retainer"
2022-11-01,"Christian Gonzalez",0.75,"","! Adjust in-article sign up block","Retainer To-Dos","Non Profit Quarterly","Monthly Retainer"
2022-11-01,"Christian Gonzalez",0.5,"","! Economic Justice","Retainer To-Dos","Non Profit Quarterly","Monthly Retainer"
2022-11-01,"Christian Gonzalez",0.5,"","!Series page changes","Retainer To-Dos","Non Profit Quarterly","Monthly Retainer"
2022-11-01,"Christian Gonzalez",0.75,"","! Q, Article detail pages","Retainer To-Dos","Non Profit Quarterly","Monthly Retainer"
2022-10-31,"Christian Gonzalez",0.5,"","! CMS Template key","Retainer To-Dos","Non Profit Quarterly","Monthly Retainer"
2022-10-21,"Christian Gonzalez",3.0,"","! CMS Template key","Retainer To-Dos","Non Profit Quarterly","Monthly Retainer"
2022-10-19,"Christian Gonzalez",0.5,"","! Make all article/ Collection / etc images clickable to content","Retainer To-Dos","Non Profit Quarterly","Monthly Retainer"
2022-10-19,"Christian Gonzalez",0.5,"","! MAke Webinar sidebar block ""less"" sticky","Retainer To-Dos","Non Profit Quarterly","Monthly Retainer"
2022-10-05,"Christian Gonzalez",0.75,"Add description in economic justice and push","! Economic Justice","Retainer To-Dos","Non Profit Quarterly","Monthly Retainer"
2022-10-04,"Christian Gonzalez",2.0,"Requested changes to subpage","! Economic Justice","Retainer To-Dos","Non Profit Quarterly","Monthly Retainer"
2022-10-03,"Christian Gonzalez",1.5,"","! Economic Justice","Retainer To-Dos","Non Profit Quarterly","Monthly Retainer"
2022-09-30,"Christian Gonzalez",0.25,"Push changes to prod","research Ad issues on site","Retainer To-Dos","Non Profit Quarterly","Monthly Retainer"
2022-09-30,"Christian Gonzalez",1.25,"","!Add new promo spot to homepage","Retainer To-Dos","Non Profit Quarterly","Monthly Retainer"
2022-09-30,"Christian Gonzalez",0.75,"Location adjustment and push to prod","! In-feature article secondary ad spot","Retainer To-Dos","Non Profit Quarterly","Monthly Retainer"
2022-09-28,"Christian Gonzalez",1.5,"Change second ad from shortcode to automatic","! In-feature article secondary ad spot","Retainer To-Dos","Non Profit Quarterly","Monthly Retainer"
2022-09-26,"Christian Gonzalez",0.5,"","Popular Posts","Retainer To-Dos","Non Profit Quarterly","Monthly Retainer"
2022-09-21,"Christian Gonzalez",1.5,"","request for adding call for entry promo to Summer 2022 series page","Retainer To-Dos","Non Profit Quarterly","Monthly Retainer"
2022-09-21,"Christian Gonzalez",0.75,"Shortcode changes","! In-feature article secondary ad spot","Retainer To-Dos","Non Profit Quarterly","Monthly Retainer"
2022-09-19,"Christian Gonzalez",2.5,"Fix ads in prod and dev. Changes on dev header","research Ad issues on site","Retainer To-Dos","Non Profit Quarterly","Monthly Retainer"
2022-09-16,"Christian Gonzalez",2.5,"Changes in the header and tests","research Ad issues on site","Retainer To-Dos","Non Profit Quarterly","Monthly Retainer"
2022-09-16,"Christian Gonzalez",1.5,"Add shortcode to inject a second ad in the article's body","! In-feature article secondary ad spot","Retainer To-Dos","Non Profit Quarterly","Monthly Retainer"
2022-09-15,"Christian Gonzalez",2.5,"Cleanup to header code and start testing in-article ads shortcode","research Ad issues on site","Retainer To-Dos","Non Profit Quarterly","Monthly Retainer"
2022-09-13,"Christian Gonzalez",1.0,"Ads issue review","Phone Calls/Meetings","Misc.","Non Profit Quarterly","Monthly Retainer"
2022-09-07,"Christian Gonzalez",3.0,"Troubleshoot and Clean up ads code","research Ad issues on site","Retainer To-Dos","Non Profit Quarterly","Monthly Retainer"
2022-09-06,"Christian Gonzalez",1.0,"Update fonts","Build Economic Justic landing page","Retainer To-Dos","Non Profit Quarterly","Monthly Retainer"
2022-08-31,"Christian Gonzalez",0.5,"Add new fonts","Build Economic Justic landing page","Retainer To-Dos","Non Profit Quarterly","Monthly Retainer"
2022-08-22,"Christian Gonzalez",0.5,"Add min height to upcoming webinar images","Misc. Support","Misc.","Non Profit Quarterly","Monthly Retainer"
2022-08-16,"Christian Gonzalez",0.25,"Fix margins","Special collection: add description to feature image area","Retainer To-Dos","Non Profit Quarterly","Monthly Retainer"
2022-08-11,"Christian Gonzalez",2.5,"","Build Economic Justic landing page","Retainer To-Dos","Non Profit Quarterly","Monthly Retainer"
2022-08-09,"Christian Gonzalez",1.25,"Troubleshoot broken category links","Misc. Support","Misc.","Non Profit Quarterly","Monthly Retainer"
2022-08-08,"Christian Gonzalez",0.75,"Fix tables","Misc. Support","Misc.","Non Profit Quarterly","Monthly Retainer"
2022-07-27,"Christian Gonzalez",1.5,"","Build Economic Justic landing page","Retainer To-Dos","Non Profit Quarterly","Monthly Retainer"
2022-07-21,"Christian Gonzalez",2.0,"","Build Economic Justic landing page","Retainer To-Dos","Non Profit Quarterly","Monthly Retainer"
2022-07-21,"Christian Gonzalez",1.5,"Set up special collections on prod and push","Special Collections landing page","Retainer To-Dos","Non Profit Quarterly","Monthly Retainer"
2022-07-12,"Christian Gonzalez",0.75,"Add see more button","Special Collections landing page","Retainer To-Dos","Non Profit Quarterly","Monthly Retainer"
2022-07-08,"Christian Gonzalez",1.0,"","Add social share buttons","Retainer To-Dos","Non Profit Quarterly","Monthly Retainer"
2022-07-07,"Christian Gonzalez",1.0,"","Add social share buttons","Retainer To-Dos","Non Profit Quarterly","Monthly Retainer"
2022-07-05,"Christian Gonzalez",1.25,"Add feature to special collection page and add link in the homepage","Special Collections landing page","Retainer To-Dos","Non Profit Quarterly","Monthly Retainer"
2022-07-05,"Christian Gonzalez",0.75,"Fix search layout issue","Misc. Support","Misc.","Non Profit Quarterly","Monthly Retainer"
2022-07-05,"Christian Gonzalez",0.75,"Search for the metadata and troubleshoot slack share author issue","Troubleshoot sharing issue showing Aine's name as author","Retainer To-Dos","Non Profit Quarterly","Monthly Retainer"
2022-06-30,"Christian Gonzalez",1.75,"Styling adjustments and front page link","Special Collections landing page","Retainer To-Dos","Non Profit Quarterly","Monthly Retainer"
2022-06-28,"Christian Gonzalez",3.5,"Custom ajax call for special collections","Special Collections landing page","Retainer To-Dos","Non Profit Quarterly","Monthly Retainer"
2022-06-24,"Christian Gonzalez",1.5,"","Special Collections landing page","Retainer To-Dos","Non Profit Quarterly","Monthly Retainer"
2022-06-24,"Christian Gonzalez",2.5,"Backend fields and autoload adjustment","Special Collections landing page","Retainer To-Dos","Non Profit Quarterly","Monthly Retainer"
2022-06-23,"Christian Gonzalez",0.75,"Initial layout","Special Collections landing page","Retainer To-Dos","Non Profit Quarterly","Monthly Retainer"
2022-06-21,"Christian Gonzalez",0.5,"Add new sidebar area, move image there","Phone Calls/Meetings","Misc.","Non Profit Quarterly","Monthly Retainer"
2022-06-15,"Christian Gonzalez",0.75,"Search adjustments","Misc. Support","Misc.","Non Profit Quarterly","Monthly Retainer"
2022-06-14,"Christian Gonzalez",1.5,"Autoload fixes and style adjustments","Implement Category page design","Retainer To-Dos","Non Profit Quarterly","Monthly Retainer"
2022-06-13,"Christian Gonzalez",2.5,"Autoload implementation","Implement Category page design","Retainer To-Dos","Non Profit Quarterly","Monthly Retainer"
2022-06-10,"Christian Gonzalez",1.5,"","Implement Category page design","Retainer To-Dos","Non Profit Quarterly","Monthly Retainer"
2022-06-09,"Christian Gonzalez",0.25,"","Left justify tables","Retainer To-Dos","Non Profit Quarterly","Monthly Retainer"
2022-06-09,"Christian Gonzalez",1.0,"","Homepage: add gradient to feature image","Retainer To-Dos","Non Profit Quarterly","Monthly Retainer"
2022-06-03,"Christian Gonzalez",1.5,"Popular posts slider","HOME- top 2 Sliders update to 9 slides","Retainer To-Dos","Non Profit Quarterly","Monthly Retainer"
2022-06-03,"Christian Gonzalez",0.5,"Latest posts slider","HOME- top 2 Sliders update to 9 slides","Retainer To-Dos","Non Profit Quarterly","Monthly Retainer"
2022-06-01,"Christian Gonzalez",4.0,"Fix homepage bugs","APR22: Implement new homepage design","Retainer To-Dos","Non Profit Quarterly","Monthly Retainer"
2022-05-31,"Christian Gonzalez",1.5,"Push changes to prod","APR22: Implement new homepage design","Retainer To-Dos","Non Profit Quarterly","Monthly Retainer"
2022-05-31,"Christian Gonzalez",1.0,"Fix ads","APR22: Implement new homepage design","Retainer To-Dos","Non Profit Quarterly","Monthly Retainer"
2022-05-16,"Christian Gonzalez",2.5,"Backend and template changes","APR22: Implement new homepage design","Retainer To-Dos","Non Profit Quarterly","Monthly Retainer"
2022-05-11,"Christian Gonzalez",0.5,"Update dev database for testing","APR22: Implement new homepage design","Retainer To-Dos","Non Profit Quarterly","Monthly Retainer"
2022-05-11,"Christian Gonzalez",1.5,"","MAY22: Digital issue template","Retainer To-Dos","Non Profit Quarterly","Monthly Retainer"
2022-05-11,"Christian Gonzalez",2.5,"Responsive adjustments","APR22: Implement new homepage design","Retainer To-Dos","Non Profit Quarterly","Monthly Retainer"
2022-05-11,"Christian Gonzalez",1.75,"Mobile adjustments and footer top changes","APR 22: replace new footer globally","Retainer To-Dos","Non Profit Quarterly","Monthly Retainer"
2022-05-10,"Christian Gonzalez",0.5,"Merge book review w homepage changes","APR22: Implement new homepage design","Retainer To-Dos","Non Profit Quarterly","Monthly Retainer"
2022-05-06,"Christian Gonzalez",3.0,"Backend fixes","APR22: Implement new homepage design","Retainer To-Dos","Non Profit Quarterly","Monthly Retainer"
2022-05-06,"Christian Gonzalez",1.5,"Add caption to book review images","APR22: Implement new homepage design","Retainer To-Dos","Non Profit Quarterly","Monthly Retainer"
2022-05-05,"Christian Gonzalez",2.5,"Backend test and adjustments","APR22: Implement new homepage design","Retainer To-Dos","Non Profit Quarterly","Monthly Retainer"
2022-05-04,"Christian Gonzalez",3.0,"Mobile fixes","APR22: Implement new homepage design","Retainer To-Dos","Non Profit Quarterly","Monthly Retainer"
2022-05-04,"Christian Gonzalez",2.5,"Styling adjustments","APR22: Implement new homepage design","Retainer To-Dos","Non Profit Quarterly","Monthly Retainer"
2022-05-04,"Christian Gonzalez",0.5,"","MAR22: Create new Book Review Template page","Retainer To-Dos","Non Profit Quarterly","Monthly Retainer"
2022-04-27,"Christian Gonzalez",0.5,"Deploy to prod","MAR22: Create new Book Review Template page","Retainer To-Dos","Non Profit Quarterly","Monthly Retainer"
2022-04-26,"Christian Gonzalez",2.0,"Upcoming webinars widget changes","APR22: Implement new homepage design","Retainer To-Dos","Non Profit Quarterly","Monthly Retainer"
2022-04-26,"Christian Gonzalez",1.5,"","APR 22: replace new footer globally","Retainer To-Dos","Non Profit Quarterly","Monthly Retainer"
2022-04-26,"Christian Gonzalez",1.5,"Fix banner and make it responsive","MAR22: Create new Book Review Template page","Retainer To-Dos","Non Profit Quarterly","Monthly Retainer"
2022-04-25,"Christian Gonzalez",2.0,"","APR22: Implement new homepage design","Retainer To-Dos","Non Profit Quarterly","Monthly Retainer"
2022-04-25,"Christian Gonzalez",3.25,"Banner and feature image changes, backend adjustments","MAR22: Create new Book Review Template page","Retainer To-Dos","Non Profit Quarterly","Monthly Retainer"
2022-04-22,"Christian Gonzalez",2.0,"Popular posts slider","APR22: Implement new homepage design","Retainer To-Dos","Non Profit Quarterly","Monthly Retainer"
2022-04-22,"Christian Gonzalez",3.0,"Backend adjustments","MAR22: Create new Book Review Template page","Retainer To-Dos","Non Profit Quarterly","Monthly Retainer"
2022-04-20,"Christian Gonzalez",3.0,"","APR22: Implement new homepage design","Retainer To-Dos","Non Profit Quarterly","Monthly Retainer"
2022-04-19,"Christian Gonzalez",2.0,"","APR22: Implement new homepage design","Retainer To-Dos","Non Profit Quarterly","Monthly Retainer"
2022-04-18,"Christian Gonzalez",3.5,"","APR22: Implement new homepage design","Retainer To-Dos","Non Profit Quarterly","Monthly Retainer"
2022-04-18,"Christian Gonzalez",1.75,"Author changes","MAR22: Create new Book Review Template page","Retainer To-Dos","Non Profit Quarterly","Monthly Retainer"
2022-04-13,"Christian Gonzalez",3.0,"Add custom fields to hide/move ads and newsletter banner","Misc. Support","Misc.","Non Profit Quarterly","Monthly Retainer"
2022-04-08,"Christian Gonzalez",0.75,"Research how to hide the subscription block and ads manually in the cms","Misc. Support","Misc.","Non Profit Quarterly","Monthly Retainer"
2022-04-08,"Christian Gonzalez",0.5,"","APR 22: remove the WOCIP block globally from site","Retainer To-Dos","Non Profit Quarterly","Monthly Retainer"
2022-04-08,"Christian Gonzalez",4.0,"initial changes and tests","APR22: Implement new homepage design","Retainer To-Dos","Non Profit Quarterly","Monthly Retainer"
2022-04-07,"Christian Gonzalez",1.5,"Set up environments to test homepage changes","APR22: Implement new homepage design","Retainer To-Dos","Non Profit Quarterly","Monthly Retainer"
2022-04-06,"Christian Gonzalez",1.0,"Fix series book review page","MAR22: Create new Book Review Template page","Retainer To-Dos","Non Profit Quarterly","Monthly Retainer"
2022-04-05,"Christian Gonzalez",4.0,"Book review fixes and tests","MAR22: Create new Book Review Template page","Retainer To-Dos","Non Profit Quarterly","Monthly Retainer"
2022-03-31,"Christian Gonzalez",1.5,"Tests for book review block in the homepage","MAR22: Create new Book Review Template page","Retainer To-Dos","Non Profit Quarterly","Monthly Retainer"
2022-03-28,"Christian Gonzalez",1.5,"Cleanup template code, change query and add pagination","MAR22: Create new Book Review Template page","Retainer To-Dos","Non Profit Quarterly","Monthly Retainer"
2022-03-25,"Christian Gonzalez",1.25,"Fix styling for book review page","MAR22: Create new Book Review Template page","Retainer To-Dos","Non Profit Quarterly","Monthly Retainer"
2022-03-24,"Christian Gonzalez",4.5,"Templates for book review cards and book review","MAR22: Create new Book Review Template page","Retainer To-Dos","Non Profit Quarterly","Monthly Retainer"
2022-03-23,"Christian Gonzalez",1.5,"Initial template and content type for book review page","MAR22: Create new Book Review Template page","Retainer To-Dos","Non Profit Quarterly","Monthly Retainer"
2022-03-01,"Christian Gonzalez",0.75,"","Targeted newsletter signup popups based on category from body tag","Wordpress Site","Non Profit Quarterly","Monthly Retainer"
2022-02-28,"Christian Gonzalez",2.5,"","Targeted newsletter signup popups based on category from body tag","Wordpress Site","Non Profit Quarterly","Monthly Retainer"
2022-02-22,"Christian Gonzalez",1.5,"Troubleshoot 404 issues and adding redirects","Kill category feeds that are throwing 404s.","Wordpress Site","Non Profit Quarterly","Monthly Retainer"
2022-02-17,"Christian Gonzalez",0.75,"Find RSS feed plugin alternatives","Kill category feeds that are throwing 404s.","Wordpress Site","Non Profit Quarterly","Monthly Retainer"
2022-02-16,"Christian Gonzalez",1.5,"Troubleshoot page not found issues","Misc. Support","Misc.","Non Profit Quarterly","Monthly Retainer"
2022-02-15,"Christian Gonzalez",0.75,"Troubleshoot page not found issues","Misc. Support","Misc.","Non Profit Quarterly","Monthly Retainer"
2022-02-15,"Christian Gonzalez",0.75,"Fix oxford comma issue","Misc. Support","Misc.","Non Profit Quarterly","Monthly Retainer"
2022-02-11,"Christian Gonzalez",2.5,"Fix duplicate post on category pages","Convert three tags into categories (lets discuss first though)","Wordpress Site","Non Profit Quarterly","Monthly Retainer"
2022-02-10,"Christian Gonzalez",4.5,"Push the category changes to prod","Convert three tags into categories (lets discuss first though)","Wordpress Site","Non Profit Quarterly","Monthly Retainer"
2022-02-10,"Christian Gonzalez",1.75,"Remove featured block on series page","Misc. Support","Misc.","Non Profit Quarterly","Monthly Retainer"
2022-02-03,"Christian Gonzalez",2.0,"","Convert three tags into categories (lets discuss first though)","Wordpress Site","Non Profit Quarterly","Monthly Retainer"
2022-02-03,"Christian Gonzalez",1.5,"Troubleshoot missing articles in the categories","Convert three tags into categories (lets discuss first though)","Wordpress Site","Non Profit Quarterly","Monthly Retainer"
2022-02-02,"Christian Gonzalez",2.5,"testing and fixing final changes on brandupdate","Convert three tags into categories (lets discuss first though)","Wordpress Site","Non Profit Quarterly","Monthly Retainer"
2022-02-02,"Christian Gonzalez",1.5,"","Convert three tags into categories (lets discuss first though)","Wordpress Site","Non Profit Quarterly","Monthly Retainer"
2022-02-01,"Christian Gonzalez",3.5,"","Convert three tags into categories (lets discuss first though)","Wordpress Site","Non Profit Quarterly","Monthly Retainer"
2022-01-27,"Christian Gonzalez",3.0,"Search, menu and backend changes","Convert three tags into categories (lets discuss first though)","Wordpress Site","Non Profit Quarterly","Monthly Retainer"
2022-01-26,"Christian Gonzalez",1.5,"","Convert three tags into categories (lets discuss first though)","Wordpress Site","Non Profit Quarterly","Monthly Retainer"
2022-01-25,"Christian Gonzalez",0.75,"","Accept audio responses","Wordpress Site","Non Profit Quarterly","Monthly Retainer"
2022-01-25,"Christian Gonzalez",2.0,"Finish setup of staging cluster mapping","Convert three tags into categories (lets discuss first though)","Wordpress Site","Non Profit Quarterly","Monthly Retainer"
2022-01-25,"Christian Gonzalez",0.5,"Categories call","Phone Calls/Meetings","Misc.","Non Profit Quarterly","Monthly Retainer"
2022-01-24,"Christian Gonzalez",3.0,"Setting up new cluster mapping on stage","Convert three tags into categories (lets discuss first though)","Wordpress Site","Non Profit Quarterly","Monthly Retainer"
2022-01-21,"Christian Gonzalez",1.5,"","Convert three tags into categories (lets discuss first though)","Wordpress Site","Non Profit Quarterly","Monthly Retainer"
2022-01-21,"Christian Gonzalez",2.5,"","Extra character on Webinar category page","Wordpress Site","Non Profit Quarterly","Monthly Retainer"
2022-01-18,"Christian Gonzalez",1.5,"","Updates from Pantheon","Wordpress Site","Non Profit Quarterly","Monthly Retainer"
2022-01-18,"Christian Gonzalez",0.75,"Auto updater adjustment","Convert three tags into categories (lets discuss first though)","Wordpress Site","Non Profit Quarterly","Monthly Retainer"
2022-01-17,"Christian Gonzalez",1.5,"","Convert three tags into categories (lets discuss first though)","Wordpress Site","Non Profit Quarterly","Monthly Retainer"
2022-01-17,"Christian Gonzalez",2.5,"Print fix","Misc. Support","Misc.","Non Profit Quarterly","Monthly Retainer"
2022-01-14,"Christian Gonzalez",2.5,"Fix print issue","Misc. Support","Misc.","Non Profit Quarterly","Monthly Retainer"
2022-01-11,"Christian Gonzalez",0.5,"","! Series page: subtitles and text","Wordpress Site","Non Profit Quarterly","Monthly Retainer"
2022-01-11,"Christian Gonzalez",0.75,"","! Adjust Superscript display size","Wordpress Site","Non Profit Quarterly","Monthly Retainer"
2024-12-05,"Christian Gonzalez",0.5,"Prep dev for new landing page","Add new sponsor page","Misc. Support","Nonprofit Financial Commons","Retainer"
2024-08-16,"Christian Gonzalez",2.5,"Plugin updates","Support","To-dos","Nonprofit Financial Commons","Retainer"
2024-03-21,"Christian Gonzalez",0.25,"Publish newsletter archive page","Support","To-dos","Nonprofit Financial Commons","Retainer"
2024-03-20,"Christian Gonzalez",2.25,"Newsletter landing page","Support","To-dos","Nonprofit Financial Commons","Retainer"
2024-03-07,"Christian Gonzalez",1.75,"Plugin updates in dev, change ad padding","Support","To-dos","Nonprofit Financial Commons","Retainer"
2024-03-05,"Christian Gonzalez",1.0,"Resources shortcode fix","Support","To-dos","Nonprofit Financial Commons","Retainer"
2024-03-05,"Christian Gonzalez",0.25,"Publish donately in prod","Add Donation Plugin","To-dos","Nonprofit Financial Commons","Retainer"
2024-03-04,"Christian Gonzalez",0.5,"Add text to donately landing page","Add Donation Plugin","To-dos","Nonprofit Financial Commons","Retainer"
2024-02-29,"Christian Gonzalez",1.0,"Send hubspot email manually","Support","To-dos","Nonprofit Financial Commons","Retainer"
2024-02-29,"Christian Gonzalez",2.0,"Donately landing page","Add Donation Plugin","To-dos","Nonprofit Financial Commons","Retainer"
2024-02-26,"Christian Gonzalez",0.75,"Log in and look into donately","Add Donation Plugin","To-dos","Nonprofit Financial Commons","Retainer"
2024-02-21,"Christian Gonzalez",1.75,"Set up email dns records in google domains","Support","To-dos","Nonprofit Financial Commons","Retainer"
2023-12-20,"Christian Gonzalez",2.5,"Connect registration form with hubspot","Forum / email connection Q","To-dos","Nonprofit Financial Commons","Retainer"
2023-12-15,"Christian Gonzalez",2.75,"Set up form changes locally to test","Forum / email connection Q","To-dos","Nonprofit Financial Commons","Retainer"
2023-12-13,"Christian Gonzalez",1.25,"Look into registration form setup","Forum / email connection Q","To-dos","Nonprofit Financial Commons","Retainer"
2023-12-07,"Christian Gonzalez",0.75,"Roll back previous changes, nav change","Nav changes","To-dos","Nonprofit Financial Commons","Retainer"
2023-12-05,"Christian Gonzalez",1.25,"","Nav changes","To-dos","Nonprofit Financial Commons","Retainer"
2023-11-29,"Christian Gonzalez",0.75,"Resume email, fix image alt","Ad-hoc Support","Follow up Items","Nonprofit Financial Commons","Retainer"
2023-11-21,"Christian Gonzalez",0.25,"Pause email","Ad-hoc Support","Follow up Items","Nonprofit Financial Commons","Retainer"
2023-10-31,"Christian Gonzalez",0.5,"Look into Gravity Wiz","Support","To-dos","Nonprofit Financial Commons","Retainer"
2023-10-24,"Christian Gonzalez",1.25,"Final changes to feed and hubspot template, send first email","Forum / email connection Q","To-dos","Nonprofit Financial Commons","Retainer"
2023-10-23,"Christian Gonzalez",1.25,"Changes to Hubspot template, user import","Forum / email connection Q","To-dos","Nonprofit Financial Commons","Retainer"
2023-10-17,"Christian Gonzalez",0.75,"Fix to custom feed template","Forum / email connection Q","To-dos","Nonprofit Financial Commons","Retainer"
2023-10-13,"Christian Gonzalez",2.25,"Create custom feed to show more accurately the latests questions","Forum / email connection Q","To-dos","Nonprofit Financial Commons","Retainer"
2023-10-12,"Christian Gonzalez",0.5,"Look into users lists and template settings","Forum / email connection Q","To-dos","Nonprofit Financial Commons","Retainer"
2023-10-11,"Christian Gonzalez",1.25,"Initial setup with default discussions feed","Forum / email connection Q","To-dos","Nonprofit Financial Commons","Retainer"
2023-09-29,"Christian Gonzalez",0.75,"Huddle with Adam for the Hubspot email feed setup","Support","To-dos","Nonprofit Financial Commons","Retainer"
2023-09-19,"Christian Gonzalez",1.0,"Research buddyboss email","Support","To-dos","Nonprofit Financial Commons","Retainer"
2023-09-19,"Christian Gonzalez",2.5,"Fix anchor links and troubleshoot wrong PDF url","fix anchor links","To-dos","Nonprofit Financial Commons","Retainer"
2023-09-13,"Christian Gonzalez",0.75,"Teme/Plugins updates","Support","To-dos","Nonprofit Financial Commons","Retainer"
2023-08-31,"Christian Gonzalez",1.75,"review and test pdf Q","Ad-hoc Requests","To-dos","Nonprofit Financial Commons","Retainer"
2023-08-29,"Christian Gonzalez",0.25,"Add anchor offset to new crypto article","Implementation/Dev","To-dos","Nonprofit Financial Commons","Retainer"
2023-08-14,"Christian Gonzalez",0.75,"Look into comment permissions","Ad-hoc Support","Follow up Items","Nonprofit Financial Commons","Retainer"
2023-08-14,"Christian Gonzalez",0.25,"Look into anchor links offset","Implementation/Dev","To-dos","Nonprofit Financial Commons","Retainer"
2023-07-31,"Christian Gonzalez",0.5,"Change permission for moderators","Ad-hoc Requests","To-dos","Nonprofit Financial Commons","Retainer"
2023-07-19,"Christian Gonzalez",0.5,"Fix confirmation email message for registration form","Troubleshoot","To-dos","Nonprofit Financial Commons","Retainer"
2023-07-18,"Christian Gonzalez",0.5,"Fix register page","Ad-hoc Requests","To-dos","Nonprofit Financial Commons","Retainer"
2023-07-10,"Christian Gonzalez",1.25,"Troubleshoot create new forum button","Troubleshoot","To-dos","Nonprofit Financial Commons","Retainer"
2023-07-05,"Christian Gonzalez",0.5,"Look into role differences","Updates","To-dos","Nonprofit Financial Commons","Retainer"
2023-07-05,"Christian Gonzalez",0.5,"GTag script","Ad-hoc Requests","To-dos","Nonprofit Financial Commons","Retainer"
2023-07-03,"Christian Gonzalez",1.25,"Updates and set up necessary plugins on prod","Zoom set up","Misc. Support","Nonprofit Financial Commons","Retainer"
2023-06-29,"Christian Gonzalez",0.5,"Updates on prod","Updates","To-dos","Nonprofit Financial Commons","Retainer"
2023-06-28,"Christian Gonzalez",1.25,"Test updates on dev","Updates","To-dos","Nonprofit Financial Commons","Retainer"
2023-06-12,"Christian Gonzalez",0.5,"Look into zoom secret key","Zoom set up","Misc. Support","Nonprofit Financial Commons","Retainer"
2023-06-09,"Christian Gonzalez",2.25,"Try setting up app key in buddyboss","Zoom set up","Misc. Support","Nonprofit Financial Commons","Retainer"
2023-06-08,"Christian Gonzalez",0.5,"Updates","Updates","To-dos","Nonprofit Financial Commons","Retainer"
2023-06-08,"Christian Gonzalez",0.75,"Fix infinite redirect for sign in in dev","Troubleshoot","To-dos","Nonprofit Financial Commons","Retainer"
2023-06-07,"Christian Gonzalez",1.75,"Set up zoom plugins in dev","Zoom set up","Misc. Support","Nonprofit Financial Commons","Retainer"
2023-06-01,"Christian Gonzalez",2.5,"Troubleshoot issues with Forums Topic widget","Troubleshoot","To-dos","Nonprofit Financial Commons","Retainer"
2023-05-23,"Christian Gonzalez",1.25,"Add courses to resources search","Resources Modifcations","To-dos","Nonprofit Financial Commons","Retainer"
2023-05-23,"Christian Gonzalez",1.0,"Forum ads research","Implementation/Dev","To-dos","Nonprofit Financial Commons","Retainer"
2023-05-19,"Christian Gonzalez",3.0,"Forums adjustments and final changes","Implementation/Dev","To-dos","Nonprofit Financial Commons","Retainer"
2023-05-18,"Christian Gonzalez",6.5,"Forums page","Implementation/Dev","To-dos","Nonprofit Financial Commons","Retainer"
2023-05-17,"Christian Gonzalez",3.25,"New forums page","Implementation/Dev","To-dos","Nonprofit Financial Commons","Retainer"
2023-05-16,"Christian Gonzalez",0.25,"Fix extra mobile header","Troubleshoot","To-dos","Nonprofit Financial Commons","Retainer"
2023-05-16,"Christian Gonzalez",1.75,"Forums page","Implementation/Dev","To-dos","Nonprofit Financial Commons","Retainer"
2023-05-15,"Christian Gonzalez",1.25,"Fix mobile styling issues caused by tailwind","Implementation/Dev","To-dos","Nonprofit Financial Commons","Retainer"
2023-05-11,"Christian Gonzalez",2.25,"Pagination and filters","Resources Modifcations","To-dos","Nonprofit Financial Commons","Retainer"
2023-05-10,"Christian Gonzalez",1.0,"Pagination and filters","Resources Modifcations","To-dos","Nonprofit Financial Commons","Retainer"
2023-05-09,"Christian Gonzalez",1.0,"Make all card images the same size","Resources Modifcations","To-dos","Nonprofit Financial Commons","Retainer"
2023-05-05,"Christian Gonzalez",1.25,"Resources page changes","Resources Modifcations","To-dos","Nonprofit Financial Commons","Retainer"
2023-05-03,"Christian Gonzalez",1.25,"Resources page changes","Resources Modifcations","To-dos","Nonprofit Financial Commons","Retainer"
2023-05-02,"Christian Gonzalez",3.75,"Resources page changes and tests","Resources Modifcations","To-dos","Nonprofit Financial Commons","Retainer"
2023-05-02,"Christian Gonzalez",2.75,"Set up custom shortcode and styling for featured articles","Resources Modifcations","To-dos","Nonprofit Financial Commons","Retainer"
2023-05-02,"Christian Gonzalez",1.5,"Pull db changes and set up custom fields","Resources Modifcations","To-dos","Nonprofit Financial Commons","Retainer"
2023-04-28,"Christian Gonzalez",2.0,"local dev","Resources Modifcations","To-dos","Nonprofit Financial Commons","Retainer"
2023-04-27,"Christian Gonzalez",3.25,"Set up search locally, test featured articles","Resources Modifcations","To-dos","Nonprofit Financial Commons","Retainer"
2023-04-19,"Christian Gonzalez",2.0,"Look into resources changes","Resources Modifcations","To-dos","Nonprofit Financial Commons","Retainer"
2023-04-13,"Christian Gonzalez",6.5,"Hide black bar for non logged in users, become a member popup test, styling fixes and resources widget","Implementation/Dev","To-dos","Nonprofit Financial Commons","Retainer"
2023-04-12,"Christian Gonzalez",1.25,"Initial mobile styling fixes","Implementation/Dev","To-dos","Nonprofit Financial Commons","Retainer"
2023-04-11,"Christian Gonzalez",0.75,"Help with table in prod","Ad-hoc Requests","To-dos","Nonprofit Financial Commons","Retainer"
2023-04-05,"Christian Gonzalez",3.75,"Styling changes on dev","Implementation/Dev","To-dos","Nonprofit Financial Commons","Retainer"
2023-04-04,"Christian Gonzalez",1.75,"Newsletter styling","Implementation/Dev","To-dos","Nonprofit Financial Commons","Retainer"
2023-04-04,"Christian Gonzalez",0.25,"Update elementor","Updates","To-dos","Nonprofit Financial Commons","Retainer"
2023-03-27,"Christian Gonzalez",1.25,"add tag in elementor card, change slug and test collections","Resources Modifcations","To-dos","Nonprofit Financial Commons","Retainer"
2023-03-24,"Christian Gonzalez",3.5,"Archive template changes as a second alternative, make full width and change slug","Resources Modifcations","To-dos","Nonprofit Financial Commons","Retainer"
2023-03-23,"Christian Gonzalez",2.25,"Test changes to elementor posts widget for the resources page","Resources Modifcations","To-dos","Nonprofit Financial Commons","Retainer"
2023-03-07,"Christian Gonzalez",1.75,"Password import","Research","Follow up Items","Nonprofit Financial Commons","Retainer"
2023-03-02,"Christian Gonzalez",1.5,"Look into the differences between old theme users and new theme users, local tests","Implementation/Dev","To-dos","Nonprofit Financial Commons","Retainer"
2023-03-01,"Christian Gonzalez",0.75,"Set up local environment for the user import testing","Implementation/Dev","To-dos","Nonprofit Financial Commons","Retainer"
2023-01-27,"Christian Gonzalez",1.5,"Add wp comments to content type","new Jan 31 Event prep","To-dos","Nonprofit Financial Commons","Retainer"
2023-01-24,"Christian Gonzalez",0.5,"Elementor image/button help","Implementation/Dev","To-dos","Nonprofit Financial Commons","Retainer"
2023-01-20,"Christian Gonzalez",1.75,"Troubleshoot elementor pro issues","Implementation/Dev","To-dos","Nonprofit Financial Commons","Retainer"
2023-01-19,"Christian Gonzalez",0.75,"Import custom content types' content to dev","Implementation/Dev","To-dos","Nonprofit Financial Commons","Retainer"
2023-01-16,"Christian Gonzalez",1.0,"Install buddy boss theme on dev","Buddy Boss","To-dos","Nonprofit Financial Commons","Retainer"
2023-01-11,"Christian Gonzalez",1.5,"Install buddy boss theme and fix old theme to work with it on dev","Buddy Boss","To-dos","Nonprofit Financial Commons","Retainer"
2023-01-06,"Christian Gonzalez",1.0,"Troubleshoot and create prod environment","Implementation/Dev","To-dos","Nonprofit Financial Commons","Retainer"
2024-12-27,"Christian Gonzalez",0.5,"Fix January 2025 date and flipbook","Misc","Discovery","Penn Stater","Penn Stater Website"
2024-11-22,"Christian Gonzalez",0.75,"Test D10 upgrade","Upgrade to Drupal 10","MISC Support Requests","Penn Stater","Penn Stater Website"
2024-11-21,"Christian Gonzalez",2.5,"Research and add missing libraries in D10","Upgrade to Drupal 10","MISC Support Requests","Penn Stater","Penn Stater Website"
2024-11-20,"Christian Gonzalez",1.25,"Continue testing D10 upgrade","Upgrade to Drupal 10","MISC Support Requests","Penn Stater","Penn Stater Website"
2024-11-15,"Christian Gonzalez",2.0,"Troubleshoot errors with the member importer after D10 updates","Upgrade to Drupal 10","MISC Support Requests","Penn Stater","Penn Stater Website"
2024-11-14,"Christian Gonzalez",1.5,"Test D10 upgrade in the multidev","Upgrade to Drupal 10","MISC Support Requests","Penn Stater","Penn Stater Website"
2024-11-11,"Christian Gonzalez",2.25,"Fix search indexing issues and test","Misc fixes","MISC Support Requests","Penn Stater","Penn Stater Website"
2024-11-07,"Christian Gonzalez",0.5,"Add member","Misc fixes","MISC Support Requests","Penn Stater","Penn Stater Website"
2024-10-28,"Christian Gonzalez",3.0,"Fix ""Featured"" section order","Misc","Discovery","Penn Stater","Penn Stater Website"
2024-10-23,"Christian Gonzalez",1.25,"Look into wrong fonts for stat block","Stats block","MISC Support Requests","Penn Stater","Penn Stater Website"
2024-10-17,"Christian Gonzalez",0.25,"Enable search changes in prod","Tag pages","MISC Support Requests","Penn Stater","Penn Stater Website"
2024-10-16,"Christian Gonzalez",1.0,"Set up and push search changes","Tag pages","MISC Support Requests","Penn Stater","Penn Stater Website"
2024-10-04,"Christian Gonzalez",3.25,"Fix index, set up page, tests","Tag pages","MISC Support Requests","Penn Stater","Penn Stater Website"
2024-10-03,"Christian Gonzalez",2.0,"troublehsoot issues with search API index","Tag pages","MISC Support Requests","Penn Stater","Penn Stater Website"
2024-10-01,"Christian Gonzalez",2.75,"Finish stat block dev","Stats block","MISC Support Requests","Penn Stater","Penn Stater Website"
2024-09-30,"Christian Gonzalez",2.75,"Blue box CMS setup and initial templating","Updates","MISC Support Requests","Penn Stater","Penn Stater Website"
2024-09-27,"Christian Gonzalez",0.25,"Initial setup in the CMS for the stats box","Updates","MISC Support Requests","Penn Stater","Penn Stater Website"
2024-09-26,"Christian Gonzalez",3.5,"Look into search API to replace the current search view","Tag pages","MISC Support Requests","Penn Stater","Penn Stater Website"
2024-09-05,"Christian Gonzalez",1.25,"Add quotes to pull quote, fix padding and mobile styling","Updates","MISC Support Requests","Penn Stater","Penn Stater Website"
2024-09-05,"Christian Gonzalez",0.25,"Fix issue with tag page url","Tag pages","MISC Support Requests","Penn Stater","Penn Stater Website"
2024-09-04,"Christian Gonzalez",0.5,"Pull quote changes","Updates","MISC Support Requests","Penn Stater","Penn Stater Website"
2024-09-04,"Christian Gonzalez",2.25,"Tag pages","Tag pages","MISC Support Requests","Penn Stater","Penn Stater Website"
2024-09-03,"Christian Gonzalez",3.0,"Look into Search API to change the indexed fields","Misc fixes","MISC Support Requests","Penn Stater","Penn Stater Website"
2024-08-30,"Christian Gonzalez",2.5,"Tag page view, look into adding tag to the search","Misc fixes","MISC Support Requests","Penn Stater","Penn Stater Website"
2024-08-29,"Christian Gonzalez",0.5,"Add missing member","Misc fixes","MISC Support Requests","Penn Stater","Penn Stater Website"
2024-08-27,"Christian Gonzalez",1.5,"Pull quote styling changes","Misc fixes","MISC Support Requests","Penn Stater","Penn Stater Website"
2024-08-19,"Christian Gonzalez",2.75,"Roll back updates in dev, troubleshoot issue with views after updates","Updates","MISC Support Requests","Penn Stater","Penn Stater Website"
2024-08-15,"Christian Gonzalez",2.5,"Drupal updates","Updates","MISC Support Requests","Penn Stater","Penn Stater Website"
2024-08-05,"Christian Gonzalez",2.5,"Tag changes","Misc fixes","MISC Support Requests","Penn Stater","Penn Stater Website"
2024-07-30,"Christian Gonzalez",2.0,"Drupal updates","Updates","MISC Support Requests","Penn Stater","Penn Stater Website"
2024-07-09,"Christian Gonzalez",1.25,"Trobuleshoot SFTP issues","Misc fixes","MISC Support Requests","Penn Stater","Penn Stater Website"
2024-07-08,"Christian Gonzalez",2.75,"Troubleshoot GA issues","Misc fixes","MISC Support Requests","Penn Stater","Penn Stater Website"
2024-07-02,"Christian Gonzalez",2.5,"Troubleshoot and fix homepage featured section","Misc fixes","MISC Support Requests","Penn Stater","Penn Stater Website"
2024-07-01,"Christian Gonzalez",1.5,"Fix issues with featured section of the homepage","Misc fixes","MISC Support Requests","Penn Stater","Penn Stater Website"
2024-06-07,"Christian Gonzalez",2.5,"Troubleshoot issues with Viewpoints blocks","Misc fixes","MISC Support Requests","Penn Stater","Penn Stater Website"
2024-06-06,"Christian Gonzalez",1.25,"Test push on stage, then push search changes to prod","!!! Address the Class notes search","MISC Support Requests","Penn Stater","Penn Stater Website"
2024-06-03,"Christian Gonzalez",1.75,"Changes to search","!!! Address the Class notes search","MISC Support Requests","Penn Stater","Penn Stater Website"
2024-05-07,"Christian Gonzalez",2.0,"Set up new search test in multidev environment, test","!!! Address the Class notes search","MISC Support Requests","Penn Stater","Penn Stater Website"
2024-05-03,"Christian Gonzalez",3.5,"Search changes and test","!!! Address the Class notes search","MISC Support Requests","Penn Stater","Penn Stater Website"
2024-05-02,"Christian Gonzalez",3.5,"new SFTP credentials for Penn and troubleshoot connection with server","Misc fixes","MISC Support Requests","Penn Stater","Penn Stater Website"
2024-04-29,"Christian Gonzalez",0.25,"CSV import","Misc fixes","MISC Support Requests","Penn Stater","Penn Stater Website"
2024-04-29,"Christian Gonzalez",3.5,"Troubleshoot issues with class note search, dev work","!!! Address the Class notes search","MISC Support Requests","Penn Stater","Penn Stater Website"
2024-04-25,"Christian Gonzalez",1.25,"Test search on Class Notes and Obits","!!! Address the Class notes search","MISC Support Requests","Penn Stater","Penn Stater Website"
2024-04-25,"Christian Gonzalez",0.25,"Send CSV info","Misc","Discovery","Penn Stater","Penn Stater Website"
2024-04-22,"Christian Gonzalez",0.25,"CSV import","Misc fixes","MISC Support Requests","Penn Stater","Penn Stater Website"
2024-04-16,"Christian Gonzalez",0.5,"Huddle with Kyle","Misc","Discovery","Penn Stater","Penn Stater Website"
2024-04-15,"Christian Gonzalez",1.25,"Look at members code to plan alternatives to member import","Misc","Discovery","Penn Stater","Penn Stater Website"
2024-04-05,"Christian Gonzalez",0.5,"Troubleshoot member","Misc fixes","MISC Support Requests","Penn Stater","Penn Stater Website"
2024-03-14,"Christian Gonzalez",4.5,"","!!! Address the Class notes search","MISC Support Requests","Penn Stater","Penn Stater Website"
2024-03-13,"Christian Gonzalez",1.25,"","!!! Address the Class notes search","MISC Support Requests","Penn Stater","Penn Stater Website"
2024-01-25,"Christian Gonzalez",3.5,"Backend restricted articles search page","Misc fixes","MISC Support Requests","Penn Stater","Penn Stater Website"
2024-01-25,"Christian Gonzalez",1.75,"Trinity audio fix","Jan24 Audio/Trinity additions","MISC Support Requests","Penn Stater","Penn Stater Website"
2024-01-19,"Christian Gonzalez",0.25,"member email","Misc fixes","MISC Support Requests","Penn Stater","Penn Stater Website"
2024-01-19,"Christian Gonzalez",1.5,"Trinity Audio troubleshoot","Jan24 Audio/Trinity additions","MISC Support Requests","Penn Stater","Penn Stater Website"
2024-01-18,"Christian Gonzalez",1.75,"Slider arrow fix, tests","Jan24: Slideshow arrows not visible (on top of images)","MISC Support Requests","Penn Stater","Penn Stater Website"
2024-01-18,"Christian Gonzalez",2.5,"Troubleshoot trinity audio","Jan24 Audio/Trinity additions","MISC Support Requests","Penn Stater","Penn Stater Website"
2024-01-17,"Christian Gonzalez",2.25,"Set up email forwarding for class notes submissions","Jan24: question-The Class Notes submission web form","MISC Support Requests","Penn Stater","Penn Stater Website"
2024-01-08,"Christian Gonzalez",0.25,"add member","Misc fixes","MISC Support Requests","Penn Stater","Penn Stater Website"
2023-12-27,"Christian Gonzalez",0.75,"Fix new issue issues","Misc fixes","MISC Support Requests","Penn Stater","Penn Stater Website"
2023-12-07,"Christian Gonzalez",0.75,"Add menu item, css push to fix new landing page","Misc fixes","MISC Support Requests","Penn Stater","Penn Stater Website"
2023-12-01,"Christian Gonzalez",0.5,"Add missing member","Misc fixes","MISC Support Requests","Penn Stater","Penn Stater Website"
2023-11-20,"Christian Gonzalez",1.25,"Push In Brief and The Latest to prod","Misc","Discovery","Penn Stater","Penn Stater Website"
2023-11-17,"Christian Gonzalez",0.5,"Mobile styling","""In Brief"" content","MISC Support Requests","Penn Stater","Penn Stater Website"
2023-11-17,"Christian Gonzalez",2.75,"Add custom ordering and new views, fix styling of new view","Add custom ordering to ""The Latest"" block","MISC Support Requests","Penn Stater","Penn Stater Website"
2023-11-16,"Christian Gonzalez",1.75,"In Brief Page","""In Brief"" content","MISC Support Requests","Penn Stater","Penn Stater Website"
2023-11-15,"Christian Gonzalez",0.5,"Plan changes to In Brief and The Latest","""In Brief"" content","MISC Support Requests","Penn Stater","Penn Stater Website"
2023-11-13,"Christian Gonzalez",0.5,"","Look into updating or disabling Google Analytics counter.","MISC Support Requests","Penn Stater","Penn Stater Website"
2023-10-09,"Christian Gonzalez",1.75,"Drupal updates","Misc","Discovery","Penn Stater","Penn Stater Website"
2023-09-14,"Christian Gonzalez",1.5,"Drupal updates","Misc","Discovery","Penn Stater","Penn Stater Website"
2023-09-06,"Christian Gonzalez",0.5,"Add missing members","Misc fixes","MISC Support Requests","Penn Stater","Penn Stater Website"
2023-08-10,"Christian Gonzalez",1.75,"Module upgrades and tests","Misc","Discovery","Penn Stater","Penn Stater Website"
2023-08-08,"Christian Gonzalez",1.25,"Core update","Misc","Discovery","Penn Stater","Penn Stater Website"
2023-07-24,"Christian Gonzalez",2.25,"Fixes to slider and updates","Misc","Discovery","Penn Stater","Penn Stater Website"
2023-07-21,"Christian Gonzalez",1.5,"Core/Module updates","Misc","Discovery","Penn Stater","Penn Stater Website"
2023-07-19,"Christian Gonzalez",1.25,"Fix missing restricted banner and module updates","Misc","Discovery","Penn Stater","Penn Stater Website"
2023-07-06,"Christian Gonzalez",0.25,"Install GTM module","Install GTM Module","MISC Support Requests","Penn Stater","Penn Stater Website"
2023-06-20,"Christian Gonzalez",2.25,"Module updates and library fixes","Misc","Discovery","Penn Stater","Penn Stater Website"
2023-06-16,"Christian Gonzalez",1.25,"Drupal core update","Misc","Discovery","Penn Stater","Penn Stater Website"
2023-05-31,"Christian Gonzalez",2.5,"Module updates on multidev, changes to libraries","Misc","Discovery","Penn Stater","Penn Stater Website"
2023-05-25,"Christian Gonzalez",1.5,"Drupal core updates on multidev","Misc","Discovery","Penn Stater","Penn Stater Website"
2023-04-26,"Christian Gonzalez",1.25,"Fix bug where the become a member banner was showing for logged in members","Misc fixes","MISC Support Requests","Penn Stater","Penn Stater Website"
2023-04-24,"Christian Gonzalez",0.75,"Troubleshoot twitter API access issue","Misc fixes","MISC Support Requests","Penn Stater","Penn Stater Website"
2023-04-21,"Christian Gonzalez",0.5,"Push changes","Misc fixes","MISC Support Requests","Penn Stater","Penn Stater Website"
2023-04-20,"Christian Gonzalez",3.75,"Fix link and class notes issue, add image style with height cap for slider","Misc fixes","MISC Support Requests","Penn Stater","Penn Stater Website"
2023-04-19,"Christian Gonzalez",1.5,"Troubleshoot link and class notes issue","Misc fixes","MISC Support Requests","Penn Stater","Penn Stater Website"
2023-04-14,"Christian Gonzalez",0.75,"Troubleshoot issue with member from initial import","Misc","Discovery","Penn Stater","Penn Stater Website"
2023-04-03,"Christian Gonzalez",2.5,"Debug twitter module to add images","Misc fixes","MISC Support Requests","Penn Stater","Penn Stater Website"
2023-03-28,"Christian Gonzalez",1.75,"Change slider image style","Misc fixes","MISC Support Requests","Penn Stater","Penn Stater Website"
2023-03-27,"Christian Gonzalez",1.5,"Test images in twitter block","Misc fixes","MISC Support Requests","Penn Stater","Penn Stater Website"
2023-03-27,"Christian Gonzalez",0.75,"Fix class note form, test and check the other forms for similar bugs","Misc","Discovery","Penn Stater","Penn Stater Website"
2023-03-23,"Christian Gonzalez",2.75,"Remove trinity from gated content if the member is not logged in, tests","Misc fixes","MISC Support Requests","Penn Stater","Penn Stater Website"
2023-03-15,"Christian Gonzalez",0.5,"Change twitter block social media links","Misc","Discovery","Penn Stater","Penn Stater Website"
2023-03-13,"Christian Gonzalez",0.5,"Add radio button to enable trinity player and push to prod","FEB23: Add Trinity integration","MISC Support Requests","Penn Stater","Penn Stater Website"
2023-03-13,"Christian Gonzalez",0.25,"Push to prod","FEB23: PDF's cache issues","MISC Support Requests","Penn Stater","Penn Stater Website"
2023-03-12,"Christian Gonzalez",0.75,"Push to prod and extra minor updates","FEB23: Drupal D9 upgrade","MISC Support Requests","Penn Stater","Penn Stater Website"
2023-03-01,"Christian Gonzalez",1.25,"Test member import in D9","FEB23: Drupal D9 upgrade","MISC Support Requests","Penn Stater","Penn Stater Website"
2023-03-01,"Christian Gonzalez",1.25,"Troubleshoot missing pdf in safari","troubleshoot missing PDFS","Discovery","Penn Stater","Penn Stater Website"
2023-02-27,"Christian Gonzalez",3.75,"Test upgrade and fix issues with deprecated code","FEB23: Drupal D9 upgrade","MISC Support Requests","Penn Stater","Penn Stater Website"
2023-02-24,"Christian Gonzalez",6.25,"Core and php upgrades - Fix composer issues","FEB23: Drupal D9 upgrade","MISC Support Requests","Penn Stater","Penn Stater Website"
2023-02-22,"Christian Gonzalez",2.75,"Fix D9 incompatibilities with custom modules","FEB23: Drupal D9 upgrade","MISC Support Requests","Penn Stater","Penn Stater Website"
2023-02-22,"Christian Gonzalez",1.25,"Create new environment for testing and push upgrade module","FEB23: Drupal D9 upgrade","MISC Support Requests","Penn Stater","Penn Stater Website"
2023-02-17,"Christian Gonzalez",1.25,"Troubleshoot issue and disable cache on the view","FEB23: PDF's cache issues","MISC Support Requests","Penn Stater","Penn Stater Website"
2023-02-17,"Christian Gonzalez",0.75,"Add checkbox to only show script on selected articles","FEB23: Add Trinity integration","MISC Support Requests","Penn Stater","Penn Stater Website"
2023-02-16,"Christian Gonzalez",1.25,"Read trinity documentation and explore the player options","FEB23: Add Trinity integration","MISC Support Requests","Penn Stater","Penn Stater Website"
2023-02-16,"Christian Gonzalez",1.0,"Set up player and add script to the article template","FEB23: Add Trinity integration","MISC Support Requests","Penn Stater","Penn Stater Website"
2023-02-14,"Christian Gonzalez",0.25,"Add script to explore multidev, testing integration","FEB23: Add Trinity integration","MISC Support Requests","Penn Stater","Penn Stater Website"
2023-02-06,"Christian Gonzalez",0.75,"Slider form fix","1. Priority 1: Photo Carousels","MISC Support Requests","Penn Stater","Penn Stater Website"
2023-02-01,"Christian Gonzalez",1.0,"Text and title updates","Misc","Discovery","Penn Stater","Penn Stater Website"
2023-01-31,"Christian Gonzalez",0.75,"Twitter block, slider and web exclusives deployment and setup","Misc","Discovery","Penn Stater","Penn Stater Website"
2023-01-30,"Christian Gonzalez",1.25,"Troubleshoot problem with old issue","Misc","Discovery","Penn Stater","Penn Stater Website"
2023-01-24,"Christian Gonzalez",2.5,"Troubleshoot problems with old issue","Misc","Discovery","Penn Stater","Penn Stater Website"
2023-01-23,"Christian Gonzalez",0.5,"Twitter block css tweaks","2. Priority 2: Newsworthy/Social ticker addition","MISC Support Requests","Penn Stater","Penn Stater Website"
2023-01-19,"Christian Gonzalez",1.5,"Slider updates","1. Priority 1: Photo Carousels","MISC Support Requests","Penn Stater","Penn Stater Website"
2023-01-17,"Christian Gonzalez",1.25,"Slider changes","1. Priority 1: Photo Carousels","MISC Support Requests","Penn Stater","Penn Stater Website"
2023-01-11,"Christian Gonzalez",1.25,"Troubleshoot and fix member issue","please update member access","MISC Support Requests","Penn Stater","Penn Stater Website"
2023-01-10,"Christian Gonzalez",0.25,"Fix member access issue","please update member access","MISC Support Requests","Penn Stater","Penn Stater Website"
2023-01-04,"Christian Gonzalez",0.75,"Enable more than 1 category and tests","3. Priority 3: Add new Web Exclusives section","MISC Support Requests","Penn Stater","Penn Stater Website"
2023-01-03,"Christian Gonzalez",1.75,"Add new field, view and styling for web exclusives","3. Priority 3: Add new Web Exclusives section","MISC Support Requests","Penn Stater","Penn Stater Website"
2023-01-03,"Christian Gonzalez",3.5,"Hack twitter feed module and style new block","2. Priority 2: Newsworthy/Social ticker addition","MISC Support Requests","Penn Stater","Penn Stater Website"
2023-01-03,"Christian Gonzalez",1.25,"Add blazy paragraph module and set up sliders in paragraphs","1. Priority 1: Photo Carousels","MISC Support Requests","Penn Stater","Penn Stater Website"
2023-01-03,"Christian Gonzalez",0.5,"","1a. Dec22: Video Content","MISC Support Requests","Penn Stater","Penn Stater Website"
2022-12-29,"Christian Gonzalez",0.75,"","3. Priority 3: Add new Web Exclusives section","MISC Support Requests","Penn Stater","Penn Stater Website"
2022-12-22,"Christian Gonzalez",1.5,"Look into suggested module","1. Priority 1: Photo Carousels","MISC Support Requests","Penn Stater","Penn Stater Website"
2022-12-22,"Christian Gonzalez",1.5,"Research and test twitter feed plugin","2. Priority 2: Newsworthy/Social ticker addition","MISC Support Requests","Penn Stater","Penn Stater Website"
2022-11-07,"Christian Gonzalez",0.5,"","Nov22: Add new buttons CN & obits","MISC Support Requests","Penn Stater","Penn Stater Website"
2022-10-07,"Christian Gonzalez",0.5,"Setup test user on multidev","3. Priority 3: Add new Web Exclusives section","MISC Support Requests","Penn Stater","Penn Stater Website"
2022-10-05,"Christian Gonzalez",1.25,"setup on multidev","1. Priority 1: Photo Carousels","MISC Support Requests","Penn Stater","Penn Stater Website"
2022-10-05,"Christian Gonzalez",2.5,"Setup and test on multidev","3. Priority 3: Add new Web Exclusives section","MISC Support Requests","Penn Stater","Penn Stater Website"
2022-10-04,"Christian Gonzalez",0.5,"","3. Priority 3: Add new Web Exclusives section","MISC Support Requests","Penn Stater","Penn Stater Website"
2022-10-04,"Christian Gonzalez",0.75,"","1. Priority 1: Photo Carousels","MISC Support Requests","Penn Stater","Penn Stater Website"
2022-10-03,"Christian Gonzalez",0.75,"","1. Priority 1: Photo Carousels","MISC Support Requests","Penn Stater","Penn Stater Website"
2022-10-03,"Christian Gonzalez",1.0,"","3. Priority 3: Add new Web Exclusives section","MISC Support Requests","Penn Stater","Penn Stater Website"
2022-09-29,"Christian Gonzalez",2.0,"","3. Priority 3: Add new Web Exclusives section","MISC Support Requests","Penn Stater","Penn Stater Website"
2022-09-28,"Christian Gonzalez",0.5,"Troubleshoot login issue and change pw","Account Management / PM","Discovery","Penn Stater","Penn Stater Website"
2022-09-27,"Christian Gonzalez",0.5,"","Sep22: Photo caption Update","MISC Support Requests","Penn Stater","Penn Stater Website"
2022-09-27,"Christian Gonzalez",1.5,"","1. Priority 1: Photo Carousels","MISC Support Requests","Penn Stater","Penn Stater Website"
2022-09-26,"Christian Gonzalez",3.5,"Setup web exclusives and carousels","3. Priority 3: Add new Web Exclusives section","MISC Support Requests","Penn Stater","Penn Stater Website"
2022-09-23,"Christian Gonzalez",3.0,"D8 updates - carousel options research","Misc","Discovery","Penn Stater","Penn Stater Website"
2022-08-25,"Christian Gonzalez",3.0,"","Aug22: Workload Automation Error","MISC Support Requests","Penn Stater","Penn Stater Website"
2022-08-24,"Christian Gonzalez",0.75,"","Aug22: Workload Automation Error","MISC Support Requests","Penn Stater","Penn Stater Website"
2022-07-18,"Christian Gonzalez",0.5,"","troubleshoot missing PDFS","Discovery","Penn Stater","Penn Stater Website"
2022-06-10,"Christian Gonzalez",1.25,"Flipbook issue","Misc","Discovery","Penn Stater","Penn Stater Website"
2022-01-31,"Christian Gonzalez",0.25,"Syncing stage to prod and enabling auto backups on stage","Misc","Discovery","Penn Stater","Penn Stater Website"
2022-01-20,"Christian Gonzalez",1.5,"Member question","Misc","Discovery","Penn Stater","Penn Stater Website"
2022-01-03,"Christian Gonzalez",0.5,"Issue fix","Misc","Discovery","Penn Stater","Penn Stater Website"
2024-05-22,"Christian Gonzalez",2.5,"Help with site outage, replace footer newsletter form with a link","Misc. Support","Miscellaneous","Princeton Alumni Weekly","PAW Misc Requests"
2024-05-21,"Christian Gonzalez",1.0,"Look into removing footer newsletter form","Misc. Support","Miscellaneous","Princeton Alumni Weekly","PAW Misc Requests"
2023-06-27,"Christian Gonzalez",0.5,"Look into image fix","Misc. Support","Miscellaneous","Princeton Alumni Weekly","PAW Misc Requests"
2023-06-15,"Christian Gonzalez",0.75,"Fix styling of the new image template on feature pages","Misc. Support","Miscellaneous","Princeton Alumni Weekly","PAW Misc Requests"
2023-06-14,"Christian Gonzalez",0.5,"Fix extra double title on sidebar blocks","Misc. Support","Miscellaneous","Princeton Alumni Weekly","PAW Misc Requests"
2023-06-14,"Christian Gonzalez",3.25,"Troubleshoot image issue, create new template to fix issues with image entity","Misc. Support","Miscellaneous","Princeton Alumni Weekly","PAW Misc Requests"
2023-06-14,"Christian Gonzalez",1.5,"Add and test spam protection","Misc. Support","Miscellaneous","Princeton Alumni Weekly","PAW Misc Requests"
2023-06-13,"Christian Gonzalez",1.25,"Troubleshoot issues with double headers on some blocks","Misc. Support","Miscellaneous","Princeton Alumni Weekly","PAW Misc Requests"
2023-06-12,"Christian Gonzalez",1.75,"Troubleshoot email issues","Misc. Support","Miscellaneous","Princeton Alumni Weekly","PAW Misc Requests"
2023-05-09,"Christian Gonzalez",1.0,"Look into email issues","InBox alert emails not working","2023 To-dos","Princeton Alumni Weekly","PAW Misc Requests"
2023-03-18,"Christian Gonzalez",0.5,"Change new cert to legacy cert","Misc. Support","Miscellaneous","Princeton Alumni Weekly","PAW Misc Requests"
2023-03-16,"Christian Gonzalez",0.75,"look into legacy cert in acquia","Misc. Support","Miscellaneous","Princeton Alumni Weekly","PAW Misc Requests"
2023-03-15,"Christian Gonzalez",0.75,"Set up new SSL certs","Misc. Support","Miscellaneous","Princeton Alumni Weekly","PAW Misc Requests"
2023-02-02,"Christian Gonzalez",0.5,"Test honeypot and updates on dev","!! Add spam protection","Miscellaneous","Princeton Alumni Weekly","PAW Misc Requests"
2023-02-02,"Christian Gonzalez",0.5,"Add honeypot module","!! Add spam protection","Miscellaneous","Princeton Alumni Weekly","PAW Misc Requests"
2022-11-05,"Christian Gonzalez",1.5,"Newsletter signup troubleshoot","Misc. Support","Miscellaneous","Princeton Alumni Weekly","PAW Misc Requests"
2022-10-11,"Christian Gonzalez",0.5,"Change emails","Misc. Support","Miscellaneous","Princeton Alumni Weekly","PAW Misc Requests"
2022-10-04,"Christian Gonzalez",1.25,"PHP 8.1 upgrade test","Misc. Support","Miscellaneous","Princeton Alumni Weekly","PAW Misc Requests"
2022-09-19,"Christian Gonzalez",0.25,"Fix ads and test","Misc. Support","Miscellaneous","Princeton Alumni Weekly","PAW Misc Requests"
2022-09-15,"Christian Gonzalez",1.5,"Changes to add to make them async. Testing the ads module","SEPT22: Ads not serving to site troubleshoot","Miscellaneous","Princeton Alumni Weekly","PAW Misc Requests"
2022-09-02,"Christian Gonzalez",2.5,"PHP 8 tests and updates","Misc. Support","Miscellaneous","Princeton Alumni Weekly","PAW Misc Requests"
2022-09-02,"Christian Gonzalez",1.75,"","SEPT22: Ads not serving to site troubleshoot","Miscellaneous","Princeton Alumni Weekly","PAW Misc Requests"
2022-08-31,"Christian Gonzalez",2.5,"Seetup and test php update","Misc. Support","Miscellaneous","Princeton Alumni Weekly","PAW Misc Requests"
2022-06-28,"Christian Gonzalez",0.75,"Set up gmail smtp in stage as an alternative to acquia email","Email issue troubleshoot and research","Miscellaneous","Princeton Alumni Weekly","PAW Misc Requests"
2022-06-16,"Christian Gonzalez",2.0,"HTTP/HTTPS fixes","Troubleshoot HTTP / HTTPS Issue related to Acquia unscheduled security update","Miscellaneous","Princeton Alumni Weekly","PAW Misc Requests"
2022-06-10,"Christian Gonzalez",1.25,"Set up acquia email platform","Email issue troubleshoot and research","Miscellaneous","Princeton Alumni Weekly","PAW Misc Requests"
2022-06-06,"Christian Gonzalez",2.75,"SMTP and Acquia email research","Email issue troubleshoot and research","Miscellaneous","Princeton Alumni Weekly","PAW Misc Requests"
2022-05-27,"Christian Gonzalez",0.5,"Email changes test","Email issue troubleshoot and research","Miscellaneous","Princeton Alumni Weekly","PAW Misc Requests"
2022-05-20,"Christian Gonzalez",2.0,"Email issue troubleshoot and research","Email issue troubleshoot and research","Miscellaneous","Princeton Alumni Weekly","PAW Misc Requests"
2022-05-19,"Christian Gonzalez",2.0,"Email issue troubleshoot and research","Email issue troubleshoot and research","Miscellaneous","Princeton Alumni Weekly","PAW Misc Requests"
2022-05-05,"Christian Gonzalez",0.75,"Email fixes push","Email issue troubleshoot and research","Miscellaneous","Princeton Alumni Weekly","PAW Misc Requests"
2022-03-29,"Christian Gonzalez",1.5,"Finish setting up new search server and re-indexing content","MAR22: !! Troubleshoot search not working","Miscellaneous","Princeton Alumni Weekly","PAW Misc Requests"
2022-03-28,"Christian Gonzalez",2.0,"Update search modules, set up new search server","MAR22: !! Troubleshoot search not working","Miscellaneous","Princeton Alumni Weekly","PAW Misc Requests"
2022-03-04,"Christian Gonzalez",1.25,"","MAR22: update SSL","Miscellaneous","Princeton Alumni Weekly","PAW Misc Requests"
2022-03-04,"Christian Gonzalez",2.5,"","MAR22: check Acquia updates (4 hours approved)","Miscellaneous","Princeton Alumni Weekly","PAW Misc Requests"
2022-02-16,"Christian Gonzalez",0.75,"Generate CSR","MAR22: update SSL","Miscellaneous","Princeton Alumni Weekly","PAW Misc Requests"
2022-02-14,"Christian Gonzalez",0.5,"Generate CSR","MAR22: update SSL","Miscellaneous","Princeton Alumni Weekly","PAW Misc Requests"
2024-08-30,"Christian Gonzalez",3.25,"mobile QA, troubleshoot backend issues and load more issues","Front-end implementation for theme","Dev","ReflexMD","Content Hub - Design and Dev"
2024-08-28,"Christian Gonzalez",6.0,"Add tailwind classes, custom css and js. Mobile styling","HTML/CSS/JS header and footer","Dev","ReflexMD","Content Hub - Design and Dev"
2024-08-26,"Christian Gonzalez",0.5,"Hide form container if it isn't loaded","Email signup form integration with SendLane","Dev","ReflexMD","Content Hub - Design and Dev"
2024-08-23,"Christian Gonzalez",2.0,"Troubleshoot issues with form","Email signup form integration with SendLane","Dev","ReflexMD","Content Hub - Design and Dev"
2024-08-23,"Christian Gonzalez",2.75,"QA","Front-end implementation for theme","Dev","ReflexMD","Content Hub - Design and Dev"
2024-08-22,"Christian Gonzalez",4.25,"QA","Front-end implementation for theme","Dev","ReflexMD","Content Hub - Design and Dev"
2024-08-21,"Christian Gonzalez",5.75,"General QA styling adjustments","Front-end implementation for theme","Dev","ReflexMD","Content Hub - Design and Dev"
2024-08-20,"Christian Gonzalez",4.5,"Mobile header menu dev and styling, Desktop footer styling","Front-end implementation for theme","Dev","ReflexMD","Content Hub - Design and Dev"
2024-08-19,"Christian Gonzalez",0.75,"Header menu styling","Front-end implementation for theme","Dev","ReflexMD","Content Hub - Design and Dev"
2024-08-13,"Christian Gonzalez",0.75,"Huddle w Adam and Kyle","Meetings & Calls","Misc.","ReflexMD","Content Hub - Design and Dev"
2024-08-08,"Christian Gonzalez",0.5,"Huddle w Adam and Jay","Meetings & Calls","Misc.","ReflexMD","Content Hub - Design and Dev"
2023-03-08,"Christian Gonzalez",0.75,"Go live with happy cog","Go Live","Partner 2: Digital Bias","Rollworks","Buyer Builder"
2023-03-03,"Christian Gonzalez",0.75,"Push Molly","Go Live","Partner 2: Digital Bias","Rollworks","Buyer Builder"
2023-02-24,"Christian Gonzalez",1.0,"Set up happy cog IMAF on stage, styling changes to the start now arrow","API","Partner 5: Happy Cog","Rollworks","Buyer Builder"
2023-02-24,"Christian Gonzalez",0.25,"Add marketo form to env variables","Marketo form","Partner 4: Molly Duggan","Rollworks","Buyer Builder"
2023-02-24,"Christian Gonzalez",0.25,"Add API to env variables","API","Partner 4: Molly Duggan","Rollworks","Buyer Builder"
2023-02-24,"Christian Gonzalez",0.25,"Change logo for a cropped one","Logo","Partner 4: Molly Duggan","Rollworks","Buyer Builder"
2023-02-23,"Christian Gonzalez",0.5,"Push Digital Bias IMAF to prod","Go Live","Partner 2: Digital Bias","Rollworks","Buyer Builder"
2023-02-15,"Christian Gonzalez",2.0,"Set up env example and start Molly Duggan version with the new implementation","React Development","Development","Rollworks","Buyer Builder"
2023-02-13,"Christian Gonzalez",0.75,"Set up new repo with env variables, test env variables with the logo","Logo","Partner 4: Molly Duggan","Rollworks","Buyer Builder"
2023-02-09,"Christian Gonzalez",0.75,"Adjust logo sizes","Logo","Partner 2: Digital Bias","Rollworks","Buyer Builder"
2023-02-08,"Christian Gonzalez",0.5,"Push to stage","Version for testing due","Partner 2: Digital Bias","Rollworks","Buyer Builder"
2023-02-08,"Christian Gonzalez",1.5,"Initial test to env variables","Version for testing due","Partner 2: Digital Bias","Rollworks","Buyer Builder"
2023-02-08,"Christian Gonzalez",0.25,"Digital bias API key","API Key","Partner 2: Digital Bias","Rollworks","Buyer Builder"
2023-02-08,"Christian Gonzalez",0.5,"Add digital bias logo","Logo","Partner 2: Digital Bias","Rollworks","Buyer Builder"
2023-02-08,"Christian Gonzalez",0.5,"","form info","Partner 2: Digital Bias","Rollworks","Buyer Builder"
2023-02-08,"Christian Gonzalez",0.5,"Push mobile marketo form css fix and tooltip changes in prod","Misc","Partner 1: Growth Marketing Firm","Rollworks","Buyer Builder"
2023-02-08,"Christian Gonzalez",0.25,"Push changes to tooltip on stage","Misc","Partner 1: Growth Marketing Firm","Rollworks","Buyer Builder"
2023-02-07,"Christian Gonzalez",0.5,"Implement changes","Version for testing due","Partner 2: Digital Bias","Rollworks","Buyer Builder"
2023-02-06,"Christian Gonzalez",2.5,"Adjust new design to different widths","Version for testing due","Partner 2: Digital Bias","Rollworks","Buyer Builder"
2023-02-02,"Christian Gonzalez",0.75,"Deploy to stage and test","Growth version due for testing","Partner 1: Growth Marketing Firm","Rollworks","Buyer Builder"
2023-02-02,"Christian Gonzalez",1.5,"Troubleshoot and fix issues with the wordpress module","Growth version due for testing","Partner 1: Growth Marketing Firm","Rollworks","Buyer Builder"
2023-02-01,"Christian Gonzalez",0.5,"Partial form changes and test","Form details","Partner 1: Growth Marketing Firm","Rollworks","Buyer Builder"
2023-02-01,"Christian Gonzalez",1.25,"Mobile changes","Figma Link","Partner 1: Growth Marketing Firm","Rollworks","Buyer Builder"
2023-01-31,"Christian Gonzalez",1.0,"Changes to partial form submission","Form details","Partner 1: Growth Marketing Firm","Rollworks","Buyer Builder"
2023-01-31,"Christian Gonzalez",1.5,"new mobile changes","Figma Link","Partner 1: Growth Marketing Firm","Rollworks","Buyer Builder"
2023-01-31,"Christian Gonzalez",0.5,"Switch logos for a higher res","Logos","Partner 1: Growth Marketing Firm","Rollworks","Buyer Builder"
2023-01-31,"Christian Gonzalez",0.75,"Switch logos, try to scale them corectly","Logos","Partner 1: Growth Marketing Firm","Rollworks","Buyer Builder"
2023-01-30,"Christian Gonzalez",0.75,"Changes to wordpress plugin to have the new url","Growth version due for testing","Partner 1: Growth Marketing Firm","Rollworks","Buyer Builder"
2023-01-30,"Christian Gonzalez",0.75,"test port to vite to decrease package size","Growth version due for testing","Partner 1: Growth Marketing Firm","Rollworks","Buyer Builder"
2023-01-30,"Christian Gonzalez",0.75,"Review designs for new partner version, plan changes","Figma Link","Partner 1: Growth Marketing Firm","Rollworks","Buyer Builder"
2023-01-30,"Christian Gonzalez",0.25,"Change API Key","API key","Partner 1: Growth Marketing Firm","Rollworks","Buyer Builder"
2023-01-30,"Christian Gonzalez",0.5,"Change main marketo form and test locally","Form details","Partner 1: Growth Marketing Firm","Rollworks","Buyer Builder"
2023-01-19,"Christian Gonzalez",1.5,"Set up tracking for the menu and test","GTM","Development","Rollworks","Buyer Builder"
2023-01-18,"Christian Gonzalez",0.75,"set up the tracking for the popup","GTM","Development","Rollworks","Buyer Builder"
2023-01-17,"Christian Gonzalez",0.5,"Typo fixes","React Development","Development","Rollworks","Buyer Builder"
2023-01-13,"Christian Gonzalez",2.5,"Troubleshoot bot issue","Testing","Development","Rollworks","Buyer Builder"
2022-12-22,"Christian Gonzalez",1.0,"Deploy, test and unpublish on prod","Testing","Development","Rollworks","Buyer Builder"
2022-12-21,"Christian Gonzalez",2.5,"Bug fixes and minor styling adjustments","Updates/Requested Modifications","Development","Rollworks","Buyer Builder"
2022-12-19,"Christian Gonzalez",7.0,"Fixes for all ""must haves"" remaining and some other ""nice to have"" adjustments","Updates/Requested Modifications","Development","Rollworks","Buyer Builder"
2022-12-16,"Christian Gonzalez",3.0,"Bug fixes on copy/numbers and adjustments on the left form","Updates/Requested Modifications","Development","Rollworks","Buyer Builder"
2022-12-16,"Christian Gonzalez",1.5,"Set up chat bot and google tag","React Development","Development","Rollworks","Buyer Builder"
2022-12-15,"Christian Gonzalez",3.0,"Mobile scroll fix","Updates/Requested Modifications","Development","Rollworks","Buyer Builder"
2022-12-13,"Christian Gonzalez",6.0,"Tooltip, meta info, url and form changes","Updates/Requested Modifications","Development","Rollworks","Buyer Builder"
2022-12-12,"Christian Gonzalez",2.0,"Add and test multiple submission prevention and honeypot","Marketo test","Development","Rollworks","Buyer Builder"
2022-12-12,"Christian Gonzalez",2.5,"Troubleshoot API issues","React Development","Development","Rollworks","Buyer Builder"
2022-12-09,"Christian Gonzalez",8.0,"Mobile styling","React Development","Development","Rollworks","Buyer Builder"
2022-12-07,"Christian Gonzalez",2.0,"Adjust font sizes and margins to match designs","React Development","Development","Rollworks","Buyer Builder"
2022-12-07,"Christian Gonzalez",2.5,"Partial submission and tests","Marketo test","Development","Rollworks","Buyer Builder"
2022-12-06,"Christian Gonzalez",3.0,"Loading message and error, styling changes and tests","React Development","Development","Rollworks","Buyer Builder"
2022-12-05,"Christian Gonzalez",2.75,"Notification changes, styling changes","React Development","Development","Rollworks","Buyer Builder"
2022-12-01,"Christian Gonzalez",2.5,"Try to disable cors on stage","React Development","Development","Rollworks","Buyer Builder"
2022-12-01,"Christian Gonzalez",4.0,"Troubleshoot styling injection and image issues","React Development","Development","Rollworks","Buyer Builder"
2022-11-30,"Christian Gonzalez",4.5,"Build, push to stage","React Development","Development","Rollworks","Buyer Builder"
2022-11-30,"Christian Gonzalez",4.0,"Troubleshoot issue with plugin template","HTML Prototype","Development","Rollworks","Buyer Builder"
2022-11-29,"Christian Gonzalez",6.75,"Setup app to be pushed to stage, styling changes","React Development","Development","Rollworks","Buyer Builder"
2022-11-28,"Christian Gonzalez",6.0,"Marketo js api implementation fixes, tests and styling","React Development","Development","Rollworks","Buyer Builder"
2022-11-25,"Christian Gonzalez",4.0,"Marketo form styling changes","React Development","Development","Rollworks","Buyer Builder"
2022-11-24,"Christian Gonzalez",4.0,"Styling and bug fixes","React Development","Development","Rollworks","Buyer Builder"
2022-11-23,"Christian Gonzalez",4.0,"Keyword intent, form validation","React Development","Development","Rollworks","Buyer Builder"
2022-11-22,"Christian Gonzalez",4.5,"Changes to API, tests and implementation of keyword intent","React Development","Development","Rollworks","Buyer Builder"
2022-11-21,"Christian Gonzalez",4.0,"API fixes, marketo js api test","React Development","Development","Rollworks","Buyer Builder"
2022-11-18,"Christian Gonzalez",3.5,"API integration, marketo changes","React Development","Development","Rollworks","Buyer Builder"
2022-11-17,"Christian Gonzalez",4.0,"Marketo and API tests","React Development","Development","Rollworks","Buyer Builder"
2022-11-17,"Christian Gonzalez",0.5,"internal progress review","Meetings & Phone Calls","Misc.","Rollworks","Buyer Builder"
2022-11-17,"Christian Gonzalez",0.75,"weekly calls","Meetings & Phone Calls","Misc.","Rollworks","Buyer Builder"
2022-11-16,"Christian Gonzalez",4.25,"Marketo form changes and tests","React Development","Development","Rollworks","Buyer Builder"
2022-11-15,"Christian Gonzalez",4.25,"Form data changes","React Development","Development","Rollworks","Buyer Builder"
2022-11-15,"Christian Gonzalez",3.5,"API review and tests","React Development","Development","Rollworks","Buyer Builder"
2022-11-11,"Christian Gonzalez",2.5,"Add test object to fetch results, continue with marketo integration","React Development","Development","Rollworks","Buyer Builder"
2022-11-10,"Christian Gonzalez",2.0,"Marketo form hidden fields","React Development","Development","Rollworks","Buyer Builder"
2022-11-10,"Christian Gonzalez",2.5,"Mobile styling","React Development","Development","Rollworks","Buyer Builder"
2022-11-10,"Christian Gonzalez",2.0,"Adjust form data query to only fire on initial component mount","React Development","Development","Rollworks","Buyer Builder"
2022-11-10,"Christian Gonzalez",0.5,"","Meetings & Phone Calls","Misc.","Rollworks","Buyer Builder"
2022-11-09,"Christian Gonzalez",3.0,"Table scroll and styling","React Development","Development","Rollworks","Buyer Builder"
2022-11-08,"Christian Gonzalez",4.0,"Add icons, refactoring code and mobile styling","React Development","Development","Rollworks","Buyer Builder"
2022-11-07,"Christian Gonzalez",2.75,"Table styling","React Development","Development","Rollworks","Buyer Builder"
2022-11-03,"Christian Gonzalez",5.0,"Overlay component, refactor/optimization of results component","React Development","Development","Rollworks","Buyer Builder"
2022-11-02,"Christian Gonzalez",9.25,"Implementation of react query. Changes to state management. Initial loading/error managing","React Development","Development","Rollworks","Buyer Builder"
2022-11-01,"Christian Gonzalez",3.0,"API implementation changes","React Development","Development","Rollworks","Buyer Builder"
2022-10-27,"Christian Gonzalez",4.5,"Changes in the context provider","React Development","Development","Rollworks","Buyer Builder"
2022-10-26,"Christian Gonzalez",8.0,"Review react query library for API fetching. Styling. State/data flow changes","React Development","Development","Rollworks","Buyer Builder"
2022-10-25,"Christian Gonzalez",3.5,"Simulate form submit, styling fixes","React Development","Development","Rollworks","Buyer Builder"
2022-10-24,"Christian Gonzalez",4.5,"Initial marketo integration. Bottom banner and header components. Simulate marketo submit","React Development","Development","Rollworks","Buyer Builder"
2022-10-20,"Christian Gonzalez",8.0,"Fix to backend data. Layout, results component and context work","React Development","Development","Rollworks","Buyer Builder"
2022-10-19,"Christian Gonzalez",3.5,"Set up initial react components and backend data","React Development","Development","Rollworks","Buyer Builder"
2022-10-18,"Christian Gonzalez",3.0,"Finish work on initial html prototype","HTML Prototype","Development","Rollworks","Buyer Builder"
2022-10-17,"Christian Gonzalez",5.5,"HTML prototype and figma icons exports","HTML Prototype","Development","Rollworks","Buyer Builder"
2022-10-14,"Christian Gonzalez",1.75,"Initial work on the HTML prototype","HTML Prototype","Development","Rollworks","Buyer Builder"
2022-10-13,"Christian Gonzalez",0.75,"Setup","HTML Prototype","Development","Rollworks","Buyer Builder"
2022-10-13,"Christian Gonzalez",1.5,"Weekly meeting and prep","Meetings & Phone Calls","Misc.","Rollworks","Buyer Builder"
2022-10-03,"Christian Gonzalez",1.0,"monday meeting","Meetings & Phone Calls","Misc.","Rollworks","Buyer Builder"
2022-09-13,"Christian Gonzalez",0.25,"Pre call huddle","Meetings & Phone Calls","Misc.","Rollworks","Buyer Builder"
2024-12-05,"Christian Gonzalez",0.75,"Add script","Misc site requests","Retainer Requests","Rollworks","Monthly Retainer"
2024-11-21,"Christian Gonzalez",0.5,"Check if scripts are installed on both WordPress and Uberflip","Misc site requests","Retainer Requests","Rollworks","Monthly Retainer"
2024-11-13,"Christian Gonzalez",0.75,"Add script to uberflip","Misc site requests","Retainer Requests","Rollworks","Monthly Retainer"
2024-09-25,"Christian Gonzalez",0.75,"Look into analytics issue","Misc site requests","Retainer Requests","Rollworks","Monthly Retainer"
2024-09-24,"Christian Gonzalez",0.75,"Content discovery FAQ","Misc site requests","Retainer Requests","Rollworks","Monthly Retainer"
2024-09-18,"Christian Gonzalez",1.0,"News article","Misc site requests","Retainer Requests","Rollworks","Monthly Retainer"
2024-09-18,"Christian Gonzalez",0.75,"Look into adding new field to the schedule a demo form for the tracking","Misc site requests","Retainer Requests","Rollworks","Monthly Retainer"
2024-09-17,"Christian Gonzalez",5.0,"Look into adding new partner tracking script to chatbot or marketo","Misc site requests","Retainer Requests","Rollworks","Monthly Retainer"
2024-09-16,"Christian Gonzalez",2.0,"Initial look of new partner tracking script","Misc site requests","Retainer Requests","Rollworks","Monthly Retainer"
2024-09-05,"Christian Gonzalez",4.5,"Remove drift and add new analytics","Misc site requests","Retainer Requests","Rollworks","Monthly Retainer"
2024-09-04,"Christian Gonzalez",0.5,"Add button to landing page","Contact Data landing page","Retainer Requests","Rollworks","Monthly Retainer"
2024-08-30,"Christian Gonzalez",0.5,"Remove box in new landing page","Misc site requests","Retainer Requests","Rollworks","Monthly Retainer"
2024-08-29,"Christian Gonzalez",3.5,"Landing page dev","Misc site requests","Retainer Requests","Rollworks","Monthly Retainer"
2024-08-28,"Christian Gonzalez",1.25,"Prep work and start landing page styling","Misc site requests","Retainer Requests","Rollworks","Monthly Retainer"
2024-08-27,"Christian Gonzalez",0.5,"Landing page planning","Misc site requests","Retainer Requests","Rollworks","Monthly Retainer"
2024-08-22,"Christian Gonzalez",0.5,"Restore site","Misc site requests","Retainer Requests","Rollworks","Monthly Retainer"
2024-08-21,"Christian Gonzalez",0.25,"Review new landing page design","Misc site requests","Retainer Requests","Rollworks","Monthly Retainer"
2024-08-13,"Christian Gonzalez",0.25,"Whitelist IP","Misc site requests","Retainer Requests","Rollworks","Monthly Retainer"
2024-08-12,"Christian Gonzalez",0.25,"Google site verification","Misc site requests","Retainer Requests","Rollworks","Monthly Retainer"
2024-08-08,"Christian Gonzalez",0.25,"G2 Badges","Misc site requests","Retainer Requests","Rollworks","Monthly Retainer"
2024-08-05,"Christian Gonzalez",1.75,"Site outage review/investigation","Review Site Outages","Retainer Requests","Rollworks","Monthly Retainer"
2024-08-03,"Christian Gonzalez",0.75,"Site outage","Misc site requests","Retainer Requests","Rollworks","Monthly Retainer"
2024-07-31,"Christian Gonzalez",4.75,"Troubleshoot chatbot loading slowly","Misc site requests","Retainer Requests","Rollworks","Monthly Retainer"
2024-07-23,"Christian Gonzalez",0.75,"Fix issue with ABA landing page using staging images","Misc site requests","Retainer Requests","Rollworks","Monthly Retainer"
2024-07-22,"Christian Gonzalez",1.0,"Add extra video to landing page","Misc site requests","Retainer Requests","Rollworks","Monthly Retainer"
2024-07-18,"Christian Gonzalez",2.25,"Redirects. Look into canonical links in Uberflip","Misc site requests","Retainer Requests","Rollworks","Monthly Retainer"
2024-07-03,"Christian Gonzalez",2.0,"Add LinkedIn section to ABA page in staging, then move to prod","Misc site requests","Retainer Requests","Rollworks","Monthly Retainer"
2024-07-03,"Christian Gonzalez",1.5,"Fix staging","Misc site requests","Retainer Requests","Rollworks","Monthly Retainer"
2024-07-03,"Christian Gonzalez",1.25,"Look into limiting post revisions","Misc site requests","Retainer Requests","Rollworks","Monthly Retainer"
2024-06-26,"Christian Gonzalez",3.5,"Restore droplet and backup, troubleshoot issues and remove posts revisions to free memory in server","Troubleshoot/ Account Support","Misc.","Rollworks","Monthly Retainer"
2024-06-25,"Christian Gonzalez",2.0,"Troubleshoot MySQL server issues","Troubleshoot/ Account Support","Misc.","Rollworks","Monthly Retainer"
2024-06-20,"Christian Gonzalez",2.5,"Add slider and final styling changes","Free landing page","Retainer Requests","Rollworks","Monthly Retainer"
2024-06-20,"Christian Gonzalez",4.0,"Create Free landing page without slider","Free landing page","Retainer Requests","Rollworks","Monthly Retainer"
2024-06-13,"Christian Gonzalez",0.5,"Look into ""Free"" landing page designs","Free landing page","Retainer Requests","Rollworks","Monthly Retainer"
2024-06-12,"Christian Gonzalez",1.25,"Change styling on new pricing page copy","Misc site requests","Retainer Requests","Rollworks","Monthly Retainer"
2024-06-11,"Christian Gonzalez",2.25,"Change copy on pricing page, test Marketo form","Misc site requests","Retainer Requests","Rollworks","Monthly Retainer"
2024-06-05,"Christian Gonzalez",0.75,"Add script","Misc site requests","Retainer Requests","Rollworks","Monthly Retainer"
2024-05-27,"Christian Gonzalez",1.0,"LinkedIn mobile fixes","LinkedIn landing page","Retainer Requests","Rollworks","Monthly Retainer"
2024-05-16,"Christian Gonzalez",3.5,"LinkedIn fixes after template change and changes","LinkedIn landing page","Retainer Requests","Rollworks","Monthly Retainer"
2024-05-15,"Christian Gonzalez",1.25,"Research, change meta tags and test","Misc site requests","Retainer Requests","Rollworks","Monthly Retainer"
2024-05-14,"Christian Gonzalez",0.25,"Image change","LinkedIn landing page","Retainer Requests","Rollworks","Monthly Retainer"
2024-05-10,"Christian Gonzalez",1.0,"Apache update in stage and prod","Misc site requests","Retainer Requests","Rollworks","Monthly Retainer"
2024-05-10,"Christian Gonzalez",0.25,"CTA form styling","LinkedIn landing page","Retainer Requests","Rollworks","Monthly Retainer"
2024-05-09,"Christian Gonzalez",4.0,"Form changes in Marketo, css changes","LinkedIn landing page","Retainer Requests","Rollworks","Monthly Retainer"
2024-05-07,"Christian Gonzalez",2.5,"LinkedIn landing page changes","LinkedIn landing page","Retainer Requests","Rollworks","Monthly Retainer"
2024-05-03,"Christian Gonzalez",4.5,"Changes in agency pages, form embed in LinkedIn page and changes in LinkedIn landing page","Misc site requests","Retainer Requests","Rollworks","Monthly Retainer"
2024-05-02,"Christian Gonzalez",0.25,"","! Remove all VWO tracking from site","Retainer Requests","Rollworks","Monthly Retainer"
2024-04-30,"Christian Gonzalez",0.25,"Change images","LinkedIn landing page","Retainer Requests","Rollworks","Monthly Retainer"
2024-04-24,"Christian Gonzalez",4.5,"Font, image and padding adjustments, mobile css","LinkedIn landing page","Retainer Requests","Rollworks","Monthly Retainer"
2024-04-23,"Christian Gonzalez",2.0,"Landing page dev work","LinkedIn landing page","Retainer Requests","Rollworks","Monthly Retainer"
2024-04-22,"Christian Gonzalez",1.75,"Initial dev work on landing page","LinkedIn landing page","Retainer Requests","Rollworks","Monthly Retainer"
2024-04-17,"Christian Gonzalez",0.25,"Add IP to whitelist","Misc site requests","Retainer Requests","Rollworks","Monthly Retainer"
2024-04-15,"Christian Gonzalez",0.75,"Look at the designs to plan landing page build","LinkedIn landing page","Retainer Requests","Rollworks","Monthly Retainer"
2024-04-12,"Christian Gonzalez",3.0,"Restore droplet and backups","Misc site requests","Retainer Requests","Rollworks","Monthly Retainer"
2024-04-11,"Christian Gonzalez",0.5,"Troubleshoot MySQL server issues","Misc site requests","Retainer Requests","Rollworks","Monthly Retainer"
2024-04-05,"Christian Gonzalez",0.5,"URL changes and redirects","Misc site requests","Retainer Requests","Rollworks","Monthly Retainer"
2024-04-04,"Christian Gonzalez",0.5,"Adjust padding in ABM page","New Landing pages (Home, ABA, ABM, pricing)","Retainer Requests","Rollworks","Monthly Retainer"
2024-04-02,"Christian Gonzalez",0.75,"Menu changes in subdomains","New Landing pages (Home, ABA, ABM, pricing)","Retainer Requests","Rollworks","Monthly Retainer"
2024-04-01,"Christian Gonzalez",2.5,"Deployment, misc fixes","New Landing pages (Home, ABA, ABM, pricing)","Retainer Requests","Rollworks","Monthly Retainer"
2024-03-29,"Christian Gonzalez",2.0,"New homepage","New Landing pages (Home, ABA, ABM, pricing)","Retainer Requests","Rollworks","Monthly Retainer"
2024-03-28,"Christian Gonzalez",2.5,"Last minute changes and fixes in ABM, ABA and pricing","New Landing pages (Home, ABA, ABM, pricing)","Retainer Requests","Rollworks","Monthly Retainer"
2024-03-27,"Christian Gonzalez",6.0,"Push landing pages to prod, ABA dev after last minute changes","New Landing pages (Home, ABA, ABM, pricing)","Retainer Requests","Rollworks","Monthly Retainer"
2024-03-25,"Christian Gonzalez",2.25,"Pricing page, ABM changes","New Landing pages (Home, ABA, ABM, pricing)","Retainer Requests","Rollworks","Monthly Retainer"
2024-03-22,"Christian Gonzalez",3.5,"Move ABM to stage, start work on pricing","New Landing pages (Home, ABA, ABM, pricing)","Retainer Requests","Rollworks","Monthly Retainer"
2024-03-18,"Christian Gonzalez",0.75,"","New Landing pages (Home, ABA, ABM, pricing)","Retainer Requests","Rollworks","Monthly Retainer"
2024-03-15,"Christian Gonzalez",1.75,"Start working on ABM","New Landing pages (Home, ABA, ABM, pricing)","Retainer Requests","Rollworks","Monthly Retainer"
2024-03-07,"Christian Gonzalez",2.0,"","FEB24: New Why Choose Page (internal review)","Retainer Requests","Rollworks","Monthly Retainer"
2024-03-06,"Christian Gonzalez",1.5,"","FEB24: New Why Choose Page (internal review)","Retainer Requests","Rollworks","Monthly Retainer"
2024-03-05,"Christian Gonzalez",1.25,"","FEB24: New Why Choose Page (internal review)","Retainer Requests","Rollworks","Monthly Retainer"
2024-03-05,"Christian Gonzalez",0.75,"Look for Facebook Pixel code","Misc site requests","Retainer Requests","Rollworks","Monthly Retainer"
2024-02-28,"Christian Gonzalez",0.25,"Take new backup","Misc site requests","Retainer Requests","Rollworks","Monthly Retainer"
2024-02-19,"Christian Gonzalez",0.75,"New news article","Misc site requests","Retainer Requests","Rollworks","Monthly Retainer"
2024-02-12,"Christian Gonzalez",1.25,"Fix css errors after pushing new landing page","Misc site requests","Retainer Requests","Rollworks","Monthly Retainer"
2024-02-09,"Christian Gonzalez",0.25,"VWO change","Misc site requests","Retainer Requests","Rollworks","Monthly Retainer"
2024-02-09,"Christian Gonzalez",0.25,"","FEB24: New Why Choose Page (internal review)","Retainer Requests","Rollworks","Monthly Retainer"
2024-02-08,"Christian Gonzalez",6.0,"","FEB24: New Why Choose Page (internal review)","Retainer Requests","Rollworks","Monthly Retainer"
2024-02-07,"Christian Gonzalez",5.0,"","FEB24: New Why Choose Page (internal review)","Retainer Requests","Rollworks","Monthly Retainer"
2024-02-06,"Christian Gonzalez",3.5,"","FEB24: New Why Choose Page (internal review)","Retainer Requests","Rollworks","Monthly Retainer"
2024-02-05,"Christian Gonzalez",1.25,"","FEB24: New Why Choose Page (internal review)","Retainer Requests","Rollworks","Monthly Retainer"
2024-01-30,"Christian Gonzalez",1.0,"Spreadsheet fixes, add redirects","Misc site requests","Retainer Requests","Rollworks","Monthly Retainer"
2024-01-26,"Christian Gonzalez",0.5,"Change menu items to https","Misc site requests","Retainer Requests","Rollworks","Monthly Retainer"
2024-01-19,"Christian Gonzalez",0.25,"Provide GTM code","Misc site requests","Retainer Requests","Rollworks","Monthly Retainer"
2024-01-18,"Christian Gonzalez",0.5,"Add tracking for banner clicks","Misc site requests","Retainer Requests","Rollworks","Monthly Retainer"
2024-01-03,"Christian Gonzalez",0.25,"Look into IP issues","Misc site requests","Retainer Requests","Rollworks","Monthly Retainer"
2023-12-19,"Christian Gonzalez",3.25,"Push new block to homepage, create new block","New homepage block","Retainer Requests","Rollworks","Monthly Retainer"
2023-12-07,"Christian Gonzalez",0.5,"Add menu item","Misc site requests","Retainer Requests","Rollworks","Monthly Retainer"
2023-11-30,"Christian Gonzalez",1.25,"Add newsroom cards","Misc site requests","Retainer Requests","Rollworks","Monthly Retainer"
2023-11-17,"Christian Gonzalez",2.25,"Create new homepage section","Misc site requests","Retainer Requests","Rollworks","Monthly Retainer"
2023-11-16,"Christian Gonzalez",0.25,"Change links","Misc site requests","Retainer Requests","Rollworks","Monthly Retainer"
2023-11-15,"Christian Gonzalez",1.0,"Restore backup in restore droplet to compare CPU usage","!! Site Outage","Misc.","Rollworks","Monthly Retainer"
2023-11-13,"Christian Gonzalez",0.75,"Look into DO alerts","!! Site Outage","Misc.","Rollworks","Monthly Retainer"
2023-11-09,"Christian Gonzalez",1.25,"Look into backups alternatives","!! Site Outage","Misc.","Rollworks","Monthly Retainer"
2023-11-09,"Christian Gonzalez",2.5,"Create missing pages, add missing css and menu items","!! Site Outage","Misc.","Rollworks","Monthly Retainer"
2023-11-08,"Christian Gonzalez",10.5,"","!! Site Outage","Misc.","Rollworks","Monthly Retainer"
2023-11-07,"Christian Gonzalez",0.5,"why ABM button changes [for deleted to-do: ""Why ABM updates""]",,,"Rollworks","Monthly Retainer"
2023-11-02,"Christian Gonzalez",4.5,"Pagespeed optimization, look into WP Optimize settings to fix CLS and slow load [for deleted to-do: ""Pagespeed/SEO""]",,,"Rollworks","Monthly Retainer"
2023-11-01,"Christian Gonzalez",2.5,"Fix stacking on load","New homepage block","Retainer Requests","Rollworks","Monthly Retainer"
2023-10-25,"Christian Gonzalez",1.25,"Troubleshoot loading issues in homepage [for deleted to-do: ""Pagespeed/SEO""]",,,"Rollworks","Monthly Retainer"
2023-10-24,"Christian Gonzalez",1.75,"Fix issue with page flickering once on load [for deleted to-do: ""Pagespeed/SEO""]",,,"Rollworks","Monthly Retainer"
2023-10-23,"Christian Gonzalez",1.5,"Troubleshoot issues with WP Meteor [for deleted to-do: ""Pagespeed/SEO""]",,,"Rollworks","Monthly Retainer"
2023-10-23,"Christian Gonzalez",1.0,"Publish new page","New homepage block","Retainer Requests","Rollworks","Monthly Retainer"
2023-10-20,"Christian Gonzalez",0.25,"Test why ABM change in staging [for deleted to-do: ""Why ABM updates""]",,,"Rollworks","Monthly Retainer"
2023-10-19,"Christian Gonzalez",0.5,"Test WP Meteor in stage, then push to prod [for deleted to-do: ""Pagespeed/SEO""]",,,"Rollworks","Monthly Retainer"
2023-10-18,"Christian Gonzalez",0.25,"Adjustments to why ABM page [for deleted to-do: ""Why ABM updates""]",,,"Rollworks","Monthly Retainer"
2023-10-17,"Christian Gonzalez",1.0,"Updates to ratings and reviews page and push to prod [for deleted to-do: ""New page Testimonials""]",,,"Rollworks","Monthly Retainer"
2023-10-13,"Christian Gonzalez",1.25,"Updates to ratings and reviews page [for deleted to-do: ""New page Testimonials""]",,,"Rollworks","Monthly Retainer"
2023-10-12,"Christian Gonzalez",2.5,"New ratings and reviews page [for deleted to-do: ""New page Testimonials""]",,,"Rollworks","Monthly Retainer"
2023-10-05,"Christian Gonzalez",0.5,"Styling updates [for deleted to-do: ""Why ABM updates""]",,,"Rollworks","Monthly Retainer"
2023-10-04,"Christian Gonzalez",2.5,"New page/shortcode for testimonials [for deleted to-do: ""New page Testimonials""]",,,"Rollworks","Monthly Retainer"
2023-09-20,"Christian Gonzalez",1.75,"Create new block and move unused block down the homepage","! on Dev (new homepage hero blocks) the 2 small blocks","Retainer Requests","Rollworks","Monthly Retainer"
2023-09-19,"Christian Gonzalez",0.75,"Fix stage","Troubleshoot/ Account Support","Misc.","Rollworks","Monthly Retainer"
2023-09-14,"Christian Gonzalez",1.25,"Look into wrong analytics traffic","Troubleshoot/ Account Support","Misc.","Rollworks","Monthly Retainer"
2023-09-13,"Christian Gonzalez",1.75,"Changes to new homepage block","! on Dev (new homepage hero blocks), update the bottom color block section to be an actual Button","Retainer Requests","Rollworks","Monthly Retainer"
2023-09-12,"Christian Gonzalez",2.25,"Research and block regional spam","Troubleshoot/ Account Support","Misc.","Rollworks","Monthly Retainer"
2023-09-07,"Christian Gonzalez",1.5,"ActNow tracking and unblock IP","Troubleshoot/ Account Support","Misc.","Rollworks","Monthly Retainer"
2023-09-05,"Christian Gonzalez",1.0,"Set up WP Meteor and compare pagespeed results","Monthly Technical / Performance optimizations","Retainer Requests","Rollworks","Monthly Retainer"
2023-09-05,"Christian Gonzalez",0.25,"Add buttons to test page on stage","! on Dev (new homepage hero blocks), update the bottom color block section to be an actual Button","Retainer Requests","Rollworks","Monthly Retainer"
2023-08-25,"Christian Gonzalez",0.75,"Look into 404 errors","Misc site requests","Retainer Requests","Rollworks","Monthly Retainer"
2023-08-23,"Christian Gonzalez",0.75,"Background and font adjustments/push to prod","New homepage block","Retainer Requests","Rollworks","Monthly Retainer"
2023-08-22,"Christian Gonzalez",2.25,"Add new widget with different layout","New homepage block","Retainer Requests","Rollworks","Monthly Retainer"
2023-08-21,"Christian Gonzalez",0.25,"Unblock IP","Misc site requests","Retainer Requests","Rollworks","Monthly Retainer"
2023-08-18,"Christian Gonzalez",0.25,"Unblock IP","Misc site requests","Retainer Requests","Rollworks","Monthly Retainer"
2023-08-18,"Christian Gonzalez",0.5,"Fix video being still in view after submitting in IMAF","Misc site requests","Retainer Requests","Rollworks","Monthly Retainer"
2023-08-17,"Christian Gonzalez",0.25,"Reduce H1 font size","New homepage block","Retainer Requests","Rollworks","Monthly Retainer"
2023-08-16,"Christian Gonzalez",1.5,"Add new options for background and font colors","New homepage block","Retainer Requests","Rollworks","Monthly Retainer"
2023-08-16,"Christian Gonzalez",0.25,"Add google verification code to header","Misc site requests","Retainer Requests","Rollworks","Monthly Retainer"
2023-08-15,"Christian Gonzalez",1.5,"Look into IP blocks","! Fix Site Errors","Retainer Requests","Rollworks","Monthly Retainer"
2023-08-14,"Christian Gonzalez",0.25,"Look into speed issue","! Fix Site Errors","Retainer Requests","Rollworks","Monthly Retainer"
2023-08-10,"Christian Gonzalez",0.25,"Push new block to prod","New homepage block","Retainer Requests","Rollworks","Monthly Retainer"
2023-08-09,"Christian Gonzalez",2.0,"New block styling and tests","New homepage block","Retainer Requests","Rollworks","Monthly Retainer"
2023-08-08,"Christian Gonzalez",0.75,"Add video to IMAF and push to stage","Misc site requests","Retainer Requests","Rollworks","Monthly Retainer"
2023-08-08,"Christian Gonzalez",1.25,"Create new fields and test with the new template","New homepage block","Retainer Requests","Rollworks","Monthly Retainer"
2023-08-02,"Christian Gonzalez",0.25,"Create new template for the block","New homepage block","Retainer Requests","Rollworks","Monthly Retainer"
2023-07-17,"Christian Gonzalez",0.5,"Set height and width of images on stage","! Fix Site Errors","Retainer Requests","Rollworks","Monthly Retainer"
2023-07-14,"Christian Gonzalez",1.5,"Troubleshoot issues with hero animation for pagespeed","! Fix Site Errors","Retainer Requests","Rollworks","Monthly Retainer"
2023-07-13,"Christian Gonzalez",1.5,"Pagespeed fixes","! Fix Site Errors","Retainer Requests","Rollworks","Monthly Retainer"
2023-07-13,"Christian Gonzalez",2.5,"Troubleshoot help subdomain","Troubleshoot/ Account Support","Misc.","Rollworks","Monthly Retainer"
2023-07-12,"Christian Gonzalez",1.25,"Pagespeed fixes","! Fix Site Errors","Retainer Requests","Rollworks","Monthly Retainer"
2023-07-12,"Christian Gonzalez",2.0,"Troubleshoot issue with help site canonical link","Research","Misc.","Rollworks","Monthly Retainer"
2023-07-12,"Christian Gonzalez",0.5,"Access to help subdomain","Troubleshoot/ Account Support","Misc.","Rollworks","Monthly Retainer"
2023-07-11,"Christian Gonzalez",2.75,"Initial pagespeed updates","! Fix Site Errors","Retainer Requests","Rollworks","Monthly Retainer"
2023-07-11,"Christian Gonzalez",0.25,"Look into pagespeed report and plan updates","! Fix Site Errors","Retainer Requests","Rollworks","Monthly Retainer"
2023-07-10,"Christian Gonzalez",0.75,"Pagespeed tests","! Fix Site Errors","Retainer Requests","Rollworks","Monthly Retainer"
2023-07-07,"Christian Gonzalez",3.5,"Pagespeed tests and improvemetns","! Fix Site Errors","Retainer Requests","Rollworks","Monthly Retainer"
2023-07-06,"Christian Gonzalez",2.25,"Add nofollow and look into unused plugins","! Fix Site Errors","Retainer Requests","Rollworks","Monthly Retainer"
2023-06-30,"Christian Gonzalez",0.5,"Fix missing href in header, add styling so it isn't clickable","! Fix Site Errors","Retainer Requests","Rollworks","Monthly Retainer"
2023-06-29,"Christian Gonzalez",3.5,"Look into SEO errors, fix http/https canonical or redirect and some other issues","! Fix Site Errors","Retainer Requests","Rollworks","Monthly Retainer"
2023-06-29,"Christian Gonzalez",0.75,"Add VWO code in GTM","Misc site requests","Retainer Requests","Rollworks","Monthly Retainer"
2023-06-16,"Christian Gonzalez",0.5,"Push form to prod","Misc site requests","Retainer Requests","Rollworks","Monthly Retainer"
2023-06-15,"Christian Gonzalez",1.5,"Update plugins, fix elementor issue and add press release","Misc site requests","Retainer Requests","Rollworks","Monthly Retainer"
2023-06-14,"Christian Gonzalez",0.25,"disable users API","Misc site requests","Retainer Requests","Rollworks","Monthly Retainer"
2023-06-08,"Christian Gonzalez",1.0,"Look into how to change the form validation","Edit form validation","Retainer Requests","Rollworks","Monthly Retainer"
2023-06-06,"Christian Gonzalez",0.25,"Change marketo signup form to 2 columns in desktop","Misc site requests","Retainer Requests","Rollworks","Monthly Retainer"
2023-06-05,"Christian Gonzalez",1.75,"Marketo signup form","Misc site requests","Retainer Requests","Rollworks","Monthly Retainer"
2023-06-02,"Christian Gonzalez",0.5,"Adjust scroll section margins","Misc site requests","Retainer Requests","Rollworks","Monthly Retainer"
2023-06-01,"Christian Gonzalez",0.25,"Adjust margins on desktop scroll block","Troubleshoot/ Account Support","Misc.","Rollworks","Monthly Retainer"
2023-05-30,"Christian Gonzalez",1.75,"Remove animations and change scroll block template","Troubleshoot/ Account Support","Misc.","Rollworks","Monthly Retainer"
2023-05-05,"Christian Gonzalez",1.25,"SLA Test and update wordpress core and apache","Misc site requests","Retainer Requests","Rollworks","Monthly Retainer"
2023-05-01,"Christian Gonzalez",0.5,"Changes on prod","Pricing grid updates","Retainer Requests","Rollworks","Monthly Retainer"
2023-04-25,"Christian Gonzalez",0.75,"Updates on stage","Pricing grid updates","Retainer Requests","Rollworks","Monthly Retainer"
2023-04-24,"Christian Gonzalez",3.0,"Test changes to help with page speed","Look at site speed (reporting it being incredibly slow)","Retainer Requests","Rollworks","Monthly Retainer"
2023-04-21,"Christian Gonzalez",1.5,"Look into apache updates","Misc site requests","Retainer Requests","Rollworks","Monthly Retainer"
2023-04-20,"Christian Gonzalez",1.75,"Look into speedtest results and plan possible changes","Look at site speed (reporting it being incredibly slow)","Retainer Requests","Rollworks","Monthly Retainer"
2023-04-20,"Christian Gonzalez",0.75,"Contact form styling change","Misc site requests","Retainer Requests","Rollworks","Monthly Retainer"
2023-04-18,"Christian Gonzalez",1.25,"Tests","Homepage Video solutions","Retainer Requests","Rollworks","Monthly Retainer"
2023-04-12,"Christian Gonzalez",0.5,"Set up webinar banner","Webinar banner change","Retainer Requests","Rollworks","Monthly Retainer"
2023-04-11,"Christian Gonzalez",2.75,"Test template and custom fields changes in stage","Pricing grid updates","Retainer Requests","Rollworks","Monthly Retainer"
2023-04-05,"Christian Gonzalez",0.25,"Remove logo","remove aircall logo from site","Retainer Requests","Rollworks","Monthly Retainer"
2023-04-04,"Christian Gonzalez",0.75,"Back up and update elementor","Misc site requests","Retainer Requests","Rollworks","Monthly Retainer"
2023-04-04,"Christian Gonzalez",0.75,"Top banner on stage, tests and deploy to prod","Misc site requests","Retainer Requests","Rollworks","Monthly Retainer"
2023-03-28,"Christian Gonzalez",2.25,"New about timeline template changes and styling. Push to prod","Misc site requests","Retainer Requests","Rollworks","Monthly Retainer"
2023-03-27,"Christian Gonzalez",1.25,"Look into how the about timeline is set up and increase the number of years to 8","Misc site requests","Retainer Requests","Rollworks","Monthly Retainer"
2023-03-09,"Christian Gonzalez",0.5,"Add optimize script in gtm","Misc site requests","Retainer Requests","Rollworks","Monthly Retainer"
2023-03-08,"Christian Gonzalez",0.5,"Uberflip redirects","Misc site requests","Retainer Requests","Rollworks","Monthly Retainer"
2023-03-07,"Christian Gonzalez",0.5,"review hreflang info","Research","Misc.","Rollworks","Monthly Retainer"
2023-03-06,"Christian Gonzalez",1.25,"Troubleshoot partnerfleet form issue","Misc site requests","Retainer Requests","Rollworks","Monthly Retainer"
2023-03-03,"Christian Gonzalez",2.25,"Troubleshoot issues with partnerfleet captcha and google tag manager","! Fix Site Errors","Retainer Requests","Rollworks","Monthly Retainer"
2023-02-22,"Christian Gonzalez",0.25,"Remove popup","Misc site requests","Retainer Requests","Rollworks","Monthly Retainer"
2023-02-17,"Christian Gonzalez",0.5,"Fix sticky header for pricing table","Misc site requests","Retainer Requests","Rollworks","Monthly Retainer"
2023-02-16,"Christian Gonzalez",0.75,"Remove first column on pricing table on stage","Misc site requests","Retainer Requests","Rollworks","Monthly Retainer"
2023-02-14,"Christian Gonzalez",0.5,"Test badges on stage and change badges on prod","!! G2 BAdges on Homepages","Retainer Requests","Rollworks","Monthly Retainer"
2023-01-31,"Christian Gonzalez",0.75,"Troubleshoot newsroom issues","Misc site requests","Retainer Requests","Rollworks","Monthly Retainer"
2023-01-31,"Christian Gonzalez",0.5,"Add news card","Misc site requests","Retainer Requests","Rollworks","Monthly Retainer"
2023-01-20,"Christian Gonzalez",2.25,"Test local import and headless REST API setup","Research","Misc.","Rollworks","Monthly Retainer"
2023-01-16,"Christian Gonzalez",2.5,"Look into possible site speed solutions","Look at site speed (reporting it being incredibly slow)","Retainer Requests","Rollworks","Monthly Retainer"
2023-01-10,"Christian Gonzalez",0.75,"Migration estimate","Research","Misc.","Rollworks","Monthly Retainer"
2022-11-30,"Christian Gonzalez",0.25,"Install elementor pro","Misc site requests","Retainer Requests","Rollworks","Monthly Retainer"
2022-11-22,"Christian Gonzalez",1.0,"Backup prod and update plugins","NOV: Create newsletter popup signup","Retainer Requests","Rollworks","Monthly Retainer"
2022-11-11,"Christian Gonzalez",0.25,"Partners menu help","Misc site requests","Retainer Requests","Rollworks","Monthly Retainer"
2022-10-27,"Christian Gonzalez",0.75,"Oct 27 news card","Misc site requests","Retainer Requests","Rollworks","Monthly Retainer"
2022-10-17,"Christian Gonzalez",0.25,"","!Oct22: AccountInsights PR Post","Retainer Requests","Rollworks","Monthly Retainer"
2022-10-13,"Christian Gonzalez",0.25,"Fix one of the older cards that was missing the white background","Fix Press Release card page","Retainer Requests","Rollworks","Monthly Retainer"
2022-10-06,"Christian Gonzalez",0.5,"Press Release","Misc site requests","Retainer Requests","Rollworks","Monthly Retainer"
2022-09-22,"Christian Gonzalez",0.75,"","Add Press Release: G2’s Fall Grid Report 9.22","Retainer Requests","Rollworks","Monthly Retainer"
2022-08-30,"Christian Gonzalez",0.25,"Adjust permissions on prod","AUG2: ABM Play Generator Set up Stage second WP install, subdirectory","Retainer Requests","Rollworks","Monthly Retainer"
2022-08-26,"Christian Gonzalez",0.5,"Set up subdirectory on prod","AUG2: ABM Play Generator Set up Stage second WP install, subdirectory","Retainer Requests","Rollworks","Monthly Retainer"
2022-08-25,"Christian Gonzalez",0.5,"Fix permissions on stage","AUG2: ABM Play Generator Set up Stage second WP install, subdirectory","Retainer Requests","Rollworks","Monthly Retainer"
2022-08-22,"Christian Gonzalez",2.0,"Set up new subdirectory and SFTP access","AUG2: ABM Play Generator Set up Stage second WP install, subdirectory","Retainer Requests","Rollworks","Monthly Retainer"
2022-08-22,"Christian Gonzalez",0.75,"Set up new repo for updates","Set up Repo","Retainer Requests","Rollworks","Monthly Retainer"
2022-08-19,"Christian Gonzalez",1.5,"Clone prod to stage","AUG2: ABM Play Generator Set up Stage second WP install, subdirectory","Retainer Requests","Rollworks","Monthly Retainer"
2022-08-19,"Christian Gonzalez",2.5,"Research setting up extra SFTP users without SSH access in digitalocean","AUG2: ABM Play Generator Set up Stage second WP install, subdirectory","Retainer Requests","Rollworks","Monthly Retainer"
2022-08-18,"Christian Gonzalez",0.5,"call about abm play generator","Meetings & Phone Calls","Misc.","Rollworks","Monthly Retainer"
2022-08-11,"Christian Gonzalez",0.5,"Fix mobile solutions menu","!! 4. New Solutions Section","Retainer Requests","Rollworks","Monthly Retainer"
2022-08-09,"Christian Gonzalez",3.25,"Import and publish solution section","!! 4. New Solutions Section","Retainer Requests","Rollworks","Monthly Retainer"
2022-08-05,"Christian Gonzalez",2.0,"Solutions pages and menu changes","!! 4. New Solutions Section","Retainer Requests","Rollworks","Monthly Retainer"
2022-08-04,"Christian Gonzalez",2.25,"Solutions menu changes","!! 4. New Solutions Section","Retainer Requests","Rollworks","Monthly Retainer"
2022-08-02,"Christian Gonzalez",1.25,"Import all solutions pages to stage","!! 4. New Solutions Section","Retainer Requests","Rollworks","Monthly Retainer"
2022-07-21,"Christian Gonzalez",0.5,"Set up empty solutions page and redirect","!! 4. New Solutions Section","Retainer Requests","Rollworks","Monthly Retainer"
2022-07-19,"Christian Gonzalez",2.0,"Set up top help center tracking and changes to linked in follow tracking","GTM testing","Retainer Requests","Rollworks","Monthly Retainer"
2022-07-13,"Christian Gonzalez",1.5,"Test and fix tracking","GTM testing","Retainer Requests","Rollworks","Monthly Retainer"
2022-07-12,"Christian Gonzalez",1.5,"Set up linked in follow tracking","look into linked in auto follow","Retainer Requests","Rollworks","Monthly Retainer"
2022-07-11,"Christian Gonzalez",2.0,"Solutions menu","!! 4. New Solutions Section","Retainer Requests","Rollworks","Monthly Retainer"
2022-07-11,"Christian Gonzalez",1.5,"LinkedIn follow analytics research","GTM testing","Retainer Requests","Rollworks","Monthly Retainer"
2022-07-08,"Christian Gonzalez",1.0,"Set up and test LinkedIn follow button on stage","look into linked in auto follow","Retainer Requests","Rollworks","Monthly Retainer"
2022-07-07,"Christian Gonzalez",0.75,"Set up and push new header to prod","3. Updates to navigation, move login, demo and search to tertiary nav to allow more room in main nav","Retainer Requests","Rollworks","Monthly Retainer"
2022-07-06,"Christian Gonzalez",0.25,"Troubleshoot login issues related to security settings","!! Updates to Rollwors security settings","Retainer Requests","Rollworks","Monthly Retainer"
2022-07-05,"Christian Gonzalez",0.75,"","!! Updates to Rollwors security settings","Retainer Requests","Rollworks","Monthly Retainer"
2022-07-01,"Christian Gonzalez",1.5,"Set up search trigger","5. Implementation of site-wide search","Retainer Requests","Rollworks","Monthly Retainer"
2022-06-29,"Christian Gonzalez",0.75,"","!! Updates to Rollwors security settings","Retainer Requests","Rollworks","Monthly Retainer"
2022-06-28,"Christian Gonzalez",0.25,"","Sales Insights Hubspot PR","Retainer Requests","Rollworks","Monthly Retainer"
2022-06-23,"Christian Gonzalez",0.5,"Fix cached logo","3. Updates to navigation, move login, demo and search to tertiary nav to allow more room in main nav","Retainer Requests","Rollworks","Monthly Retainer"
2022-06-23,"Christian Gonzalez",0.75,"","Monthly Technical / Performance optimizations","Retainer Requests","Rollworks","Monthly Retainer"
2022-06-22,"Christian Gonzalez",0.75,"","Add pw protect to staging","Retainer Requests","Rollworks","Monthly Retainer"
2022-06-22,"Christian Gonzalez",0.75,"","Add 18 Additional Awards PR, update News page share logo, change blank box links","Retainer Requests","Rollworks","Monthly Retainer"
2022-06-21,"Christian Gonzalez",1.5,"Changes to logo and links location based on the feedback","3. Updates to navigation, move login, demo and search to tertiary nav to allow more room in main nav","Retainer Requests","Rollworks","Monthly Retainer"
2022-06-17,"Christian Gonzalez",0.25,"","Add script to form page","Retainer Requests","Rollworks","Monthly Retainer"
2022-06-17,"Christian Gonzalez",1.25,"Trying to find and replace the css blocking some of the changes","3. Updates to navigation, move login, demo and search to tertiary nav to allow more room in main nav","Retainer Requests","Rollworks","Monthly Retainer"
2022-06-16,"Christian Gonzalez",0.25,"","Add 18 Additional Awards PR, update News page share logo, change blank box links","Retainer Requests","Rollworks","Monthly Retainer"
2022-06-16,"Christian Gonzalez",2.0,"Finish search page and mega menu styling adjustments","3. Updates to navigation, move login, demo and search to tertiary nav to allow more room in main nav","Retainer Requests","Rollworks","Monthly Retainer"
2022-06-15,"Christian Gonzalez",3.0,"Search page and troubleshoot cache issues","3. Updates to navigation, move login, demo and search to tertiary nav to allow more room in main nav","Retainer Requests","Rollworks","Monthly Retainer"
2022-06-14,"Christian Gonzalez",2.75,"fix existing z-index issues and tablet viewpoint","3. Updates to navigation, move login, demo and search to tertiary nav to allow more room in main nav","Retainer Requests","Rollworks","Monthly Retainer"
2022-06-09,"Christian Gonzalez",0.75,"Final desktop nav changes","3. Updates to navigation, move login, demo and search to tertiary nav to allow more room in main nav","Retainer Requests","Rollworks","Monthly Retainer"
2022-06-08,"Christian Gonzalez",2.5,"Nav changes","3. Updates to navigation, move login, demo and search to tertiary nav to allow more room in main nav","Retainer Requests","Rollworks","Monthly Retainer"
2022-06-08,"Christian Gonzalez",2.5,"Troubleshoot staging site and redirect issues","1. Figure out syncing between staging and production","Retainer Requests","Rollworks","Monthly Retainer"
2022-06-07,"Christian Gonzalez",1.5,"css override tests","3. Updates to navigation, move login, demo and search to tertiary nav to allow more room in main nav","Retainer Requests","Rollworks","Monthly Retainer"
2022-06-06,"Christian Gonzalez",2.75,"Initial nav changes and tests","3. Updates to navigation, move login, demo and search to tertiary nav to allow more room in main nav","Retainer Requests","Rollworks","Monthly Retainer"
2022-06-03,"Christian Gonzalez",5.0,"Set up and update staging droplet","1. Figure out syncing between staging and production","Retainer Requests","Rollworks","Monthly Retainer"
2022-05-31,"Christian Gonzalez",4.0,"Looking how staging is set up and DigitalOcean research","1. Figure out syncing between staging and production","Retainer Requests","Rollworks","Monthly Retainer"
2022-06-01,"Christian Gonzalez",0.5,"final review w/ Adam","Export Products (ACF tables)","Misc.","Safewaze","Retainer"
2022-05-31,"Christian Gonzalez",0.75,"add class name to repeater cell","Export Products (ACF tables)","Misc.","Safewaze","Retainer"
2022-05-27,"Christian Gonzalez",1.25,"updates for repeater specs","Export Products (ACF tables)","Misc.","Safewaze","Retainer"
2022-05-25,"Christian Gonzalez",0.75,"Updates and testing for spec repeaters","Export Products (ACF tables)","Misc.","Safewaze","Retainer"
2022-05-24,"Christian Gonzalez",1.0,"updates and checks for variation specs","Export Products (ACF tables)","Misc.","Safewaze","Retainer"
2022-05-19,"Christian Gonzalez",0.5,"more adjustments and testing for variations","Export Products (ACF tables)","Misc.","Safewaze","Retainer"
2022-05-18,"Christian Gonzalez",1.5,"more adjustments and testing","Export Products (ACF tables)","Misc.","Safewaze","Retainer"
2022-05-17,"Christian Gonzalez",0.25,"meet w/ Adam to review notes and discuss next steps for export","Export Products (ACF tables)","Misc.","Safewaze","Retainer"
2022-05-13,"Christian Gonzalez",1.75,"feedback from Adam and Jill, troubleshoot exporting of variations, missing categories","Export Products (ACF tables)","Misc.","Safewaze","Retainer"
2022-05-12,"Christian Gonzalez",0.25,"review feedback w/ Adam","Export Products (ACF tables)","Misc.","Safewaze","Retainer"
2022-05-05,"Christian Gonzalez",1.25,"refine and clean up scripts, run more test exports","Export Products (ACF tables)","Misc.","Safewaze","Retainer"
2022-04-29,"Christian Gonzalez",3.25,"research, write script for features and specs, test exports and adjust script for output","Export Products (ACF tables)","Misc.","Safewaze","Retainer"
2022-04-18,"Christian Gonzalez",0.5,"","Post-Launch QA","Post-launch","Safewaze","Retainer"
2022-04-11,"Christian Gonzalez",2.5,"Texturize fix for the spacing issue on news","Trello","Misc.","Safewaze","Retainer"
2022-03-30,"Christian Gonzalez",0.25,"Add classes to engineering page for navigation","Trello","Misc.","Safewaze","Retainer"
2022-03-29,"Christian Gonzalez",0.75,"Fix menu scrolling issue","Trello","Misc.","Safewaze","Retainer"
2022-03-25,"Christian Gonzalez",1.25,"Troubleshoot menu scrolling issue","Trello","Misc.","Safewaze","Retainer"
2022-03-23,"Christian Gonzalez",3.25,"Troubleshoot and fix issues with mobile menu","Trello","Misc.","Safewaze","Retainer"
2022-03-22,"Christian Gonzalez",1.5,"Troubleshoot issues with the mobile menu","Trello","Misc.","Safewaze","Retainer"
2022-03-18,"Christian Gonzalez",0.5,"Products landing page","Mobile - Dev issues","Dev","Safewaze","Retainer"
2022-03-18,"Christian Gonzalez",0.5,"Make image clickable","Implement design updates to homepage product matrix grid","Dev","Safewaze","Retainer"
2022-03-18,"Christian Gonzalez",1.5,"Fix mobile menu and submenu gaps","Mobile - Dev issues","Dev","Safewaze","Retainer"
2022-03-17,"Christian Gonzalez",1.5,"","Mobile - Dev issues","Dev","Safewaze","Retainer"
2022-03-17,"Christian Gonzalez",3.0,"Implement new design for the matrix","Implement design updates to homepage product matrix grid","Dev","Safewaze","Retainer"
2022-03-16,"Christian Gonzalez",1.5,"","Redesign Why Safewaze on the homepage","Dev","Safewaze","Retainer"
2022-03-14,"Christian Gonzalez",0.5,"Team section mobile fix","Mobile - Dev issues","Dev","Safewaze","Retainer"
2022-03-08,"Christian Gonzalez",1.25,"","Mobile - Dev issues","Dev","Safewaze","Retainer"
2022-03-07,"Christian Gonzalez",2.75,"","Implement design updates to homepage product matrix grid","Dev","Safewaze","Retainer"
2022-03-03,"Christian Gonzalez",2.5,"","Mobile - Dev issues","Dev","Safewaze","Retainer"
2022-03-03,"Christian Gonzalez",3.75,"","Mobile - Dev issues","Dev","Safewaze","Retainer"
2022-02-24,"Christian Gonzalez",1.5,"Fix video issue","Dev - Sprint 4","Misc.","Safewaze","Website UX/Design/Implementation"
2022-02-23,"Christian Gonzalez",0.5,"Review Trello with Adam / Kyle","Dev - Sprint 4","Misc.","Safewaze","Website UX/Design/Implementation"
2022-02-23,"Christian Gonzalez",2.0,"Fix news breadcrumbs and megamenu hover issue","Dev - Sprint 4","Misc.","Safewaze","Website UX/Design/Implementation"
2022-02-10,"Christian Gonzalez",0.75,"Fix secondary navigation on company page","Dev - Sprint 3","Misc.","Safewaze","Website UX/Design/Implementation"
2022-02-10,"Christian Gonzalez",2.5,"Troubleshoot and fix sidebar menus and anchors","Dev - Sprint 3","Misc.","Safewaze","Website UX/Design/Implementation"
2022-02-03,"Christian Gonzalez",1.75,"Header fixes","Dev - Sprint 3","Misc.","Safewaze","Website UX/Design/Implementation"
2022-02-01,"Christian Gonzalez",1.0,"Center product page banner","Dev - Sprint 2","Misc.","Safewaze","Website UX/Design/Implementation"
2022-01-31,"Christian Gonzalez",0.25,"Update product page css and footer menu","Dev - Sprint 2","Misc.","Safewaze","Website UX/Design/Implementation"
2022-01-28,"Christian Gonzalez",1.5,"Product page image thumbnails","Dev - Sprint 2","Misc.","Safewaze","Website UX/Design/Implementation"
2022-01-28,"Christian Gonzalez",2.0,"Product page banner","Dev - Sprint 2","Misc.","Safewaze","Website UX/Design/Implementation"
2022-01-24,"Christian Gonzalez",1.75,"Troubleshoot missing images","Dev - Sprint 2","Misc.","Safewaze","Website UX/Design/Implementation"
2022-01-18,"Christian Gonzalez",0.5,"Tech Library SKU fix","Dev - Sprint 1","Misc.","Safewaze","Website UX/Design/Implementation"
2022-01-14,"Christian Gonzalez",1.0,"","Search Results page clean up","Dev","Safewaze","Website UX/Design/Implementation"
2022-01-13,"Christian Gonzalez",0.5,"SKU in single product page","Dev - Sprint 1","Misc.","Safewaze","Website UX/Design/Implementation"
2022-01-13,"Christian Gonzalez",0.5,"","Search Results page clean up","Dev","Safewaze","Website UX/Design/Implementation"
2022-01-11,"Christian Gonzalez",2.0,"","Search Results page clean up","Dev","Safewaze","Website UX/Design/Implementation"
2022-01-07,"Christian Gonzalez",1.25,"","Redevelop the TEAM section","Dev","Safewaze","Website UX/Design/Implementation"
2022-01-04,"Christian Gonzalez",1.5,"","Redevelop the TEAM section","Dev","Safewaze","Website UX/Design/Implementation"
2022-01-04,"Christian Gonzalez",2.5,"","Search Results page clean up","Dev","Safewaze","Website UX/Design/Implementation"
2022-01-03,"Christian Gonzalez",2.5,"","Redevelop the TEAM section","Dev","Safewaze","Website UX/Design/Implementation"
2023-06-02,"Christian Gonzalez",1.75,"Help with DNS issues","Misc. Support","Misc.","Sonima / Elev8d","2023 updates"
2023-06-01,"Christian Gonzalez",0.75,"Troubleshoot DNS issues","Misc. Support","Misc.","Sonima / Elev8d","2023 updates"
2023-05-15,"Christian Gonzalez",1.25,"Update plugins","update core & plugins","March 2024","Sonima / Elev8d","2023 updates"
2023-02-07,"Christian Gonzalez",0.75,"Module and WP core updates on prod","Sonima site updates","Sharath Tour To-tos","Sonima / Elev8d","2023 updates"
2024-11-12,"Christian Gonzalez",0.5,"Change featured post","Misc. support","Misc","Sonima / Elev8d","2024 Misc Requests"
2024-03-20,"Christian Gonzalez",1.25,"Push updates and look into restore issues","Misc. support","Misc","Sonima / Elev8d","2024 Misc Requests"
2024-03-11,"Christian Gonzalez",0.5,"Fix code showing after ACF update","Site updates","Misc","Sonima / Elev8d","2024 Misc Requests"
2022-04-12,"Christian Gonzalez",0.25,"Fix button class issue","On-site Tour Set-up","Design & Implementation","Sonima / Elev8d","Sharath Tour 2022"
2022-04-06,"Christian Gonzalez",0.75,"Fix form file upload issue","On-site Tour Set-up","Design & Implementation","Sonima / Elev8d","Sharath Tour 2022"
2022-04-06,"Christian Gonzalez",0.25,"Fix columns issue","On-site Tour Set-up","Design & Implementation","Sonima / Elev8d","Sharath Tour 2022"
2022-04-05,"Christian Gonzalez",0.25,"Fix columns issue","On-site Tour Set-up","Design & Implementation","Sonima / Elev8d","Sharath Tour 2022"
2022-04-04,"Christian Gonzalez",0.5,"Fix page width","On-site Tour Set-up","Design & Implementation","Sonima / Elev8d","Sharath Tour 2022"
2022-04-01,"Christian Gonzalez",0.75,"","On-site Tour Set-up","Design & Implementation","Sonima / Elev8d","Sharath Tour 2022"
2022-03-28,"Christian Gonzalez",2.5,"Troubleshoot conditional field issue and fix","Form/Screener set up and testing","Design & Implementation","Sonima / Elev8d","Sharath Tour 2022"
2022-11-21,"Christian Gonzalez",0.5,"","Updates to new contact forms...","Misc.","Squareworks","Misc. Requests"
2022-10-14,"Christian Gonzalez",0.75,"Changes in the css to accommodate new row, test","Support for Pricing Table updates","Misc.","Squareworks","NetSuite Conference Support"
2022-09-16,"Christian Gonzalez",0.5,"Launch test and link fixes","Automate landing page design and dev","Design","Squareworks","NetSuite Conference Support"
2022-09-16,"Christian Gonzalez",0.25,"Replace animation","Automate landing page design and dev","Design","Squareworks","NetSuite Conference Support"
2022-09-15,"Christian Gonzalez",0.5,"internal meeting","Meetings/Phone Calls","Misc.","Squareworks","NetSuite Conference Support"
2022-09-15,"Christian Gonzalez",1.0,"Meeting to review landing page","Meetings/Phone Calls","Misc.","Squareworks","NetSuite Conference Support"
2022-09-15,"Christian Gonzalez",1.5,"Mobile styling changes","Automate landing page design and dev","Design","Squareworks","NetSuite Conference Support"
2022-09-15,"Christian Gonzalez",1.0,"Minor styling changes","Automate landing page design and dev","Design","Squareworks","NetSuite Conference Support"
2022-09-15,"Christian Gonzalez",3.0,"Adjust transition between intro animation and header","Automate landing page design and dev","Design","Squareworks","NetSuite Conference Support"
2022-09-15,"Christian Gonzalez",0.75,"Subpage styling","Hero styling for sub-pages","Design","Squareworks","NetSuite Conference Support"
2022-09-14,"Christian Gonzalez",0.75,"SuiteWorld check-in call","Meetings/Phone Calls","Misc.","Squareworks","NetSuite Conference Support"
2022-09-14,"Christian Gonzalez",4.5,"Subpage styling changes","Hero styling for sub-pages","Design","Squareworks","NetSuite Conference Support"
2022-09-12,"Christian Gonzalez",1.0,"SuiteWorld check-in call","Meetings/Phone Calls","Misc.","Squareworks","NetSuite Conference Support"
2022-09-12,"Christian Gonzalez",3.5,"Add animations and styling changes","Automate landing page design and dev","Design","Squareworks","NetSuite Conference Support"
2022-09-09,"Christian Gonzalez",0.5,"SuiteWorld check-in call","Meetings/Phone Calls","Misc.","Squareworks","NetSuite Conference Support"
2022-09-09,"Christian Gonzalez",3.0,"Styling for landing page. Changes to the card section, table and CTA","Automate landing page design and dev","Design","Squareworks","NetSuite Conference Support"
2022-09-06,"Christian Gonzalez",2.5,"Start working on the landing page. Looking at how it's built and what'd be the best way to finish it","Automate landing page design and dev","Design","Squareworks","NetSuite Conference Support"
2024-12-23,"Christian Gonzalez",0.25,"","Fix Automate pricing page","Misc.","Squareworks","Retainer"
2024-09-26,"Christian Gonzalez",0.75,"QA fixes, prep for launch","Implementation for new Features & Editions table","New Feature: Accruals (70)","Squareworks","Retainer"
2024-09-25,"Christian Gonzalez",2.0,"QA fixes","Implementation for new Features & Editions table","New Feature: Accruals (70)","Squareworks","Retainer"
2024-09-20,"Christian Gonzalez",4.0,"Mobile styling, fixes","Implementation for new Features & Editions table","New Feature: Accruals (70)","Squareworks","Retainer"
2024-09-19,"Christian Gonzalez",4.75,"Toggle and accordion javascript, styling and toggle transitions","Implementation for new Features & Editions table","New Feature: Accruals (70)","Squareworks","Retainer"
2024-09-18,"Christian Gonzalez",2.25,"Look into 502 error, enterprise table HTML","Implementation for new Features & Editions table","New Feature: Accruals (70)","Squareworks","Retainer"
2024-09-13,"Christian Gonzalez",3.5,"Comparison table HTML and initial styling","Implementation for new Features & Editions table","New Feature: Accruals (70)","Squareworks","Retainer"
2024-09-03,"Christian Gonzalez",0.75,"Sync dev, start dev work","Implementation for new Features & Editions table","New Feature: Accruals (70)","Squareworks","Retainer"
2024-09-03,"Christian Gonzalez",0.5,"Huddle w Jay to review changes","Meetings & Calls (2)","New Feature: Accruals (70)","Squareworks","Retainer"
2024-02-19,"Christian Gonzalez",0.25,"Write up instructions to fix bold rows in automate table","Support for pricing grid updates","Misc.","Squareworks","Retainer"
2024-02-16,"Christian Gonzalez",0.75,"Automate table fixes","Support for pricing grid updates","Misc.","Squareworks","Retainer"
2024-01-03,"Christian Gonzalez",1.25,"Tablet menu updates, update to automate page and netsuite support page","Menu/nav updates","Misc.","Squareworks","Retainer"
2023-12-01,"Christian Gonzalez",2.25,"Fix mobile issues, troubleshoot video overlaying menu","Fix mobile nav issues","Misc.","Squareworks","Retainer"
2023-08-25,"Christian Gonzalez",0.5,"Fix CSS for the automate table","Misc. Support","Misc.","Squareworks","Retainer"
2023-07-14,"Christian Gonzalez",0.5,"Troubleshoot form submission issue","Misc. Support","Misc.","Squareworks","Retainer"
2023-07-12,"Christian Gonzalez",1.0,"Troubleshoot staging header issue","Support for responsive forms","Misc.","Squareworks","Retainer"
2023-07-11,"Christian Gonzalez",2.0,"Make all forms responsive","Support for responsive forms","Misc.","Squareworks","Retainer"
2023-03-28,"Christian Gonzalez",1.0,"Phone call and support for pricing table updates","Misc. Support","Misc.","Squareworks","Retainer"
2022-01-14,"Christian Gonzalez",0.75,"","Disable submit button after send, show indication of success or failure","Misc.","Squareworks","Squareworks CMS Training"
2022-01-13,"Christian Gonzalez",2.0,"","Disable submit button after send, show indication of success or failure","Misc.","Squareworks","Squareworks CMS Training"
2022-01-12,"Christian Gonzalez",0.5,"","Disable submit button after send, show indication of success or failure","Misc.","Squareworks","Squareworks CMS Training"
2024-04-23,"Christian Gonzalez",1.0,"Send Adam the new CSS for prod push","Design and build Fantasy Landing Page","Misc. Design (not tied to a sprint)","SumerSports","B2C - Retainer"
2024-04-22,"Christian Gonzalez",4.0,"Mobile Fixes and new header","Design and build Fantasy Landing Page","Misc. Design (not tied to a sprint)","SumerSports","B2C - Retainer"
2024-04-19,"Christian Gonzalez",4.25,"Landing page styling, add content and mobile adjustments","Design and build Fantasy Landing Page","Misc. Design (not tied to a sprint)","SumerSports","B2C - Retainer"
2024-04-17,"Christian Gonzalez",3.0,"Page layout and initial styling","Design and build Fantasy Landing Page","Misc. Design (not tied to a sprint)","SumerSports","B2C - Retainer"
2024-04-15,"Christian Gonzalez",2.0,"Start work on landing page in stage","Design and build Fantasy Landing Page","Misc. Design (not tied to a sprint)","SumerSports","B2C - Retainer"
2024-03-28,"Christian Gonzalez",4.5,"Plugin updates and testing, troubleshoot crash","Misc. support","Misc.","SumerSports","B2C - Retainer"
2024-03-13,"Christian Gonzalez",1.25,"Add extra author field and render it in pages. Corrections","Add support for multiple blog authors","Misc. Dev (Not tied to a sprint)","SumerSports","B2C - Retainer"
2024-03-12,"Christian Gonzalez",1.75,"Exclude articles with no categories from the zone shortcode, test","Add the ability to add articles to Sumer that don’t appear in zone or press room list","Misc. Dev (Not tied to a sprint)","SumerSports","B2C - Retainer"
2024-03-06,"Christian Gonzalez",0.25,"","Install and test ""External links open in new window"" plugin on staging, install on prod.","Misc. Dev (Not tied to a sprint)","SumerSports","B2C - Retainer"
2024-02-08,"Christian Gonzalez",4.25,"sync prod->stage, backup site, update plugins and test","Misc. support","Misc.","SumerSports","B2C - Retainer"
2024-02-02,"Christian Gonzalez",1.0,"Promo banner","Super Bowl ""Big Game Breakdown"" Guide landing page","Misc. Dev (Not tied to a sprint)","SumerSports","B2C - Retainer"
2024-02-01,"Christian Gonzalez",2.0,"Styling changes","Super Bowl ""Big Game Breakdown"" Guide landing page","Misc. Dev (Not tied to a sprint)","SumerSports","B2C - Retainer"
2024-01-30,"Christian Gonzalez",2.25,"Fix underline in footer form, custom css for header and footer forms","Super Bowl ""Big Game Breakdown"" Guide landing page","Misc. Dev (Not tied to a sprint)","SumerSports","B2C - Retainer"
2024-01-10,"Christian Gonzalez",0.5,"Troubleshoot issues with mobile game detail page","Implementation for game PREVIEWS ticker, list, and detail pages","Sprint 7","SumerSports","B2C - Retainer"
2024-01-04,"Christian Gonzalez",3.0,"Playoff landing page css fixes and header background changes","Playoff Preview landing page","Misc. Dev (Not tied to a sprint)","SumerSports","B2C - Retainer"
2023-11-09,"Christian Gonzalez",1.25,"Link styling and push to prod","Add Chat Beta link to /chat page","Sprint 6","SumerSports","B2C - Retainer"
2023-11-09,"Christian Gonzalez",1.0,"","Add Chat Beta link to /chat page","Sprint 6","SumerSports","B2C - Retainer"
2023-10-20,"Christian Gonzalez",1.75,"Look into load more","Filtering - Adv Filter Options","Sprint 4","SumerSports","B2C - Retainer"
2023-10-20,"Christian Gonzalez",1.0,"Sort teams alphabetically","Filtering - Adv Filter Options","Sprint 4","SumerSports","B2C - Retainer"
2023-10-19,"Christian Gonzalez",1.0,"Fix default refinement pill","Filtering - Adv Filter Options","Sprint 4","SumerSports","B2C - Retainer"
2023-10-19,"Christian Gonzalez",2.25,"Fix range slider update when pill is removed/changed","Filtering - Range Slider","Sprint 4","SumerSports","B2C - Retainer"
2023-10-19,"Christian Gonzalez",1.0,"Fix double clicking when select is open","Filtering - Sidebar Menu","Sprint 4","SumerSports","B2C - Retainer"
2023-10-19,"Christian Gonzalez",0.75,"Update slider when season changes","Filtering - Range Slider","Sprint 4","SumerSports","B2C - Retainer"
2023-10-18,"Christian Gonzalez",1.25,"Remove pill when on current season or default refinement","Filtering - Pills","Sprint 4","SumerSports","B2C - Retainer"
2023-10-18,"Christian Gonzalez",1.0,"Sync season and refinement filters","Filtering - Adv Filter Options","Sprint 4","SumerSports","B2C - Retainer"
2023-10-09,"Christian Gonzalez",0.5,"Fix table header css","Misc. support","Misc.","SumerSports","B2C - Retainer"
2023-09-28,"Christian Gonzalez",1.5,"Sprint 4 Planning","Meetings & Phone Calls","Misc.","SumerSports","B2C - Retainer"
2023-09-26,"Christian Gonzalez",1.25,"Sprint 4 Planning","Meetings & Phone Calls","Misc.","SumerSports","B2C - Retainer"
2023-09-26,"Christian Gonzalez",0.25,"Update JSONs","Misc. support","Misc.","SumerSports","B2C - Retainer"
2023-09-22,"Christian Gonzalez",0.5,"Review updates internally","Meetings & Phone Calls","Misc.","SumerSports","B2C - Retainer"
2023-09-22,"Christian Gonzalez",4.25,"Updates shortcodes in dev, change code so it can be used with homepage tables. Change labeling for filter toggle and create oline page","Table Shortcode","Sprint 3","SumerSports","B2C - Retainer"
2023-09-20,"Christian Gonzalez",1.5,"Sprint 3 Review","Meetings & Phone Calls","Misc.","SumerSports","B2C - Retainer"
2023-09-19,"Christian Gonzalez",0.5,"Update JSONs","Misc. support","Misc.","SumerSports","B2C - Retainer"
2023-09-15,"Christian Gonzalez",1.0,"Deploy changes","Misc. support","Misc.","SumerSports","B2C - Retainer"
2023-09-14,"Christian Gonzalez",0.5,"Fix filter typo without building a new bundle","Misc. support","Misc.","SumerSports","B2C - Retainer"
2023-09-12,"Christian Gonzalez",1.25,"Fix window resizing animation and menu highlighting","Minimize header animated movement on browser resizing","Sprint 3","SumerSports","B2C - Retainer"
2023-09-08,"Christian Gonzalez",1.5,"Sprint 3 Planning","Meetings & Phone Calls","Misc.","SumerSports","B2C - Retainer"
2023-09-08,"Christian Gonzalez",2.5,"Table skeleton shortcode tests and adjustments","Table Shortcode","Sprint 3","SumerSports","B2C - Retainer"
2023-09-07,"Christian Gonzalez",1.5,"Internal Sprint 3 Planning","Meetings & Phone Calls","Misc.","SumerSports","B2C - Retainer"
2023-09-07,"Christian Gonzalez",1.25,"Initial deployment for table skeleton shortcode","Table Shortcode","Sprint 3","SumerSports","B2C - Retainer"
2023-09-06,"Christian Gonzalez",0.5,"Internal QA Check-in","Meetings & Phone Calls","Misc.","SumerSports","B2C - Retainer"
2023-09-06,"Christian Gonzalez",0.75,"Look into league average EPA column","New Pages and Tables","Sprint 2 (9/1/23)","SumerSports","B2C - Retainer"
2023-09-06,"Christian Gonzalez",0.25,"Fix bug on desktop filter dropdown styling","Filtering options","Sprint 2 (9/1/23)","SumerSports","B2C - Retainer"
2023-09-05,"Christian Gonzalez",1.0,"Sprint 2 Review","Meetings & Phone Calls","Misc.","SumerSports","B2C - Retainer"
2023-09-05,"Christian Gonzalez",2.25,"Mobile styling fixes","Filtering options","Sprint 2 (9/1/23)","SumerSports","B2C - Retainer"
2023-09-01,"Christian Gonzalez",0.25,"Huddle to discuss scrolling header","Meetings & Phone Calls","Misc.","SumerSports","B2C - Retainer"
2023-09-01,"Christian Gonzalez",2.5,"Mobile styling fixes","Filtering options","Sprint 2 (9/1/23)","SumerSports","B2C - Retainer"
2023-09-01,"Christian Gonzalez",0.25,"Disable multi-state header","Multi-state header","Sprint 3","SumerSports","B2C - Retainer"
2023-09-01,"Christian Gonzalez",1.5,"Transition adjustments","Multi-state header","Sprint 3","SumerSports","B2C - Retainer"
2023-09-01,"Christian Gonzalez",2.5,"Add glossary to missing pages","Glossary/Definitions","Sprint 2 (9/1/23)","SumerSports","B2C - Retainer"
2023-08-31,"Christian Gonzalez",1.5,"Rusher table and label changes","New Pages and Tables","Sprint 2 (9/1/23)","SumerSports","B2C - Retainer"
2023-08-31,"Christian Gonzalez",1.5,"Create all the new pages and add the table skeleton","New Pages and Tables","Sprint 2 (9/1/23)","SumerSports","B2C - Retainer"
2023-08-30,"Christian Gonzalez",1.25,"Add js and initial styling for multi-state header","Multi-state header","Sprint 3","SumerSports","B2C - Retainer"
2023-08-29,"Christian Gonzalez",3.0,"New tables js and html","New Pages and Tables","Sprint 2 (9/1/23)","SumerSports","B2C - Retainer"
2023-08-28,"Christian Gonzalez",2.5,"Start work on the javascript for the new tables","New Pages and Tables","Sprint 2 (9/1/23)","SumerSports","B2C - Retainer"
2023-08-25,"Christian Gonzalez",0.75,"Pull tables code and review","New Pages and Tables","Sprint 2 (9/1/23)","SumerSports","B2C - Retainer"
2023-08-24,"Christian Gonzalez",1.25,"Menu changes, add Marval logo and image size adjustment","Addition of MARVAL logo to B2B pages","Sprint 2 (9/1/23)","SumerSports","B2C - Retainer"
2023-08-23,"Christian Gonzalez",1.25,"Change to featured articles query and testing","Update front-end homepage articles to honor order added on back-end","Sprint 2 (9/1/23)","SumerSports","B2C - Retainer"
2023-08-23,"Christian Gonzalez",1.75,"Add initial glossary to table pages","Glossary/Definitions","Sprint 2 (9/1/23)","SumerSports","B2C - Retainer"
2023-08-16,"Christian Gonzalez",0.25,"Menu changes","Implement updated homepage","Dev","SumerSports","B2C - Retainer"
2023-08-14,"Christian Gonzalez",1.25,"Podcast slider updates and fixes","Implement updated homepage","Dev","SumerSports","B2C - Retainer"
2023-08-14,"Christian Gonzalez",0.25,"Menu changes","Implement updated homepage","Dev","SumerSports","B2C - Retainer"
2023-08-11,"Christian Gonzalez",1.25,"Post launch fixes","Implement updated interior pages for data tables","Dev","SumerSports","B2C - Retainer"
2023-08-11,"Christian Gonzalez",0.75,"Copy staging to prod and test","Go Live - MVP","Dev","SumerSports","B2C - Retainer"
2023-08-11,"Christian Gonzalez",2.25,"Adjustments to breakpoints and styling for the podcast slider","Implement updated navigation","Dev","SumerSports","B2C - Retainer"
2023-08-10,"Christian Gonzalez",2.25,"Create chat landing page and add mailchimp tag for chat newsletter form","Implement updated interior pages for data tables","Dev","SumerSports","B2C - Retainer"
2023-08-08,"Christian Gonzalez",0.25,"Change twtter logo and table header background","Implement updated homepage","Dev","SumerSports","B2C - Retainer"
2023-08-07,"Christian Gonzalez",0.75,"Status update","Meetings & Phone Calls","Misc.","SumerSports","B2C - Retainer"
2023-08-04,"Christian Gonzalez",0.25,"Adjust space between dek and date on large teaser","Adjust space between dek and date on large teaser","Desktop QA","SumerSports","B2C - Retainer"
2023-08-04,"Christian Gonzalez",0.25,"Adjust large teaser headline","Adjust large teaser headline","Desktop QA","SumerSports","B2C - Retainer"
2023-08-04,"Christian Gonzalez",0.25,"Adjust small teaser headline","Adjust small teaser headline","Desktop QA","SumerSports","B2C - Retainer"
2023-08-03,"Christian Gonzalez",1.25,"Change homepage layout to fix mobile column order","Implement updated homepage","Dev","SumerSports","B2C - Retainer"
2023-08-03,"Christian Gonzalez",0.25,"Adjust space between small teaser and view all button","Adjust space between small teaser and view all button","Desktop QA","SumerSports","B2C - Retainer"
2023-08-03,"Christian Gonzalez",0.25,"Adjust height of gutters","Adjust height of gutters","Desktop QA","SumerSports","B2C - Retainer"
2023-08-03,"Christian Gonzalez",0.25,"","Adjust width of gutters","Desktop QA","SumerSports","B2C - Retainer"
2023-07-31,"Christian Gonzalez",2.0,"Add details, icons and mobile styling","Implement updated homepage","Dev","SumerSports","B2C - Retainer"
2023-07-31,"Christian Gonzalez",0.75,"Test new navigation","Implement updated navigation","Dev","SumerSports","B2C - Retainer"
2023-07-31,"Christian Gonzalez",1.5,"Create quarterback page, header styling","Implement updated interior pages for data tables","Dev","SumerSports","B2C - Retainer"
2023-07-28,"Christian Gonzalez",3.25,"Podcast slider and styling","Implement updated homepage","Dev","SumerSports","B2C - Retainer"
2023-07-27,"Christian Gonzalez",1.5,"Troubleshoot elementor issue","Implement updated homepage","Dev","SumerSports","B2C - Retainer"
2023-07-27,"Christian Gonzalez",3.5,"Test changing featured articles from shortcode to custom elementor widget","Implement updated homepage","Dev","SumerSports","B2C - Retainer"
2023-07-26,"Christian Gonzalez",2.5,"Featured articles styling","Implement updated homepage","Dev","SumerSports","B2C - Retainer"
2023-07-25,"Christian Gonzalez",2.0,"Start new homepage implementation on dev","Implement updated homepage","Dev","SumerSports","B2C - Retainer"
2023-07-25,"Christian Gonzalez",2.25,"Test layout on a next app locally","Implement updated homepage","Dev","SumerSports","B2C - Retainer"
2023-06-08,"Christian Gonzalez",0.5,"Push forms to prod","Link email signup forms to MailChimp","Post-Launch & Ongoing Support","SumerSports","Corporate Site Design & Build"
2023-06-07,"Christian Gonzalez",0.75,"Fix underline issue on chrome","Link email signup forms to MailChimp","Post-Launch & Ongoing Support","SumerSports","Corporate Site Design & Build"
2023-06-06,"Christian Gonzalez",0.75,"Link mailchimp to forms","Link email signup forms to MailChimp","Post-Launch & Ongoing Support","SumerSports","Corporate Site Design & Build"
2023-03-31,"Christian Gonzalez",2.0,"Troubleshoot stacking on mobile and change styling on mobile hero","Implement updated What We Do page","Design","SumerSports","Corporate Site Design & Build"
2023-03-30,"Christian Gonzalez",1.25,"Add new copy and change margins","Implement updated What We Do page","Design","SumerSports","Corporate Site Design & Build"
2023-03-30,"Christian Gonzalez",3.0,"Fix issue with 3 columns row, images and mobile styling","Implement updated What We Do page","Design","SumerSports","Corporate Site Design & Build"
2023-03-29,"Christian Gonzalez",2.0,"Changes to what we do page","Implement updated What We Do page","Design","SumerSports","Corporate Site Design & Build"
2023-03-23,"Christian Gonzalez",0.25,"Troubleshoot zone archive url issue on stage","Update the URLs for The Zone","Internal QA & Remaining To-Dos","SumerSports","Corporate Site Design & Build"
2023-03-21,"Christian Gonzalez",2.5,"Styling and tests for signup popup","Design for Sumer email signup, blog signup (maybe these are two different CTAs, a popup and a banner)","Design","SumerSports","Corporate Site Design & Build"
2023-03-20,"Christian Gonzalez",0.5,"Fix zone hero","Zone hero area formatting is off","QA","SumerSports","Corporate Site Design & Build"
2023-03-17,"Christian Gonzalez",1.5,"Set up elementor popup and form","Design for Sumer email signup, blog signup (maybe these are two different CTAs, a popup and a banner)","Design","SumerSports","Corporate Site Design & Build"
2023-03-15,"Christian Gonzalez",0.75,"Add byline in the zone articles","Implement Author/byline on articles","Design","SumerSports","Corporate Site Design & Build"
2023-03-13,"Christian Gonzalez",0.75,"Add authors to the zone articles and add it to the elementor template with stylign","Implement Author/byline on articles","Design","SumerSports","Corporate Site Design & Build"
2023-03-13,"Christian Gonzalez",0.25,"Install redirect plugin and add /zone redirect","Update the URLs for The Zone","Internal QA & Remaining To-Dos","SumerSports","Corporate Site Design & Build"
2023-03-13,"Christian Gonzalez",1.0,"Change the zone custom type slug and archive url","Update the URLs for The Zone","Internal QA & Remaining To-Dos","SumerSports","Corporate Site Design & Build"
2024-08-20,"Christian Gonzalez",0.5,"Sync stage up to prod","Misc. Support","Meetings & Phone Calls, PM, Misc.","Vicinity Energy","Support Retainer"
2024-07-30,"Christian Gonzalez",0.5,"Fix newsletter button","Misc. Support","Meetings & Phone Calls, PM, Misc.","Vicinity Energy","Support Retainer"
2024-07-26,"Christian Gonzalez",1.25,"make menu items editable in elementor in staging","Make all menu items editable like the ""About"" menu","2024 Redesign: Post-launch","Vicinity Energy","Support Retainer"
2024-07-16,"Christian Gonzalez",0.5,"Troubleshoot font issue with Adam","Misc. Support","Meetings & Phone Calls, PM, Misc.","Vicinity Energy","Support Retainer"
2024-06-27,"Christian Gonzalez",1.75,"Fix alt tags in shortcode images, troubleshoot author image resolution","Final pre-launch QA push, updates to resource pages, categories, tags, search, etc.","2024 Redesign","Vicinity Energy","Support Retainer"
2024-06-26,"Christian Gonzalez",3.25,"Resources search, changes to blog author image resolution and author landing pages","Final pre-launch QA push, updates to resource pages, categories, tags, search, etc.","2024 Redesign","Vicinity Energy","Support Retainer"
2024-06-25,"Christian Gonzalez",4.5,"Blog search changes, start work on resources search","Final pre-launch QA push, updates to resource pages, categories, tags, search, etc.","2024 Redesign","Vicinity Energy","Support Retainer"
2024-06-24,"Christian Gonzalez",6.0,"Change categories in customer education, technical resources landing page, start work on blog search changes","Final pre-launch QA push, updates to resource pages, categories, tags, search, etc.","2024 Redesign","Vicinity Energy","Support Retainer"
2024-06-19,"Christian Gonzalez",2.25,"Test category changes for customer education and technical resources","Final pre-launch QA push, updates to resource pages, categories, tags, search, etc.","2024 Redesign","Vicinity Energy","Support Retainer"
2024-06-18,"Christian Gonzalez",1.0,"Huddle w Adam, start work on category changes in customer education page","Final pre-launch QA push, updates to resource pages, categories, tags, search, etc.","2024 Redesign","Vicinity Energy","Support Retainer"
2024-06-13,"Christian Gonzalez",1.75,"Fix customer education issues","Final pre-launch QA push, updates to resource pages, categories, tags, search, etc.","2024 Redesign","Vicinity Energy","Support Retainer"
2024-06-12,"Christian Gonzalez",2.0,"Customer education landing page","Final pre-launch QA push, updates to resource pages, categories, tags, search, etc.","2024 Redesign","Vicinity Energy","Support Retainer"
2024-06-11,"Christian Gonzalez",1.5,"Huddle w Adam, start prep work for customer education page","Final pre-launch QA push, updates to resource pages, categories, tags, search, etc.","2024 Redesign","Vicinity Energy","Support Retainer"
2024-06-03,"Christian Gonzalez",1.25,"Make nav sticky","Final pre-launch QA push, updates to resource pages, categories, tags, search, etc.","2024 Redesign","Vicinity Energy","Support Retainer"
2024-06-03,"Christian Gonzalez",1.5,"Sticky nav","Build mega-menu dropdown","2024 Redesign","Vicinity Energy","Support Retainer"
2024-05-30,"Christian Gonzalez",1.0,"Changes in mobile menu padding","Build mega-menu dropdown","2024 Redesign","Vicinity Energy","Support Retainer"
2024-05-23,"Christian Gonzalez",1.25,"Changes in header media queries","Build mega-menu dropdown","2024 Redesign","Vicinity Energy","Support Retainer"
2024-05-15,"Christian Gonzalez",1.25,"Author image size changes","Misc. support","2024 Redesign","Vicinity Energy","Support Retainer"
2024-05-14,"Christian Gonzalez",4.5,"Article page grid updates and Header navigation changes","Misc. support","2024 Redesign","Vicinity Energy","Support Retainer"
2024-05-10,"Christian Gonzalez",0.5,"Huddle with Adam for CSS help","Misc. support","2024 Redesign","Vicinity Energy","Support Retainer"
2024-05-02,"Christian Gonzalez",0.75,"Top Banner styling help","Misc. support","2024 Redesign","Vicinity Energy","Support Retainer"
2024-04-26,"Christian Gonzalez",1.5,"Brochure button fix, more mobile component changes","QA","2024 Redesign","Vicinity Energy","Support Retainer"
2024-04-26,"Christian Gonzalez",2.0,"Mobile styling fixes","Build mega-menu dropdown","2024 Redesign","Vicinity Energy","Support Retainer"
2024-04-25,"Christian Gonzalez",2.5,"Component mobile changes","QA","2024 Redesign","Vicinity Energy","Support Retainer"
2024-04-25,"Christian Gonzalez",2.0,"Mobile styling fixes","Build mega-menu dropdown","2024 Redesign","Vicinity Energy","Support Retainer"
2024-04-19,"Christian Gonzalez",1.5,"Mobile menu changes","Build mega-menu dropdown","2024 Redesign","Vicinity Energy","Support Retainer"
2024-04-12,"Christian Gonzalez",0.75,"","Updates to blog author page","2024 Redesign","Vicinity Energy","Support Retainer"
2024-04-12,"Christian Gonzalez",2.0,"Fix search, mobile changes","Updates to Blog page filter grid","2024 Redesign","Vicinity Energy","Support Retainer"
2024-04-10,"Christian Gonzalez",1.75,"Mobile menu","Build mega-menu dropdown","2024 Redesign","Vicinity Energy","Support Retainer"
2024-04-10,"Christian Gonzalez",2.75,"Bug and styling fixes","Updates to Blog page filter grid","2024 Redesign","Vicinity Energy","Support Retainer"
2024-04-09,"Christian Gonzalez",0.75,"Troubleshoot dev error with Adam","Misc. Support","Meetings & Phone Calls, PM, Misc.","Vicinity Energy","Support Retainer"
2024-04-09,"Christian Gonzalez",5.5,"Blog shortcode rework","Updates to Blog page filter grid","2024 Redesign","Vicinity Energy","Support Retainer"
2024-04-08,"Christian Gonzalez",7.0,"Dynamic article for header dropdown, change trigger to a hover","Build mega-menu dropdown","2024 Redesign","Vicinity Energy","Support Retainer"
2024-04-03,"Christian Gonzalez",0.75,"Fix error on featured resources shortcode, move styling to main css file","Component rebuilds","2024 Redesign","Vicinity Energy","Support Retainer"
2024-04-02,"Christian Gonzalez",3.0,"Featured resources component","Component rebuilds","2024 Redesign","Vicinity Energy","Support Retainer"
2024-04-02,"Christian Gonzalez",1.0,"Start dev work on featured resources","Component rebuilds","2024 Redesign","Vicinity Energy","Support Retainer"
2024-04-01,"Christian Gonzalez",1.75,"Featured resources component","Component rebuilds","2024 Redesign","Vicinity Energy","Support Retainer"
2024-03-27,"Christian Gonzalez",2.25,"Vertical tabs and contact components","Component rebuilds","2024 Redesign","Vicinity Energy","Support Retainer"
2024-03-26,"Christian Gonzalez",1.25,"Initial dev on vertical tabs","Component rebuilds","2024 Redesign","Vicinity Energy","Support Retainer"
2024-03-26,"Christian Gonzalez",0.5,"","Updates to Resource pages filter grid","2024 Redesign","Vicinity Energy","Support Retainer"
2024-03-22,"Christian Gonzalez",2.0,"Corrections and mobile styling","Build mega-menu dropdown","2024 Redesign","Vicinity Energy","Support Retainer"
2024-03-21,"Christian Gonzalez",3.75,"Development","Build mega-menu dropdown","2024 Redesign","Vicinity Energy","Support Retainer"
2024-03-20,"Christian Gonzalez",2.75,"Look into megamenu options, start dev work","Build mega-menu dropdown","2024 Redesign","Vicinity Energy","Support Retainer"
2024-03-07,"Christian Gonzalez",1.5,"initial dev and fixes for error and confirmation messages","Fix gap between field and button for email signup on resource hub pages","Redesign QA","Vicinity Energy","Support Retainer"
2024-03-06,"Christian Gonzalez",0.75,"","Styling for text links","Redesign QA","Vicinity Energy","Support Retainer"
2024-03-05,"Christian Gonzalez",1.25,"dev","Styling for text links","Redesign QA","Vicinity Energy","Support Retainer"
2024-03-04,"Christian Gonzalez",0.75,"Help with password, push staging into prod","Misc. Support","Meetings & Phone Calls, PM, Misc.","Vicinity Energy","Support Retainer"
2024-02-29,"Christian Gonzalez",0.75,"Fix date styling for elementor grid items","Remove the calendar icon, add separator line and make the author name underline on blog preview cards","Redesign QA","Vicinity Energy","Support Retainer"
2024-02-29,"Christian Gonzalez",0.5,"Fix shortcode and elementor css","Fix arrows on dropdowns on hub pages for tablet and mobile","Redesign QA","Vicinity Energy","Support Retainer"
2024-02-28,"Christian Gonzalez",2.75,"FAQ changes, related blogs and blog category badge fixes","QA","2024 Redesign","Vicinity Energy","Support Retainer"
2024-02-28,"Christian Gonzalez",0.75,"troubleshoot css errors","Fix arrows on dropdowns on hub pages for tablet and mobile","Redesign QA","Vicinity Energy","Support Retainer"
2024-02-27,"Christian Gonzalez",3.5,"Blog landing changes, social media in footer and blogs, contact us map links","QA","2024 Redesign","Vicinity Energy","Support Retainer"
2024-02-26,"Christian Gonzalez",1.0,"Go through the actions needed in Markup. Huddle with Adam","PM","2024 Redesign","Vicinity Energy","Support Retainer"
2023-09-26,"Christian Gonzalez",0.5,"Make boxes the same size and align the links","Create new Bill Page page add button to header","Active Tasks","Vicinity Energy","Support Retainer"
2023-09-25,"Christian Gonzalez",3.0,"Bill Page styling and ad button to header","Create new Bill Page page add button to header","Active Tasks","Vicinity Energy","Support Retainer"
2023-06-27,"Christian Gonzalez",0.5,"Other mobile fixes","Mobile site issues","Active Tasks","Vicinity Energy","Support Retainer"
2023-06-27,"Christian Gonzalez",0.75,"mobile header fixes","Mobile site issues","Active Tasks","Vicinity Energy","Support Retainer"
2023-06-22,"Christian Gonzalez",1.25,"Look into height styling of mobile header","Mobile site issues","Active Tasks","Vicinity Energy","Support Retainer"
2023-06-21,"Christian Gonzalez",0.75,"troubleshoot header issues","Mobile site issues","Active Tasks","Vicinity Energy","Support Retainer"
2023-05-17,"Christian Gonzalez",0.25,"Add quote in testimonials","Homepage redesign","Active Tasks","Vicinity Energy","Support Retainer"
2023-05-16,"Christian Gonzalez",2.5,"Tablet and mobile","Homepage redesign","Active Tasks","Vicinity Energy","Support Retainer"
2023-05-15,"Christian Gonzalez",1.5,"Homepage styling adjustments","Homepage redesign","Active Tasks","Vicinity Energy","Support Retainer"
2023-05-12,"Christian Gonzalez",2.25,"Adjust margins and fix bugs/styling errors","Homepage redesign","Active Tasks","Vicinity Energy","Support Retainer"
2023-05-11,"Christian Gonzalez",1.25,"Changes to homepage on dev","Homepage redesign","Active Tasks","Vicinity Energy","Support Retainer"
2023-05-10,"Christian Gonzalez",3.75,"Homepage changes in dev","Homepage redesign","Active Tasks","Vicinity Energy","Support Retainer"
2023-05-09,"Christian Gonzalez",1.25,"New homepage layout on dev","Homepage redesign","Active Tasks","Vicinity Energy","Support Retainer"
2023-02-16,"Christian Gonzalez",0.75,"Instagram and Facebook logos for authors","Create new blog post ""year in review""","Active Tasks","Vicinity Energy","Support Retainer"
2023-01-17,"Christian Gonzalez",0.5,"","Resource Hub update - add white paper to resources hub","Active Tasks","Vicinity Energy","Support Retainer"
2022-11-21,"Christian Gonzalez",0.25,"","Change ""Talk to Sales"" link in header to a green button.","Active Tasks","Vicinity Energy","Support Retainer"
2022-11-18,"Christian Gonzalez",0.75,"","Change ""Talk to Sales"" link in header to a green button.","Active Tasks","Vicinity Energy","Support Retainer"
2022-10-14,"Christian Gonzalez",0.5,"Mobile fixes","New blog email signup button/module (""Quick Signup"")","Active Tasks","Vicinity Energy","Support Retainer"
2022-10-13,"Christian Gonzalez",0.75,"new signup block styling","New blog email signup button/module (""Quick Signup"")","Active Tasks","Vicinity Energy","Support Retainer"
2022-10-12,"Christian Gonzalez",1.75,"Build new signup footer block","New blog email signup button/module (""Quick Signup"")","Active Tasks","Vicinity Energy","Support Retainer"
2022-09-29,"Christian Gonzalez",1.75,"Change link to button and change margins in the header to fit it","Change ""Talk to Sales"" link in header to a green button.","Active Tasks","Vicinity Energy","Support Retainer"
2022-09-21,"Christian Gonzalez",0.75,"Fix author image size, remove email link from authors","Misc. Support","Meetings & Phone Calls, PM, Misc.","Vicinity Energy","Support Retainer"
2022-07-28,"Christian Gonzalez",2.5,"Add custom query for author page. Custom description shortcode for author card. Social media research","Add author names to blogs","Active Tasks","Vicinity Energy","Support Retainer"
2022-07-27,"Christian Gonzalez",2.0,"Author card in articles","Add author names to blogs","Active Tasks","Vicinity Energy","Support Retainer"
2022-07-26,"Christian Gonzalez",3.5,"Add author name and link to blog grid. Styling for the author page","Add author names to blogs","Active Tasks","Vicinity Energy","Support Retainer"
2022-07-25,"Christian Gonzalez",2.0,"Author page research and setup","Add author names to blogs","Active Tasks","Vicinity Energy","Support Retainer"
2022-07-11,"Christian Gonzalez",1.75,"FAQ styling changes","Updates to FAQ styling on staging","Active Tasks","Vicinity Energy","Support Retainer"
2022-03-15,"Christian Gonzalez",1.0,"Menu column changes","Create new product page for eSteam™","Active Tasks","Vicinity Energy","Support Retainer"
2022-01-14,"Christian Gonzalez",0.75,"","Create new CTA for blog posts","Active Tasks","Vicinity Energy","Support Retainer"