date,person,hours,description,todo,list,company,project
2020-12-29,"Adam Hoyle",0.5,"Webinar with Castro re: PPP",,,"Brunello, Inc.","*Brunello Admin"
2020-12-29,"Adam Hoyle",2.5,"billing",,,"Brunello, Inc.","*Brunello Admin"
2020-12-28,"Adam Hoyle",0.5,"","Weekly Checkin Call","Misc.","Brunello, Inc.","*Brunello Admin"
2020-12-22,"Adam Hoyle",1.0,"banking and QB",,,"Brunello, Inc.","*Brunello Admin"
2020-12-22,"Adam Hoyle",0.75,"enel estimate for wind journey project",,,"Brunello, Inc.","*Brunello Admin"
2020-12-18,"Adam Hoyle",2.0,"enel contract amendment with option for additional scope",,,"Brunello, Inc.","*Brunello Admin"
2020-12-17,"Adam Hoyle",0.25,"year-end payroll and tax items",,,"Brunello, Inc.","*Brunello Admin"
2020-12-16,"Adam Hoyle",0.25,"payroll",,,"Brunello, Inc.","*Brunello Admin"
2020-12-14,"Adam Hoyle",0.75,"review safewaze scope docs and audit, draft and edit email reply to Sean",,,"Brunello, Inc.","*Brunello Admin"
2020-12-14,"Adam Hoyle",0.5,"","Weekly Checkin Call","Misc.","Brunello, Inc.","*Brunello Admin"
2020-12-11,"Adam Hoyle",0.5,"","Weekly Design and Dev Review","Misc.","Brunello, Inc.","*Brunello Admin"
2020-12-11,"Adam Hoyle",0.25,"billing",,,"Brunello, Inc.","*Brunello Admin"
2020-12-10,"Adam Hoyle",1.25,"Enel contract amendment",,,"Brunello, Inc.","*Brunello Admin"
2020-12-10,"Adam Hoyle",0.5,"Tufin estimate",,,"Brunello, Inc.","*Brunello Admin"
2020-12-10,"Adam Hoyle",0.25,"billing",,,"Brunello, Inc.","*Brunello Admin"
2020-12-10,"Adam Hoyle",0.5,"New biz call w/ Tufin",,,"Brunello, Inc.","*Brunello Admin"
2020-12-09,"Adam Hoyle",0.25,"checkin jay",,,"Brunello, Inc.","*Brunello Admin"
2020-12-09,"Adam Hoyle",0.75,"fringe and tax planning",,,"Brunello, Inc.","*Brunello Admin"
2020-12-08,"Adam Hoyle",0.5,"emails and call scheduling",,,"Brunello, Inc.","*Brunello Admin"
2020-12-08,"Adam Hoyle",1.0,"theme demo, page builder call w/ Nicole",,,"Brunello, Inc.","*Brunello Admin"
2020-12-08,"Adam Hoyle",0.5,"calculating hours",,,"Brunello, Inc.","*Brunello Admin"
2020-12-07,"Adam Hoyle",0.75,"mail, deposits, QB",,,"Brunello, Inc.","*Brunello Admin"
2020-12-07,"Adam Hoyle",0.5,"","Weekly Checkin Call","Misc.","Brunello, Inc.","*Brunello Admin"
2020-12-07,"Adam Hoyle",0.25,"call w/ Nicole re: SafeWaze budget",,,"Brunello, Inc.","*Brunello Admin"
2020-12-05,"Adam Hoyle",2.0,"Elementor training, research, testing",,,"Brunello, Inc.","*Brunello Admin"
2020-12-04,"Adam Hoyle",1.0,"","Weekly Design and Dev Review","Misc.","Brunello, Inc.","*Brunello Admin"
2020-12-04,"Adam Hoyle",0.5,"lexia SOW",,,"Brunello, Inc.","*Brunello Admin"
2020-12-03,"Adam Hoyle",0.5,"call w/ Sean re: SW plan",,,"Brunello, Inc.","*Brunello Admin"
2020-12-02,"Adam Hoyle",0.75,"troubleshooting email delivery issues with rackspace, updating safelists",,,"Brunello, Inc.","*Brunello Admin"
2020-12-01,"Adam Hoyle",2.5,"billing",,,"Brunello, Inc.","*Brunello Admin"
2020-11-30,"Adam Hoyle",0.5,"","Weekly Checkin Call","Misc.","Brunello, Inc.","*Brunello Admin"
2020-11-30,"Adam Hoyle",2.25,"complete enel procurement application Guide C",,,"Brunello, Inc.","*Brunello Admin"
2020-11-25,"Adam Hoyle",0.75,"complete enel procurement application",,,"Brunello, Inc.","*Brunello Admin"
2020-11-23,"Adam Hoyle",0.5,"start enel procurement application, email Brooke about issue with US not being an option",,,"Brunello, Inc.","*Brunello Admin"
2020-11-23,"Adam Hoyle",0.5,"","Weekly Checkin Call","Misc.","Brunello, Inc.","*Brunello Admin"
2020-11-20,"Adam Hoyle",0.5,"","Weekly Design and Dev Review","Misc.","Brunello, Inc.","*Brunello Admin"
2020-11-19,"Adam Hoyle",0.5,"deposits and QB",,,"Brunello, Inc.","*Brunello Admin"
2020-11-19,"Adam Hoyle",0.25,"response to Kevin re: contract",,,"Brunello, Inc.","*Brunello Admin"
2020-11-16,"Adam Hoyle",0.5,"internal call w/ Nicole",,,"Brunello, Inc.","*Brunello Admin"
2020-11-16,"Adam Hoyle",0.5,"","Weekly Checkin Call","Misc.","Brunello, Inc.","*Brunello Admin"
2020-11-09,"Adam Hoyle",0.5,"","Weekly Checkin Call","Misc.","Brunello, Inc.","*Brunello Admin"
2020-11-06,"Adam Hoyle",0.5,"billing",,,"Brunello, Inc.","*Brunello Admin"
2020-11-06,"Adam Hoyle",1.0,"","Weekly Design and Dev Review","Misc.","Brunello, Inc.","*Brunello Admin"
2020-11-05,"Adam Hoyle",0.5,"billing",,,"Brunello, Inc.","*Brunello Admin"
2020-11-04,"Adam Hoyle",1.0,"emails",,,"Brunello, Inc.","*Brunello Admin"
2020-11-03,"Adam Hoyle",1.0,"billing",,,"Brunello, Inc.","*Brunello Admin"
2020-11-02,"Adam Hoyle",0.5,"","Weekly Checkin Call","Misc.","Brunello, Inc.","*Brunello Admin"
2020-10-29,"Adam Hoyle",0.75,"","Weekly Design and Dev Review","Misc.","Brunello, Inc.","*Brunello Admin"
2020-10-26,"Adam Hoyle",0.5,"","Weekly Checkin Call","Misc.","Brunello, Inc.","*Brunello Admin"
2020-10-23,"Adam Hoyle",0.75,"review billing and accounts, QB and deposits, payment followups",,,"Brunello, Inc.","*Brunello Admin"
2020-10-22,"Adam Hoyle",0.5,"","Weekly Design and Dev Review","Misc.","Brunello, Inc.","*Brunello Admin"
2020-10-19,"Adam Hoyle",0.75,"","Weekly Checkin Call","Misc.","Brunello, Inc.","*Brunello Admin"
2020-10-13,"Adam Hoyle",0.5,"","Weekly Checkin Call","Misc.","Brunello, Inc.","*Brunello Admin"
2020-10-08,"Adam Hoyle",0.5,"billing",,,"Brunello, Inc.","*Brunello Admin"
2020-10-08,"Adam Hoyle",1.5,"","Weekly Design and Dev Review","Misc.","Brunello, Inc.","*Brunello Admin"
2020-10-06,"Adam Hoyle",1.0,"billing and deposits",,,"Brunello, Inc.","*Brunello Admin"
2020-10-05,"Adam Hoyle",1.0,"New SSL",,,"Brunello, Inc.","*Brunello Admin"
2020-10-01,"Adam Hoyle",0.75,"","Weekly Design and Dev Review","Misc.","Brunello, Inc.","*Brunello Admin"
2020-09-28,"Adam Hoyle",0.75,"deposits and review AR",,,"Brunello, Inc.","*Brunello Admin"
2020-09-22,"Adam Hoyle",0.75,"GTM research and training",,,"Brunello, Inc.","*Brunello Admin"
2020-09-21,"Adam Hoyle",0.5,"","Weekly Checkin Call","Misc.","Brunello, Inc.","*Brunello Admin"
2020-09-18,"Adam Hoyle",0.5,"review and complete taxes",,,"Brunello, Inc.","*Brunello Admin"
2020-09-18,"Adam Hoyle",0.5,"create and send Vicinity invoice, update highrise",,,"Brunello, Inc.","*Brunello Admin"
2020-09-18,"Adam Hoyle",0.5,"","Weekly Design and Dev Review","Misc.","Brunello, Inc.","*Brunello Admin"
2020-09-18,"Adam Hoyle",0.5,"Penn State billing call",,,"Brunello, Inc.","*Brunello Admin"
2020-09-16,"Adam Hoyle",1.5,"bank to close Harbor One account",,,"Brunello, Inc.","*Brunello Admin"
2020-09-11,"Adam Hoyle",0.5,"invoice/QB",,,"Brunello, Inc.","*Brunello Admin"
2020-09-10,"Adam Hoyle",1.0,"","Weekly Design and Dev Review","Misc.","Brunello, Inc.","*Brunello Admin"
2020-09-09,"Adam Hoyle",0.5,"internal call to discuss WPEngine and Local",,,"Brunello, Inc.","*Brunello Admin"
2020-09-08,"Adam Hoyle",3.0,"Billing, deposits and QB",,,"Brunello, Inc.","*Brunello Admin"
2020-09-08,"Adam Hoyle",0.5,"weekly Brunello call","Weekly Checkin Call","Misc.","Brunello, Inc.","*Brunello Admin"
2020-09-03,"Adam Hoyle",0.5,"design/dev review meeting",,,"Brunello, Inc.","*Brunello Admin"
2020-09-03,"Adam Hoyle",0.25,"call w/ Local",,,"Brunello, Inc.","*Brunello Admin"
2020-08-31,"Adam Hoyle",0.5,"weekly check-in",,,"Brunello, Inc.","*Brunello Admin"
2020-08-24,"Adam Hoyle",0.5,"weekly check-in",,,"Brunello, Inc.","*Brunello Admin"
2020-08-21,"Adam Hoyle",1.0,"Work on getting new contract renewed with Enel",,,"Brunello, Inc.","*Brunello Admin"
2020-08-20,"Adam Hoyle",2.0,"EMAILS, coordination, BC, catchup and organization!!",,,"Brunello, Inc.","*Brunello Admin"
2020-08-19,"Adam Hoyle",0.25,"new vendor paperwork for Vicinity",,,"Brunello, Inc.","*Brunello Admin"
2020-08-19,"Adam Hoyle",1.0,"banking, billing, qb",,,"Brunello, Inc.","*Brunello Admin"
2020-08-17,"Adam Hoyle",0.5,"weekly check-in",,,"Brunello, Inc.","*Brunello Admin"
2020-08-06,"Adam Hoyle",1.5,"billing and invoices",,,"Brunello, Inc.","*Brunello Admin"
2020-08-04,"Adam Hoyle",0.5,"new biz call w/ Stavis Seafood",,,"Brunello, Inc.","*Brunello Admin"
2020-08-03,"Adam Hoyle",1.5,"vicinity agreement",,,"Brunello, Inc.","*Brunello Admin"
2020-07-31,"Adam Hoyle",0.75,"new biz call w/ Vicinity",,,"Brunello, Inc.","*Brunello Admin"
2020-07-30,"Adam Hoyle",0.75,"catch up on email",,,"Brunello, Inc.","*Brunello Admin"
2020-07-30,"Adam Hoyle",0.5,"penn state call",,,"Brunello, Inc.","*Brunello Admin"
2020-07-24,"Adam Hoyle",1.0,"Penn state call and followup",,,"Brunello, Inc.","*Brunello Admin"
2020-07-23,"Adam Hoyle",1.25,"deposits and QB",,,"Brunello, Inc.","*Brunello Admin"
2020-07-23,"Adam Hoyle",0.75,"new biz followup emails",,,"Brunello, Inc.","*Brunello Admin"
2020-07-21,"Adam Hoyle",0.5,"call w/ Penn State for followup questions",,,"Brunello, Inc.","*Brunello Admin"
2020-07-21,"Adam Hoyle",0.5,"review penn state SOW and schedule",,,"Brunello, Inc.","*Brunello Admin"
2020-07-20,"Adam Hoyle",0.5,"brunello check",,,"Brunello, Inc.","*Brunello Admin"
2020-07-16,"Adam Hoyle",1.0,"call w/ Penn State",,,"Brunello, Inc.","*Brunello Admin"
2020-07-14,"Adam Hoyle",0.25,"review and edit penn state responses",,,"Brunello, Inc.","*Brunello Admin"
2020-07-13,"Adam Hoyle",0.5,"weekly check in call",,,"Brunello, Inc.","*Brunello Admin"
2020-07-07,"Adam Hoyle",0.5,"weekly brunello checkin",,,"Brunello, Inc.","*Brunello Admin"
2020-07-06,"Adam Hoyle",1.5,"banking and QB",,,"Brunello, Inc.","*Brunello Admin"
2020-07-06,"Adam Hoyle",1.0,"Update addresses, finish and send billing",,,"Brunello, Inc.","*Brunello Admin"
2020-07-02,"Adam Hoyle",2.5,"billing and QB",,,"Brunello, Inc.","*Brunello Admin"
2020-06-30,"Adam Hoyle",1.25,"QB, deposits and other banking",,,"Brunello, Inc.","*Brunello Admin"
2020-06-29,"Adam Hoyle",1.0,"cancel electric, coordinate with ShredIt for tote pickup",,,"Brunello, Inc.","*Brunello Admin"
2020-06-25,"Adam Hoyle",5.0,"office cleaning",,,"Brunello, Inc.","*Brunello Admin"
2020-06-23,"Adam Hoyle",1.0,"manage craiglist posts, review studio contract, etc.",,,"Brunello, Inc.","*Brunello Admin"
2020-06-18,"Adam Hoyle",3.0,"office purge",,,"Brunello, Inc.","*Brunello Admin"
2020-06-15,"Adam Hoyle",0.5,"Weekly team check in",,,"Brunello, Inc.","*Brunello Admin"
2020-06-08,"Adam Hoyle",0.5,"Monday morning Brunello checkin",,,"Brunello, Inc.","*Brunello Admin"
2020-06-08,"Adam Hoyle",1.5,"craigslist ad for furniture sale, cancellation of Home and Commercial, misc. other loose ends",,,"Brunello, Inc.","*Brunello Admin"
2020-06-04,"Adam Hoyle",3.0,"office clean and organize",,,"Brunello, Inc.","*Brunello Admin"
2020-06-03,"Adam Hoyle",2.0,"billing",,,"Brunello, Inc.","*Brunello Admin"
2020-06-01,"Adam Hoyle",2.0,"billing, QB, review lease end agreement and statements, catch up on email, organize to-dos,",,,"Brunello, Inc.","*Brunello Admin"
2020-05-28,"Adam Hoyle",2.0,"office inventory",,,"Brunello, Inc.","*Brunello Admin"
2020-05-28,"Adam Hoyle",1.25,"shirts unlimited estimate",,,"Brunello, Inc.","*Brunello Admin"
2020-05-27,"Adam Hoyle",0.5,"call w/ Shirts Unlimited",,,"Brunello, Inc.","*Brunello Admin"
2020-05-27,"Adam Hoyle",0.75,"banking and deposits",,,"Brunello, Inc.","*Brunello Admin"
2020-05-27,"Adam Hoyle",0.5,"review RFP","Penn State RFP","May/June 2020 To-dos","Brunello, Inc.","*Brunello Admin"
2020-05-20,"Adam Hoyle",1.0,"PPP forgivness webinar",,,"Brunello, Inc.","*Brunello Admin"
2020-05-11,"Adam Hoyle",0.5,"call w/ Nicole and Sean",,,"Brunello, Inc.","*Brunello Admin"
2020-05-04,"Adam Hoyle",1.5,"finish and send billing, book deposits",,,"Brunello, Inc.","*Brunello Admin"
2020-05-01,"Adam Hoyle",1.0,"misc. phone calls, bank, post office",,,"Brunello, Inc.","*Brunello Admin"
2020-05-01,"Adam Hoyle",1.0,"billing",,,"Brunello, Inc.","*Brunello Admin"
2020-04-30,"Adam Hoyle",1.0,"ppp followups",,,"Brunello, Inc.","*Brunello Admin"
2020-04-28,"Adam Hoyle",0.5,"ppp followups",,,"Brunello, Inc.","*Brunello Admin"
2020-04-27,"Adam Hoyle",1.0,"PPP followups",,,"Brunello, Inc.","*Brunello Admin"
2020-04-23,"Adam Hoyle",0.25,"review Safeways plan",,,"Brunello, Inc.","*Brunello Admin"
2020-04-23,"Adam Hoyle",0.75,"Estimate for CSMi audits",,,"Brunello, Inc.","*Brunello Admin"
2020-04-17,"Adam Hoyle",0.5,"PPP call w/ BoA",,,"Brunello, Inc.","*Brunello Admin"
2020-04-17,"Adam Hoyle",0.5,"PPP research and followups w/ BCSB",,,"Brunello, Inc.","*Brunello Admin"
2020-04-16,"Adam Hoyle",1.5,"PPP app followups w/ BoA, Castro",,,"Brunello, Inc.","*Brunello Admin"
2020-04-09,"Adam Hoyle",1.25,"PPP app followups w/ BoA, Castro",,,"Brunello, Inc.","*Brunello Admin"
2020-04-08,"Adam Hoyle",0.5,"City of Boston vendor app and followup with BoA",,,"Brunello, Inc.","*Brunello Admin"
2020-04-06,"Adam Hoyle",2.5,"PPP application followups and documentation, apply for Boston grant.",,,"Brunello, Inc.","*Brunello Admin"
2020-04-02,"Adam Hoyle",2.0,"billing",,,"Brunello, Inc.","*Brunello Admin"
2020-04-02,"Adam Hoyle",2.0,"PPP research and documentation",,,"Brunello, Inc.","*Brunello Admin"
2020-03-31,"Adam Hoyle",1.0,"Research and gather documentation for PPP",,,"Brunello, Inc.","*Brunello Admin"
2020-03-24,"Adam Hoyle",0.5,"Call w/ Kyle",,,"Brunello, Inc.","*Brunello Admin"
2020-03-24,"Adam Hoyle",0.5,"Call w/ Jay",,,"Brunello, Inc.","*Brunello Admin"
2020-03-24,"Adam Hoyle",0.5,"Call w/ Andres @ Jobsity",,,"Brunello, Inc.","*Brunello Admin"
2020-03-23,"Adam Hoyle",1.25,"account reviews",,,"Brunello, Inc.","*Brunello Admin"
2020-03-19,"Adam Hoyle",2.25,"Research, calls, email",,,"Brunello, Inc.","*Brunello Admin"
2020-03-03,"Adam Hoyle",1.25,"billing",,,"Brunello, Inc.","*Brunello Admin"
2020-02-27,"Adam Hoyle",0.5,"prep, and call w/ Columbia",,,"Brunello, Inc.","*Brunello Admin"
2020-02-26,"Adam Hoyle",1.25,"deposits and QB",,,"Brunello, Inc.","*Brunello Admin"
2020-02-14,"Adam Hoyle",0.5,"review columnia proposal",,,"Brunello, Inc.","*Brunello Admin"
2020-02-13,"Adam Hoyle",0.75,"new biz call w/ Columbia",,,"Brunello, Inc.","*Brunello Admin"
2020-02-06,"Adam Hoyle",2.0,"billing",,,"Brunello, Inc.","*Brunello Admin"
2020-01-15,"Adam Hoyle",0.75,"prep + new biz call w/ Sean re: Myron",,,"Brunello, Inc.","*Brunello Admin"
2020-01-14,"Adam Hoyle",1.25,"review and update Phyllotex estimate",,,"Brunello, Inc.","*Brunello Admin"
2020-01-13,"Adam Hoyle",1.0,"new biz call w/ Myron, Sean, Nicole",,,"Brunello, Inc.","*Brunello Admin"
2020-01-07,"Adam Hoyle",0.5,"call w/ Sean re: Myron",,,"Brunello, Inc.","*Brunello Admin"
2020-01-07,"Adam Hoyle",0.5,"Infinidat response",,,"Brunello, Inc.","*Brunello Admin"
2020-01-06,"Adam Hoyle",2.0,"Brunello planning and catch-up",,,"Brunello, Inc.","*Brunello Admin"
2020-01-03,"Adam Hoyle",1.25,"finish billing and send",,,"Brunello, Inc.","*Brunello Admin"
2020-01-02,"Adam Hoyle",0.75,"deposits and QB",,,"Brunello, Inc.","*Brunello Admin"
2020-01-02,"Adam Hoyle",1.5,"billing",,,"Brunello, Inc.","*Brunello Admin"
2019-12-16,"Adam Hoyle",0.5,"end-of-year tax info for final payroll",,,"Brunello, Inc.","*Brunello Admin"
2019-12-16,"Adam Hoyle",0.75,"Check-in call w/ team",,,"Brunello, Inc.","*Brunello Admin"
2019-12-12,"Adam Hoyle",0.5,"Dig up verizon account info",,,"Brunello, Inc.","*Brunello Admin"
2019-12-12,"Adam Hoyle",1.5,"Infinidat estimate",,,"Brunello, Inc.","*Brunello Admin"
2019-12-05,"Adam Hoyle",0.5,"call w/ Infinidat",,,"Brunello, Inc.","*Brunello Admin"
2019-12-03,"Adam Hoyle",0.25,"invoice updates",,,"Brunello, Inc.","*Brunello Admin"
2019-12-02,"Adam Hoyle",2.0,"billing",,,"Brunello, Inc.","*Brunello Admin"
2019-11-25,"Adam Hoyle",0.5,"new biz call w/ CSMi and followups",,,"Brunello, Inc.","*Brunello Admin"
2019-11-25,"Adam Hoyle",0.5,"deposits and QB",,,"Brunello, Inc.","*Brunello Admin"
2019-11-21,"Adam Hoyle",0.5,"deposits and QB",,,"Brunello, Inc.","*Brunello Admin"
2019-11-18,"Adam Hoyle",0.25,"billing and QB",,,"Brunello, Inc.","*Brunello Admin"
2019-11-12,"Adam Hoyle",0.25,"Brunello team meeting",,,"Brunello, Inc.","*Brunello Admin"
2019-11-05,"Adam Hoyle",2.0,"account review and planning",,,"Brunello, Inc.","*Brunello Admin"
2019-11-04,"Adam Hoyle",1.0,"finish billing",,,"Brunello, Inc.","*Brunello Admin"
2019-11-01,"Adam Hoyle",0.5,"billing and followups",,,"Brunello, Inc.","*Brunello Admin"
2019-10-31,"Adam Hoyle",1.25,"billing",,,"Brunello, Inc.","*Brunello Admin"
2019-10-24,"Adam Hoyle",0.75,"review greene hafer estimate",,,"Brunello, Inc.","*Brunello Admin"
2019-10-18,"Adam Hoyle",0.75,"call w/ Greene & Hafer",,,"Brunello, Inc.","*Brunello Admin"
2019-10-10,"Adam Hoyle",0.5,"finalize and send NPQ estimate",,,"Brunello, Inc.","*Brunello Admin"
2019-10-09,"Adam Hoyle",2.0,"NPQ estimate",,,"Brunello, Inc.","*Brunello Admin"
2019-10-07,"Adam Hoyle",0.25,"review and send billing",,,"Brunello, Inc.","*Brunello Admin"
2019-10-04,"Adam Hoyle",2.5,"billing",,,"Brunello, Inc.","*Brunello Admin"
2019-10-01,"Adam Hoyle",0.5,"studio tour",,,"Brunello, Inc.","*Brunello Admin"
2019-09-24,"Adam Hoyle",0.5,"call w/ Mark Stephan (247offshore) re: NPQ",,,"Brunello, Inc.","*Brunello Admin"
2019-09-24,"Adam Hoyle",1.0,"deposits and QB",,,"Brunello, Inc.","*Brunello Admin"
2019-09-23,"Adam Hoyle",0.75,"updates to CSMi estimate, misc. emails to Mike re: SSL",,,"Brunello, Inc.","*Brunello Admin"
2019-09-18,"Adam Hoyle",0.5,"review CSMi estimate",,,"Brunello, Inc.","*Brunello Admin"
2019-09-18,"Adam Hoyle",1.5,"Zoller final estimate and followups",,,"Brunello, Inc.","*Brunello Admin"
2019-09-17,"Adam Hoyle",1.25,"Zoller setup and estimate",,,"Brunello, Inc.","*Brunello Admin"
2019-09-17,"Adam Hoyle",0.25,"finish and send Linkwell billing",,,"Brunello, Inc.","*Brunello Admin"
2019-09-16,"Adam Hoyle",0.5,"billing",,,"Brunello, Inc.","*Brunello Admin"
2019-09-13,"Adam Hoyle",0.25,"linkwell billing",,,"Brunello, Inc.","*Brunello Admin"
2019-09-09,"Adam Hoyle",1.5,"billing",,,"Brunello, Inc.","*Brunello Admin"
2019-08-29,"Adam Hoyle",0.5,"banking and QB, gather and submit files to CTO",,,"Brunello, Inc.","*Brunello Admin"
2019-08-28,"Adam Hoyle",0.5,"new biz emails",,,"Brunello, Inc.","*Brunello Admin"
2019-08-26,"Adam Hoyle",0.75,"billing and QB",,,"Brunello, Inc.","*Brunello Admin"
2019-08-12,"Adam Hoyle",1.0,"billing and QB",,,"Brunello, Inc.","*Brunello Admin"
2019-08-08,"Adam Hoyle",0.5,"draft new biz emails and replies",,,"Brunello, Inc.","*Brunello Admin"
2019-08-08,"Adam Hoyle",1.0,"Linkwell billing adjustments",,,"Brunello, Inc.","*Brunello Admin"
2019-08-06,"Adam Hoyle",1.5,"billing and QB",,,"Brunello, Inc.","*Brunello Admin"
2019-08-05,"Adam Hoyle",0.5,"start billing",,,"Brunello, Inc.","*Brunello Admin"
2019-07-31,"Adam Hoyle",0.25,"morning checkin, review todos and priorities",,,"Brunello, Inc.","*Brunello Admin"
2019-07-30,"Adam Hoyle",0.5,"call w/ NPQ",,,"Brunello, Inc.","*Brunello Admin"
2019-07-22,"Adam Hoyle",0.25,"morning checkin, review todos and priorities",,,"Brunello, Inc.","*Brunello Admin"
2019-07-18,"Adam Hoyle",0.5,"QB",,,"Brunello, Inc.","*Brunello Admin"
2019-07-15,"Adam Hoyle",0.5,"deposits and QB",,,"Brunello, Inc.","*Brunello Admin"
2019-07-11,"Adam Hoyle",1.0,"billing and QB",,,"Brunello, Inc.","*Brunello Admin"
2019-07-09,"Adam Hoyle",1.5,"billin and QB",,,"Brunello, Inc.","*Brunello Admin"
2019-07-08,"Adam Hoyle",1.25,"billing",,,"Brunello, Inc.","*Brunello Admin"
2019-06-26,"Adam Hoyle",0.5,"billing review and followups",,,"Brunello, Inc.","*Brunello Admin"
2019-06-13,"Adam Hoyle",1.0,"deal with bank issues, update deposits",,,"Brunello, Inc.","*Brunello Admin"
2019-06-11,"Adam Hoyle",0.25,"deposits, QB and followups for payments",,,"Brunello, Inc.","*Brunello Admin"
2019-06-10,"Adam Hoyle",0.75,"breakout Linkwell hours for billing and reporting",,,"Brunello, Inc.","*Brunello Admin"
2019-06-05,"Adam Hoyle",0.25,"send out invoices",,,"Brunello, Inc.","*Brunello Admin"
2019-06-04,"Adam Hoyle",2.25,"Finish billing",,,"Brunello, Inc.","*Brunello Admin"
2019-06-03,"Adam Hoyle",2.0,"banking, QB and billing",,,"Brunello, Inc.","*Brunello Admin"
2019-05-20,"Adam Hoyle",0.75,"deposits and QB, followups for payments",,,"Brunello, Inc.","*Brunello Admin"
2019-05-15,"Adam Hoyle",0.25,"emails and followups",,,"Brunello, Inc.","*Brunello Admin"
2019-05-15,"Adam Hoyle",0.5,"QB and deposits",,,"Brunello, Inc.","*Brunello Admin"
2019-05-14,"Adam Hoyle",0.75,"Inbox 4 and BC updates",,,"Brunello, Inc.","*Brunello Admin"
2019-05-13,"Adam Hoyle",1.0,"inbox 20 and BC updates",,,"Brunello, Inc.","*Brunello Admin"
2019-05-10,"Adam Hoyle",1.25,"process email, clear out inbox, update BC",,,"Brunello, Inc.","*Brunello Admin"
2019-05-09,"Adam Hoyle",0.75,"new biz followups",,,"Brunello, Inc.","*Brunello Admin"
2019-05-08,"Adam Hoyle",0.25,"billing updates",,,"Brunello, Inc.","*Brunello Admin"
2019-05-07,"Adam Hoyle",4.0,"Finish billing",,,"Brunello, Inc.","*Brunello Admin"
2019-05-06,"Adam Hoyle",0.75,"start billing",,,"Brunello, Inc.","*Brunello Admin"
2019-05-01,"Adam Hoyle",1.0,"voicevantage estimate",,,"Brunello, Inc.","*Brunello Admin"
2019-04-26,"Adam Hoyle",1.0,"call w/ voicevantage",,,"Brunello, Inc.","*Brunello Admin"
2019-04-25,"Adam Hoyle",1.0,"banking and deposits",,,"Brunello, Inc.","*Brunello Admin"
2019-04-18,"Adam Hoyle",0.5,"call w/ Sean Nolan re: Myron.com",,,"Brunello, Inc.","*Brunello Admin"
2019-04-10,"Adam Hoyle",0.25,"deposits and QB",,,"Brunello, Inc.","*Brunello Admin"
2019-04-08,"Adam Hoyle",2.25,"billing and QB",,,"Brunello, Inc.","*Brunello Admin"
2019-04-03,"Adam Hoyle",0.5,"email response to Pam Meyer - Lie Spotting",,,"Brunello, Inc.","*Brunello Admin"
2019-03-26,"Adam Hoyle",1.0,"mail, banking and bills",,,"Brunello, Inc.","*Brunello Admin"
2019-03-25,"Adam Hoyle",0.5,"banking and record deposits",,,"Brunello, Inc.","*Brunello Admin"
2019-03-11,"Adam Hoyle",0.5,"billing",,,"Brunello, Inc.","*Brunello Admin"
2019-03-07,"Adam Hoyle",1.5,"billing, banking and QB",,,"Brunello, Inc.","*Brunello Admin"
2019-02-22,"Adam Hoyle",0.5,"support and emails to Total Recall requesting site info",,,"Brunello, Inc.","*Brunello Admin"
2019-02-22,"Adam Hoyle",0.5,"support and emails to Total Recall re: end of life got PHP5 and Drupal6",,,"Brunello, Inc.","*Brunello Admin"
2019-02-20,"Adam Hoyle",3.5,"CMSB upgrade and Brunello site fix",,,"Brunello, Inc.","*Brunello Admin"
2019-02-19,"Adam Hoyle",1.25,"Brunello site outage troubleshooting, Liquid web review, catch up and refresh",,,"Brunello, Inc.","*Brunello Admin"
2019-02-19,"Adam Hoyle",0.5,"deposits, billing and QB",,,"Brunello, Inc.","*Brunello Admin"
2019-02-07,"Adam Hoyle",0.25,"deposits and QB",,,"Brunello, Inc.","*Brunello Admin"
2019-02-06,"Adam Hoyle",0.5,"billing and QB",,,"Brunello, Inc.","*Brunello Admin"
2019-02-05,"Adam Hoyle",0.5,"billing",,,"Brunello, Inc.","*Brunello Admin"
2019-02-04,"Adam Hoyle",0.5,"billing",,,"Brunello, Inc.","*Brunello Admin"
2019-01-25,"Adam Hoyle",1.0,"SEO training",,,"Brunello, Inc.","*Brunello Admin"
2019-01-24,"Adam Hoyle",2.5,"SEO training",,,"Brunello, Inc.","*Brunello Admin"
2019-01-22,"Adam Hoyle",1.25,"Sasaki estimate updates",,,"Brunello, Inc.","*Brunello Admin"
2019-01-15,"Adam Hoyle",1.75,"Deposits and QB, process snail mail",,,"Brunello, Inc.","*Brunello Admin"
2019-01-14,"Adam Hoyle",1.75,"catch up on email",,,"Brunello, Inc.","*Brunello Admin"
2019-01-14,"Adam Hoyle",0.5,"adobe updates",,,"Brunello, Inc.","*Brunello Admin"
2019-01-10,"Adam Hoyle",0.25,"Jobsity followup",,,"Brunello, Inc.","*Brunello Admin"
2019-01-09,"Adam Hoyle",0.25,"Jobsity followup",,,"Brunello, Inc.","*Brunello Admin"
2019-01-08,"Adam Hoyle",0.25,"Jobsity followup",,,"Brunello, Inc.","*Brunello Admin"
2019-01-07,"Adam Hoyle",2.5,"billing and QB",,,"Brunello, Inc.","*Brunello Admin"
2019-01-07,"Adam Hoyle",0.25,"process email",,,"Brunello, Inc.","*Brunello Admin"
2019-01-07,"Adam Hoyle",0.5,"Jobsity billing audit and review",,,"Brunello, Inc.","*Brunello Admin"
2019-01-03,"Adam Hoyle",1.0,"BC cleanup",,,"Brunello, Inc.","*Brunello Admin"
2019-01-02,"Adam Hoyle",0.5,"Brunello team meeting",,,"Brunello, Inc.","*Brunello Admin"
2019-01-02,"Adam Hoyle",2.75,"Email and catching up, QuickBooks, banking",,,"Brunello, Inc.","*Brunello Admin"
2018-12-20,"Adam Hoyle",0.25,"Enel 2019 estimate updates",,,"Brunello, Inc.","*Brunello Admin"
2018-12-19,"Adam Hoyle",2.75,"Enel estimate for Emoto and 2019 retainer",,,"Brunello, Inc.","*Brunello Admin"
2018-12-18,"Adam Hoyle",0.5,"payroll and taxes",,,"Brunello, Inc.","*Brunello Admin"
2018-12-18,"Adam Hoyle",1.0,"process email",,,"Brunello, Inc.","*Brunello Admin"
2018-12-13,"Adam Hoyle",0.5,"tax prep",,,"Brunello, Inc.","*Brunello Admin"
2018-12-12,"Adam Hoyle",0.5,"finish billing",,,"Brunello, Inc.","*Brunello Admin"
2018-12-11,"Adam Hoyle",0.5,"record QB deposits",,,"Brunello, Inc.","*Brunello Admin"
2018-12-07,"Adam Hoyle",2.75,"finish billing",,,"Brunello, Inc.","*Brunello Admin"
2018-12-06,"Adam Hoyle",0.5,"sasaki estimate breakout",,,"Brunello, Inc.","*Brunello Admin"
2018-12-06,"Adam Hoyle",3.0,"billing and QB",,,"Brunello, Inc.","*Brunello Admin"
2018-12-03,"Adam Hoyle",0.75,"process email and plan day/week",,,"Brunello, Inc.","*Brunello Admin"
2018-11-29,"Adam Hoyle",0.5,"QB and deposits",,,"Brunello, Inc.","*Brunello Admin"
2018-11-27,"Adam Hoyle",3.0,"sasaki estimate",,,"Brunello, Inc.","*Brunello Admin"
2018-11-19,"Adam Hoyle",0.5,"billing, banking and QB",,,"Brunello, Inc.","*Brunello Admin"
2018-11-16,"Adam Hoyle",0.5,"billing, banking and QB",,,"Brunello, Inc.","*Brunello Admin"
2018-11-09,"Adam Hoyle",0.5,"billing",,,"Brunello, Inc.","*Brunello Admin"
2018-11-08,"Adam Hoyle",0.75,"send out billing, followup on outstanding invoices, deposit checks",,,"Brunello, Inc.","*Brunello Admin"
2018-11-07,"Adam Hoyle",1.5,"billing",,,"Brunello, Inc.","*Brunello Admin"
2018-10-30,"Adam Hoyle",0.75,"QB and deposits, followups",,,"Brunello, Inc.","*Brunello Admin"
2018-10-17,"Adam Hoyle",0.5,"QB and deposits",,,"Brunello, Inc.","*Brunello Admin"
2018-10-11,"Adam Hoyle",1.25,"billing and QB",,,"Brunello, Inc.","*Brunello Admin"
2018-10-09,"Adam Hoyle",2.0,"billing",,,"Brunello, Inc.","*Brunello Admin"
2018-10-09,"Adam Hoyle",0.5,"prep for call w/ Tonya re: Opioid Grandparents website",,,"Brunello, Inc.","*Brunello Admin"
2018-10-04,"Adam Hoyle",0.5,"billing",,,"Brunello, Inc.","*Brunello Admin"
2018-10-03,"Adam Hoyle",0.5,"billing",,,"Brunello, Inc.","*Brunello Admin"
2018-09-25,"Adam Hoyle",0.5,"QB deposits",,,"Brunello, Inc.","*Brunello Admin"
2018-09-13,"Adam Hoyle",0.5,"catchup on emails, review notes, organize todos, plan day",,,"Brunello, Inc.","*Brunello Admin"
2018-09-06,"Adam Hoyle",1.0,"finish billing",,,"Brunello, Inc.","*Brunello Admin"
2018-09-05,"Adam Hoyle",3.5,"billing and deposits",,,"Brunello, Inc.","*Brunello Admin"
2018-09-04,"Adam Hoyle",1.5,"Billing and QB",,,"Brunello, Inc.","*Brunello Admin"
2018-08-27,"Adam Hoyle",0.75,"Deposits and QB",,,"Brunello, Inc.","*Brunello Admin"
2018-08-09,"Adam Hoyle",0.5,"invoicing",,,"Brunello, Inc.","*Brunello Admin"
2018-08-08,"Adam Hoyle",0.5,"Qb and deposits",,,"Brunello, Inc.","*Brunello Admin"
2018-08-06,"Adam Hoyle",1.25,"process email and clean up basecamp todos",,,"Brunello, Inc.","*Brunello Admin"
2018-08-02,"Adam Hoyle",4.0,"billing and QB",,,"Brunello, Inc.","*Brunello Admin"
2018-07-30,"Adam Hoyle",0.5,"review notes, organize todos, plan day",,,"Brunello, Inc.","*Brunello Admin"
2018-07-24,"Adam Hoyle",0.5,"review notes, organize todos, plan day",,,"Brunello, Inc.","*Brunello Admin"
2018-07-23,"Adam Hoyle",1.75,"catch up on emails and activity from last week",,,"Brunello, Inc.","*Brunello Admin"
2018-07-17,"Adam Hoyle",1.25,"process email and catch up",,,"Brunello, Inc.","*Brunello Admin"
2018-07-12,"Adam Hoyle",0.5,"review notes, organize todos, plan day",,,"Brunello, Inc.","*Brunello Admin"
2018-07-10,"Adam Hoyle",0.75,"finish billing",,,"Brunello, Inc.","*Brunello Admin"
2018-07-09,"Adam Hoyle",3.0,"Billing",,,"Brunello, Inc.","*Brunello Admin"
2018-07-09,"Adam Hoyle",0.25,"quick Brunello checkin",,,"Brunello, Inc.","*Brunello Admin"
2018-07-09,"Adam Hoyle",0.5,"review notes, organize todos, plan day",,,"Brunello, Inc.","*Brunello Admin"
2018-07-02,"Adam Hoyle",0.5,"billing - update and send invoices",,,"Brunello, Inc.","*Brunello Admin"
2018-06-27,"Adam Hoyle",1.5,"on-boarding estimate",,,"Brunello, Inc.","*Brunello Admin"
2018-06-26,"Adam Hoyle",2.0,"Sonima estimates",,,"Brunello, Inc.","*Brunello Admin"
2018-06-26,"Adam Hoyle",0.5,"process inbox, respond to emails, misc. coordination with peeps",,,"Brunello, Inc.","*Brunello Admin"
2018-06-26,"Adam Hoyle",0.25,"review notes, organize todos, plan day",,,"Brunello, Inc.","*Brunello Admin"
2018-06-25,"Adam Hoyle",0.5,"review notes, organize todos, plan day",,,"Brunello, Inc.","*Brunello Admin"
2018-06-25,"Adam Hoyle",0.5,"contentful demo",,,"Brunello, Inc.","*Brunello Admin"
2018-06-25,"Adam Hoyle",0.75,"call w/ Sean and Nicole re: onboarding and transition",,,"Brunello, Inc.","*Brunello Admin"
2018-06-20,"Adam Hoyle",0.5,"review notes, organize todos, plan day",,,"Brunello, Inc.","*Brunello Admin"
2018-06-19,"Adam Hoyle",2.5,"Sonima estimate",,,"Brunello, Inc.","*Brunello Admin"
2018-06-19,"Adam Hoyle",0.25,"review notes, organize todos, plan day",,,"Brunello, Inc.","*Brunello Admin"
2018-06-15,"Adam Hoyle",0.5,"review notes, organize todos, plan day",,,"Brunello, Inc.","*Brunello Admin"
2018-06-13,"Adam Hoyle",0.5,"process and followup on emails",,,"Brunello, Inc.","*Brunello Admin"
2018-06-13,"Adam Hoyle",0.75,"review notes, organize todos, plan day",,,"Brunello, Inc.","*Brunello Admin"
2018-06-11,"Adam Hoyle",0.75,"deposits and QB",,,"Brunello, Inc.","*Brunello Admin"
2018-06-07,"Adam Hoyle",0.25,"update invoice for Sonima",,,"Brunello, Inc.","*Brunello Admin"
2018-06-06,"Adam Hoyle",0.5,"inbox zero",,,"Brunello, Inc.","*Brunello Admin"
2018-06-06,"Adam Hoyle",0.5,"review notes, organize todos, plan day",,,"Brunello, Inc.","*Brunello Admin"
2018-06-05,"Adam Hoyle",2.5,"QB, billing and deposits",,,"Brunello, Inc.","*Brunello Admin"
2018-06-05,"Adam Hoyle",0.5,"conference call w/ Christian and Jobsity",,,"Brunello, Inc.","*Brunello Admin"
2018-06-05,"Adam Hoyle",0.5,"Christian onboarding",,,"Brunello, Inc.","*Brunello Admin"
2018-06-05,"Adam Hoyle",0.5,"review notes, organize todos, plan day",,,"Brunello, Inc.","*Brunello Admin"
2018-06-04,"Adam Hoyle",0.75,"billing",,,"Brunello, Inc.","*Brunello Admin"
2018-05-24,"Adam Hoyle",1.5,"elev8d estimate and email to Sean",,,"Brunello, Inc.","*Brunello Admin"
2018-05-23,"Adam Hoyle",1.0,"lunch w/ Jay and Nicole",,,"Brunello, Inc.","*Brunello Admin"
2018-05-22,"Adam Hoyle",1.25,"process email, update BC, organize and review projects and todos",,,"Brunello, Inc.","*Brunello Admin"
2018-05-22,"Adam Hoyle",0.75,"QB and deposits",,,"Brunello, Inc.","*Brunello Admin"
2018-05-17,"Adam Hoyle",0.5,"revised estimate for Elev8d Fitness",,,"Brunello, Inc.","*Brunello Admin"
2018-05-17,"Adam Hoyle",0.5,"call w/ Christian",,,"Brunello, Inc.","*Brunello Admin"
2018-05-11,"Adam Hoyle",0.75,"call w/ Sean re: Elev8d",,,"Brunello, Inc.","*Brunello Admin"
2018-05-10,"Adam Hoyle",0.5,"finish billing",,,"Brunello, Inc.","*Brunello Admin"
2018-05-10,"Adam Hoyle",0.25,"procedural planning",,,"Brunello, Inc.","*Brunello Admin"
2018-05-10,"Adam Hoyle",0.75,"research Drupal devs",,,"Brunello, Inc.","*Brunello Admin"
2018-05-09,"Adam Hoyle",0.25,"review and send UX Audit email",,,"Brunello, Inc.","*Brunello Admin"
2018-05-09,"Adam Hoyle",0.25,"discuss UX audit w/ Kyle",,,"Brunello, Inc.","*Brunello Admin"
2018-05-08,"Adam Hoyle",1.0,"record deposits in QB, review past due receivables",,,"Brunello, Inc.","*Brunello Admin"
2018-05-07,"Adam Hoyle",1.0,"bank deposits and billing",,,"Brunello, Inc.","*Brunello Admin"
2018-05-04,"Adam Hoyle",0.5,"retainer billing",,,"Brunello, Inc.","*Brunello Admin"
2018-04-24,"Adam Hoyle",0.5,"review notes, organize todos, plan day",,,"Brunello, Inc.","*Brunello Admin"
2018-04-24,"Adam Hoyle",0.5,"call w/ Sean Nolan re: Elevated Fitness",,,"Brunello, Inc.","*Brunello Admin"
2018-04-23,"Adam Hoyle",0.5,"scrum",,,"Brunello, Inc.","*Brunello Admin"
2018-04-23,"Adam Hoyle",0.5,"review notes, organize todos, plan day/week",,,"Brunello, Inc.","*Brunello Admin"
2018-04-17,"Adam Hoyle",7.0,"Meeting at Columbia",,,"Brunello, Inc.","*Brunello Admin"
2018-04-09,"Adam Hoyle",0.75,"scrum",,,"Brunello, Inc.","*Brunello Admin"
2018-04-09,"Adam Hoyle",0.5,"review notes, organize todos, plan day",,,"Brunello, Inc.","*Brunello Admin"
2018-04-05,"Adam Hoyle",0.75,"finish billing",,,"Brunello, Inc.","*Brunello Admin"
2018-04-04,"Adam Hoyle",0.5,"review notes, organize todos, plan day",,,"Brunello, Inc.","*Brunello Admin"
2018-04-03,"Adam Hoyle",1.75,"billing and QB",,,"Brunello, Inc.","*Brunello Admin"
2018-04-03,"Adam Hoyle",0.5,"review notes, organize todos, plan day",,,"Brunello, Inc.","*Brunello Admin"
2018-04-02,"Adam Hoyle",1.25,"billing and QB",,,"Brunello, Inc.","*Brunello Admin"
2018-04-02,"Adam Hoyle",0.5,"review notes, organize todos, plan day/week",,,"Brunello, Inc.","*Brunello Admin"
2018-04-02,"Adam Hoyle",0.75,"scrum",,,"Brunello, Inc.","*Brunello Admin"
2018-03-28,"Adam Hoyle",1.0,"research and review Drupal security notice",,,"Brunello, Inc.","*Brunello Admin"
2018-03-22,"Adam Hoyle",1.0,"Monday.com demo",,,"Brunello, Inc.","*Brunello Admin"
2018-03-15,"Adam Hoyle",0.5,"review notes, organize todos, plan day",,,"Brunello, Inc.","*Brunello Admin"
2018-03-14,"Adam Hoyle",0.5,"review notes, organize todos, plan day",,,"Brunello, Inc.","*Brunello Admin"
2018-03-14,"Adam Hoyle",1.0,"review, distribute, sign and return tax forms for Boomerang and Brunello",,,"Brunello, Inc.","*Brunello Admin"
2018-03-13,"Adam Hoyle",1.5,"research and gather responses to CTO re: corporate tax filing",,,"Brunello, Inc.","*Brunello Admin"
2018-03-12,"Adam Hoyle",0.5,"review notes, organize todos, plan day",,,"Brunello, Inc.","*Brunello Admin"
2018-03-12,"Adam Hoyle",0.5,"scrum",,,"Brunello, Inc.","*Brunello Admin"
2018-03-12,"Adam Hoyle",0.75,"research SEPs",,,"Brunello, Inc.","*Brunello Admin"
2018-03-12,"Adam Hoyle",2.0,"research and gather responses to CTO re: corporate tax filing",,,"Brunello, Inc.","*Brunello Admin"
2018-03-06,"Adam Hoyle",0.75,"review and send Boomerang account info to CTO, followup on Brunello, send requested files",,,"Brunello, Inc.","*Brunello Admin"
2018-03-06,"Adam Hoyle",1.25,"inbox zero",,,"Brunello, Inc.","*Brunello Admin"
2018-03-06,"Adam Hoyle",1.25,"review Columbia RFP and current site, review magazine",,,"Brunello, Inc.","*Brunello Admin"
2018-03-05,"Adam Hoyle",1.25,"finish and send billing",,,"Brunello, Inc.","*Brunello Admin"
2018-03-02,"Adam Hoyle",0.75,"billing",,,"Brunello, Inc.","*Brunello Admin"
2018-02-26,"Adam Hoyle",0.5,"review notes, organize todos, plan day",,,"Brunello, Inc.","*Brunello Admin"
2018-02-26,"Adam Hoyle",0.5,"scrum",,,"Brunello, Inc.","*Brunello Admin"
2018-02-21,"Adam Hoyle",0.75,"process email, prune inbox",,,"Brunello, Inc.","*Brunello Admin"
2018-02-13,"Adam Hoyle",2.0,"review 2017 financials",,,"Brunello, Inc.","*Brunello Admin"
2018-02-07,"Adam Hoyle",0.75,"billing and QB",,,"Brunello, Inc.","*Brunello Admin"
2018-01-18,"Adam Hoyle",2.0,"NR retainer",,,"Brunello, Inc.","*Brunello Admin"
2018-01-17,"Adam Hoyle",0.5,"review notes, organize todos, plan day",,,"Brunello, Inc.","*Brunello Admin"
2018-01-16,"Adam Hoyle",0.5,"process email",,,"Brunello, Inc.","*Brunello Admin"
2018-01-15,"Adam Hoyle",0.5,"review notes, organize todos, plan day",,,"Brunello, Inc.","*Brunello Admin"
2018-01-11,"Adam Hoyle",0.5,"read Smith proposal",,,"Brunello, Inc.","*Brunello Admin"
2018-01-11,"Adam Hoyle",0.5,"review notes, organize todos, plan day",,,"Brunello, Inc.","*Brunello Admin"
2018-01-10,"Adam Hoyle",1.0,"process email",,,"Brunello, Inc.","*Brunello Admin"
2018-01-08,"Adam Hoyle",0.5,"New biz call w/ Smith College",,,"Brunello, Inc.","*Brunello Admin"
2018-01-08,"Adam Hoyle",0.5,"review notes, organize todos, plan day",,,"Brunello, Inc.","*Brunello Admin"
2018-01-05,"Adam Hoyle",2.0,"billing and QB, send out invoices",,,"Brunello, Inc.","*Brunello Admin"
2018-01-04,"Adam Hoyle",1.25,"process email",,,"Brunello, Inc.","*Brunello Admin"
2018-01-02,"Adam Hoyle",1.5,"emails and catchup",,,"Brunello, Inc.","*Brunello Admin"
2018-01-02,"Adam Hoyle",2.0,"billing, QB",,,"Brunello, Inc.","*Brunello Admin"
2019-05-22,"Adam Hoyle",0.5,"support for three columns and HTML in node body on program page",,,"Citizens Energy","Cit: Joe4Sun"
2019-08-12,"Adam Hoyle",0.5,"troubleshoot site outage 8-12-2019, cloudflare and rackspace",,,"Citizens Energy","Dev./Misc. Support"
2019-01-31,"Adam Hoyle",0.25,"","Implement new Energy Storage icon into the Page template","Jan 2019","Citizens Energy","Dev./Misc. Support"
2019-01-30,"Adam Hoyle",0.5,"review request, update basecamp, email client","Implement new Energy Storage icon into the Page template","Jan 2019","Citizens Energy","Dev./Misc. Support"
2020-09-21,"Adam Hoyle",1.0,"SSL support",,,"Columbia University","Columbia Magazine"
2020-03-11,"Adam Hoyle",1.25,"kickoff call for tech handoff",,,"Columbia University","Columbia Magazine"
2020-03-06,"Adam Hoyle",1.0,"launch support and coordination",,,"CSMi","Dev./Misc. Support"
2020-03-05,"Adam Hoyle",1.0,"call w/ CSMi to discuss billing and final steps for launch.",,,"CSMi","Dev./Misc. Support"
2020-01-10,"Adam Hoyle",0.25,"","Create SPF and DKIM records for ZoHo","Misc. Requests","CSMi","Dev./Misc. Support"
2020-01-09,"Adam Hoyle",1.5,"","Create SPF and DKIM records for ZoHo","Misc. Requests","CSMi","Dev./Misc. Support"
2020-01-07,"Adam Hoyle",2.0,"update CSS, deploy, test, email Mike","Fix broken FAQs","Misc. Requests","CSMi","Dev./Misc. Support"
2020-01-07,"Adam Hoyle",0.5,"research and respond with estimate","Fix broken FAQs","Misc. Requests","CSMi","Dev./Misc. Support"
2020-01-07,"Adam Hoyle",0.5,"check CSMi SPF records, review ZoHo documentation and respond to Mike","Create SPF and DKIM records for ZoHo","Misc. Requests","CSMi","Dev./Misc. Support"
2020-01-02,"Adam Hoyle",0.5,"uninstall","Install VisualVisitor script on select pages","Misc. Requests","CSMi","Dev./Misc. Support"
2019-12-18,"Adam Hoyle",0.25,"Send high-res logos to Rob",,,"CSMi","Dev./Misc. Support"
2019-11-22,"Adam Hoyle",0.5,"add block to footer, add code, clear cache, check, email Mike","Install VisualVisitor script on select pages","Misc. Requests","CSMi","Dev./Misc. Support"
2019-11-22,"Adam Hoyle",0.25,"review request and add to BC","Install VisualVisitor script on select pages","Misc. Requests","CSMi","Dev./Misc. Support"
2019-11-06,"Adam Hoyle",0.25,"update/replace with new script","Install ZoHo Live Chat script on all pages","Misc. Requests","CSMi","Dev./Misc. Support"
2019-11-04,"Adam Hoyle",0.5,"","Install ZoHo Live Chat script on all pages","Misc. Requests","CSMi","Dev./Misc. Support"
2019-10-31,"Adam Hoyle",0.25,"","Install ZoHo Live Chat script on all pages","Misc. Requests","CSMi","Dev./Misc. Support"
2019-10-30,"Adam Hoyle",0.25,"","Retrieve SportsWare logo from archives and send","Misc. Requests","CSMi","Dev./Misc. Support"
2019-10-03,"Adam Hoyle",0.75,"","Update HUMACUPGRADE logo and product image on homepage","Misc. Requests","CSMi","Dev./Misc. Support"
2019-10-01,"Adam Hoyle",4.0,"Troubleshoot issue with developer replacing Drupal .htaccess, create redirect rules, test","Support for SSL redirect","Misc. Requests","CSMi","Dev./Misc. Support"
2019-02-26,"Adam Hoyle",0.5,"disable lead-gen pages",,,"CSMi","Dev./Misc. Support"
2018-09-21,"Adam Hoyle",0.5,"help Rob with error on email form submission due to SMTP",,,"CSMi","Dev./Misc. Support"
2020-10-16,"Adam Hoyle",1.5,"troubleshoot SSL, verify and get new SSL issued, install",,,"Dartmouth College","Misc. updates"
2020-03-07,"Adam Hoyle",1.0,"Troubleshoot site outage",,,"Dartmouth College","Misc. updates"
2019-10-25,"Adam Hoyle",0.5,"review Rackspace server account",,,"Dartmouth College","Misc. updates"
2020-11-13,"Adam Hoyle",1.75,"","Testing / QA","Development","Enel NA","DR Calculator"
2020-11-10,"Adam Hoyle",1.5,"","Testing iFrame","Post-Launch","Enel NA","DR Calculator"
2020-10-30,"Adam Hoyle",1.0,"","Testing / QA","Development","Enel NA","DR Calculator"
2020-10-30,"Adam Hoyle",0.5,"","Testing / QA","Development","Enel NA","DR Calculator"
2020-10-23,"Adam Hoyle",1.0,"demo call and questions","Meetings","Misc","Enel NA","DR Calculator"
2020-10-23,"Adam Hoyle",0.75,"test iframe",,,"Enel NA","DR Calculator"
2020-09-17,"Adam Hoyle",0.25,"","Integration with Salesforce for lead capture","Development","Enel NA","DR Calculator"
2019-06-18,"Adam Hoyle",0.5,"review and send","Rebranding of eMotorWerks PDFs to Enel X","Rebranding of PDFs & Resources","Enel NA","eMotorWerks Site Migration"
2019-06-13,"Adam Hoyle",0.5,"review EMW sitemap notes from Anna and respond to Meg",,,"Enel NA","eMotorWerks Site Migration"
2019-06-12,"Adam Hoyle",0.25,"gather and review branding and restyling guides, send to Jay",,,"Enel NA","eMotorWerks Site Migration"
2019-04-05,"Adam Hoyle",0.5,"kickoff call w/ Meg","Meetings & Phone Calls","Misc.","Enel NA","eMotorWerks Site Migration"
2019-01-29,"Adam Hoyle",0.5,"","DR Customer Login Updates","Post-Launch","Enel NA","EnerNOC -> Enel X Rebranding"
2019-01-04,"Adam Hoyle",0.5,"launch page and test","DR Customer Login Updates","Post-Launch","Enel NA","EnerNOC -> Enel X Rebranding"
2019-01-04,"Adam Hoyle",0.5,"","DR Customer Login Updates","Post-Launch","Enel NA","EnerNOC -> Enel X Rebranding"
2018-12-21,"Adam Hoyle",1.0,"","DR Customer Login Updates","Post-Launch","Enel NA","EnerNOC -> Enel X Rebranding"
2018-12-19,"Adam Hoyle",1.0,"Enel press release","Add additional Resources","Post-Launch","Enel NA","EnerNOC -> Enel X Rebranding"
2018-12-18,"Adam Hoyle",0.5,"","Add additional Resources","Post-Launch","Enel NA","EnerNOC -> Enel X Rebranding"
2018-12-18,"Adam Hoyle",1.0,"DR login page","DR Customer Login Updates","Post-Launch","Enel NA","EnerNOC -> Enel X Rebranding"
2018-12-17,"Adam Hoyle",1.25,"EnelX Training",,,"Enel NA","EnerNOC -> Enel X Rebranding"
2018-12-17,"Adam Hoyle",0.5,"Call w/ Meg re: emotoworks",,,"Enel NA","EnerNOC -> Enel X Rebranding"
2018-12-17,"Adam Hoyle",1.0,"Enel X CMS training w/ Liz",,,"Enel NA","EnerNOC -> Enel X Rebranding"
2018-12-13,"Adam Hoyle",1.5,"CMS training for Liz and followups",,,"Enel NA","EnerNOC -> Enel X Rebranding"
2018-12-12,"Adam Hoyle",2.75,"add gated content and work through bugs with Jonathan, update resource PDFs","Add additional Resources","Post-Launch","Enel NA","EnerNOC -> Enel X Rebranding"
2018-12-11,"Adam Hoyle",0.5,"Enel X Resources, notes for Liz, upload new PDFs","Add additional Resources","Post-Launch","Enel NA","EnerNOC -> Enel X Rebranding"
2018-12-11,"Adam Hoyle",0.75,"","Add additional Resources","Post-Launch","Enel NA","EnerNOC -> Enel X Rebranding"
2018-12-10,"Adam Hoyle",1.25,"","Add additional Resources","Post-Launch","Enel NA","EnerNOC -> Enel X Rebranding"
2018-12-07,"Adam Hoyle",1.0,"","Add additional Resources","Post-Launch","Enel NA","EnerNOC -> Enel X Rebranding"
2018-12-05,"Adam Hoyle",0.75,"","Add additional Resources","Post-Launch","Enel NA","EnerNOC -> Enel X Rebranding"
2018-12-04,"Adam Hoyle",1.5,"adding additional resources","Add additional Resources","Post-Launch","Enel NA","EnerNOC -> Enel X Rebranding"
2018-12-04,"Adam Hoyle",0.5,"call w/ Rome re: adding new functionality -- search and pre-population scripts",,,"Enel NA","EnerNOC -> Enel X Rebranding"
2018-11-30,"Adam Hoyle",0.5,"call w/ Meg to discuss new login landing page",,,"Enel NA","EnerNOC -> Enel X Rebranding"
2018-11-30,"Adam Hoyle",1.5,"Enel X research components for new login landing page, create prototype, send to Meg for review",,,"Enel NA","EnerNOC -> Enel X Rebranding"
2018-11-29,"Adam Hoyle",0.75,"call w/ Jeanne, Meg, Colin to discuss adding gated content","Add additional Gated Content","Post-Launch","Enel NA","EnerNOC -> Enel X Rebranding"
2018-11-29,"Adam Hoyle",0.25,"review request and add to BC","Add new Resource for Mexico procurement","Post-Launch","Enel NA","EnerNOC -> Enel X Rebranding"
2018-11-29,"Adam Hoyle",0.25,"review request and update BC","DR Customer Login Updates","Post-Launch","Enel NA","EnerNOC -> Enel X Rebranding"
2018-11-29,"Adam Hoyle",0.25,"review request and add to BC","Update all Resources for consistency","Post-Launch","Enel NA","EnerNOC -> Enel X Rebranding"
2018-11-29,"Adam Hoyle",1.25,"review AEM documentation and back-end, respond to Meg",,,"Enel NA","EnerNOC -> Enel X Rebranding"
2018-11-29,"Adam Hoyle",0.75,"+ Kimberly Clark","Add new Resource for Mexico procurement","Post-Launch","Enel NA","EnerNOC -> Enel X Rebranding"
2018-11-21,"Adam Hoyle",1.75,"","Add additional Resources","Post-Launch","Enel NA","EnerNOC -> Enel X Rebranding"
2018-11-19,"Adam Hoyle",0.5,"Enel X: hide /sunpower, update pingdom check",,,"Enel NA","EnerNOC -> Enel X Rebranding"
2018-11-19,"Adam Hoyle",0.5,"","Add additional Resources","Post-Launch","Enel NA","EnerNOC -> Enel X Rebranding"
2018-11-16,"Adam Hoyle",0.75,"redirects",,,"Enel NA","EnerNOC -> Enel X Rebranding"
2018-11-16,"Adam Hoyle",1.25,"PDF upload, create new brochure page, troubleshoot and fix domain redirect issue configure Pingdom for resources, fix broken images on contact pages",,,"Enel NA","EnerNOC -> Enel X Rebranding"
2018-11-16,"Adam Hoyle",0.25,"review and send","Pull a list of all EnergySmart blog posts going back 5 years","Post-Launch","Enel NA","EnerNOC -> Enel X Rebranding"
2018-11-15,"Adam Hoyle",0.25,"process request, update BC","Pull a list of all EnergySmart blog posts going back 5 years","Post-Launch","Enel NA","EnerNOC -> Enel X Rebranding"
2018-11-13,"Adam Hoyle",0.5,"post-launch firedrills and coordination",,,"Enel NA","EnerNOC -> Enel X Rebranding"
2018-11-12,"Adam Hoyle",3.5,"post-launch testing and updates",,,"Enel NA","EnerNOC -> Enel X Rebranding"
2018-11-12,"Adam Hoyle",4.5,"final prep for launch",,,"Enel NA","EnerNOC -> Enel X Rebranding"
2018-11-09,"Adam Hoyle",0.5,"work on form updates from Jeanne, followup with Jonathan",,,"Enel NA","EnerNOC -> Enel X Rebranding"
2018-11-09,"Adam Hoyle",1.5,"review AEM documentation guide",,,"Enel NA","EnerNOC -> Enel X Rebranding"
2018-11-09,"Adam Hoyle",1.0,"review and test Asset Item component",,,"Enel NA","EnerNOC -> Enel X Rebranding"
2018-11-08,"Adam Hoyle",2.5,"Eloqua form updates",,,"Enel NA","EnerNOC -> Enel X Rebranding"
2018-11-07,"Adam Hoyle",3.25,"final update and launch prep",,,"Enel NA","EnerNOC -> Enel X Rebranding"
2018-11-06,"Adam Hoyle",1.75,"Adding Resources",,,"Enel NA","EnerNOC -> Enel X Rebranding"
2018-11-06,"Adam Hoyle",1.5,"Adding Resources",,,"Enel NA","EnerNOC -> Enel X Rebranding"
2018-11-06,"Adam Hoyle",3.5,"AEM Training",,,"Enel NA","EnerNOC -> Enel X Rebranding"
2018-11-05,"Adam Hoyle",2.5,"Adding Resources",,,"Enel NA","EnerNOC -> Enel X Rebranding"
2018-11-05,"Adam Hoyle",0.25,"call w/ Rome",,,"Enel NA","EnerNOC -> Enel X Rebranding"
2018-11-05,"Adam Hoyle",7.0,"Adding Resources",,,"Enel NA","EnerNOC -> Enel X Rebranding"
2018-11-04,"Adam Hoyle",4.0,"press release uploads",,,"Enel NA","EnerNOC -> Enel X Rebranding"
2018-11-02,"Adam Hoyle",2.5,"press release uploads",,,"Enel NA","EnerNOC -> Enel X Rebranding"
2018-11-01,"Adam Hoyle",2.5,"Press Release PDF uploads",,,"Enel NA","EnerNOC -> Enel X Rebranding"
2018-11-01,"Adam Hoyle",1.5,"remove meta data from Press Release PDFs",,,"Enel NA","EnerNOC -> Enel X Rebranding"
2018-10-31,"Adam Hoyle",4.5,"AEM Training at Enel X Boston",,,"Enel NA","EnerNOC -> Enel X Rebranding"
2018-10-30,"Adam Hoyle",0.75,"go/no-go call",,,"Enel NA","EnerNOC -> Enel X Rebranding"
2018-10-30,"Adam Hoyle",1.5,"misc. support and emails",,,"Enel NA","EnerNOC -> Enel X Rebranding"
2018-10-25,"Adam Hoyle",1.25,"","Updated to Privacy Policy","Post-Launch","Enel NA","EnerNOC -> Enel X Rebranding"
2018-10-24,"Adam Hoyle",0.75,"Eloqua call w/ Global team",,,"Enel NA","EnerNOC -> Enel X Rebranding"
2018-10-24,"Adam Hoyle",0.75,"weekly checkin call w/ Global team",,,"Enel NA","EnerNOC -> Enel X Rebranding"
2018-10-24,"Adam Hoyle",0.5,"Update PDF for Colin","Update rebranded PDFs (ongoing)","Post-Launch","Enel NA","EnerNOC -> Enel X Rebranding"
2018-10-22,"Adam Hoyle",0.25,"Update missing PDF https://university.enelxnorthamerica.com/enernoc-dispatch-notifications-step-step-guide",,,"Enel NA","EnerNOC -> Enel X Rebranding"
2018-10-22,"Adam Hoyle",2.0,"","QA","AEM Site","Enel NA","EnerNOC -> Enel X Rebranding"
2018-10-19,"Adam Hoyle",1.0,"QA",,,"Enel NA","EnerNOC -> Enel X Rebranding"
2018-10-19,"Adam Hoyle",0.5,"conference call w/ Global team",,,"Enel NA","EnerNOC -> Enel X Rebranding"
2018-10-19,"Adam Hoyle",0.75,"","Download all Press Releases","Post-Launch","Enel NA","EnerNOC -> Enel X Rebranding"
2018-10-18,"Adam Hoyle",2.5,"misc. updates: PDF, Cookie Policy, Privacy Policy, etc.",,,"Enel NA","EnerNOC -> Enel X Rebranding"
2018-10-17,"Adam Hoyle",0.5,"","Update footer docs to Enel X North Anerica","Post-Launch","Enel NA","EnerNOC -> Enel X Rebranding"
2018-10-17,"Adam Hoyle",1.25,"troubleshooting email template button","Check styling for EnergySmart blog email","Post-Launch","Enel NA","EnerNOC -> Enel X Rebranding"
2018-10-16,"Adam Hoyle",0.25,"PDF updates","Update rebranded PDFs (ongoing)","Post-Launch","Enel NA","EnerNOC -> Enel X Rebranding"
2018-10-16,"Adam Hoyle",0.25,"","Remove sticky feature from EnergySmart","Post-Launch","Enel NA","EnerNOC -> Enel X Rebranding"
2018-10-15,"Adam Hoyle",1.5,"Create URL list of PDF downloads for global team",,,"Enel NA","EnerNOC -> Enel X Rebranding"
2018-10-12,"Adam Hoyle",1.25,"PDF updates",,,"Enel NA","EnerNOC -> Enel X Rebranding"
2018-10-10,"Adam Hoyle",0.5,"troubleshoot issue with solutions nav","Remove the ""/buy"" page","Post-Launch","Enel NA","EnerNOC -> Enel X Rebranding"
2018-10-10,"Adam Hoyle",0.5,"push updated homepage live","Update homepage","Post-Launch","Enel NA","EnerNOC -> Enel X Rebranding"
2018-10-10,"Adam Hoyle",1.25,"first pass with options for Colin","Update homepage","Post-Launch","Enel NA","EnerNOC -> Enel X Rebranding"
2018-10-10,"Adam Hoyle",2.0,"finish building out on production, QA and testing","Update ""Solutions/Problems We Solve"" landing pages","Post-Launch","Enel NA","EnerNOC -> Enel X Rebranding"
2018-10-10,"Adam Hoyle",3.25,"deploy Solutions / Problems We Solve updates","Update ""Solutions/Problems We Solve"" landing pages","Post-Launch","Enel NA","EnerNOC -> Enel X Rebranding"
2018-10-09,"Adam Hoyle",3.0,"Adobe CMS training day 1",,,"Enel NA","EnerNOC -> Enel X Rebranding"
2018-10-05,"Adam Hoyle",2.5,"final updates to Solutions and Problems sections","Update ""Solutions/Problems We Solve"" landing pages","Post-Launch","Enel NA","EnerNOC -> Enel X Rebranding"
2018-10-05,"Adam Hoyle",0.5,"call w/ Colin to walk through Solutions section","Update ""Solutions/Problems We Solve"" landing pages","Post-Launch","Enel NA","EnerNOC -> Enel X Rebranding"
2018-10-04,"Adam Hoyle",2.25,"review Solutions pages, update notes","Update ""Solutions/Problems We Solve"" landing pages","Post-Launch","Enel NA","EnerNOC -> Enel X Rebranding"
2018-10-04,"Adam Hoyle",4.5,"create Solutions pages","Update ""Solutions/Problems We Solve"" landing pages","Post-Launch","Enel NA","EnerNOC -> Enel X Rebranding"
2018-10-02,"Adam Hoyle",5.75,"QA and post-launch",,,"Enel NA","EnerNOC -> Enel X Rebranding"
2018-10-01,"Adam Hoyle",7.5,"QA and post-launch",,,"Enel NA","EnerNOC -> Enel X Rebranding"
2018-09-30,"Adam Hoyle",2.5,"Qa and email updates",,,"Enel NA","EnerNOC -> Enel X Rebranding"
2018-09-28,"Adam Hoyle",8.5,"final prep for deployment, misc. email comm and coordination, testing, deployment, testing",,,"Enel NA","EnerNOC -> Enel X Rebranding"
2018-09-27,"Adam Hoyle",3.5,"enel x PDFs, homepage updates, about updates and other misc. updates and email comm.",,,"Enel NA","EnerNOC -> Enel X Rebranding"
2018-09-26,"Adam Hoyle",3.0,"call w/ global team and followups, work through todos",,,"Enel NA","EnerNOC -> Enel X Rebranding"
2018-09-25,"Adam Hoyle",3.0,"working through todos",,,"Enel NA","EnerNOC -> Enel X Rebranding"
2018-09-24,"Adam Hoyle",3.25,"working through todos",,,"Enel NA","EnerNOC -> Enel X Rebranding"
2018-09-24,"Adam Hoyle",0.75,"","REMOVE Video assets","EnerNOC.com Rebranding","Enel NA","EnerNOC -> Enel X Rebranding"
2018-09-21,"Adam Hoyle",1.5,"","Update Terms & Conditions (see comment)","EnerNOC.com Rebranding","Enel NA","EnerNOC -> Enel X Rebranding"
2018-09-20,"Adam Hoyle",0.5,"call w/ Meghan re: redirect strategy",,,"Enel NA","EnerNOC -> Enel X Rebranding"
2018-09-20,"Adam Hoyle",3.5,"review 301s and redirect strategy and research options, document deployment plan",,,"Enel NA","EnerNOC -> Enel X Rebranding"
2018-09-20,"Adam Hoyle",0.75,"misc. emails, project coordination and BC updates",,,"Enel NA","EnerNOC -> Enel X Rebranding"
2018-09-19,"Adam Hoyle",3.0,"energysmart blog and university styling",,,"Enel NA","EnerNOC -> Enel X Rebranding"
2018-09-18,"Adam Hoyle",2.0,"energysmart blog styling",,,"Enel NA","EnerNOC -> Enel X Rebranding"
2018-09-14,"Adam Hoyle",1.75,"blog styling",,,"Enel NA","EnerNOC -> Enel X Rebranding"
2018-09-14,"Adam Hoyle",0.5,"misc. project coordination and client emails",,,"Enel NA","EnerNOC -> Enel X Rebranding"
2018-09-14,"Adam Hoyle",0.75,"cleanup spreadsheet, review, update readme, send","Review webforms and provide technical specs (see comment)","AEM Migration Support","Enel NA","EnerNOC -> Enel X Rebranding"
2018-09-13,"Adam Hoyle",0.74,"review request, update BC, review forms, discuss with Mike","Review webforms and provide technical specs (see comment)","AEM Migration Support","Enel NA","EnerNOC -> Enel X Rebranding"
2018-09-13,"Adam Hoyle",0.75,"review and format spreadsheet, draft email","Review webforms and provide technical specs (see comment)","AEM Migration Support","Enel NA","EnerNOC -> Enel X Rebranding"
2018-09-13,"Adam Hoyle",2.0,"restyling main site",,,"Enel NA","EnerNOC -> Enel X Rebranding"
2018-09-13,"Adam Hoyle",0.5,"Review designs for Uni, discuss emart",,,"Enel NA","EnerNOC -> Enel X Rebranding"
2018-09-12,"Adam Hoyle",1.0,"styling: search, 404, 403",,,"Enel NA","EnerNOC -> Enel X Rebranding"
2018-09-12,"Adam Hoyle",1.5,"restyling on dev",,,"Enel NA","EnerNOC -> Enel X Rebranding"
2018-09-12,"Adam Hoyle",1.0,"call w/ global and followups",,,"Enel NA","EnerNOC -> Enel X Rebranding"
2018-09-11,"Adam Hoyle",5.25,"restyling on dev",,,"Enel NA","EnerNOC -> Enel X Rebranding"
2018-09-10,"Adam Hoyle",2.5,"review designs, begin restyling via injector",,,"Enel NA","EnerNOC -> Enel X Rebranding"
2018-09-10,"Adam Hoyle",1.0,"review ""light restyle"" notes from EnerNOC/Enel",,,"Enel NA","EnerNOC -> Enel X Rebranding"
2018-09-06,"Adam Hoyle",1.5,"Study Enel branding materials, print, update BC",,,"Enel NA","EnerNOC -> Enel X Rebranding"
2018-09-05,"Adam Hoyle",1.0,"kickoff call w/ Meghan, Jeanne and Sara",,,"Enel NA","EnerNOC -> Enel X Rebranding"
2018-09-05,"Adam Hoyle",0.5,"project setup and add notes to BC",,,"Enel NA","EnerNOC -> Enel X Rebranding"
2020-12-29,"Adam Hoyle",0.25,"meta desc","Implement SEO suggestions from Power Marketing","Ongoing Request List","Enel NA","Retainer"
2020-12-28,"Adam Hoyle",0.75,"finish conanicals","Implement SEO suggestions from Power Marketing","Ongoing Request List","Enel NA","Retainer"
2020-12-28,"Adam Hoyle",3.5,"conanicals","Implement SEO suggestions from Power Marketing","Ongoing Request List","Enel NA","Retainer"
2020-12-22,"Adam Hoyle",0.25,"Update settings, per Sara, publish in qual","Updates to support TrustArc Cookie Compliance Management (CCM)","Ongoing Request List","Enel NA","Retainer"
2020-12-18,"Adam Hoyle",1.0,"review notes and documentation, update and troubleshoot staging, email Sara","Updates to support TrustArc Cookie Compliance Management (CCM)","Ongoing Request List","Enel NA","Retainer"
2020-12-17,"Adam Hoyle",0.25,"review and respond to Alvaro re: interactive feature",,,"Enel NA","Retainer"
2020-12-17,"Adam Hoyle",0.25,"","Add new Press Release ""STRONG GROWTH ACROSS STORAGE, DEMAND RESPONSE AND EV CHARGING""","Ongoing Request List","Enel NA","Retainer"
2020-12-16,"Adam Hoyle",0.75,"","Add new Press Release ""STRONG GROWTH ACROSS STORAGE, DEMAND RESPONSE AND EV CHARGING""","Ongoing Request List","Enel NA","Retainer"
2020-12-16,"Adam Hoyle",0.25,"","Implement TWE redirects","Ongoing Request List","Enel NA","Retainer"
2020-12-15,"Adam Hoyle",0.5,"research on best technique","Add 'honeypot"" field to contact forms","Ongoing Request List","Enel NA","Retainer"
2020-12-15,"Adam Hoyle",1.75,"","Implement TWE redirects","Ongoing Request List","Enel NA","Retainer"
2020-12-15,"Adam Hoyle",0.25,"email to Jeanne and team re: honeypot",,,"Enel NA","Retainer"
2020-12-14,"Adam Hoyle",0.25,"Look into menu re-ordering, respond to Marianne",,,"Enel NA","Retainer"
2020-12-11,"Adam Hoyle",0.25,"support for Marianne re: navigation updates for regional pages",,,"Enel NA","Retainer"
2020-12-11,"Adam Hoyle",0.5,"review JS files for eloqua scripts and email sara for removal","Update all general contact forms","Ongoing Request List","Enel NA","Retainer"
2020-12-10,"Adam Hoyle",0.25,"publish, check, email AJ","Add new press release ""Energy Hub"" partnership","Ongoing Request List","Enel NA","Retainer"
2020-12-10,"Adam Hoyle",0.25,"updates","Add new blog post ""Ontario GA Changes""","Ongoing Request List","Enel NA","Retainer"
2020-12-10,"Adam Hoyle",1.0,"","Add new blog post ""Ontario GA Changes""","Ongoing Request List","Enel NA","Retainer"
2020-12-09,"Adam Hoyle",0.75,"","Add new press release ""Energy Hub"" partnership","Ongoing Request List","Enel NA","Retainer"
2020-12-09,"Adam Hoyle",0.5,"updates to the contact support page","Update all general contact forms","Ongoing Request List","Enel NA","Retainer"
2020-12-09,"Adam Hoyle",0.25,"","Add new press release ""Energy Hub"" partnership","Ongoing Request List","Enel NA","Retainer"
2020-12-09,"Adam Hoyle",1.5,"Finalize killed forms","Update all general contact forms","Ongoing Request List","Enel NA","Retainer"
2020-12-08,"Adam Hoyle",1.75,"review iframe calc with Kyle, further testing, email Enel, test results page jump","iframe for DR calc","Ongoing Request List","Enel NA","Retainer"
2020-12-08,"Adam Hoyle",1.25,"","Add new blog post ""Texas LR""","Ongoing Request List","Enel NA","Retainer"
2020-12-07,"Adam Hoyle",0.5,"browser testing iframe resize, making notes","iframe for DR calc","Ongoing Request List","Enel NA","Retainer"
2020-12-07,"Adam Hoyle",0.75,"test form double-dropdown in PROD, update get demo form on prod, troubleshoot become partner form, test partner form, email Jeanne","Update all general contact forms","Ongoing Request List","Enel NA","Retainer"
2020-12-07,"Adam Hoyle",0.75,"call to review calc and options to drive traffic to the tool, iframe, etc.","Meetings and Phone Calls","Meetings, Calls, PM","Enel NA","Retainer"
2020-12-03,"Adam Hoyle",0.5,"test form double-dropdown in stage and respond to sara","Update all general contact forms","Ongoing Request List","Enel NA","Retainer"
2020-12-02,"Adam Hoyle",0.25,"live and check","Add new Press Release ""ENEL X AND EATON PARTNER FOR MICROGRID DEVELOPMENT IN PUERTO RICO""","Ongoing Request List","Enel NA","Retainer"
2020-12-01,"Adam Hoyle",0.25,"added image","Add new Press Release ""ENEL X AND EATON PARTNER FOR MICROGRID DEVELOPMENT IN PUERTO RICO""","Ongoing Request List","Enel NA","Retainer"
2020-11-30,"Adam Hoyle",0.75,"","Add new Press Release ""ENEL X AND EATON PARTNER FOR MICROGRID DEVELOPMENT IN PUERTO RICO""","Ongoing Request List","Enel NA","Retainer"
2020-11-24,"Adam Hoyle",1.0,"document issue and email global","Update all general contact forms","Ongoing Request List","Enel NA","Retainer"
2020-11-24,"Adam Hoyle",0.5,"post-launch testing","Update all general contact forms","Ongoing Request List","Enel NA","Retainer"
2020-11-24,"Adam Hoyle",1.5,"troubleshooting get-demo bug","Update all general contact forms","Ongoing Request List","Enel NA","Retainer"
2020-11-23,"Adam Hoyle",1.25,"troubleshoot bug with double dropdowns on forms","Update all general contact forms","Ongoing Request List","Enel NA","Retainer"
2020-11-23,"Adam Hoyle",0.5,"troubleshoot and fix form page linking for October 2020 Market Insights",,,"Enel NA","Retainer"
2020-11-20,"Adam Hoyle",0.25,"update partner email form per Jeanne, clean up email field names, remove unnecessary fields","Update all general contact forms","Ongoing Request List","Enel NA","Retainer"
2020-11-19,"Adam Hoyle",2.0,"Deploy, then rollback because of double-dropdown!","Update all general contact forms","Ongoing Request List","Enel NA","Retainer"
2020-11-19,"Adam Hoyle",0.5,"updates and testing","Update all general contact forms","Ongoing Request List","Enel NA","Retainer"
2020-11-19,"Adam Hoyle",1.5,"publish all test forms, submit tests, respond to Tyan, update spreadsheet","Update all general contact forms","Ongoing Request List","Enel NA","Retainer"
2020-11-18,"Adam Hoyle",4.0,"","Update all general contact forms","Ongoing Request List","Enel NA","Retainer"
2020-11-16,"Adam Hoyle",0.5,"","Remove all locations other than Boston office","Ongoing Request List","Enel NA","Retainer"
2020-11-16,"Adam Hoyle",0.25,"","Add new eBook ""Sustainability Supply Chain Whitepaper""","Ongoing Request List","Enel NA","Retainer"
2020-11-16,"Adam Hoyle",1.0,"","Add new eBook ""Sustainability Supply Chain Whitepaper""","Ongoing Request List","Enel NA","Retainer"
2020-11-11,"Adam Hoyle",0.5,"discuss launch plan for new calc","Meetings and Phone Calls","Meetings, Calls, PM","Enel NA","Retainer"
2020-11-10,"Adam Hoyle",0.5,"add to all forms","SFID override for new custom forms","Ongoing Request List","Enel NA","Retainer"
2020-11-10,"Adam Hoyle",0.5,"test","SFID override for new custom forms","Ongoing Request List","Enel NA","Retainer"
2020-11-09,"Adam Hoyle",0.75,"Check redirects, unpublish all old full-page forms","Update all lead gen forms to point to SalesForce","Ongoing Request List","Enel NA","Retainer"
2020-11-09,"Adam Hoyle",0.75,"create post and schedule email","Add new blog post ""How No-Cost Energy Projects Earn Revenue""","Ongoing Request List","Enel NA","Retainer"
2020-11-06,"Adam Hoyle",0.75,"create spreadsheet, email Jeanne","Update all general contact forms","Ongoing Request List","Enel NA","Retainer"
2020-11-05,"Adam Hoyle",0.5,"test redirects, test form fix from Sara",,,"Enel NA","Retainer"
2020-11-05,"Adam Hoyle",1.0,"call w/ Marianne","Meetings and Phone Calls","Meetings, Calls, PM","Enel NA","Retainer"
2020-11-05,"Adam Hoyle",1.75,"VPN, domain name research and requests to global",,,"Enel NA","Retainer"
2020-11-04,"Adam Hoyle",1.0,"review internal link update spreadsheet, email Marianne, create 301 redirect request list, email Sara G.","Update all lead gen forms to point to SalesForce","Ongoing Request List","Enel NA","Retainer"
2020-11-02,"Adam Hoyle",0.75,"misc. emails and replies to Jeanne and Marianne re: sfid, forms, and resource duplicates (case-study, case-studies)",,,"Enel NA","Retainer"
2020-11-02,"Adam Hoyle",1.25,"update spreadsheet with internal link notes from site crawl","Update all lead gen forms to point to SalesForce","Ongoing Request List","Enel NA","Retainer"
2020-10-30,"Adam Hoyle",0.75,"testing and emails to Marianne and Jeanne","Test form submission to Salesforce","Ongoing Request List","Enel NA","Retainer"
2020-10-29,"Adam Hoyle",0.25,"troubleshoot inconsistent loading behavior optin check box","Update all general contact forms","Ongoing Request List","Enel NA","Retainer"
2020-10-29,"Adam Hoyle",0.5,"review form submissions anomalies, respond to Marianne and Jeanne","Update all lead gen forms to point to SalesForce","Ongoing Request List","Enel NA","Retainer"
2020-10-29,"Adam Hoyle",0.5,"review and respond to jeanne","SFID override for new custom forms","Ongoing Request List","Enel NA","Retainer"
2020-10-29,"Adam Hoyle",0.5,"review and troubleshoot issues with Browser Back sending unknown and US, respond to Marianne","Test form submission to Salesforce","Ongoing Request List","Enel NA","Retainer"
2020-10-27,"Adam Hoyle",0.25,"run screaming frog scan and start to track internal links","Update all lead gen forms to point to SalesForce","Ongoing Request List","Enel NA","Retainer"
2020-10-27,"Adam Hoyle",0.75,"review form on prod, test with Marianne, discuss planning","Test form submission to Salesforce","Ongoing Request List","Enel NA","Retainer"
2020-10-26,"Adam Hoyle",0.5,"review notes and estimate, send to Alvaro","Create wind power animation minisite","Ongoing Request List","Enel NA","Retainer"
2020-10-22,"Adam Hoyle",0.25,"publish and send final test of email","Add new blog post ""Backup Generator Upgrades Boost Earnings, Cut Emissions ""","Ongoing Request List","Enel NA","Retainer"
2020-10-21,"Adam Hoyle",0.5,"create email and test, schedule campaign","Add new blog post ""Backup Generator Upgrades Boost Earnings, Cut Emissions ""","Ongoing Request List","Enel NA","Retainer"
2020-10-21,"Adam Hoyle",0.25,"","Add new blog post ""Backup Generator Upgrades Boost Earnings, Cut Emissions ""","Ongoing Request List","Enel NA","Retainer"
2020-10-21,"Adam Hoyle",0.75,"","Add new blog post ""Backup Generator Upgrades Boost Earnings, Cut Emissions ""","Ongoing Request List","Enel NA","Retainer"
2020-10-20,"Adam Hoyle",0.5,"review new wind energy video and start estimate",,,"Enel NA","Retainer"
2020-10-20,"Adam Hoyle",0.25,"","Test form submission to Salesforce","Ongoing Request List","Enel NA","Retainer"
2020-10-19,"Adam Hoyle",1.0,"looking into issues with duplicate headlines, fix 3, respond to Marianne",,,"Enel NA","Retainer"
2020-10-19,"Adam Hoyle",0.25,"swap JS and retest","Test form submission to Salesforce","Ongoing Request List","Enel NA","Retainer"
2020-10-19,"Adam Hoyle",0.75,"testing IE, adjusting code, researching solutions on compatibility","Test form submission to Salesforce","Ongoing Request List","Enel NA","Retainer"
2020-10-16,"Adam Hoyle",0.5,"pull GSC data for Julia",,,"Enel NA","Retainer"
2020-10-16,"Adam Hoyle",0.5,"review Marianne's emails, update model form on prod","Update all lead gen forms to point to SalesForce","Ongoing Request List","Enel NA","Retainer"
2020-10-16,"Adam Hoyle",0.75,"more testing","Test form submission to Salesforce","Ongoing Request List","Enel NA","Retainer"
2020-10-16,"Adam Hoyle",1.5,"testing expensive checkbox optin","Test form submission to Salesforce","Ongoing Request List","Enel NA","Retainer"
2020-10-15,"Adam Hoyle",0.75,"review and respond to Marianne's questions re: new form building process",,,"Enel NA","Retainer"
2020-10-15,"Adam Hoyle",0.5,"Domain hunting, respond to Kevin, email Rob re: enernoc.com domains",,,"Enel NA","Retainer"
2020-10-15,"Adam Hoyle",0.5,"create and schedule email","Add ""October Energy Market Insights"" / Commentaries","Ongoing Request List","Enel NA","Retainer"
2020-10-14,"Adam Hoyle",1.5,"","Add ""October Energy Market Insights"" / Commentaries","Ongoing Request List","Enel NA","Retainer"
2020-10-13,"Adam Hoyle",0.5,"troubleshooting page loading issues on Wholesale page w/ Marianne",,,"Enel NA","Retainer"
2020-10-13,"Adam Hoyle",1.0,"testing show/hide and optin value, testing email form","Test form submission to Salesforce","Ongoing Request List","Enel NA","Retainer"
2020-10-09,"Adam Hoyle",1.0,"SEO call, discuss questions with Marianne",,,"Enel NA","Retainer"
2020-10-09,"Adam Hoyle",1.0,"review Acquia DNS, domains, digital ocean, etc. email Peter about cancellation, email Sara about DNS, email Marianne about SEO questions",,,"Enel NA","Retainer"
2020-10-08,"Adam Hoyle",1.0,"testing forms, email global","Test form submission to Salesforce","Ongoing Request List","Enel NA","Retainer"
2020-10-07,"Adam Hoyle",0.25,"confirm Enel external email addresses",,,"Enel NA","Retainer"
2020-10-06,"Adam Hoyle",0.25,"check PDF downloads",,,"Enel NA","Retainer"
2020-10-06,"Adam Hoyle",0.25,"check og:url tag",,,"Enel NA","Retainer"
2020-10-02,"Adam Hoyle",0.25,"typo fix","Add new blog post ""FERC Order 2222""","Ongoing Request List","Enel NA","Retainer"
2020-10-01,"Adam Hoyle",0.75,"SEO call w/ PowerMarketing to review technical audit",,,"Enel NA","Retainer"
2020-10-01,"Adam Hoyle",0.5,"","Add new blog post ""FERC Order 2222""","Ongoing Request List","Enel NA","Retainer"
2020-10-01,"Adam Hoyle",1.0,"","""Benchmark SEO"" before blog launch","Blog Migration","Enel NA","Retainer"
2020-09-29,"Adam Hoyle",0.25,"Respond to Jeanne re: email forms",,,"Enel NA","Retainer"
2020-09-29,"Adam Hoyle",0.25,"test PDF download links, respond to Sara",,,"Enel NA","Retainer"
2020-09-28,"Adam Hoyle",0.25,"test og:url fix on dev",,,"Enel NA","Retainer"
2020-09-23,"Adam Hoyle",0.5,"test PDF download links, respond to Sara",,,"Enel NA","Retainer"
2020-09-21,"Adam Hoyle",0.25,"investigate missing sticky banner, respond to Marianne",,,"Enel NA","Retainer"
2020-09-18,"Adam Hoyle",0.5,"misc. email and coordination",,,"Enel NA","Retainer"
2020-09-18,"Adam Hoyle",0.25,"","Add new Press Release for MassCE","Ongoing Request List","Enel NA","Retainer"
2020-09-18,"Adam Hoyle",0.75,"","Add new Press Release for MassCE","Ongoing Request List","Enel NA","Retainer"
2020-09-17,"Adam Hoyle",0.25,"quick call w/ Marianne to answer some AEM questions.",,,"Enel NA","Retainer"
2020-09-17,"Adam Hoyle",0.75,"","Add new Brochure page "" DER.OS"" P20028","Ongoing Request List","Enel NA","Retainer"
2020-09-17,"Adam Hoyle",0.25,"emails and troubleshooting, guiding global on redirect issues","New T&C files and links","Ongoing Request List","Enel NA","Retainer"
2020-09-17,"Adam Hoyle",0.5,"","Add new Sustainability video to Resources section","Ongoing Request List","Enel NA","Retainer"
2020-09-15,"Adam Hoyle",0.5,"upload new files, test, email Kellyn, email Pietro","New T&C files and links","Ongoing Request List","Enel NA","Retainer"
2020-09-15,"Adam Hoyle",0.5,"testing and troubleshooting email forms","Update all general contact forms","Ongoing Request List","Enel NA","Retainer"
2020-09-15,"Adam Hoyle",0.75,"","New T&C files and links","Ongoing Request List","Enel NA","Retainer"
2020-09-15,"Adam Hoyle",0.25,"remove Worcester","Remove NY office from Who We Are page","Ongoing Request List","Enel NA","Retainer"
2020-09-15,"Adam Hoyle",0.5,"testing workarounds for the optin box","Test form submission to Salesforce","Ongoing Request List","Enel NA","Retainer"
2020-09-15,"Adam Hoyle",0.5,"","Add ""September Energy Market Insights"" / Commentaries","Ongoing Request List","Enel NA","Retainer"
2020-09-14,"Adam Hoyle",0.25,"","Remove NY office from Who We Are page","Ongoing Request List","Enel NA","Retainer"
2020-09-14,"Adam Hoyle",1.5,"investigate and report site link issues",,,"Enel NA","Retainer"
2020-09-14,"Adam Hoyle",0.5,"","Add new story ""How businesses are transforming Ontario’s energy market with sustainable solutions""","Ongoing Request List","Enel NA","Retainer"
2020-09-14,"Adam Hoyle",0.5,"create and schedule email","Add ""September Energy Market Insights"" / Commentaries","Ongoing Request List","Enel NA","Retainer"
2020-09-11,"Adam Hoyle",2.25,"","Add ""September Energy Market Insights"" / Commentaries","Ongoing Request List","Enel NA","Retainer"
2020-09-11,"Adam Hoyle",0.25,"","Remove NY office from Who We Are page","Ongoing Request List","Enel NA","Retainer"
2020-09-11,"Adam Hoyle",0.5,"","Add new blog post ""The Importance of DR and Resiliency in California""","Ongoing Request List","Enel NA","Retainer"
2020-09-10,"Adam Hoyle",0.5,"optin","Test form submission to Salesforce","Ongoing Request List","Enel NA","Retainer"
2020-09-10,"Adam Hoyle",2.0,"","Test form submission to Salesforce","Ongoing Request List","Enel NA","Retainer"
2020-09-10,"Adam Hoyle",1.5,"testing and troubleshooting","Test form submission to Salesforce","Ongoing Request List","Enel NA","Retainer"
2020-09-08,"Adam Hoyle",0.5,"weekly checkin with Maura","Meetings and Phone Calls","Meetings, Calls, PM","Enel NA","Retainer"
2020-09-08,"Adam Hoyle",0.5,"Troubleshooting share image, email global re: og:url property","Add new Press Release ""Uber Partnership""","Ongoing Request List","Enel NA","Retainer"
2020-09-08,"Adam Hoyle",0.75,"","Add new Press Release ""Uber Partnership""","Ongoing Request List","Enel NA","Retainer"
2020-09-04,"Adam Hoyle",1.0,"","Add new Brochure page "" DER.OS"" P20028","Ongoing Request List","Enel NA","Retainer"
2020-09-03,"Adam Hoyle",0.25,"send email to global","Migrate /stories/ to /blog/","Ongoing Request List","Enel NA","Retainer"
2020-09-03,"Adam Hoyle",1.0,"","Add new Brochure page "" DER.OS"" P20028","Ongoing Request List","Enel NA","Retainer"
2020-09-02,"Adam Hoyle",2.5,"build form, test, email global","Test form submission to Salesforce","Ongoing Request List","Enel NA","Retainer"
2020-09-02,"Adam Hoyle",0.25,"","Complete and publish new White Paper ""DR Circular Economy"" P20029","Ongoing Request List","Enel NA","Retainer"
2020-09-01,"Adam Hoyle",0.5,"create standalone form, email Marianne","Complete and publish new White Paper ""DR Circular Economy"" P20029","Ongoing Request List","Enel NA","Retainer"
2020-09-01,"Adam Hoyle",0.25,"","Implement 301 redirects for EGP site (tradewindenergy.com)","Ongoing Request List","Enel NA","Retainer"
2020-09-01,"Adam Hoyle",0.5,"weekly checkin call w/ Maura","Meetings and Phone Calls","Meetings, Calls, PM","Enel NA","Retainer"
2020-08-31,"Adam Hoyle",0.75,"build form","Complete and publish new White Paper ""DR Circular Economy"" P20029","Ongoing Request List","Enel NA","Retainer"
2020-08-31,"Adam Hoyle",0.25,"","Add new Brochure page "" DER.OS"" P20028","Ongoing Request List","Enel NA","Retainer"
2020-08-31,"Adam Hoyle",0.5,"","Complete and publish new White Paper ""DR Circular Economy"" P20029","Ongoing Request List","Enel NA","Retainer"
2020-08-31,"Adam Hoyle",1.25,"support for Marianne, answer questions",,,"Enel NA","Retainer"
2020-08-31,"Adam Hoyle",0.25,"","Implement 301 redirects for EGP site (tradewindenergy.com)","Ongoing Request List","Enel NA","Retainer"
2020-08-28,"Adam Hoyle",0.25,"","Implement 301 redirects for EGP site (tradewindenergy.com)","Ongoing Request List","Enel NA","Retainer"
2020-08-28,"Adam Hoyle",0.25,"","Find a new home for calculator and product map by end of August (migrate to Digital Ocean)","Ongoing Request List","Enel NA","Retainer"
2020-08-27,"Adam Hoyle",2.5,"inventory, check all links, create spreadsheet, email Kevin","Convert non-gated PDF assets to full-content pages","Marianne Overflow List","Enel NA","Retainer"
2020-08-27,"Adam Hoyle",1.5,"working on getting SSL","Find a new home for calculator and product map by end of August (migrate to Digital Ocean)","Ongoing Request List","Enel NA","Retainer"
2020-08-26,"Adam Hoyle",0.75,"","Add new blog post ""DNV GL Calls Enel X Storage Software “Industry Leading”","Ongoing Request List","Enel NA","Retainer"
2020-08-26,"Adam Hoyle",0.25,"","Add new blog post ""DNV GL Calls Enel X Storage Software “Industry Leading”","Ongoing Request List","Enel NA","Retainer"
2020-08-25,"Adam Hoyle",0.5,"","Implement 301 redirects for EGP site (tradewindenergy.com)","Ongoing Request List","Enel NA","Retainer"
2020-08-25,"Adam Hoyle",0.75,"create inventory spreadsheet","Convert non-gated PDF assets to full-content pages","Marianne Overflow List","Enel NA","Retainer"
2020-08-25,"Adam Hoyle",0.5,"weekly checkin with Maura and Alvaro","Meetings and Phone Calls","Meetings, Calls, PM","Enel NA","Retainer"
2020-08-25,"Adam Hoyle",0.5,"testing, email alvaro","Implement 301 redirects for EGP site (tradewindenergy.com)","Ongoing Request List","Enel NA","Retainer"
2020-08-25,"Adam Hoyle",0.25,"","Add new case study P20027 Signature Breads","Ongoing Request List","Enel NA","Retainer"
2020-08-24,"Adam Hoyle",0.25,"","Add new case study P20027 Signature Breads","Ongoing Request List","Enel NA","Retainer"
2020-08-24,"Adam Hoyle",0.5,"","Add new case study P20027 Signature Breads","Ongoing Request List","Enel NA","Retainer"
2020-08-21,"Adam Hoyle",0.5,"call w/ Marianne to discuss new page she built","Meetings and Phone Calls","Meetings, Calls, PM","Enel NA","Retainer"
2020-08-21,"Adam Hoyle",0.25,"test banners and send screenshots and reply to Sara Gemma",,,"Enel NA","Retainer"
2020-08-20,"Adam Hoyle",0.25,"emails and coordination for SSL and DNS","Find a new home for calculator and product map by end of August (migrate to Digital Ocean)","Ongoing Request List","Enel NA","Retainer"
2020-08-20,"Adam Hoyle",0.25,"emails and coordination for SSL and DNS","Implement 301 redirects for EGP site (tradewindenergy.com)","Ongoing Request List","Enel NA","Retainer"
2020-08-19,"Adam Hoyle",0.5,"","Add new blog post - ""California Heat""","Ongoing Request List","Enel NA","Retainer"
2020-08-19,"Adam Hoyle",0.25,"discuss DO setup with Kyle","Implement 301 redirects for EGP site (tradewindenergy.com)","Ongoing Request List","Enel NA","Retainer"
2020-08-19,"Adam Hoyle",1.0,"","Add new blog post - ""California Heat""","Ongoing Request List","Enel NA","Retainer"
2020-08-19,"Adam Hoyle",0.5,"test banner fix, respond to Sara and send screenshots from browserstack",,,"Enel NA","Retainer"
2020-08-19,"Adam Hoyle",0.5,"Get access to GA, add user","Implement 301 redirects for EGP site (tradewindenergy.com)","Ongoing Request List","Enel NA","Retainer"
2020-08-18,"Adam Hoyle",0.5,"support for alvaro with google search console and URL removal",,,"Enel NA","Retainer"
2020-08-18,"Adam Hoyle",0.5,"weekly call w/ Alvaro","Meetings and Phone Calls","Meetings, Calls, PM","Enel NA","Retainer"
2020-08-18,"Adam Hoyle",0.75,"remove banner form CTA from all first page articles",,,"Enel NA","Retainer"
2020-08-18,"Adam Hoyle",0.25,"","Implement 301 redirects for EGP site (tradewindenergy.com)","Ongoing Request List","Enel NA","Retainer"
2020-08-18,"Adam Hoyle",0.5,"","Support for EGP redirects and case sensitive URLs","Ongoing Request List","Enel NA","Retainer"
2020-08-17,"Adam Hoyle",1.0,"call w/ Kevin re: misc. updates, new digital ecosystem, budgets, etc.","Meetings and Phone Calls","Meetings, Calls, PM","Enel NA","Retainer"
2020-08-17,"Adam Hoyle",0.5,"test embedding FB video on resources page",,,"Enel NA","Retainer"
2020-08-14,"Adam Hoyle",0.5,"report bug to Sara, remove banner from recent posts",,,"Enel NA","Retainer"
2020-08-14,"Adam Hoyle",4.25,"create all pages and schedule manual email send","Add ""August Energy Market Insights"" / Commentaries","Ongoing Request List","Enel NA","Retainer"
2020-08-13,"Adam Hoyle",0.25,"test logins, add to BC, respond to Alvaro","Implement 301 redirects for EGP site (tradewindenergy.com)","Ongoing Request List","Enel NA","Retainer"
2020-08-13,"Adam Hoyle",0.5,"respond to Alvaro's questions about 301s","Implement 301 redirects for EGP site (tradewindenergy.com)","Ongoing Request List","Enel NA","Retainer"
2020-08-12,"Adam Hoyle",0.5,"troubleshoot and fix search issue reported by Mariannee",,,"Enel NA","Retainer"
2020-08-12,"Adam Hoyle",0.5,"answer Ben questions about gated assets not showing in search results",,,"Enel NA","Retainer"
2020-08-12,"Adam Hoyle",0.5,"respond to Kevin re: new digital ecosystem requests to Luca",,,"Enel NA","Retainer"
2020-08-12,"Adam Hoyle",2.0,"create new post and update email template, schedule campaig","New blog post ""Demand response sees record activity amid shutdowns and heat waves""","Ongoing Request List","Enel NA","Retainer"
2020-08-10,"Adam Hoyle",1.5,"","Add new case study ""Brunswick"" P20025","Ongoing Request List","Enel NA","Retainer"
2020-08-07,"Adam Hoyle",1.5,"","Implement 301s","Blog Migration","Enel NA","Retainer"
2020-08-07,"Adam Hoyle",1.0,"","""Benchmark SEO"" before blog launch","Blog Migration","Enel NA","Retainer"
2020-08-07,"Adam Hoyle",1.0,"","Run broken link check","Blog Migration","Enel NA","Retainer"
2020-08-06,"Adam Hoyle",1.0,"","Add “sticky subscribe” Banner Form to all pages","Blog Migration","Enel NA","Retainer"
2020-08-06,"Adam Hoyle",2.0,"","Implement 301s","Blog Migration","Enel NA","Retainer"
2020-08-05,"Adam Hoyle",3.0,"","Adjust display headlines for all first page posts","Blog Migration","Enel NA","Retainer"
2020-08-05,"Adam Hoyle",0.75,"","Adjust display headlines for all first page posts","Blog Migration","Enel NA","Retainer"
2020-08-04,"Adam Hoyle",0.75,"","Add new posts that were added to EnergySmart recently","Blog Migration","Enel NA","Retainer"
2020-08-04,"Adam Hoyle",1.0,"weekly checkin call w/ Alvaro","Meetings and Phone Calls","Meetings, Calls, PM","Enel NA","Retainer"
2020-08-04,"Adam Hoyle",1.0,"","Add Related Wrapper to all posts and configure","Blog Migration","Enel NA","Retainer"
2020-08-04,"Adam Hoyle",2.0,"","Adjust display headlines for all first page posts","Blog Migration","Enel NA","Retainer"
2020-08-04,"Adam Hoyle",0.75,"screenshare to walk through publishing FAQ for Pacificorp","Support for Marianne on PDF/FAQ","Ongoing Request List","Enel NA","Retainer"
2020-08-03,"Adam Hoyle",2.5,"","Add Related Wrapper to all posts and configure","Blog Migration","Enel NA","Retainer"
2020-08-03,"Adam Hoyle",2.5,"","Add new posts that were added to EnergySmart recently","Blog Migration","Enel NA","Retainer"
2020-07-30,"Adam Hoyle",1.5,"AEM training: Marianne, Jeanne, Tyan",,,"Enel NA","Retainer"
2020-07-30,"Adam Hoyle",0.5,"update spreadsheet","Add new posts that were added to EnergySmart recently","Blog Migration","Enel NA","Retainer"
2020-07-30,"Adam Hoyle",0.25,"typo fix",,,"Enel NA","Retainer"
2020-07-24,"Adam Hoyle",0.5,"","Add new DR program guidelines for Ameren Missouri","Ongoing Request List","Enel NA","Retainer"
2020-07-23,"Adam Hoyle",1.0,"QA latest release and bugfixes, respond to Sara G",,,"Enel NA","Retainer"
2020-07-23,"Adam Hoyle",0.5,"DR calculator kickoff call","Meetings and Phone Calls","Meetings, Calls, PM","Enel NA","Retainer"
2020-07-23,"Adam Hoyle",0.25,"copy and webinar link updates","Add new blog post ""The Benefits of Combining Solar, Storage, and EV Charging"" to EnergySmart blog","Ongoing Request List","Enel NA","Retainer"
2020-07-21,"Adam Hoyle",0.5,"weekly check-in with Alvaro","Meetings and Phone Calls","Meetings, Calls, PM","Enel NA","Retainer"
2020-07-21,"Adam Hoyle",0.25,"","Updates to Contact Us and Get a Quote form pages","Ongoing Request List","Enel NA","Retainer"
2020-07-21,"Adam Hoyle",0.5,"update and republish, re-start MC campaign, check RSS","Add new blog post ""Corporate Sustainability Investing Sees New Interest After COVID-19""","Ongoing Request List","Enel NA","Retainer"
2020-07-21,"Adam Hoyle",0.25,"","Update locations on Who We Are page","Ongoing Request List","Enel NA","Retainer"
2020-07-20,"Adam Hoyle",0.25,"update copy on fulfillment page",,,"Enel NA","Retainer"
2020-07-20,"Adam Hoyle",0.25,"update renewable energy icons","Fix list icon wrappers","Ongoing Request List","Enel NA","Retainer"
2020-07-20,"Adam Hoyle",0.5,"update Energy Storage and Energy Supply page icons","Fix list icon wrappers","Ongoing Request List","Enel NA","Retainer"
2020-07-20,"Adam Hoyle",1.0,"check form component end point URL, respond to Jeanne, review documentation, respond to Sara with questions",,,"Enel NA","Retainer"
2020-07-20,"Adam Hoyle",0.25,"","Update DR Product page","Ongoing Request List","Enel NA","Retainer"
2020-07-20,"Adam Hoyle",0.25,"","Fix list icon wrappers","Ongoing Request List","Enel NA","Retainer"
2020-07-20,"Adam Hoyle",1.0,"Final updates, create SRP page, etc.","Update DR Product page","Ongoing Request List","Enel NA","Retainer"
2020-07-17,"Adam Hoyle",1.0,"","Update DR Product page","Ongoing Request List","Enel NA","Retainer"
2020-07-16,"Adam Hoyle",0.75,"test updated Related Wrapper and Banner Form components in production, respond to Sara",,,"Enel NA","Retainer"
2020-07-16,"Adam Hoyle",0.25,"update headline","Update GM Case Study","Ongoing Request List","Enel NA","Retainer"
2020-07-16,"Adam Hoyle",1.5,"","Update DR Product page","Ongoing Request List","Enel NA","Retainer"
2020-07-15,"Adam Hoyle",0.5,"discuss with Marianne","Update DR Product page","Ongoing Request List","Enel NA","Retainer"
2020-07-15,"Adam Hoyle",0.25,"unpublish post, pause MailChimp","Add new blog post ""Corporate Sustainability Investing Sees New Interest After COVID-19""","Ongoing Request List","Enel NA","Retainer"
2020-07-15,"Adam Hoyle",0.75,"","Add new blog post ""Corporate Sustainability Investing Sees New Interest After COVID-19""","Ongoing Request List","Enel NA","Retainer"
2020-07-14,"Adam Hoyle",1.0,"AEM Training",,,"Enel NA","Retainer"
2020-07-14,"Adam Hoyle",0.25,"test list icon wrapper on mobile and report to global team",,,"Enel NA","Retainer"
2020-07-13,"Adam Hoyle",0.25,"","Updates to Energy Supply Management product page","Ongoing Request List","Enel NA","Retainer"
2020-07-13,"Adam Hoyle",0.5,"","Add new blog post ""The Benefits of Combining Solar, Storage, and EV Charging"" to EnergySmart blog","Ongoing Request List","Enel NA","Retainer"
2020-07-13,"Adam Hoyle",1.0,"Pull June data from GSC and share with Kevin, enter a little rabbit hole re: Moz",,,"Enel NA","Retainer"
2020-07-13,"Adam Hoyle",0.25,"","Updated design for the Storage & Microgrids product page","Ongoing Request List","Enel NA","Retainer"
2020-07-10,"Adam Hoyle",1.0,"","Type up requirements for migration and send to Kevin","Ongoing Request List","Enel NA","Retainer"
2020-07-09,"Adam Hoyle",0.75,"misc. email correspondence with Alvaro, Kevin, Julia, etc.","Meetings and Phone Calls","Meetings, Calls, PM","Enel NA","Retainer"
2020-07-09,"Adam Hoyle",1.0,"Analytics training call w/ Jason and Alvaro","Meetings and Phone Calls","Meetings, Calls, PM","Enel NA","Retainer"
2020-07-09,"Adam Hoyle",1.75,"","Add ""July Energy Market Insights"" / Commentaries","Ongoing Request List","Enel NA","Retainer"
2020-07-09,"Adam Hoyle",1.0,"","Type up notes for hosting recommendation","Ongoing Request List","Enel NA","Retainer"
2020-07-09,"Adam Hoyle",0.25,"","Add new blog post ""The Benefits of Combining Solar, Storage, and EV Charging"" to EnergySmart blog","Ongoing Request List","Enel NA","Retainer"
2020-07-09,"Adam Hoyle",0.25,"","Update DR Product page","Ongoing Request List","Enel NA","Retainer"
2020-07-09,"Adam Hoyle",0.25,"","Type up requirements for migration and send to Kevin","Ongoing Request List","Enel NA","Retainer"
2020-07-08,"Adam Hoyle",0.25,"","Add ""July Energy Market Insights"" / Commentaries","Ongoing Request List","Enel NA","Retainer"
2020-07-08,"Adam Hoyle",0.25,"send screenshot of block quote Lia and Julia, followup with gradient PNG graphic",,,"Enel NA","Retainer"
2020-07-08,"Adam Hoyle",0.25,"","Update YT video on Demand Response Software Video page","Ongoing Request List","Enel NA","Retainer"
2020-07-08,"Adam Hoyle",0.75,"check in call w/ Mariko and Kevin","Meetings and Phone Calls","Meetings, Calls, PM","Enel NA","Retainer"
2020-07-07,"Adam Hoyle",1.5,"pull list of YTD tasks and hours for Mariko",,,"Enel NA","Retainer"
2020-07-07,"Adam Hoyle",0.5,"setup and run","Run ScreamingFrog audit and share pertinent results with Mariko and Kevin","Ongoing Request List","Enel NA","Retainer"
2020-07-07,"Adam Hoyle",1.5,"test Adobe Launch and ability to deploy scripts, misc. emails to Alvaro, Mariko and Kevin answering questions",,,"Enel NA","Retainer"
2020-07-07,"Adam Hoyle",0.25,"rename","Publish quick start guide to Resources","Ongoing Request List","Enel NA","Retainer"
2020-07-07,"Adam Hoyle",0.25,"","Publish quick start guide to Resources","Ongoing Request List","Enel NA","Retainer"
2020-07-07,"Adam Hoyle",0.25,"fix titles/sub titles","Update GM Case Study","Ongoing Request List","Enel NA","Retainer"
2020-07-07,"Adam Hoyle",0.5,"weekly checkin w/ Alvaro","Meetings and Phone Calls","Meetings, Calls, PM","Enel NA","Retainer"
2020-07-07,"Adam Hoyle",0.5,"","Update GM Case Study","Ongoing Request List","Enel NA","Retainer"
2020-07-07,"Adam Hoyle",0.5,"","Provide quote graphic for Julia, Lia","Ongoing Request List","Enel NA","Retainer"
2020-07-06,"Adam Hoyle",0.75,"","Updated design for the Storage & Microgrids product page","Ongoing Request List","Enel NA","Retainer"
2020-07-06,"Adam Hoyle",1.0,"","Updates to Energy Supply Management product page","Ongoing Request List","Enel NA","Retainer"
2020-07-06,"Adam Hoyle",1.0,"review mobile spacing, test mobile banner on devices and send screenshots and email to Michelle",,,"Enel NA","Retainer"
2020-07-03,"Adam Hoyle",1.0,"testing mobile banner form component",,,"Enel NA","Retainer"
2020-07-02,"Adam Hoyle",1.5,"setup demo form for Kevin, email notes",,,"Enel NA","Retainer"
2020-07-01,"Adam Hoyle",0.5,"email to Kevin clarifying Sara's email",,,"Enel NA","Retainer"
2020-07-01,"Adam Hoyle",1.5,"","Add new eBook ""How to Marry ESG & Financial Reporting to Reap Big Benefits""","Ongoing Request List","Enel NA","Retainer"
2020-06-30,"Adam Hoyle",0.5,"","Review analytics for Resiliency from LinkedIn per Alvaro","Ongoing Request List","Enel NA","Retainer"
2020-06-30,"Adam Hoyle",0.75,"","Review analytics for Resiliency from LinkedIn per Alvaro","Ongoing Request List","Enel NA","Retainer"
2020-06-29,"Adam Hoyle",0.5,"","Add new eBook ""How to Marry ESG & Financial Reporting to Reap Big Benefits""","Ongoing Request List","Enel NA","Retainer"
2020-06-29,"Adam Hoyle",0.5,"","Update Fulfillment page for Sustainable Energy Strategy","Ongoing Request List","Enel NA","Retainer"
2020-06-26,"Adam Hoyle",1.0,"call w/ Mariko and Kevin","Meetings and Phone Calls","Meetings, Calls, PM","Enel NA","Retainer"
2020-06-25,"Adam Hoyle",0.5,"fix typo Template -> Temple and clear FB cache.",,,"Enel NA","Retainer"
2020-06-23,"Adam Hoyle",0.75,"weekly call w/ Alvaro","Meetings and Phone Calls","Meetings, Calls, PM","Enel NA","Retainer"
2020-06-18,"Adam Hoyle",0.5,"","Add ""June Energy Market Insights"" / Commentaries","Ongoing Request List","Enel NA","Retainer"
2020-06-17,"Adam Hoyle",1.0,"call w/ Mariko and Kevin","Meetings and Phone Calls","Meetings, Calls, PM","Enel NA","Retainer"
2020-06-17,"Adam Hoyle",0.25,"replace PDF","Add new eBook ""How to Monetize Your Energy Assets""","Ongoing Request List","Enel NA","Retainer"
2020-06-17,"Adam Hoyle",1.25,"Call w/ Neil and Anny, update regional pages, publish all pages, test","Add ""June Energy Market Insights"" / Commentaries","Ongoing Request List","Enel NA","Retainer"
2020-06-16,"Adam Hoyle",1.25,"review notes, respond to Neil, generate URLs","Add ""June Energy Market Insights"" / Commentaries","Ongoing Request List","Enel NA","Retainer"
2020-06-16,"Adam Hoyle",1.5,"create landing page, form page and fulfillment page and","Add ""June Energy Market Insights"" / Commentaries","Ongoing Request List","Enel NA","Retainer"
2020-06-16,"Adam Hoyle",1.0,"review Michelle's response, test updates, send additional feedback and screenshots.","QA Stories/Resources section updates","Ongoing Request List","Enel NA","Retainer"
2020-06-16,"Adam Hoyle",0.75,"weekly check in call w/ Alvaro","Meetings and Phone Calls","Meetings, Calls, PM","Enel NA","Retainer"
2020-06-16,"Adam Hoyle",1.0,"web metrics call w/ global and Adobe","Meetings and Phone Calls","Meetings, Calls, PM","Enel NA","Retainer"
2020-06-16,"Adam Hoyle",0.25,"","Add new eBook ""How to Monetize Your Energy Assets""","Ongoing Request List","Enel NA","Retainer"
2020-06-15,"Adam Hoyle",0.75,"","Updated design for the Storage & Microgrids product page","Ongoing Request List","Enel NA","Retainer"
2020-06-15,"Adam Hoyle",1.5,"","Add new eBook ""How to Monetize Your Energy Assets""","Ongoing Request List","Enel NA","Retainer"
2020-06-15,"Adam Hoyle",0.25,"","Add new EnergySmart blog post ""The Strengths and Weaknesses of Online Storage Modeling Tools""","Ongoing Request List","Enel NA","Retainer"
2020-06-15,"Adam Hoyle",0.5,"","Add new EnergySmart blog post ""The Strengths and Weaknesses of Online Storage Modeling Tools""","Ongoing Request List","Enel NA","Retainer"
2020-06-12,"Adam Hoyle",0.25,"","Add ""June Energy Market Insights"" / Commentaries","Ongoing Request List","Enel NA","Retainer"
2020-06-12,"Adam Hoyle",2.0,"","QA Stories/Resources section updates","Ongoing Request List","Enel NA","Retainer"
2020-06-11,"Adam Hoyle",0.5,"","Create dashboards to measure campaigns - Resiliency Web Story & San Diego Blood Bank","Ongoing Request List","Enel NA","Retainer"
2020-06-10,"Adam Hoyle",0.5,"troubleshoot Southwest DR Response Guide page for Marianne",,,"Enel NA","Retainer"
2020-06-10,"Adam Hoyle",0.25,"misc. support for Alvaro re: AEM and Analytics access and other emails",,,"Enel NA","Retainer"
2020-06-10,"Adam Hoyle",0.5,"form testing",,,"Enel NA","Retainer"
2020-06-09,"Adam Hoyle",2.5,"","Updated design for the Storage & Microgrids product page","Ongoing Request List","Enel NA","Retainer"
2020-06-09,"Adam Hoyle",0.25,"","Add new blog post - ""How corona response could affect summer grids...""","Ongoing Request List","Enel NA","Retainer"
2020-06-08,"Adam Hoyle",0.5,"review adobe launch manual, troubleshoot, email Sara for access","Add Google Tag Manager script to website","Ongoing Request List","Enel NA","Retainer"
2020-06-08,"Adam Hoyle",0.5,"","Archive all EnergySmart blog posts","Ongoing Request List","Enel NA","Retainer"
2020-06-08,"Adam Hoyle",0.5,"","Add new blog post - ""How corona response could affect summer grids...""","Ongoing Request List","Enel NA","Retainer"
2020-06-04,"Adam Hoyle",0.5,"","Update nav to include ""Work With Us"" linking to https://www.enelx.com/n-a/en/work-with-us","Ongoing Request List","Enel NA","Retainer"
2020-06-02,"Adam Hoyle",2.0,"finish testing new form component and send feedback to Sara",,,"Enel NA","Retainer"
2020-06-02,"Adam Hoyle",1.0,"weekly checkin call w/ Alvaro","Meetings and Phone Calls","Meetings, Calls, PM","Enel NA","Retainer"
2020-06-02,"Adam Hoyle",0.25,"pull keywords, add Jay to GSC","Prepare recurring analytics reports for January through May","Ongoing Request List","Enel NA","Retainer"
2020-06-01,"Adam Hoyle",2.0,"testing new form component",,,"Enel NA","Retainer"
2020-05-29,"Adam Hoyle",0.5,"","Update homepage slider with ""Energy Management Strategy in a Downturn Whitepaper""","Ongoing Request List","Enel NA","Retainer"
2020-05-29,"Adam Hoyle",0.25,"update CTA link","Add new press release -- ""San Diego Blood Bank""","Ongoing Request List","Enel NA","Retainer"
2020-05-28,"Adam Hoyle",0.5,"final updates and publish","Add new press release -- ""San Diego Blood Bank""","Ongoing Request List","Enel NA","Retainer"
2020-05-27,"Adam Hoyle",1.5,"","Add new press release -- ""San Diego Blood Bank""","Ongoing Request List","Enel NA","Retainer"
2020-05-26,"Adam Hoyle",0.25,"","Add new Story - ""How Your Company Can Ensure Resiliency During Extreme Weather and Times of Uncertainty""","Ongoing Request List","Enel NA","Retainer"
2020-05-26,"Adam Hoyle",0.25,"","Add new Blog post to EnergySmart - ""Enel X Successfully Advocates for Demand Response Changes During Pandemic""","Ongoing Request List","Enel NA","Retainer"
2020-05-26,"Adam Hoyle",1.0,"","Add new Story - ""How Your Company Can Ensure Resiliency During Extreme Weather and Times of Uncertainty""","Ongoing Request List","Enel NA","Retainer"
2020-05-26,"Adam Hoyle",0.5,"","Add new Blog post to EnergySmart - ""Enel X Successfully Advocates for Demand Response Changes During Pandemic""","Ongoing Request List","Enel NA","Retainer"
2020-05-19,"Adam Hoyle",1.0,"weekly call w/ Alvaro","Meetings and Phone Calls","Meetings, Calls, PM","Enel NA","Retainer"
2020-05-19,"Adam Hoyle",0.5,"catch up on emails from global",,,"Enel NA","Retainer"
2020-05-18,"Adam Hoyle",0.5,"image and link updates","Add new story to AEM ""Awards""","Ongoing Request List","Enel NA","Retainer"
2020-05-18,"Adam Hoyle",0.5,"","Add new story to AEM ""Awards""","Ongoing Request List","Enel NA","Retainer"
2020-05-14,"Adam Hoyle",1.0,"","Add new story to AEM ""Awards""","Ongoing Request List","Enel NA","Retainer"
2020-05-14,"Adam Hoyle",1.0,"call w/ Alvaro, Jeanne, Jay, Marianne re: Stories, Resources","Meetings and Phone Calls","Meetings, Calls, PM","Enel NA","Retainer"
2020-05-14,"Adam Hoyle",1.0,"","Add new blog post ""Purchasing Strategies in the Current and Post Covid-19 Energy Market""","Ongoing Request List","Enel NA","Retainer"
2020-05-14,"Adam Hoyle",3.5,"respond to emails from Alvaro and Sara with specs and information on Forms and Resources/Stories updates",,,"Enel NA","Retainer"
2020-05-13,"Adam Hoyle",1.0,"","Add new blog post ""How to stay on course to meet your renewable energy goals""","Ongoing Request List","Enel NA","Retainer"
2020-05-12,"Adam Hoyle",0.75,"fix missing menu Who We Are",,,"Enel NA","Retainer"
2020-05-12,"Adam Hoyle",0.75,"weekly checkin call w/ Alvaro and Krista","Meetings and Phone Calls","Meetings, Calls, PM","Enel NA","Retainer"
2020-05-11,"Adam Hoyle",0.25,"update form page copy","Add new gated white paper ""Energy Management Strategy in a Downturn""","Ongoing Request List","Enel NA","Retainer"
2020-05-11,"Adam Hoyle",0.25,"update form page copy","Add new gated white paper ""Energy Management Strategy in a Downturn""","Ongoing Request List","Enel NA","Retainer"
2020-05-11,"Adam Hoyle",0.5,"Review form specs from Jeanne and reply, look for EGP form in AEM",,,"Enel NA","Retainer"
2020-05-11,"Adam Hoyle",1.25,"","Add new gated white paper ""Energy Management Strategy in a Downturn""","Ongoing Request List","Enel NA","Retainer"
2020-05-11,"Adam Hoyle",0.25,"respond to Jeanne re: eloqua fields",,,"Enel NA","Retainer"
2020-05-08,"Adam Hoyle",1.25,"misc. emails and responses to global, Jeanne and other questions.",,,"Enel NA","Retainer"
2020-05-07,"Adam Hoyle",1.0,"","Add Monthly Commentaries for May 2020","Ongoing Request List","Enel NA","Retainer"
2020-05-07,"Adam Hoyle",1.0,"misc. emails and responses to global, Jeanne and other questions.",,,"Enel NA","Retainer"
2020-05-07,"Adam Hoyle",0.5,"review and respond to global new project request questions",,,"Enel NA","Retainer"
2020-05-06,"Adam Hoyle",1.0,"","Add new blog post ""Why electricity prices, like oil prices, sometimes go negative""","Ongoing Request List","Enel NA","Retainer"
2020-05-04,"Adam Hoyle",1.25,"","Audit blog posts to ensure that all 2019 posts are in AEM","Ongoing Request List","Enel NA","Retainer"
2020-04-30,"Adam Hoyle",0.5,"call w/ Alvaro and Krista","Meetings and Phone Calls","Meetings, Calls, PM","Enel NA","Retainer"
2020-04-30,"Adam Hoyle",0.5,"communicate with global requirements","Add Google Tag Manager script to website","Ongoing Request List","Enel NA","Retainer"
2020-04-30,"Adam Hoyle",0.5,"troubleshoot mailchimp reports and respond to Jeanne",,,"Enel NA","Retainer"
2020-04-29,"Adam Hoyle",0.75,"call w/ Jeanne and Tyan re: MailChimp","Meetings and Phone Calls","Meetings, Calls, PM","Enel NA","Retainer"
2020-04-28,"Adam Hoyle",0.75,"call w/ Alvaro","Meetings and Phone Calls","Meetings, Calls, PM","Enel NA","Retainer"
2020-04-28,"Adam Hoyle",0.5,"","Add Google Tag Manager script to website","Ongoing Request List","Enel NA","Retainer"
2020-04-27,"Adam Hoyle",0.5,"","Add new COVID-19 blog post to Stories section","Ongoing Request List","Enel NA","Retainer"
2020-04-27,"Adam Hoyle",0.5,"pull MC data from Mariko re: latest blog post and respond to Jeanne",,,"Enel NA","Retainer"
2020-04-27,"Adam Hoyle",0.25,"","Unpublish Demand Response Case Studies per Meg","Ongoing Request List","Enel NA","Retainer"
2020-04-24,"Adam Hoyle",0.25,"image margin tweaks","Add new COVID-19 blog post to Stories section","Ongoing Request List","Enel NA","Retainer"
2020-04-24,"Adam Hoyle",0.5,"update email settings, check and schedule campaign","Add new COVID-19 blog post to Stories section","Ongoing Request List","Enel NA","Retainer"
2020-04-24,"Adam Hoyle",1.5,"","Add new COVID-19 blog post to Stories section","Ongoing Request List","Enel NA","Retainer"
2020-04-23,"Adam Hoyle",0.5,"misc. email comm. with Krista, Alvaro, Jeanne",,,"Enel NA","Retainer"
2020-04-23,"Adam Hoyle",2.0,"","Rebuild DAILY email template for manual blog notification sends.","Blog Migration","Enel NA","Retainer"
2020-04-23,"Adam Hoyle",1.0,"","Publish updated navigation","Ongoing Request List","Enel NA","Retainer"
2020-04-23,"Adam Hoyle",1.0,"investigate double mailchimp send and respond to Alvaro",,,"Enel NA","Retainer"
2020-04-22,"Adam Hoyle",0.25,"","Update brochure files for PG&E DRAM and SCE DRAM program guidelines","Ongoing Request List","Enel NA","Retainer"
2020-04-17,"Adam Hoyle",0.25,"","Add 3 new DER eBook : P20005, P20014, P20015","Ongoing Request List","Enel NA","Retainer"
2020-04-17,"Adam Hoyle",0.25,"","Add new eBook - Energy Resiliency Guide: P20017","Ongoing Request List","Enel NA","Retainer"
2020-04-17,"Adam Hoyle",3.0,"","Add 3 new DER eBook : P20005, P20014, P20015","Ongoing Request List","Enel NA","Retainer"
2020-04-17,"Adam Hoyle",2.5,"","Add 3 new DER eBook : P20005, P20014, P20015","Ongoing Request List","Enel NA","Retainer"
2020-04-17,"Adam Hoyle",0.25,"","Add new Brochure: Land Lease for Battery Installation: P20004","Ongoing Request List","Enel NA","Retainer"
2020-04-17,"Adam Hoyle",0.25,"","Add new Case Study - Energy Storage NYC: P20010","Ongoing Request List","Enel NA","Retainer"
2020-04-16,"Adam Hoyle",0.5,"review, update URLs and publish","Create landing pages for ebooks","Ongoing Request List","Enel NA","Retainer"
2020-04-16,"Adam Hoyle",0.5,"","Add new ""Internal Data"" blog post to Energy Smart blog","Ongoing Request List","Enel NA","Retainer"
2020-04-16,"Adam Hoyle",2.5,"","Publish new sections and re-publish all content","Blog Migration","Enel NA","Retainer"
2020-04-16,"Adam Hoyle",0.25,"","Add new ""Internal Data"" blog post to Energy Smart blog","Ongoing Request List","Enel NA","Retainer"
2020-04-15,"Adam Hoyle",0.25,"","Add new ""Internal Data"" blog post to Energy Smart blog","Ongoing Request List","Enel NA","Retainer"
2020-04-15,"Adam Hoyle",0.5,"","Add new ""Internal Data"" blog post to Energy Smart blog","Ongoing Request List","Enel NA","Retainer"
2020-04-15,"Adam Hoyle",0.75,"","Add Monthly Commentaries for April 2020","Ongoing Request List","Enel NA","Retainer"
2020-04-15,"Adam Hoyle",0.75,"checkin call w/ Meg, Alvero and Krista","Meetings and Phone Calls","Meetings, Calls, PM","Enel NA","Retainer"
2020-04-15,"Adam Hoyle",0.75,"","Add new COVID-19 Press Release","Ongoing Request List","Enel NA","Retainer"
2020-04-14,"Adam Hoyle",1.0,"Review new sections",,,"Enel NA","Retainer"
2020-04-14,"Adam Hoyle",1.0,"","Add new COVID-19 Press Release","Ongoing Request List","Enel NA","Retainer"
2020-04-09,"Adam Hoyle",0.25,"","Create analytics report for global","Ongoing Request List","Enel NA","Retainer"
2020-04-09,"Adam Hoyle",1.0,"","Add new blog post ""Coronavirus has changed your energy usage. What should you do?"" to EnergySmart","Ongoing Request List","Enel NA","Retainer"
2020-04-08,"Adam Hoyle",0.25,"","Add new blog post ""Coronavirus has changed your energy usage. What should you do?"" to EnergySmart","Ongoing Request List","Enel NA","Retainer"
2020-04-08,"Adam Hoyle",0.5,"investigate URL change for White Papers, email global",,,"Enel NA","Retainer"
2020-04-08,"Adam Hoyle",0.75,"","Add new Blog Post ""2020 Emissions Factors Update"" to EnergySmart blog","Ongoing Request List","Enel NA","Retainer"
2020-04-08,"Adam Hoyle",0.25,"","Add new Blog Post ""2020 Emissions Factors Update"" to EnergySmart blog","Ongoing Request List","Enel NA","Retainer"
2020-04-08,"Adam Hoyle",0.25,"","Create analytics report for global","Ongoing Request List","Enel NA","Retainer"
2020-04-07,"Adam Hoyle",1.0,"Weekly checkin call w/ Meg, Jay","Meetings and Phone Calls","Meetings, Calls, PM","Enel NA","Retainer"
2020-04-07,"Adam Hoyle",0.5,"","Review and update CTAs and inline links","Blog Migration","Enel NA","Retainer"
2020-04-07,"Adam Hoyle",0.5,"","Create analytics report for global","Ongoing Request List","Enel NA","Retainer"
2020-04-07,"Adam Hoyle",0.25,"review and publish","Add new Case Study - Energy Storage NYC: P20010","Ongoing Request List","Enel NA","Retainer"
2020-04-06,"Adam Hoyle",1.0,"","Review and update CTAs and inline links","Blog Migration","Enel NA","Retainer"
2020-04-06,"Adam Hoyle",0.75,"","Review and update CTAs and inline links","Blog Migration","Enel NA","Retainer"
2020-04-06,"Adam Hoyle",3.25,"","Review and update CTAs and inline links","Blog Migration","Enel NA","Retainer"
2020-04-05,"Adam Hoyle",1.75,"","Review and update CTAs and inline links","Blog Migration","Enel NA","Retainer"
2020-04-04,"Adam Hoyle",1.25,"","Review and update CTAs and inline links","Blog Migration","Enel NA","Retainer"
2020-04-03,"Adam Hoyle",3.5,"","Review and update CTAs and inline links","Blog Migration","Enel NA","Retainer"
2020-04-01,"Adam Hoyle",6.0,"","Tag all posts with relevant tags based on EnergySmart","Blog Migration","Enel NA","Retainer"
2020-03-31,"Adam Hoyle",0.5,"Respond to Bea outlining migration concerns",,,"Enel NA","Retainer"
2020-03-31,"Adam Hoyle",1.0,"create list of resources","Create a list of all new/modified assets since Feb 7 (last alignment)","Blog Migration","Enel NA","Retainer"
2020-03-31,"Adam Hoyle",1.0,"","Create a list of all new/modified assets since Feb 7 (last alignment)","Blog Migration","Enel NA","Retainer"
2020-03-31,"Adam Hoyle",0.25,"","Add new eBook - Energy Resiliency Guide: P20017","Ongoing Request List","Enel NA","Retainer"
2020-03-31,"Adam Hoyle",0.25,"","Add new Case Study - Energy Storage NYC: P20010","Ongoing Request List","Enel NA","Retainer"
2020-03-30,"Adam Hoyle",0.25,"update images on homepage","Updates to Homepage and About Us","Ongoing Request List","Enel NA","Retainer"
2020-03-30,"Adam Hoyle",1.0,"","Add March monthly commentaries to regional pages","Ongoing Request List","Enel NA","Retainer"
2020-03-30,"Adam Hoyle",3.0,"","Updates to Homepage and About Us","Ongoing Request List","Enel NA","Retainer"
2020-03-30,"Adam Hoyle",1.0,"Call w/ Global re: Resource Filters and Forms","Meetings and Phone Calls","Meetings, Calls, PM","Enel NA","Retainer"
2020-03-29,"Adam Hoyle",2.5,"Assistance with deck for Meg, Resource Filters and Form Content",,,"Enel NA","Retainer"
2020-03-27,"Adam Hoyle",0.5,"","Update ""Renewables Landing Page""","Ongoing Request List","Enel NA","Retainer"
2020-03-27,"Adam Hoyle",0.75,"check in call w/ Meg","Meetings and Phone Calls","Meetings, Calls, PM","Enel NA","Retainer"
2020-03-27,"Adam Hoyle",0.25,"","Add the Banner Component with Contact Us to the bottom of the Business page and Who We Are page","Ongoing Request List","Enel NA","Retainer"
2020-03-26,"Adam Hoyle",1.25,"review new section documentation, create tags, start creating notes pages.","Migrate blog content","Blog Migration","Enel NA","Retainer"
2020-03-26,"Adam Hoyle",0.75,"add contact banner to the bottom of all product pages per Meg","Add new Banner CTA blocks to all product pages","Ongoing Request List","Enel NA","Retainer"
2020-03-26,"Adam Hoyle",0.5,"review and publish","Fix/re-link updated fulfillment pages","Ongoing Request List","Enel NA","Retainer"
2020-03-26,"Adam Hoyle",1.0,"adding an hours because I researched this before the landing page approach came along.","Move all gated assets to the Resources section and have them available via search.","Ongoing Request List","Enel NA","Retainer"
2020-03-26,"Adam Hoyle",3.0,"","Add new Banner CTA blocks to all product pages","Ongoing Request List","Enel NA","Retainer"
2020-03-25,"Adam Hoyle",1.25,"Review blog pre-launch notes from global","Blog QA","Blog Migration","Enel NA","Retainer"
2020-03-25,"Adam Hoyle",0.5,"image update","Add new blog post ""Why Investors Prefer Companies Committed to ESG "" to EnergySmart blog.","Ongoing Request List","Enel NA","Retainer"
2020-03-25,"Adam Hoyle",0.5,"","Add new blog post ""Why Investors Prefer Companies Committed to ESG "" to EnergySmart blog.","Ongoing Request List","Enel NA","Retainer"
2020-03-25,"Adam Hoyle",0.25,"","Add new blog post ""Why Investors Prefer Companies Committed to ESG "" to EnergySmart blog.","Ongoing Request List","Enel NA","Retainer"
2020-03-25,"Adam Hoyle",0.5,"","Fix/re-link updated fulfillment pages","Ongoing Request List","Enel NA","Retainer"
2020-03-24,"Adam Hoyle",0.75,"checkin call w/ Meg","Meetings and Phone Calls","Meetings, Calls, PM","Enel NA","Retainer"
2020-03-24,"Adam Hoyle",1.0,"","Add monthly commentaries for March 2020","Ongoing Request List","Enel NA","Retainer"
2020-03-23,"Adam Hoyle",1.5,"Stories check-in call","Meetings and Phone Calls","Meetings, Calls, PM","Enel NA","Retainer"
2020-03-19,"Adam Hoyle",0.5,"Followup w/ Jeanne","Mailchimp migration","Blog Migration","Enel NA","Retainer"
2020-03-19,"Adam Hoyle",1.0,"Call to discuss blog QA with Meg and Jay","Meetings and Phone Calls","Meetings, Calls, PM","Enel NA","Retainer"
2020-03-18,"Adam Hoyle",1.0,"","Blog QA","Blog Migration","Enel NA","Retainer"
2020-03-18,"Adam Hoyle",0.5,"email Jeanne with notes","Mailchimp migration","Blog Migration","Enel NA","Retainer"
2020-03-18,"Adam Hoyle",0.5,"","Add new PDF ""Opportunities in Today’s Changing Energy Landscape""","Ongoing Request List","Enel NA","Retainer"
2020-03-18,"Adam Hoyle",0.5,"","Add new PDF ""Economic Advantages of Sustainable Energy""","Ongoing Request List","Enel NA","Retainer"
2020-03-18,"Adam Hoyle",0.5,"check in call w/ Meg","Meetings and Phone Calls","Meetings, Calls, PM","Enel NA","Retainer"
2020-03-18,"Adam Hoyle",0.5,"initial review","Blog QA","Blog Migration","Enel NA","Retainer"
2020-03-17,"Adam Hoyle",0.5,"Call w/ Jay, pull list of URLs","Create ""landing pages"" for all White Papers","Ongoing Request List","Enel NA","Retainer"
2020-03-13,"Adam Hoyle",0.25,"copy updates, add to homepage","Add new Alberta Whitepaper to site","Ongoing Request List","Enel NA","Retainer"
2020-03-13,"Adam Hoyle",0.5,"Catchup call w/ Meg and Jay","Meetings and Phone Calls","Meetings, Calls, PM","Enel NA","Retainer"
2020-03-13,"Adam Hoyle",0.5,"","Add new Alberta Whitepaper to site","Ongoing Request List","Enel NA","Retainer"
2020-03-12,"Adam Hoyle",1.25,"","Add new Alberta Whitepaper to site","Ongoing Request List","Enel NA","Retainer"
2020-03-12,"Adam Hoyle",0.5,"","Create Banner CTA strategy deck (see notes)","Ongoing Request List","Enel NA","Retainer"
2020-03-11,"Adam Hoyle",0.25,"","Add new Alberta Whitepaper to site","Ongoing Request List","Enel NA","Retainer"
2020-03-11,"Adam Hoyle",0.25,"review w/ Jay","Create Banner CTA strategy deck (see notes)","Ongoing Request List","Enel NA","Retainer"
2020-03-10,"Adam Hoyle",0.25,"","Add new Alberta Whitepaper to site","Ongoing Request List","Enel NA","Retainer"
2020-03-10,"Adam Hoyle",0.5,"","Add new blog post ""Coronavirus"" to site","Ongoing Request List","Enel NA","Retainer"
2020-03-06,"Adam Hoyle",1.25,"gated resources to resources section",,,"Enel NA","Retainer"
2020-03-05,"Adam Hoyle",0.5,"attempt to download video for Algoma from YT, respond to Meiriko",,,"Enel NA","Retainer"
2020-03-04,"Adam Hoyle",0.25,"respond to Global re: resources nav",,,"Enel NA","Retainer"
2020-03-04,"Adam Hoyle",0.25,"fix typo on storage page",,,"Enel NA","Retainer"
2020-03-04,"Adam Hoyle",0.5,"review new Stories section and proposed footer from Global",,,"Enel NA","Retainer"
2020-03-03,"Adam Hoyle",0.5,"weekly checkin w/ Meg","Meetings and Phone Calls","Meetings, Calls, PM","Enel NA","Retainer"
2020-03-02,"Adam Hoyle",0.25,"respond to Audi","Add missing tracking pixels","Ongoing Request List","Enel NA","Retainer"
2020-03-02,"Adam Hoyle",0.75,"","Updates to Homepage slider March 2020","Ongoing Request List","Enel NA","Retainer"
2020-03-02,"Adam Hoyle",0.25,"","Updates to Homepage slider March 2020","Ongoing Request List","Enel NA","Retainer"
2020-02-27,"Adam Hoyle",0.5,"","Add new gated asset ""10 Rules Whitepaper""","Ongoing Request List","Enel NA","Retainer"
2020-02-27,"Adam Hoyle",1.0,"","Add new gated asset ""10 Rules Whitepaper""","Ongoing Request List","Enel NA","Retainer"
2020-02-27,"Adam Hoyle",0.75,"","Add new blog post -- ""Carbon Negative"" to EnergySmart","Ongoing Request List","Enel NA","Retainer"
2020-02-26,"Adam Hoyle",0.25,"review and send to Meg","Update DR Utility brochure and create new landing page","Ongoing Request List","Enel NA","Retainer"
2020-02-26,"Adam Hoyle",1.0,"research scrambles tracking parameters per Jeanne",,,"Enel NA","Retainer"
2020-02-26,"Adam Hoyle",0.25,"","Create reports for January 2020 and February 2020 web data","Ongoing Request List","Enel NA","Retainer"
2020-02-26,"Adam Hoyle",0.25,"","Update DR Utility brochure and create new landing page","Ongoing Request List","Enel NA","Retainer"
2020-02-25,"Adam Hoyle",0.5,"check form page components and email Meg notes",,,"Enel NA","Retainer"
2020-02-25,"Adam Hoyle",1.0,"weekly checkin call w/ Meg + followups","Meetings and Phone Calls","Meetings, Calls, PM","Enel NA","Retainer"
2020-02-24,"Adam Hoyle",0.5,"","Add monthly regional commentaries to corresponding regional pages","Ongoing Request List","Enel NA","Retainer"
2020-02-20,"Adam Hoyle",0.25,"","Add Energy Market Analysis for Feb. 2020 post to Energy Smart blog","Ongoing Request List","Enel NA","Retainer"
2020-02-18,"Adam Hoyle",0.25,"","Add missing tracking pixels","Ongoing Request List","Enel NA","Retainer"
2020-02-18,"Adam Hoyle",0.5,"","Add new Gated Asset -- Sustainability Guide","Ongoing Request List","Enel NA","Retainer"
2020-02-17,"Adam Hoyle",0.5,"","Add new Gated Asset -- Sustainability Guide","Ongoing Request List","Enel NA","Retainer"
2020-02-14,"Adam Hoyle",0.25,"","Update Site Controller PDF (P18006)","Ongoing Request List","Enel NA","Retainer"
2020-02-14,"Adam Hoyle",0.25,"","Remove duplicate PDF","Ongoing Request List","Enel NA","Retainer"
2020-02-13,"Adam Hoyle",0.25,"publish and check","Updates to Featured Resources and Related Products","Ongoing Request List","Enel NA","Retainer"
2020-02-13,"Adam Hoyle",0.5,"review and email Meg","Updates to Featured Resources and Related Products","Ongoing Request List","Enel NA","Retainer"
2020-02-13,"Adam Hoyle",0.25,"","Add new blog post to EnergySmart - ""Why PJM Demand Response is as Strong as Ever""","Ongoing Request List","Enel NA","Retainer"
2020-02-12,"Adam Hoyle",1.0,"","Add new blog post - ""Extreme Alberta Cold""","Ongoing Request List","Enel NA","Retainer"
2020-02-11,"Adam Hoyle",0.25,"","Add new blog post to EnergySmart - ""Why PJM Demand Response is as Strong as Ever""","Ongoing Request List","Enel NA","Retainer"
2020-02-11,"Adam Hoyle",0.25,"update chart","Add new blog post to EnergySmart - ""Why PJM Demand Response is as Strong as Ever""","Ongoing Request List","Enel NA","Retainer"
2020-02-11,"Adam Hoyle",1.5,"","Add new blog post to EnergySmart - ""Why PJM Demand Response is as Strong as Ever""","Ongoing Request List","Enel NA","Retainer"
2020-02-10,"Adam Hoyle",0.25,"","Add new Gated Asset -- Sustainability Guide","Ongoing Request List","Enel NA","Retainer"
2020-02-10,"Adam Hoyle",0.5,"","Add phone number to product page sidekick","Ongoing Request List","Enel NA","Retainer"
2020-02-10,"Adam Hoyle",0.75,"","Unpublish DR landing pages and pdfs","Ongoing Request List","Enel NA","Retainer"
2020-02-07,"Adam Hoyle",1.0,"call w/ Jeanne re: analytics",,,"Enel NA","Retainer"
2020-02-07,"Adam Hoyle",0.5,"","Update URL and request redirect","Ongoing Request List","Enel NA","Retainer"
2020-02-06,"Adam Hoyle",0.75,"research questions from Jeanne","Create custom Adobe Tracking Dashboards","Ongoing Request List","Enel NA","Retainer"
2020-02-06,"Adam Hoyle",0.5,"update and test nav label changes","Re-order Products navigation to alpha order","Ongoing Request List","Enel NA","Retainer"
2020-02-05,"Adam Hoyle",0.5,"","Re-order Products navigation to alpha order","Ongoing Request List","Enel NA","Retainer"
2020-02-05,"Adam Hoyle",0.5,"","Support for traffic analysis from GreenBiz Article","Ongoing Request List","Enel NA","Retainer"
2020-02-05,"Adam Hoyle",0.25,"troubleshoot white box issue on media block component",,,"Enel NA","Retainer"
2020-02-04,"Adam Hoyle",0.25,"","Move the “Solar + Storage Opportunities for Your Business” banner to under the regional section on the homepage","Ongoing Request List","Enel NA","Retainer"
2020-02-04,"Adam Hoyle",0.25,"","Remove the “Energy Efficiency” block from the Product Landing Page","Ongoing Request List","Enel NA","Retainer"
2020-02-04,"Adam Hoyle",0.25,"weekly checkin call w/ Meg, review notes.","Meetings and Phone Calls","Meetings, Calls, PM","Enel NA","Retainer"
2020-02-04,"Adam Hoyle",0.5,"","Add 2020 Market Outlook Infographic","Ongoing Request List","Enel NA","Retainer"
2020-02-04,"Adam Hoyle",0.5,"","Add social tracking pixels","Ongoing Request List","Enel NA","Retainer"
2020-01-31,"Adam Hoyle",0.5,"","Create custom Adobe Tracking Dashboards","Ongoing Request List","Enel NA","Retainer"
2020-01-31,"Adam Hoyle",0.5,"","Add new gated asset ""ON DR Everything You Need to Know""","Ongoing Request List","Enel NA","Retainer"
2020-01-30,"Adam Hoyle",1.0,"analytics research for Meg",,,"Enel NA","Retainer"
2020-01-30,"Adam Hoyle",0.5,"pull list of URLs that are getting PPC traffic from Audie, review, add phone to non-form pages","Support for implementation of call tracking","Ongoing Request List","Enel NA","Retainer"
2020-01-29,"Adam Hoyle",0.25,"research ""next hit"" / ""eventual path"" question from Jeanne",,,"Enel NA","Retainer"
2020-01-29,"Adam Hoyle",0.5,"weekly checking call / Meg","Meetings and Phone Calls","Meetings, Calls, PM","Enel NA","Retainer"
2020-01-29,"Adam Hoyle",0.25,"","Create blog keyword list","Ongoing Request List","Enel NA","Retainer"
2020-01-29,"Adam Hoyle",0.0,"republish cheatsheets",,,"Enel NA","Retainer"
2020-01-29,"Adam Hoyle",1.0,"add to prod and stage","Add new press release for SRP","Ongoing Request List","Enel NA","Retainer"
2020-01-28,"Adam Hoyle",0.75,"publish live, test, update Meg, respond to Sara about URLs","Add new gated asset for Mexico version of ""2020 Market Outlook"" in Spanish/Mexico","Ongoing Request List","Enel NA","Retainer"
2020-01-28,"Adam Hoyle",0.25,"","Update ISO-NE DR Program Options PDF","Ongoing Request List","Enel NA","Retainer"
2020-01-28,"Adam Hoyle",1.0,"create pages in qual, test, email Sara, post to BC on process","Add new gated asset for Mexico version of ""2020 Market Outlook"" in Spanish/Mexico","Ongoing Request List","Enel NA","Retainer"
2020-01-27,"Adam Hoyle",2.0,"create form on production and test","Create new form page for Salt River Project (SRP)","Ongoing Request List","Enel NA","Retainer"
2020-01-27,"Adam Hoyle",1.0,"review open items, prep for call w/ Meg, call w/ Meg","Meetings and Phone Calls","Meetings, Calls, PM","Enel NA","Retainer"
2020-01-23,"Adam Hoyle",0.25,"comms with Audie and Julia about the phone number and pages it appears on","Support for implementation of call tracking","Ongoing Request List","Enel NA","Retainer"
2020-01-23,"Adam Hoyle",0.5,"review and test production site after staging migration, respond to Michele",,,"Enel NA","Retainer"
2020-01-23,"Adam Hoyle",0.25,"fix date and republish","Add eMobility Press Release","Ongoing Request List","Enel NA","Retainer"
2020-01-23,"Adam Hoyle",0.75,"","Add new gated asset for Mexico version of ""2020 Market Outlook"" in Spanish/Mexico","Ongoing Request List","Enel NA","Retainer"
2020-01-23,"Adam Hoyle",0.25,"","Add new gated asset ""ON DR Everything You Need to Know""","Ongoing Request List","Enel NA","Retainer"
2020-01-23,"Adam Hoyle",0.25,"testing forms after global fix","Update all forms to make all fields required","Ongoing Request List","Enel NA","Retainer"
2020-01-22,"Adam Hoyle",0.5,"email comm. w/ Jeane, Tyan and Eamon","Create new form page for Salt River Project (SRP)","Ongoing Request List","Enel NA","Retainer"
2020-01-22,"Adam Hoyle",2.5,"on-site meeting w/ Meg","*2019-2020 Website Review*","Ongoing Request List","Enel NA","Retainer"
2020-01-22,"Adam Hoyle",0.5,"discuss and review w/ Kyle","Add 2020 Market Outlook Infographic","Ongoing Request List","Enel NA","Retainer"
2020-01-22,"Adam Hoyle",0.75,"","Update all forms to make all fields required","Ongoing Request List","Enel NA","Retainer"
2020-01-21,"Adam Hoyle",1.0,"final review of deck with Kyle","*2019-2020 Website Review*","Ongoing Request List","Enel NA","Retainer"
2020-01-21,"Adam Hoyle",0.5,"check-in call w/ Meg","Meetings and Phone Calls","Meetings, Calls, PM","Enel NA","Retainer"
2020-01-21,"Adam Hoyle",1.0,"monthly checkin call w/ Global","Meetings and Phone Calls","Meetings, Calls, PM","Enel NA","Retainer"
2020-01-20,"Adam Hoyle",5.0,"review and edit","*2019-2020 Website Review*","Ongoing Request List","Enel NA","Retainer"
2020-01-17,"Adam Hoyle",1.0,"usability testing review with Weber","Meetings and Phone Calls","Meetings, Calls, PM","Enel NA","Retainer"
2020-01-17,"Adam Hoyle",0.25,"update homepage","Create new STORY ""CES 2020: The Future of Energy is Integrated""","Ongoing Request List","Enel NA","Retainer"
2020-01-17,"Adam Hoyle",0.5,"tried to create the form, can't do it due to error. email global.","Create new form page for Salt River Project (SRP)","Ongoing Request List","Enel NA","Retainer"
2020-01-17,"Adam Hoyle",0.5,"","Research and implement automated visual regression testing","Ongoing Request List","Enel NA","Retainer"
2020-01-17,"Adam Hoyle",0.5,"republish UBM page due to odd image glitch reported by Meg, update image and tex component",,,"Enel NA","Retainer"
2020-01-17,"Adam Hoyle",0.25,"","Fix broken video on Energy Supply Management page","Ongoing Request List","Enel NA","Retainer"
2020-01-17,"Adam Hoyle",0.25,"publish live","Create new STORY ""CES 2020: The Future of Energy is Integrated""","Ongoing Request List","Enel NA","Retainer"
2020-01-16,"Adam Hoyle",1.25,"","Create new STORY ""CES 2020: The Future of Energy is Integrated""","Ongoing Request List","Enel NA","Retainer"
2020-01-16,"Adam Hoyle",0.25,"test form fix on production, test in browser stack, respond to Sara",,,"Enel NA","Retainer"
2020-01-15,"Adam Hoyle",2.0,"organize outline","*2019-2020 Website Review*","Ongoing Request List","Enel NA","Retainer"
2020-01-15,"Adam Hoyle",0.5,"create form page placeholder for SRP","Create new form page for Salt River Project (SRP)","Ongoing Request List","Enel NA","Retainer"
2020-01-15,"Adam Hoyle",0.25,"test script on stage, deploy to prod, update team","Support for implementation of call tracking","Ongoing Request List","Enel NA","Retainer"
2020-01-15,"Adam Hoyle",0.25,"","Add new blog post re: PJM/FERC ruling","Ongoing Request List","Enel NA","Retainer"
2020-01-15,"Adam Hoyle",0.25,"Review, test and send to Global via BC","Investigate form issue and report suggested fix...","Ongoing Request List","Enel NA","Retainer"
2020-01-15,"Adam Hoyle",0.5,"weekly checkin call w/ Meg","Meetings and Phone Calls","Meetings, Calls, PM","Enel NA","Retainer"
2020-01-14,"Adam Hoyle",0.25,"look into form dropdown displaying behind footer, respond to Meg",,,"Enel NA","Retainer"
2020-01-14,"Adam Hoyle",0.25,"upload smaller file","Add new gated asset ""2020 Market Outlook""","Ongoing Request List","Enel NA","Retainer"
2020-01-14,"Adam Hoyle",1.0,"add to EnergySmart Drupal site and AEM","Add new blog post re: PJM/FERC ruling","Ongoing Request List","Enel NA","Retainer"
2020-01-13,"Adam Hoyle",0.5,"publish homepage and update feature resources","Add new gated asset ""2020 Market Outlook""","Ongoing Request List","Enel NA","Retainer"
2020-01-13,"Adam Hoyle",1.25,"oranize todo list from 2019 and compile lead data","*2019-2020 Website Review*","Ongoing Request List","Enel NA","Retainer"
2020-01-13,"Adam Hoyle",2.75,"review all research with Jay and Kyle","*2019-2020 Website Review*","Ongoing Request List","Enel NA","Retainer"
2020-01-10,"Adam Hoyle",2.0,"review and organize notes from 2019","*2019-2020 Website Review*","Ongoing Request List","Enel NA","Retainer"
2020-01-10,"Adam Hoyle",0.25,"copy updates and adjustments to required fields","Add new gated asset ""2020 Market Outlook""","Ongoing Request List","Enel NA","Retainer"
2020-01-10,"Adam Hoyle",0.25,"copy edits","Add new gated asset ""2020 Market Outlook""","Ongoing Request List","Enel NA","Retainer"
2020-01-10,"Adam Hoyle",0.25,"copy edits","Add new gated asset ""2020 Market Outlook""","Ongoing Request List","Enel NA","Retainer"
2020-01-10,"Adam Hoyle",0.25,"stage homepage","Add new gated asset ""2020 Market Outlook""","Ongoing Request List","Enel NA","Retainer"
2020-01-10,"Adam Hoyle",0.5,"","Add new gated asset ""2020 Market Outlook""","Ongoing Request List","Enel NA","Retainer"
2020-01-08,"Adam Hoyle",1.0,"internal discussion w/ Jay, Kyle","*2019-2020 Website Review*","Ongoing Request List","Enel NA","Retainer"
2020-01-08,"Adam Hoyle",0.75,"","Review PPC ad copy","Ongoing Request List","Enel NA","Retainer"
2020-01-08,"Adam Hoyle",0.25,"review documentation and reply to Meg and Audie","Support for implementation of call tracking","Ongoing Request List","Enel NA","Retainer"
2020-01-07,"Adam Hoyle",0.5,"update asset name per Tyan, submit test","Add new gated asset ""C&I solar-storage ebook""","Ongoing Request List","Enel NA","Retainer"
2020-01-07,"Adam Hoyle",0.5,"weekly checkin call w/ Meg","Meetings and Phone Calls","Meetings, Calls, PM","Enel NA","Retainer"
2020-01-07,"Adam Hoyle",0.75,"publish press release, publish homepage, check site, troubleshoot news/media section, open tickets with Global via BC","Add eMobility Press Release","Ongoing Request List","Enel NA","Retainer"
2020-01-07,"Adam Hoyle",0.25,"add tracking parameter, publish and test","Add Innovative Projects link on Gateway Video page","Ongoing Request List","Enel NA","Retainer"
2020-01-07,"Adam Hoyle",0.5,"","Add Innovative Projects link on Gateway Video page","Ongoing Request List","Enel NA","Retainer"
2020-01-07,"Adam Hoyle",0.5,"update homepage carousel to prep for 1PM release, test, email Meg","Add eMobility Press Release","Ongoing Request List","Enel NA","Retainer"
2020-01-06,"Adam Hoyle",0.5,"test and followup on VPN",,,"Enel NA","Retainer"
2020-01-06,"Adam Hoyle",1.0,"","Add eMobility Press Release","Ongoing Request List","Enel NA","Retainer"
2020-01-06,"Adam Hoyle",1.0,"meeting w/ Meg for planning meeting and internal followup","Meetings and Phone Calls","Meetings, Calls, PM","Enel NA","Retainer"
2020-01-03,"Adam Hoyle",0.5,"","Add new gated asset ""2020 Market Outlook""","Ongoing Request List","Enel NA","Retainer"
2020-01-03,"Adam Hoyle",0.5,"VPN password reset support",,,"Enel NA","Retainer"
2019-12-20,"Adam Hoyle",0.75,"Add to homepage sider, DR and Storage pages","Create new landing page for CES","Ongoing Request List","Enel NA","Retainer"
2019-12-20,"Adam Hoyle",0.25,"check Who We Are section","Troubleshoot missing images","Ongoing Request List","Enel NA","Retainer"
2019-12-20,"Adam Hoyle",0.25,"update alias and republish section, test","Broken Link on Gateway Press Release","Ongoing Request List","Enel NA","Retainer"
2019-12-19,"Adam Hoyle",1.0,"","Troubleshoot missing images","Ongoing Request List","Enel NA","Retainer"
2019-12-19,"Adam Hoyle",0.25,"","Broken Link on Gateway Press Release","Ongoing Request List","Enel NA","Retainer"
2019-12-19,"Adam Hoyle",0.5,"","Broken Link on Gateway Press Release","Ongoing Request List","Enel NA","Retainer"
2019-12-18,"Adam Hoyle",1.75,"add content, test, SEO, publish","Create new landing page for CES","Ongoing Request List","Enel NA","Retainer"
2019-12-17,"Adam Hoyle",0.25,"review tracking pixel, respond to Audie","Support for implementation of call tracking","Ongoing Request List","Enel NA","Retainer"
2019-12-17,"Adam Hoyle",0.75,"weekly checkin with global, followup call w/ Meg","Meetings and Phone Calls","Meetings, Calls, PM","Enel NA","Retainer"
2019-12-17,"Adam Hoyle",1.0,"Update homepage slider, attempt to update feature resources, write to global about missing images","Add new gated asset: Most Innovative Energy Projects of 2019","Ongoing Request List","Enel NA","Retainer"
2019-12-17,"Adam Hoyle",0.25,"respond to Jeanne re: proofpoint URL redirecting theory re: analytics",,,"Enel NA","Retainer"
2019-12-17,"Adam Hoyle",2.0,"","Create new landing page for CES","Ongoing Request List","Enel NA","Retainer"
2019-12-16,"Adam Hoyle",0.25,"research and call prep","Support for implementation of call tracking","Ongoing Request List","Enel NA","Retainer"
2019-12-16,"Adam Hoyle",0.5,"research download tracking and respond to Meg",,,"Enel NA","Retainer"
2019-12-16,"Adam Hoyle",0.5,"call w/ MultiView to discuss call tracking","Support for implementation of call tracking","Ongoing Request List","Enel NA","Retainer"
2019-12-16,"Adam Hoyle",0.5,"research AEM file download reporting for Meg re: Best Projects of 2019",,,"Enel NA","Retainer"
2019-12-16,"Adam Hoyle",0.5,"update 3 more URLs based on Intarget SEO checks","Migrate blog content","Blog Migration","Enel NA","Retainer"
2019-12-13,"Adam Hoyle",0.5,"","Add new program guide to website (TVA Program Guidelines)","Ongoing Request List","Enel NA","Retainer"
2019-12-13,"Adam Hoyle",0.5,"UserTesting preview call and followup call w/ Meg re: CES","Meetings and Phone Calls","Meetings, Calls, PM","Enel NA","Retainer"
2019-12-13,"Adam Hoyle",1.0,"","Add new gated asset: Most Innovative Energy Projects of 2019","Ongoing Request List","Enel NA","Retainer"
2019-12-12,"Adam Hoyle",0.25,"finish and send","Create Monthly Recap Deck for November","Ongoing Request List","Enel NA","Retainer"
2019-12-11,"Adam Hoyle",1.5,"Monthly checkin call w/ Meg and Juliana, followup call w/ Meg","Meetings and Phone Calls","Meetings, Calls, PM","Enel NA","Retainer"
2019-12-11,"Adam Hoyle",1.5,"November Recap Deck","Create Monthly Recap Deck for November","Ongoing Request List","Enel NA","Retainer"
2019-12-10,"Adam Hoyle",2.0,"review list of flagged URLs from global, republish and update AEM edit URL in spreadsheet","Migrate blog content","Blog Migration","Enel NA","Retainer"
2019-12-09,"Adam Hoyle",0.5,"","Update PDFs for PJM: P19068 and P19069","Ongoing Request List","Enel NA","Retainer"
2019-12-09,"Adam Hoyle",2.0,"add video, add interlinking with press release, storage page, product page","Add new Gateway video to site","Ongoing Request List","Enel NA","Retainer"
2019-12-09,"Adam Hoyle",1.75,"publish, check, update copy, update PDF, swap images, add download link, change slider order, try to add photo to detail page","Add press release for ""New York City’s Largest Battery Storage System""","Ongoing Request List","Enel NA","Retainer"
2019-12-08,"Adam Hoyle",0.5,"compare new and old files from Meg","Add press release for ""New York City’s Largest Battery Storage System""","Ongoing Request List","Enel NA","Retainer"
2019-12-08,"Adam Hoyle",1.25,"","Add press release for ""New York City’s Largest Battery Storage System""","Ongoing Request List","Enel NA","Retainer"
2019-12-06,"Adam Hoyle",1.0,"Enel: tag and publish all blog content","Migrate blog content","Blog Migration","Enel NA","Retainer"
2019-12-06,"Adam Hoyle",0.5,"","Research phone call tracking","Ongoing Request List","Enel NA","Retainer"
2019-12-04,"Adam Hoyle",0.5,"research and respond to Meg re: dashboard tool with recommendation for Databox",,,"Enel NA","Retainer"
2019-12-04,"Adam Hoyle",0.25,"review and respond","Update Analytics report with November data","Ongoing Request List","Enel NA","Retainer"
2019-12-03,"Adam Hoyle",1.0,"checkin call w/ Global","Meetings and Phone Calls","Meetings, Calls, PM","Enel NA","Retainer"
2019-12-03,"Adam Hoyle",0.5,"relink all regions after Global deployment changed link field","Update to Demand Response page","Ongoing Request List","Enel NA","Retainer"
2019-12-03,"Adam Hoyle",0.5,"weekly checkin call w/ Meg","Meetings and Phone Calls","Meetings, Calls, PM","Enel NA","Retainer"
2019-11-27,"Adam Hoyle",0.5,"","Meetings and Phone Calls","Meetings, Calls, PM","Enel NA","Retainer"
2019-11-27,"Adam Hoyle",0.25,"","Investigate redirect chains and multiple redirects","Ongoing Request List","Enel NA","Retainer"
2019-11-27,"Adam Hoyle",1.5,"","Investigate redirect chains and multiple redirects","Ongoing Request List","Enel NA","Retainer"
2019-11-26,"Adam Hoyle",0.5,"","Add new gated white paper P19069 ""EARN PAYMENTS FOR SUPPORTING THE GRID""","Ongoing Request List","Enel NA","Retainer"
2019-11-25,"Adam Hoyle",1.0,"","Add new gated white paper P19069 ""EARN PAYMENTS FOR SUPPORTING THE GRID""","Ongoing Request List","Enel NA","Retainer"
2019-11-22,"Adam Hoyle",0.25,"review MC subscriber counts and send times and respond to Meg","Create Promotional Blog Post for NE Energy Markets Webinar","Ongoing Request List","Enel NA","Retainer"
2019-11-22,"Adam Hoyle",0.5,"Add to EnergySmart, check rss feed in MC, check campaigns, email Meg","Create Promotional Blog Post for NE Energy Markets Webinar","Ongoing Request List","Enel NA","Retainer"
2019-11-21,"Adam Hoyle",0.5,"","Create Promotional Blog Post for NE Energy Markets Webinar","Ongoing Request List","Enel NA","Retainer"
2019-11-20,"Adam Hoyle",0.25,"followups on file search for Meg",,,"Enel NA","Retainer"
2019-11-20,"Adam Hoyle",0.25,"file search for Meg and replies",,,"Enel NA","Retainer"
2019-11-19,"Adam Hoyle",0.25,"weekly call / Meg","Meetings and Phone Calls","Meetings, Calls, PM","Enel NA","Retainer"
2019-11-19,"Adam Hoyle",0.5,"verify ownership and submit change for enelxnorthamerica.com","Notify Google of domain change","SEO","Enel NA","Retainer"
2019-11-19,"Adam Hoyle",0.5,"verify ownership of enelx.com, submit change of address request for enernoc.com, request verification for enelxnorthamerica.com","Notify Google of domain change","SEO","Enel NA","Retainer"
2019-11-18,"Adam Hoyle",0.5,"review Davide's response, request ownership, test, email response to Davide and Pietro","Notify Google of domain change","SEO","Enel NA","Retainer"
2019-11-18,"Adam Hoyle",0.5,"","Add new PDF for P19064 ""Simplifying the Renewable Energy Market""","Ongoing Request List","Enel NA","Retainer"
2019-11-18,"Adam Hoyle",2.75,"create slide deck outlining all of October achievements and work","Create monthly recap report for October","Ongoing Request List","Enel NA","Retainer"
2019-11-18,"Adam Hoyle",1.0,"Monthly status call w/ Juliana and Meg","Meetings and Phone Calls","Meetings, Calls, PM","Enel NA","Retainer"
2019-11-18,"Adam Hoyle",0.75,"review analytics questions from Mariko and respond",,,"Enel NA","Retainer"
2019-11-18,"Adam Hoyle",0.25,"","Update fulfillment image for P19022","Ongoing Request List","Enel NA","Retainer"
2019-11-15,"Adam Hoyle",0.5,"review and send quick replies to each of Marianne's questions back to jay",,,"Enel NA","Retainer"
2019-11-15,"Adam Hoyle",0.5,"followup call w/ Meg","Meetings and Phone Calls","Meetings, Calls, PM","Enel NA","Retainer"
2019-11-15,"Adam Hoyle",1.25,"call w/ Davide re: SEO","Meetings and Phone Calls","Meetings, Calls, PM","Enel NA","Retainer"
2019-11-14,"Adam Hoyle",0.5,"review and send","Pull August, September, October analytics reports","Ongoing Request List","Enel NA","Retainer"
2019-11-13,"Adam Hoyle",0.25,"update notes","Pull August, September, October analytics reports","Ongoing Request List","Enel NA","Retainer"
2019-11-12,"Adam Hoyle",0.5,"Fix canonicals","Maximize on-page SEO elements: URL, meta, Title, Description, H1, H2, alt, etc.","SEO","Enel NA","Retainer"
2019-11-12,"Adam Hoyle",0.75,"weekly call w/ Meg and followups","Meetings and Phone Calls","Meetings, Calls, PM","Enel NA","Retainer"
2019-11-12,"Adam Hoyle",2.0,"","Add P19072 and landing page to the website","Ongoing Request List","Enel NA","Retainer"
2019-11-08,"Adam Hoyle",0.25,"Add Boston office exclusion, followup with Jeanne","Pull IP ranges from old GA account and send to Jeanne","Ongoing Request List","Enel NA","Retainer"
2019-11-08,"Adam Hoyle",0.5,"review and respond to global NA project notes",,,"Enel NA","Retainer"
2019-11-08,"Adam Hoyle",0.75,"","Replace P17021, P18015, P19022 and update landing pages","Ongoing Request List","Enel NA","Retainer"
2019-11-08,"Adam Hoyle",0.5,"","Replace P14020 and P15306 and update landing pages","Ongoing Request List","Enel NA","Retainer"
2019-11-08,"Adam Hoyle",0.25,"","Add QuickLinks to search dropdown","Ongoing Request List","Enel NA","Retainer"
2019-11-07,"Adam Hoyle",0.5,"","Pull IP ranges from old GA account and send to Jeanne","Ongoing Request List","Enel NA","Retainer"
2019-11-07,"Adam Hoyle",3.0,"Adobe Analytics training with Enel and Brunello",,,"Enel NA","Retainer"
2019-11-06,"Adam Hoyle",0.5,"Pull searched keyword report","Add QuickLinks to search dropdown","Ongoing Request List","Enel NA","Retainer"
2019-11-06,"Adam Hoyle",0.25,"","Updated PG&E DRAM and PJM Program Guidelines PDFs","Ongoing Request List","Enel NA","Retainer"
2019-11-06,"Adam Hoyle",0.25,"","Updated Enel X Overview PDF","Ongoing Request List","Enel NA","Retainer"
2019-11-06,"Adam Hoyle",2.0,"call w/ Global re: all projects (aka ""Punto progetto"")",,,"Enel NA","Retainer"
2019-11-05,"Adam Hoyle",0.25,"review request, update BC","Updated PG&E DRAM and PJM Program Guidelines PDFs","Ongoing Request List","Enel NA","Retainer"
2019-11-05,"Adam Hoyle",0.25,"review, update BC","Updated Enel X Overview PDF","Ongoing Request List","Enel NA","Retainer"
2019-11-05,"Adam Hoyle",0.25,"review notes re: global redirect banner and cookies",,,"Enel NA","Retainer"
2019-11-05,"Adam Hoyle",1.0,"weekly call w/ Meg","Meetings and Phone Calls","Meetings, Calls, PM","Enel NA","Retainer"
2019-11-04,"Adam Hoyle",1.25,"","Look into lead report and respond to global re: confirmation URLs","Ongoing Request List","Enel NA","Retainer"
2019-11-04,"Adam Hoyle",0.75,"","Updates to add video to DR page and homepage","Ongoing Request List","Enel NA","Retainer"
2019-10-31,"Adam Hoyle",0.25,"review and update posts w/ Jay","Migrate blog content","Blog Migration","Enel NA","Retainer"
2019-10-31,"Adam Hoyle",0.5,"","Add CE to main nav under Who We Are","Ongoing Request List","Enel NA","Retainer"
2019-10-30,"Adam Hoyle",0.5,"call w/ Kellyn, request to global","Update Online T&C's (keep same version #s)","Ongoing Request List","Enel NA","Retainer"
2019-10-29,"Adam Hoyle",1.0,"UserTesting.com demo call","Usability Test Planning","Usability Testing","Enel NA","Retainer"
2019-10-29,"Adam Hoyle",1.25,"review blog, update CTAs, adjust SEO and URLs, send to Meg and global team for approval and feedback","Migrate blog content","Blog Migration","Enel NA","Retainer"
2019-10-29,"Adam Hoyle",0.25,"","Add new Demand Response video to site","Ongoing Request List","Enel NA","Retainer"
2019-10-28,"Adam Hoyle",0.75,"","Update Online T&C's (keep same version #s)","Ongoing Request List","Enel NA","Retainer"
2019-10-28,"Adam Hoyle",0.75,"","Add two new Energy Storage PDFs","Ongoing Request List","Enel NA","Retainer"
2019-10-28,"Adam Hoyle",1.25,"Training for Kyle and Jay","Migrate blog content","Blog Migration","Enel NA","Retainer"
2019-10-28,"Adam Hoyle",1.0,"create documentation and migrate first post","Migrate blog content","Blog Migration","Enel NA","Retainer"
2019-10-28,"Adam Hoyle",0.25,"review and publish page","Check if P19024 is on the site","Ongoing Request List","Enel NA","Retainer"
2019-10-28,"Adam Hoyle",0.25,"add to homepage slider, edit headline","Add new Gillette press release to site","Ongoing Request List","Enel NA","Retainer"
2019-10-28,"Adam Hoyle",0.25,"","Update P16044 on site","Ongoing Request List","Enel NA","Retainer"
2019-10-28,"Adam Hoyle",0.25,"Review and publish","Add two new Energy Storage PDFs","Ongoing Request List","Enel NA","Retainer"
2019-10-25,"Adam Hoyle",0.25,"","Update to BIP Program Guidelines PDFs","Ongoing Request List","Enel NA","Retainer"
2019-10-25,"Adam Hoyle",0.5,"","Update to BIP Program Guidelines PDFs","Ongoing Request List","Enel NA","Retainer"
2019-10-25,"Adam Hoyle",1.0,"","Add new Gillette press release to site","Ongoing Request List","Enel NA","Retainer"
2019-10-24,"Adam Hoyle",0.5,"create shared spreadsheet, review templates, email global","Migrate blog content","Blog Migration","Enel NA","Retainer"
2019-10-24,"Adam Hoyle",0.5,"review, screenshot, archive and send","Create Component Cheat Sheet","Ongoing Request List","Enel NA","Retainer"
2019-10-22,"Adam Hoyle",0.5,"coordinate meeting and demo with UT.com sales","Usability Test Planning","Usability Testing","Enel NA","Retainer"
2019-10-22,"Adam Hoyle",0.5,"weekly checkin call w/ Meg","Meetings and Phone Calls","Meetings, Calls, PM","Enel NA","Retainer"
2019-10-22,"Adam Hoyle",0.25,"publish live","Update to Demand Response page","Ongoing Request List","Enel NA","Retainer"
2019-10-22,"Adam Hoyle",1.5,"update images, create all final links on prod, send to Meg for approval","Update to Demand Response page","Ongoing Request List","Enel NA","Retainer"
2019-10-21,"Adam Hoyle",1.0,"Create blocks and add links, request missing images from Meg","Update to Demand Response page","Ongoing Request List","Enel NA","Retainer"
2019-10-21,"Adam Hoyle",0.25,"","Update URL on PR page (see comment)","Ongoing Request List","Enel NA","Retainer"
2019-10-18,"Adam Hoyle",0.25,"","Add new gated asset ""C&I solar-storage ebook""","Ongoing Request List","Enel NA","Retainer"
2019-10-18,"Adam Hoyle",0.5,"","Add additional products to homepage","Ongoing Request List","Enel NA","Retainer"
2019-10-17,"Adam Hoyle",0.5,"","Update market reports for October","Ongoing Request List","Enel NA","Retainer"
2019-10-17,"Adam Hoyle",0.25,"","Update market reports for October","Ongoing Request List","Enel NA","Retainer"
2019-10-17,"Adam Hoyle",0.5,"call w/ Weber to review next steps","Usability Test Planning","Usability Testing","Enel NA","Retainer"
2019-10-16,"Adam Hoyle",0.5,"weekly call w/ Meg","Meetings and Phone Calls","Meetings, Calls, PM","Enel NA","Retainer"
2019-10-16,"Adam Hoyle",0.5,"review and send","Create Component Cheat Sheet","Ongoing Request List","Enel NA","Retainer"
2019-10-16,"Adam Hoyle",0.25,"update form copy","Create new Channel Partner lead form","Ongoing Request List","Enel NA","Retainer"
2019-10-16,"Adam Hoyle",0.25,"update form hidden fields","Create new Channel Partner lead form","Ongoing Request List","Enel NA","Retainer"
2019-10-15,"Adam Hoyle",0.5,"","Review and implement SEO guidelines from Global","SEO","Enel NA","Retainer"
2019-10-15,"Adam Hoyle",0.25,"","Build KPI Dashboard into analytics report","Ongoing Request List","Enel NA","Retainer"
2019-10-15,"Adam Hoyle",0.25,"","Build KPI Dashboard into analytics report","Ongoing Request List","Enel NA","Retainer"
2019-10-15,"Adam Hoyle",0.25,"","Create test blog posts on staging","Blog Migration","Enel NA","Retainer"
2019-10-15,"Adam Hoyle",0.25,"","Create new Channel Partner lead form","Ongoing Request List","Enel NA","Retainer"
2019-10-11,"Adam Hoyle",0.5,"","Update to Demand Response page","Ongoing Request List","Enel NA","Retainer"
2019-10-11,"Adam Hoyle",0.25,"","Pull list of top 50 most downloaded resources","Ongoing Request List","Enel NA","Retainer"
2019-10-11,"Adam Hoyle",0.5,"","Update to Demand Response page","Ongoing Request List","Enel NA","Retainer"
2019-10-11,"Adam Hoyle",0.5,"","Create task list for discussion with group","Usability Testing","Enel NA","Retainer"
2019-10-10,"Adam Hoyle",0.5,"","Update to ""Problems We Solve"" Page","Ongoing Request List","Enel NA","Retainer"
2019-10-10,"Adam Hoyle",0.5,"","Update to ""Problems We Solve"" Page","Ongoing Request List","Enel NA","Retainer"
2019-10-10,"Adam Hoyle",1.0,"review and respond to Global's feedback re: media block, email Marianne","Updates to Storage page","Ongoing Request List","Enel NA","Retainer"
2019-10-10,"Adam Hoyle",0.5,"","Add tracking pixels to submit buttons (Global)","Ongoing Request List","Enel NA","Retainer"
2019-10-10,"Adam Hoyle",0.25,"update file name","Add new gated asset ""C&I solar-storage ebook""","Ongoing Request List","Enel NA","Retainer"
2019-10-10,"Adam Hoyle",1.25,"","Add new gated asset ""C&I solar-storage ebook""","Ongoing Request List","Enel NA","Retainer"
2019-10-09,"Adam Hoyle",1.5,"kickoff call and followups","Usability Test Planning","Usability Testing","Enel NA","Retainer"
2019-10-08,"Adam Hoyle",1.5,"documentation for Global on MailChimp subscribers","Mailchimp migration","Blog Migration","Enel NA","Retainer"
2019-10-08,"Adam Hoyle",1.0,"","Add new press release to site - Washington State Utilities EV Charging","Ongoing Request List","Enel NA","Retainer"
2019-10-07,"Adam Hoyle",0.75,"","Add new press release to site - Washington State Utilities EV Charging","Ongoing Request List","Enel NA","Retainer"
2019-10-07,"Adam Hoyle",0.75,"review, cleanup, move to google, send to Meg","Query the EnergySmart site and create a spreadsheet with list of all blog post titles and URLs","Blog Migration","Enel NA","Retainer"
2019-10-07,"Adam Hoyle",0.75,"","Add new Case Study - UMass Boston","Ongoing Request List","Enel NA","Retainer"
2019-10-04,"Adam Hoyle",0.25,"update third feature resource","Create new Gated Asset ""Guide to DR in PJM""","Ongoing Request List","Enel NA","Retainer"
2019-10-04,"Adam Hoyle",0.5,"update image and add to featured resources","Create new Gated Asset ""Guide to DR in PJM""","Ongoing Request List","Enel NA","Retainer"
2019-10-03,"Adam Hoyle",0.5,"add new video, update canonicals for other video pages and remove phone from CTA","Add new eMobility video to website","Ongoing Request List","Enel NA","Retainer"
2019-10-03,"Adam Hoyle",8.0,"LIZ - Misc. content updates",,,"Enel NA","Retainer"
2019-10-03,"Adam Hoyle",0.5,"call w/ Global to discuss blog migration",,,"Enel NA","Retainer"
2019-10-02,"Adam Hoyle",0.25,"notes and research","Mailchimp migration","Blog Migration","Enel NA","Retainer"
2019-10-02,"Adam Hoyle",0.25,"add to slider","Create new Gated Asset ""Guide to DR in PJM""","Ongoing Request List","Enel NA","Retainer"
2019-10-02,"Adam Hoyle",0.75,"","Create new Gated Asset ""Guide to DR in PJM""","Ongoing Request List","Enel NA","Retainer"
2019-10-02,"Adam Hoyle",0.75,"misc. PM and project coordination, BC updates, review emails, organize notes",,,"Enel NA","Retainer"
2019-10-02,"Adam Hoyle",0.25,"","Create new Gated Asset ""Guide to DR in PJM""","Ongoing Request List","Enel NA","Retainer"
2019-10-01,"Adam Hoyle",2.0,"Review documents and recommendations","Review and implement SEO guidelines from Global","SEO","Enel NA","Retainer"
2019-10-01,"Adam Hoyle",0.5,"","Troubleshoot HERO section on EnergySmart blog homepage for new post ""Regional Greenhouse Gas...""","Ongoing Request List","Enel NA","Retainer"
2019-10-01,"Adam Hoyle",1.0,"","Meetings and Phone Calls","Meetings, Calls, PM","Enel NA","Retainer"
2019-10-01,"Adam Hoyle",0.25,"","Troubleshoot HERO section on EnergySmart blog homepage for new post ""Regional Greenhouse Gas...""","Ongoing Request List","Enel NA","Retainer"
2019-09-29,"Adam Hoyle",0.5,"update typo on CEO bio",,,"Enel NA","Retainer"
2019-09-28,"Adam Hoyle",1.0,"install and test SSL","Update SSL cert for Acquia-hosted sites","Ongoing Request List","Enel NA","Retainer"
2019-09-27,"Adam Hoyle",0.5,"","Update Enel X Overview Brochure","Ongoing Request List","Enel NA","Retainer"
2019-09-27,"Adam Hoyle",0.5,"test and coordination w/ Liz to fix links on Who we Are page",,,"Enel NA","Retainer"
2019-09-27,"Adam Hoyle",0.5,"push live","Updates to Residential Dropdown","Ongoing Request List","Enel NA","Retainer"
2019-09-26,"Adam Hoyle",0.5,"","Republish pages for Hreflang improvement","Ongoing Request List","Enel NA","Retainer"
2019-09-26,"Adam Hoyle",0.75,"","Updates to Residential Dropdown","Ongoing Request List","Enel NA","Retainer"
2019-09-26,"Adam Hoyle",0.5,"weekly checkin call w/ Meg",,,"Enel NA","Retainer"
2019-09-25,"Adam Hoyle",1.0,"call w/ Global to review NA plan","Site Audit and 2019-2020 recommendations","Ongoing Request List","Enel NA","Retainer"
2019-09-24,"Adam Hoyle",1.0,"updates to Energy Storage Story page","Add Energy Storage Story to HP Slider","Ongoing Request List","Enel NA","Retainer"
2019-09-24,"Adam Hoyle",0.5,"finish pushing updates live","Updates to Storage page","Ongoing Request List","Enel NA","Retainer"
2019-09-24,"Adam Hoyle",0.25,"pull SEO slides and send to Meg","Site Audit and 2019-2020 recommendations","Ongoing Request List","Enel NA","Retainer"
2019-09-24,"Adam Hoyle",1.5,"create press release, await publishing greenlight, update homepage","Add UMass Boston press release and update slider","Ongoing Request List","Enel NA","Retainer"
2019-09-23,"Adam Hoyle",0.25,"","Add UMass Boston press release and update slider","Ongoing Request List","Enel NA","Retainer"
2019-09-23,"Adam Hoyle",0.25,"attempt to make page updates, troubleshoot locked page, email Meg","Updates to Storage page","Ongoing Request List","Enel NA","Retainer"
2019-09-23,"Adam Hoyle",0.5,"","Add Energy Storage Story to HP Slider","Ongoing Request List","Enel NA","Retainer"
2019-09-23,"Adam Hoyle",0.25,"updates to page, troubleshoot VPN","Updates to Storage page","Ongoing Request List","Enel NA","Retainer"
2019-09-23,"Adam Hoyle",0.5,"updates to deck","Site Audit and 2019-2020 recommendations","Ongoing Request List","Enel NA","Retainer"
2019-09-23,"Adam Hoyle",0.75,"followups, generate new CSR","Update SSL cert for Acquia-hosted sites","Ongoing Request List","Enel NA","Retainer"
2019-09-23,"Adam Hoyle",0.5,"misc. PM and coordination",,,"Enel NA","Retainer"
2019-09-20,"Adam Hoyle",0.25,"","Updates to Residential Dropdown","Ongoing Request List","Enel NA","Retainer"
2019-09-19,"Adam Hoyle",2.0,"enel support requests: tags, redirects and image crop",,,"Enel NA","Retainer"
2019-09-19,"Adam Hoyle",0.25,"troubleshot and respond re: broken link in T&C per Meg.",,,"Enel NA","Retainer"
2019-09-19,"Adam Hoyle",0.75,"update and test on staging, email Marianne","Updates to Storage page","Ongoing Request List","Enel NA","Retainer"
2019-09-19,"Adam Hoyle",0.5,"","Add Hawaii Electric Press Release to site","Ongoing Request List","Enel NA","Retainer"
2019-09-18,"Adam Hoyle",1.0,"call w/ Weber and Enel to review final deck","Site Audit and 2019-2020 recommendations","Ongoing Request List","Enel NA","Retainer"
2019-09-18,"Adam Hoyle",0.5,"troubleshoot private key, email Loveman","Update SSL cert for Acquia-hosted sites","Ongoing Request List","Enel NA","Retainer"
2019-09-18,"Adam Hoyle",0.25,"review notes","Site Audit and 2019-2020 recommendations","Ongoing Request List","Enel NA","Retainer"
2019-09-17,"Adam Hoyle",0.25,"checkin call w/ Meg",,,"Enel NA","Retainer"
2019-09-17,"Adam Hoyle",0.75,"","Update Market reports for September","Ongoing Request List","Enel NA","Retainer"
2019-09-17,"Adam Hoyle",0.5,"","Add Gillette press release to homepage slider","Ongoing Request List","Enel NA","Retainer"
2019-09-17,"Adam Hoyle",0.25,"","Create new Channel Partner lead form","Ongoing Request List","Enel NA","Retainer"
2019-09-17,"Adam Hoyle",0.25,"","Update Market reports for September","Ongoing Request List","Enel NA","Retainer"
2019-09-17,"Adam Hoyle",0.25,"","Add Gillette press release to homepage slider","Ongoing Request List","Enel NA","Retainer"
2019-09-17,"Adam Hoyle",0.25,"","Troubleshoot redirect-related issue when creating content on Energysmart blog","Ongoing Request List","Enel NA","Retainer"
2019-09-16,"Adam Hoyle",4.0,"write rationale descriptions","Site Audit and 2019-2020 recommendations","Ongoing Request List","Enel NA","Retainer"
2019-09-13,"Adam Hoyle",2.25,"update spreadsheet consolidated recommendations","Site Audit and 2019-2020 recommendations","Ongoing Request List","Enel NA","Retainer"
2019-09-13,"Adam Hoyle",0.5,"regroup call w/ Meg and Weber","Site Audit and 2019-2020 recommendations","Ongoing Request List","Enel NA","Retainer"
2019-09-12,"Adam Hoyle",0.5,"","Add two new Stories - Energy Storage and Demand Response","Ongoing Request List","Enel NA","Retainer"
2019-09-12,"Adam Hoyle",0.5,"","Add new Renewable PPA whitepaper to website","Ongoing Request List","Enel NA","Retainer"
2019-09-12,"Adam Hoyle",0.75,"","Updated Energy Storage Video","Ongoing Request List","Enel NA","Retainer"
2019-09-12,"Adam Hoyle",2.0,"","Add two new Stories - Energy Storage and Demand Response","Ongoing Request List","Enel NA","Retainer"
2019-09-12,"Adam Hoyle",0.25,"review and upate BC","Add 4 new videos to site","Ongoing Request List","Enel NA","Retainer"
2019-09-11,"Adam Hoyle",3.0,"meeting at Enel X","Site Audit and 2019-2020 recommendations","Ongoing Request List","Enel NA","Retainer"
2019-09-10,"Adam Hoyle",0.5,"weekly checkin call w/ Meg",,,"Enel NA","Retainer"
2019-09-09,"Adam Hoyle",5.0,"presentation","Site Audit and 2019-2020 recommendations","Ongoing Request List","Enel NA","Retainer"
2019-09-06,"Adam Hoyle",0.75,"review notes and update spreadsheet","Site Audit and 2019-2020 recommendations","Ongoing Request List","Enel NA","Retainer"
2019-09-06,"Adam Hoyle",0.5,"checkin call w/ Meg",,,"Enel NA","Retainer"
2019-09-06,"Adam Hoyle",0.25,"followup call w/ Jay and Kyle","Site Audit and 2019-2020 recommendations","Ongoing Request List","Enel NA","Retainer"
2019-09-06,"Adam Hoyle",1.5,"add case study, press release, homepage slider","Update site with Gillette partnership announcement","Ongoing Request List","Enel NA","Retainer"
2019-09-06,"Adam Hoyle",0.25,"add press release to homepage","Update site with Gillette partnership announcement","Ongoing Request List","Enel NA","Retainer"
2019-09-05,"Adam Hoyle",1.75,"meet w/ Kyle and Jay to review","Site Audit and 2019-2020 recommendations","Ongoing Request List","Enel NA","Retainer"
2019-09-05,"Adam Hoyle",0.75,"process emails and update basecamp",,,"Enel NA","Retainer"
2019-09-05,"Adam Hoyle",0.75,"","Updated Terms & Conditions","Ongoing Request List","Enel NA","Retainer"
2019-09-05,"Adam Hoyle",0.5,"checkin call w/ Meg",,,"Enel NA","Retainer"
2019-08-28,"Adam Hoyle",1.0,"test redirects","Implement EnerNOC redirects","SEO","Enel NA","Retainer"
2019-08-28,"Adam Hoyle",0.25,"Meet w/ Kyle and Jay to kickoff","Site Audit and 2019-2020 recommendations","Ongoing Request List","Enel NA","Retainer"
2019-08-28,"Adam Hoyle",0.25,"review, update and sign new contract",,,"Enel NA","Retainer"
2019-08-28,"Adam Hoyle",0.25,"review and send","Create YTD Analytics report","Ongoing Request List","Enel NA","Retainer"
2019-08-28,"Adam Hoyle",0.5,"weekly check-in call w/ Meg",,,"Enel NA","Retainer"
2019-08-27,"Adam Hoyle",2.0,"","Implement EnerNOC redirects","SEO","Enel NA","Retainer"
2019-08-27,"Adam Hoyle",0.25,"","Query the University site and create a spreadsheet with list of all ""Course"" titles and URLs","Blog Migration","Enel NA","Retainer"
2019-08-27,"Adam Hoyle",0.25,"","Query the EnergySmart site and create a spreadsheet with list of all blog post titles and URLs","Blog Migration","Enel NA","Retainer"
2019-08-26,"Adam Hoyle",1.5,"review and test redirect, add more","Implement EnerNOC redirects","SEO","Enel NA","Retainer"
2019-08-26,"Adam Hoyle",0.5,"call w/ Colin and Marianne to discuss components and limitations","Updates to Storage page","Ongoing Request List","Enel NA","Retainer"
2019-08-26,"Adam Hoyle",0.5,"troubleshoot installation, comm. w/ Pietro","Update SSL cert for Acquia-hosted sites","Ongoing Request List","Enel NA","Retainer"
2019-08-22,"Adam Hoyle",2.0,"","Updates to Storage page","Ongoing Request List","Enel NA","Retainer"
2019-08-22,"Adam Hoyle",0.25,"","Share Ontario Calculator code and documentation with AUS team","Ongoing Request List","Enel NA","Retainer"
2019-08-22,"Adam Hoyle",0.25,"","Update error on map...","Ongoing Request List","Enel NA","Retainer"
2019-08-22,"Adam Hoyle",0.25,"","Add three updated PDFs","Ongoing Request List","Enel NA","Retainer"
2019-08-22,"Adam Hoyle",0.75,"","Add new Wholesale Energy Auctions video to site","Ongoing Request List","Enel NA","Retainer"
2019-08-22,"Adam Hoyle",0.5,"weekly checkin call w/ Meg",,,"Enel NA","Retainer"
2019-08-22,"Adam Hoyle",1.5,"","Create YTD Analytics report","Ongoing Request List","Enel NA","Retainer"
2019-08-21,"Adam Hoyle",1.5,"","Create YTD Analytics report","Ongoing Request List","Enel NA","Retainer"
2019-08-19,"Adam Hoyle",0.75,"","Add new Story ""Reflections on First Month""","Ongoing Request List","Enel NA","Retainer"
2019-08-16,"Adam Hoyle",2.0,"add redirects to Drupal for press release list","Implement EnerNOC redirects","SEO","Enel NA","Retainer"
2019-08-14,"Adam Hoyle",0.25,"","Hide dead or orphan pages","SEO","Enel NA","Retainer"
2019-08-14,"Adam Hoyle",0.5,"","Resolve indexing issues in Google Search Console that result in key pages being excluded (i.e. /resources, /news) due to AJAX and other crawl-blockers.","SEO","Enel NA","Retainer"
2019-08-14,"Adam Hoyle",0.25,"","Update market reports on regional pages for August","Ongoing Request List","Enel NA","Retainer"
2019-08-14,"Adam Hoyle",0.5,"","Update sitemap priority for all important pages","SEO","Enel NA","Retainer"
2019-08-13,"Adam Hoyle",1.5,"","Maximize on-page SEO elements: URL, meta, Title, Description, H1, H2, alt, etc.","SEO","Enel NA","Retainer"
2019-08-13,"Adam Hoyle",0.25,"review and add to BC, test links","Update market reports on regional pages for August","Ongoing Request List","Enel NA","Retainer"
2019-08-13,"Adam Hoyle",0.25,"","Add new Rocky Mountain FAQ PDF","Ongoing Request List","Enel NA","Retainer"
2019-08-12,"Adam Hoyle",1.0,"work with Jay to divide SEO update tasks","Maximize on-page SEO elements: URL, meta, Title, Description, H1, H2, alt, etc.","SEO","Enel NA","Retainer"
2019-08-12,"Adam Hoyle",1.0,"review and troubleshoot FAQ tagging",,,"Enel NA","Retainer"
2019-08-12,"Adam Hoyle",0.5,"create new moz campaign to track clusters","Maximize on-page SEO elements: URL, meta, Title, Description, H1, H2, alt, etc.","SEO","Enel NA","Retainer"
2019-08-12,"Adam Hoyle",0.25,"copy to production","Update homepage to promote map and high-priority regional pages","Ongoing Request List","Enel NA","Retainer"
2019-08-12,"Adam Hoyle",1.0,"Export SEO elements and create tracking spreadsheet","Maximize on-page SEO elements: URL, meta, Title, Description, H1, H2, alt, etc.","SEO","Enel NA","Retainer"
2019-08-12,"Adam Hoyle",1.0,"","Add new Rocky Mountain FAQ PDF","Ongoing Request List","Enel NA","Retainer"
2019-08-09,"Adam Hoyle",0.25,"","Add new Rocky Mountain FAQ PDF","Ongoing Request List","Enel NA","Retainer"
2019-08-09,"Adam Hoyle",0.25,"add new keyword list to Moz","Maximize on-page SEO elements: URL, meta, Title, Description, H1, H2, alt, etc.","SEO","Enel NA","Retainer"
2019-08-08,"Adam Hoyle",0.25,"update STORIES tag",,,"Enel NA","Retainer"
2019-08-08,"Adam Hoyle",0.5,"crawl site and summarize","Maximize on-page SEO elements: URL, meta, Title, Description, H1, H2, alt, etc.","SEO","Enel NA","Retainer"
2019-08-08,"Adam Hoyle",0.75,"update homepage on staging, train Jay","Update homepage to promote map and high-priority regional pages","Ongoing Request List","Enel NA","Retainer"
2019-08-08,"Adam Hoyle",0.25,"review request, update BC, respond to Colin","Update homepage to promote map and high-priority regional pages","Ongoing Request List","Enel NA","Retainer"
2019-08-07,"Adam Hoyle",0.75,"VPN setup and AEM training w/ Jay",,,"Enel NA","Retainer"
2019-08-07,"Adam Hoyle",0.25,"","Update BUGUP PDF","Ongoing Request List","Enel NA","Retainer"
2019-08-07,"Adam Hoyle",0.25,"","Update P14156","Ongoing Request List","Enel NA","Retainer"
2019-08-07,"Adam Hoyle",0.25,"","Update P18009","Ongoing Request List","Enel NA","Retainer"
2019-08-06,"Adam Hoyle",0.75,"weekly checking call w/ Meg",,,"Enel NA","Retainer"
2019-08-06,"Adam Hoyle",0.25,"review stage updates, respond to Rodolfo","Resolve issues with XML sitemap","SEO","Enel NA","Retainer"
2019-08-06,"Adam Hoyle",0.25,"Test and setup VPN for Kyle's account, request access for Kyle",,,"Enel NA","Retainer"
2019-08-05,"Adam Hoyle",0.25,"Followup w/ Audie re: event tracking",,,"Enel NA","Retainer"
2019-08-05,"Adam Hoyle",0.5,"review and outline notes, send request to Global and email Bea","Resolve issues with XML sitemap","SEO","Enel NA","Retainer"
2019-08-05,"Adam Hoyle",1.0,"call w/ Meg and Colin re: SEO and redirect, prep for call and followups",,,"Enel NA","Retainer"
2019-08-05,"Adam Hoyle",0.5,"","Add new Case Study (Oil and Gas Company)","Ongoing Request List","Enel NA","Retainer"
2019-08-01,"Adam Hoyle",0.5,"","Add new Case Study (Oil and Gas Company)","Ongoing Request List","Enel NA","Retainer"
2019-08-01,"Adam Hoyle",0.75,"SEO crawl and preliminary review",,,"Enel NA","Retainer"
2019-08-01,"Adam Hoyle",0.5,"","Updates to product pages (Wholesale Procurement) from Colin - July 2019","Ongoing Request List","Enel NA","Retainer"
2019-07-31,"Adam Hoyle",4.5,"LIZ HOURS",,,"Enel NA","Retainer"
2019-07-31,"Adam Hoyle",3.5,"SEO/SEM/PPC research, review report from global, audit and search console, draft email to Meg w/ recommendations",,,"Enel NA","Retainer"
2019-07-30,"Adam Hoyle",0.25,"","Implement EnerNOC redirects","SEO","Enel NA","Retainer"
2019-07-29,"Adam Hoyle",0.75,"SEO/SEM/PPC research",,,"Enel NA","Retainer"
2019-07-29,"Adam Hoyle",0.25,"test and email marketing vendor","Add Tracking ""Floodlight"" Pixels for Marketing Campaign","Ongoing Request List","Enel NA","Retainer"
2019-07-29,"Adam Hoyle",0.25,"followup call w/ Meg",,,"Enel NA","Retainer"
2019-07-29,"Adam Hoyle",0.75,"call w/ IT for new VPN configutation, testing",,,"Enel NA","Retainer"
2019-07-25,"Adam Hoyle",0.25,"troubleshoot VPN",,,"Enel NA","Retainer"
2019-07-25,"Adam Hoyle",0.75,"recreate page as Press template","Add new leadership press release and update bio, remove Michael Storch","Ongoing Request List","Enel NA","Retainer"
2019-07-25,"Adam Hoyle",1.25,"support for Meg on updated bio page and photo, open ticket with Global for release appearing on News page, misc. email and coordination",,,"Enel NA","Retainer"
2019-07-24,"Adam Hoyle",1.0,"work with Meg to get press release uploaded and bio page updated","Add new leadership press release and update bio, remove Michael Storch","Ongoing Request List","Enel NA","Retainer"
2019-07-23,"Adam Hoyle",0.75,"Updates and VPN issues",,,"Enel NA","Retainer"
2019-07-17,"Adam Hoyle",0.25,"typo fix","Create landing page for Mexico and update map copy","Ongoing Request List","Enel NA","Retainer"
2019-07-17,"Adam Hoyle",0.25,"update report, publish page","Create landing page for Mexico and update map copy","Ongoing Request List","Enel NA","Retainer"
2019-07-17,"Adam Hoyle",1.5,"","Create landing page for Mexico and update map copy","Ongoing Request List","Enel NA","Retainer"
2019-07-17,"Adam Hoyle",0.25,"","Updates to product pages (Wholesale Procurement) from Colin - July 2019","Ongoing Request List","Enel NA","Retainer"
2019-07-16,"Adam Hoyle",1.0,"","Updates to product pages (Wholesale Procurement) from Colin - July 2019","Ongoing Request List","Enel NA","Retainer"
2019-07-16,"Adam Hoyle",0.25,"","Updates to regional carousels - July 2019","Ongoing Request List","Enel NA","Retainer"
2019-07-16,"Adam Hoyle",0.25,"confirm fix for broken sliders",,,"Enel NA","Retainer"
2019-07-16,"Adam Hoyle",0.5,"","Updates to regional carousels - July 2019","Ongoing Request List","Enel NA","Retainer"
2019-07-15,"Adam Hoyle",0.75,"checkin w/ Liz, coordinate updates to new PDFs and requests",,,"Enel NA","Retainer"
2019-07-15,"Adam Hoyle",0.25,"verify and test regional slider bug, open ticket with global",,,"Enel NA","Retainer"
2019-07-15,"Adam Hoyle",0.5,"","Create landing page for Mexico and update map copy","Ongoing Request List","Enel NA","Retainer"
2019-07-12,"Adam Hoyle",0.25,"email processing and followups",,,"Enel NA","Retainer"
2019-07-12,"Adam Hoyle",0.5,"","Add EMW press release to site","Ongoing Request List","Enel NA","Retainer"
2019-07-12,"Adam Hoyle",1.0,"","Add new Story/Article/Infographic to site","Ongoing Request List","Enel NA","Retainer"
2019-07-11,"Adam Hoyle",1.0,"enel x stories and press release prep","Add new Story/Article/Infographic to site","Ongoing Request List","Enel NA","Retainer"
2019-07-09,"Adam Hoyle",0.5,"weekly checkin call w/ Meg",,,"Enel NA","Retainer"
2019-07-09,"Adam Hoyle",0.25,"Add ""s"" to JuicePoint in nav",,,"Enel NA","Retainer"
2019-07-08,"Adam Hoyle",0.25,"fix header nav typo",,,"Enel NA","Retainer"
2019-07-08,"Adam Hoyle",2.25,"implement global's feedback",,,"Enel NA","Retainer"
2019-07-07,"Adam Hoyle",2.5,"publish and test, review and respond to feedback and post-launch","Updates to header and navigation structure","Header & Navigation Updates","Enel NA","Retainer"
2019-07-06,"Adam Hoyle",1.0,"","Updates to header and navigation structure","Header & Navigation Updates","Enel NA","Retainer"
2019-07-05,"Adam Hoyle",1.25,"","Create all new underlying pages from Global site","Header & Navigation Updates","Enel NA","Retainer"
2019-07-04,"Adam Hoyle",2.0,"","Create all new underlying pages from Global site","Header & Navigation Updates","Enel NA","Retainer"
2019-07-03,"Adam Hoyle",1.5,"","Updates to header and navigation structure","Header & Navigation Updates","Enel NA","Retainer"
2019-07-02,"Adam Hoyle",2.5,"","Updates to header and navigation structure","Header & Navigation Updates","Enel NA","Retainer"
2019-07-02,"Adam Hoyle",0.5,"","Add new tracking script for emoto","Ongoing Request List","Enel NA","Retainer"
2019-07-01,"Adam Hoyle",4.0,"","Updates to header and navigation structure","Header & Navigation Updates","Enel NA","Retainer"
2019-06-30,"Adam Hoyle",4.75,"LIZ HOURS",,,"Enel NA","Retainer"
2019-06-28,"Adam Hoyle",0.5,"","New Video for Who We Are Landing Page","Ongoing Request List","Enel NA","Retainer"
2019-06-27,"Adam Hoyle",2.5,"finish building remaining pieces","Create new ""eMOTORSPORT - Innovation Grand Prix"" landing page for advertising campaign","Ongoing Request List","Enel NA","Retainer"
2019-06-27,"Adam Hoyle",0.25,"","Updates to Enel X Product Map","Ongoing Request List","Enel NA","Retainer"
2019-06-26,"Adam Hoyle",1.25,"sitemap review, updates and replies","Updates to header and navigation structure","Header & Navigation Updates","Enel NA","Retainer"
2019-06-26,"Adam Hoyle",1.5,"","Create new ""eMOTORSPORT - Innovation Grand Prix"" landing page for advertising campaign","Ongoing Request List","Enel NA","Retainer"
2019-06-25,"Adam Hoyle",0.25,"add to qual","New ebook registration/fulfillment pages - ""No Capital Needed""","Ongoing Request List","Enel NA","Retainer"
2019-06-25,"Adam Hoyle",0.5,"add to qual","Add new storage video to site","Ongoing Request List","Enel NA","Retainer"
2019-06-25,"Adam Hoyle",0.75,"build hub page","Create new ""eMOTORSPORT - Innovation Grand Prix"" landing page for advertising campaign","Ongoing Request List","Enel NA","Retainer"
2019-06-25,"Adam Hoyle",0.5,"weekly call w/ Meg",,,"Enel NA","Retainer"
2019-06-25,"Adam Hoyle",1.75,"","Create circular economy section/pages","Circular Economy","Enel NA","Retainer"
2019-06-25,"Adam Hoyle",0.25,"add to stage","Add new storage video to site","Ongoing Request List","Enel NA","Retainer"
2019-06-25,"Adam Hoyle",0.75,"","Add new storage video to site","Ongoing Request List","Enel NA","Retainer"
2019-06-25,"Adam Hoyle",0.25,"","Add map to homepage slider","Ongoing Request List","Enel NA","Retainer"
2019-06-24,"Adam Hoyle",2.0,"review latest feedback from global, update spreadsheet, email back to Francesco for final approval","Updates to header and navigation structure","Header & Navigation Updates","Enel NA","Retainer"
2019-06-24,"Adam Hoyle",1.5,"review request, download assets, followup with questions","Create new ""eMOTORSPORT - Innovation Grand Prix"" landing page for advertising campaign","Ongoing Request List","Enel NA","Retainer"
2019-06-21,"Adam Hoyle",0.5,"add to homepage and BUGUP landing, publish, test, email Meg","Add new view - Pawtucket Treatment Center","Ongoing Request List","Enel NA","Retainer"
2019-06-21,"Adam Hoyle",0.75,"add video, email meg notes/questions","Add new view - Pawtucket Treatment Center","Ongoing Request List","Enel NA","Retainer"
2019-06-21,"Adam Hoyle",0.25,"","Map integration w/ site","Interactive Map","Enel NA","Retainer"
2019-06-21,"Adam Hoyle",0.25,"","Add new view - Pawtucket Treatment Center","Ongoing Request List","Enel NA","Retainer"
2019-06-20,"Adam Hoyle",2.5,"create smart city pages","Create all new underlying pages from Global site","Header & Navigation Updates","Enel NA","Retainer"
2019-06-20,"Adam Hoyle",0.5,"feedback and updates","Regional page updates for July","Ongoing Request List","Enel NA","Retainer"
2019-06-19,"Adam Hoyle",2.5,"create new form page and update CTAs, Basecamp updates and project comm.","Create circular economy section/pages","Circular Economy","Enel NA","Retainer"
2019-06-19,"Adam Hoyle",2.5,"finish regional page updates","Regional page updates for July","Ongoing Request List","Enel NA","Retainer"
2019-06-18,"Adam Hoyle",0.5,"weekly checking call w/ Meg",,,"Enel NA","Retainer"
2019-06-18,"Adam Hoyle",0.5,"review and send first pass","Create circular economy section/pages","Circular Economy","Enel NA","Retainer"
2019-06-18,"Adam Hoyle",2.5,"","Regional page updates for July","Ongoing Request List","Enel NA","Retainer"
2019-06-17,"Adam Hoyle",0.5,"review updates, update CTA banner per Colin, respond to Meg, update BC","Regional page updates for July","Ongoing Request List","Enel NA","Retainer"
2019-06-17,"Adam Hoyle",0.5,"review sitemap and respond to Meg and Anna","Updates to header and navigation structure","Header & Navigation Updates","Enel NA","Retainer"
2019-06-17,"Adam Hoyle",5.0,"Finish first pass on all pages, check, create notes, update BC","Create circular economy section/pages","Circular Economy","Enel NA","Retainer"
2019-06-14,"Adam Hoyle",2.0,"build Scoring page","Create circular economy section/pages","Circular Economy","Enel NA","Retainer"
2019-06-14,"Adam Hoyle",0.5,"call w/ Colin and Meg re: site updates",,,"Enel NA","Retainer"
2019-06-13,"Adam Hoyle",2.0,"Create Boosting page","Create circular economy section/pages","Circular Economy","Enel NA","Retainer"
2019-06-13,"Adam Hoyle",0.5,"add to hero slider in stage and prod","New ebook registration/fulfillment pages - ""No Capital Needed""","Ongoing Request List","Enel NA","Retainer"
2019-06-12,"Adam Hoyle",3.5,"create shell pages and start building out the Educational page","Create circular economy section/pages","Circular Economy","Enel NA","Retainer"
2019-06-12,"Adam Hoyle",0.5,"add to global pages, check ontario calculator, email client for testing","Add Tracking ""Floodlight"" Pixels for Marketing Campaign","Ongoing Request List","Enel NA","Retainer"
2019-06-11,"Adam Hoyle",2.5,"","Create circular economy section/pages","Circular Economy","Enel NA","Retainer"
2019-06-11,"Adam Hoyle",0.5,"call w/ Meg to discuss website and upcoming schedule",,,"Enel NA","Retainer"
2019-06-11,"Adam Hoyle",0.5,"add PDF to fulfillment page, publish and test","New ebook registration/fulfillment pages - ""No Capital Needed""","Ongoing Request List","Enel NA","Retainer"
2019-06-10,"Adam Hoyle",2.25,"Review notes and start planning and building pages on stage","Create circular economy section/pages","Circular Economy","Enel NA","Retainer"
2019-06-10,"Adam Hoyle",0.25,"respond to Beatrice re: quality/prod environments",,,"Enel NA","Retainer"
2019-06-07,"Adam Hoyle",2.0,"completed first pass on all menu item updates","Updates to header and navigation structure","Header & Navigation Updates","Enel NA","Retainer"
2019-06-06,"Adam Hoyle",3.0,"","Updates to header and navigation structure","Header & Navigation Updates","Enel NA","Retainer"
2019-06-05,"Adam Hoyle",0.25,"review and send","Map integration w/ site","Interactive Map","Enel NA","Retainer"
2019-06-05,"Adam Hoyle",0.5,"new ebook - update landing page copy and createa fulfillment page","New ebook registration/fulfillment pages - ""No Capital Needed""","Ongoing Request List","Enel NA","Retainer"
2019-06-05,"Adam Hoyle",0.5,"tweak settings for cookie policy, review other changes and updates","Map integration w/ site","Interactive Map","Enel NA","Retainer"
2019-06-04,"Adam Hoyle",1.0,"","New ebook registration/fulfillment pages - ""No Capital Needed""","Ongoing Request List","Enel NA","Retainer"
2019-05-30,"Adam Hoyle",0.75,"call w/ Meg to discuss next steps and upcoming work, followups and BC updates",,,"Enel NA","Retainer"
2019-05-30,"Adam Hoyle",0.5,"review old domains and respond to Meg",,,"Enel NA","Retainer"
2019-05-29,"Adam Hoyle",0.75,"review sitemap and IA documents and prep for call w/ Meg",,,"Enel NA","Retainer"
2019-05-24,"Adam Hoyle",0.75,"review request, update pages, check, followup w/ Meg, update Liz on naming","Updates to page names","Ongoing Request List","Enel NA","Retainer"
2019-05-16,"Adam Hoyle",0.25,"","Homepage Carousel Update - BUGUP Whitepaper","Ongoing Request List","Enel NA","Retainer"
2019-05-16,"Adam Hoyle",1.75,"review and document requirements, type up notes for ticket and get approval from Meg, post to BC for Global","Add ""command-line parameter override tracking"" script to new Adobe site (may require coordination with global)","Ongoing Request List","Enel NA","Retainer"
2019-05-16,"Adam Hoyle",0.75,"","Homepage Carousel Update - BUGUP Whitepaper","Ongoing Request List","Enel NA","Retainer"
2019-05-15,"Adam Hoyle",0.75,"revert and reupload images, enable overlay checkbox on all hero slides, republish and test","Update Monthly Market Commentaries","Ongoing Request List","Enel NA","Retainer"
2019-05-15,"Adam Hoyle",2.25,"update content and links, add 30% overlay and reupload all images, email global, publish and test pages","Update Monthly Market Commentaries","Ongoing Request List","Enel NA","Retainer"
2019-05-08,"Adam Hoyle",1.0,"review and respond to Acquia ticket related to legacy SSL certificate",,,"Enel NA","Retainer"
2019-05-08,"Adam Hoyle",0.75,"review test and respond to Meg's command line override on secondary pages request",,,"Enel NA","Retainer"
2019-05-07,"Adam Hoyle",0.25,"send Glenwood image to Meg",,,"Enel NA","Retainer"
2019-05-06,"Adam Hoyle",0.25,"respond to Meg re: video thumbnail update",,,"Enel NA","Retainer"
2019-05-03,"Adam Hoyle",0.75,"misc. project coordination and emails",,,"Enel NA","Retainer"
2019-05-02,"Adam Hoyle",0.5,"updates","Create new BUGUP Product Landing Page","Ongoing Request List","Enel NA","Retainer"
2019-05-02,"Adam Hoyle",0.5,"review updates from Global for BUGUP gated page and feedback from Beatrice",,,"Enel NA","Retainer"
2019-05-01,"Adam Hoyle",0.5,"","Hero Image on Storage Page","Ongoing Request List","Enel NA","Retainer"
2019-05-01,"Adam Hoyle",0.25,"updates","Create new BUGUP Product Landing Page","Ongoing Request List","Enel NA","Retainer"
2019-04-30,"Adam Hoyle",11.75,"Liz: April-May",,,"Enel NA","Retainer"
2019-04-30,"Adam Hoyle",0.5,"updates","Updates to regional pages","Interactive Map","Enel NA","Retainer"
2019-04-30,"Adam Hoyle",0.5,"updates","Create new BUGUP Product Landing Page","Ongoing Request List","Enel NA","Retainer"
2019-04-30,"Adam Hoyle",0.25,"review feedback, make some updates, update BC","Updates to regional pages","Interactive Map","Enel NA","Retainer"
2019-04-30,"Adam Hoyle",0.25,"review feedback, update BC","Create new BUGUP Product Landing Page","Ongoing Request List","Enel NA","Retainer"
2019-04-29,"Adam Hoyle",0.25,"","Updates to ""Who We Are"" page","Ongoing Request List","Enel NA","Retainer"
2019-04-29,"Adam Hoyle",0.25,"","Updates to Storage videos","Ongoing Request List","Enel NA","Retainer"
2019-04-29,"Adam Hoyle",0.5,"","Updates to regional pages","Interactive Map","Enel NA","Retainer"
2019-04-29,"Adam Hoyle",0.75,"","Create new BUGUP Product Landing Page","Ongoing Request List","Enel NA","Retainer"
2019-04-25,"Adam Hoyle",0.25,"updated to DR landing page - add Ameren Missouri",,,"Enel NA","Retainer"
2019-04-25,"Adam Hoyle",0.25,"","Add new PDF - 5 Keys to ISO-NE Demand Response Success","Ongoing Request List","Enel NA","Retainer"
2019-04-25,"Adam Hoyle",0.25,"","Add new PDF - 5 Keys to Demand Response Success in Texas","Ongoing Request List","Enel NA","Retainer"
2019-04-25,"Adam Hoyle",0.25,"","Add new gated whitepaper - Financing Backup Generator Upgrades with DR (BUGUP)","Ongoing Request List","Enel NA","Retainer"
2019-04-25,"Adam Hoyle",0.25,"","Add new PDF - AESO Operating Reserves Program","Ongoing Request List","Enel NA","Retainer"
2019-04-25,"Adam Hoyle",1.0,"","Add new gated whitepaper - Financing Backup Generator Upgrades with DR (BUGUP)","Ongoing Request List","Enel NA","Retainer"
2019-04-23,"Adam Hoyle",0.5,"Fix DR brochure page",,,"Enel NA","Retainer"
2019-04-22,"Adam Hoyle",1.75,"","Update all CTA blocks across site","Ongoing Request List","Enel NA","Retainer"
2019-04-22,"Adam Hoyle",0.5,"call w/ Meg re: approaches toward country specific sites for emotowerks",,,"Enel NA","Retainer"
2019-04-22,"Adam Hoyle",0.5,"update blocks on regional pages, email meg for clarification","Update all CTA blocks across site","Ongoing Request List","Enel NA","Retainer"
2019-04-22,"Adam Hoyle",0.25,"review, update BC","Update all CTA blocks across site","Ongoing Request List","Enel NA","Retainer"
2019-04-20,"Adam Hoyle",0.5,"push pages live","Create regional/state landing pages for Ontario and MA","Interactive Map","Enel NA","Retainer"
2019-04-18,"Adam Hoyle",0.5,"add images","Create regional/state landing pages for Ontario and MA","Interactive Map","Enel NA","Retainer"
2019-04-18,"Adam Hoyle",0.5,"add images","Create landing pages for NY, TX, CA","Interactive Map","Enel NA","Retainer"
2019-04-18,"Adam Hoyle",0.25,"","Create landing page for PJM Region","Interactive Map","Enel NA","Retainer"
2019-04-18,"Adam Hoyle",0.25,"","Create landing page for New England","Interactive Map","Enel NA","Retainer"
2019-04-17,"Adam Hoyle",0.75,"updates to regional pages",,,"Enel NA","Retainer"
2019-04-16,"Adam Hoyle",0.25,"","Create regional/state landing pages for Ontario and MA","Interactive Map","Enel NA","Retainer"
2019-04-12,"Adam Hoyle",0.75,"","Create landing pages for NY, TX, CA","Interactive Map","Enel NA","Retainer"
2019-04-12,"Adam Hoyle",0.5,"","Create landing page for New England","Interactive Map","Enel NA","Retainer"
2019-04-12,"Adam Hoyle",0.5,"","Create landing page for PJM Region","Interactive Map","Enel NA","Retainer"
2019-04-12,"Adam Hoyle",0.5,"","Create regional/state landing pages for Ontario and MA","Interactive Map","Enel NA","Retainer"
2019-04-11,"Adam Hoyle",0.5,"Replace PDFs for P19008 and P19009",,,"Enel NA","Retainer"
2019-04-11,"Adam Hoyle",0.25,"CA","Create landing pages for NY, TX, CA","Interactive Map","Enel NA","Retainer"
2019-04-11,"Adam Hoyle",0.25,"TX","Create landing pages for NY, TX, CA","Interactive Map","Enel NA","Retainer"
2019-04-11,"Adam Hoyle",0.25,"NY","Create landing page for New England","Interactive Map","Enel NA","Retainer"
2019-04-11,"Adam Hoyle",0.25,"","Create landing page for PJM Region","Interactive Map","Enel NA","Retainer"
2019-04-11,"Adam Hoyle",0.25,"","Create landing pages for NY, TX, CA","Interactive Map","Enel NA","Retainer"
2019-04-10,"Adam Hoyle",0.25,"add related products and resources to page","Create regional/state landing pages for Ontario and MA","Interactive Map","Enel NA","Retainer"
2019-04-10,"Adam Hoyle",1.0,"investigate form submittions and population of ""Product"" field, respond to team",,,"Enel NA","Retainer"
2019-04-10,"Adam Hoyle",1.25,"process email, update BC",,,"Enel NA","Retainer"
2019-04-09,"Adam Hoyle",1.0,"create gated page, fulfill page, email Rodolfo for 301, update BC and email team","Gate the ""ebook DR Deconstructed"" asset","Ongoing Request List","Enel NA","Retainer"
2019-04-09,"Adam Hoyle",0.5,"review tagsheet, update BC","Add Tracking ""Floodlight"" Pixels for Marketing Campaign","Ongoing Request List","Enel NA","Retainer"
2019-04-09,"Adam Hoyle",0.75,"update and publish","Ameren Press Release","Ongoing Request List","Enel NA","Retainer"
2019-04-08,"Adam Hoyle",0.5,"","Ameren Press Release","Ongoing Request List","Enel NA","Retainer"
2019-04-05,"Adam Hoyle",2.25,"","Upload University videos to YouTube and replace embed on site","Ongoing Request List","Enel NA","Retainer"
2019-04-04,"Adam Hoyle",1.5,"test carousel, begin creating MA page","Create regional/state landing pages for Ontario and MA","Interactive Map","Enel NA","Retainer"
2019-04-04,"Adam Hoyle",1.75,"","Gate the ""ebook DR Deconstructed"" asset","Ongoing Request List","Enel NA","Retainer"
2019-04-04,"Adam Hoyle",0.25,"review issue, call w/ Meg","Troubleshoot VidYard issues on Enel X University","Ongoing Request List","Enel NA","Retainer"
2019-04-03,"Adam Hoyle",0.5,"troubleshoot non-linking PDFs for Liz",,,"Enel NA","Retainer"
2019-04-02,"Adam Hoyle",1.75,"misc. project coordination, emails and BC updates",,,"Enel NA","Retainer"
2019-04-02,"Adam Hoyle",0.25,"","Add Tracking ""Floodlight"" Pixels for Marketing Campaign","Ongoing Request List","Enel NA","Retainer"
2019-04-02,"Adam Hoyle",0.75,"","Add Executive list w/ bios to ""Who We Are"" page","Ongoing Request List","Enel NA","Retainer"
2019-04-02,"Adam Hoyle",1.0,"","Updated Cookie Policy","Ongoing Request List","Enel NA","Retainer"
2019-04-02,"Adam Hoyle",1.25,"test calc updates, send to Meg","Calculator: if ""Building Type"" and/or ""Electrical Load Information"" are not selected, the form cannot be submitted and the user receives no error message indicating that those are required fields","Bugs","Enel NA","Retainer"
2019-04-01,"Adam Hoyle",1.25,"","Add Executive list w/ bios to ""Who We Are"" page","Ongoing Request List","Enel NA","Retainer"
2019-04-01,"Adam Hoyle",0.75,"","Gate the ""ebook DR Deconstructed"" asset","Ongoing Request List","Enel NA","Retainer"
2019-04-01,"Adam Hoyle",0.5,"review request, add to BC, check Drupal site for executives, respond to Meg","Add Executive list w/ bios to ""Who We Are"" page","Ongoing Request List","Enel NA","Retainer"
2019-03-31,"Adam Hoyle",10.75,"LIZ",,,"Enel NA","Retainer"
2019-03-30,"Adam Hoyle",0.5,"review and test","Calculator: if ""Building Type"" and/or ""Electrical Load Information"" are not selected, the form cannot be submitted and the user receives no error message indicating that those are required fields","Bugs","Enel NA","Retainer"
2019-03-29,"Adam Hoyle",0.75,"review and QA calc on stage, update BC, respond to Meg","Calculator: if ""Building Type"" and/or ""Electrical Load Information"" are not selected, the form cannot be submitted and the user receives no error message indicating that those are required fields","Bugs","Enel NA","Retainer"
2019-03-28,"Adam Hoyle",1.5,"Enel SEO meeting w/ Liz","SEO Updates per audit","SEO","Enel NA","Retainer"
2019-03-28,"Adam Hoyle",2.0,"call w/ Enel re: ""command-line script"" for gated assets, followups with team and basecamp updates","Add ""command-line parameter override tracking"" script to new Adobe site (may require coordination with global)","Ongoing Request List","Enel NA","Retainer"
2019-03-27,"Adam Hoyle",2.0,"","Add Tracking ""Floodlight"" Pixels for Marketing Campaign","Ongoing Request List","Enel NA","Retainer"
2019-03-22,"Adam Hoyle",0.5,"","Calculator feedback from Global","Ongoing Request List","Enel NA","Retainer"
2019-03-22,"Adam Hoyle",0.5,"browser testing","Map integration w/ site","Interactive Map","Enel NA","Retainer"
2019-03-22,"Adam Hoyle",0.25,"","Calculator feedback from Global","Ongoing Request List","Enel NA","Retainer"
2019-03-21,"Adam Hoyle",1.25,"review calc and map, send updates to Meg",,,"Enel NA","Retainer"
2019-03-21,"Adam Hoyle",0.5,"gather details and send Liz SEO email and schedule call for next week",,,"Enel NA","Retainer"
2019-03-20,"Adam Hoyle",0.5,"draft update email to Meg covering all open items",,,"Enel NA","Retainer"
2019-03-20,"Adam Hoyle",1.25,"","Add new videos to site","Ongoing Request List","Enel NA","Retainer"
2019-03-20,"Adam Hoyle",0.75,"add to homepage and test","Add Ontario Whitepaper gated asset to site","Ongoing Request List","Enel NA","Retainer"
2019-03-20,"Adam Hoyle",0.25,"test and fix for broken resource links, email global",,,"Enel NA","Retainer"
2019-03-19,"Adam Hoyle",0.25,"review icons and general styling updates","Calculator feedback from Global","Ongoing Request List","Enel NA","Retainer"
2019-03-19,"Adam Hoyle",0.5,"test and troubleshoot broken resource link, email global",,,"Enel NA","Retainer"
2019-03-19,"Adam Hoyle",0.5,"add and test","Add Ontario Whitepaper gated asset to site","Ongoing Request List","Enel NA","Retainer"
2019-03-18,"Adam Hoyle",0.25,"","Omit ""fulfill"" pages from XML sitemap","SEO","Enel NA","Retainer"
2019-03-18,"Adam Hoyle",0.25,"check sitemap, respond to global","Publish XML sitemap","SEO","Enel NA","Retainer"
2019-03-14,"Adam Hoyle",1.25,"misc. coordination, emails and DNS support",,,"Enel NA","Retainer"
2019-03-13,"Adam Hoyle",0.75,"add fulfillment page, email Global with issues creating form page","Add Ontario Whitepaper gated asset to site","Ongoing Request List","Enel NA","Retainer"
2019-03-12,"Adam Hoyle",0.5,"review carousel comps, respond to Meg",,,"Enel NA","Retainer"
2019-03-12,"Adam Hoyle",0.25,"finalize and check updates, email Meg","Add Ameren webinar to site","Ongoing Request List","Enel NA","Retainer"
2019-03-12,"Adam Hoyle",0.5,"reproduce issue, check submissions, respond to Meg, update BC","University forms not submitting to Eloqua","Ongoing Request List","Enel NA","Retainer"
2019-03-12,"Adam Hoyle",0.25,"Pull UK Anti-Slavery content from old site and send to Meg",,,"Enel NA","Retainer"
2019-03-12,"Adam Hoyle",0.25,"Send three PDF page to Meg, respond to email","Create new landing page for DR Promotion Kit","Ongoing Request List","Enel NA","Retainer"
2019-03-11,"Adam Hoyle",0.5,"","Create new landing page for DR Promotion Kit","Ongoing Request List","Enel NA","Retainer"
2019-03-11,"Adam Hoyle",0.25,"review request and update BC","Create new landing page for DR Promotion Kit","Ongoing Request List","Enel NA","Retainer"
2019-03-11,"Adam Hoyle",0.5,"Support for Pietro and Peter re: DNS updates related to Acquia ELB migration ""Technology Refresh""",,,"Enel NA","Retainer"
2019-03-08,"Adam Hoyle",2.5,"test, email Global","Add Ameren webinar to site","Ongoing Request List","Enel NA","Retainer"
2019-03-08,"Adam Hoyle",0.5,"","Add CTAs for Calculator","Ongoing Request List","Enel NA","Retainer"
2019-03-08,"Adam Hoyle",0.5,"email Jonathan re: XML sitemap",,,"Enel NA","Retainer"
2019-03-07,"Adam Hoyle",0.5,"Check tags on press pages, test adding and republishing, screenshot issues and email Meg",,,"Enel NA","Retainer"
2019-03-07,"Adam Hoyle",0.5,"add CTA back to home page slider","Add CTAs for Calculator","Ongoing Request List","Enel NA","Retainer"
2019-03-07,"Adam Hoyle",0.25,"","Add Ameren webinar to site","Ongoing Request List","Enel NA","Retainer"
2019-03-07,"Adam Hoyle",0.5,"review and respond, update BC","Calculator feedback from Global","Ongoing Request List","Enel NA","Retainer"
2019-03-07,"Adam Hoyle",1.25,"misc. project coordination and emails re: site outage, calculator updates and webinar",,,"Enel NA","Retainer"
2019-03-06,"Adam Hoyle",0.5,"","Add CTAs for Calculator","Ongoing Request List","Enel NA","Retainer"
2019-03-06,"Adam Hoyle",0.75,"Enel X: misc. project coordination and emails, quick comps for carousel and Resource issues",,,"Enel NA","Retainer"
2019-03-05,"Adam Hoyle",0.25,"test M","Ontario Storage Calculator & Peak Shavings App","Ongoing Request List","Enel NA","Retainer"
2019-03-05,"Adam Hoyle",0.25,"","Update footer link ""Become a partner"" to point to new solar partner page","Ongoing Request List","Enel NA","Retainer"
2019-03-05,"Adam Hoyle",0.5,"","Add 2019 homepage slide once form is fixed","Ongoing Request List","Enel NA","Retainer"
2019-03-05,"Adam Hoyle",1.0,"call w/ Meg to review audit","SEO Audit","SEO","Enel NA","Retainer"
2019-03-05,"Adam Hoyle",2.5,"finalize deliverable and send to Meg","SEO Audit","SEO","Enel NA","Retainer"
2019-03-01,"Adam Hoyle",0.75,"test mp4 video on site, respond to Jeanne re: webinar video hosting",,,"Enel NA","Retainer"
2019-03-01,"Adam Hoyle",0.25,"","Ontario Storage Calculator & Peak Shavings App","Ongoing Request List","Enel NA","Retainer"
2019-02-28,"Adam Hoyle",1.0,"misc. email and project coordination, respond to Jeanne re: video formats, etc.",,,"Enel NA","Retainer"
2019-02-28,"Adam Hoyle",0.5,"review and test map","Interactive Map Design","Interactive Map","Enel NA","Retainer"
2019-02-28,"Adam Hoyle",0.25,"","Add Ameren webinar to site","Ongoing Request List","Enel NA","Retainer"
2019-02-26,"Adam Hoyle",1.75,"build out page, email Meg notes and limitations","Create regional/state landing pages for Ontario and MA","Interactive Map","Enel NA","Retainer"
2019-02-25,"Adam Hoyle",0.75,"misc. emails and project coordination, Basecamp updates",,,"Enel NA","Retainer"
2019-02-21,"Adam Hoyle",0.5,"check carousel functionality and email Meg re: URL structure","Create regional/state landing pages for Ontario and MA","Interactive Map","Enel NA","Retainer"
2019-02-21,"Adam Hoyle",1.25,"reproduce and report QA issues with tags and CTA buttons",,,"Enel NA","Retainer"
2019-02-21,"Adam Hoyle",0.5,"review , respond, update BC","Create regional/state landing pages for Ontario and MA","Interactive Map","Enel NA","Retainer"
2019-02-20,"Adam Hoyle",0.25,"","SEO Audit","SEO","Enel NA","Retainer"
2019-02-20,"Adam Hoyle",0.75,"update breadcrumbs, hero and other text to Solar-Plus-Storage","New Solar + Storage Landing Page","Ongoing Request List","Enel NA","Retainer"
2019-02-19,"Adam Hoyle",0.25,"","SEO Audit","SEO","Enel NA","Retainer"
2019-02-19,"Adam Hoyle",0.75,"pull slide and backup content, update BC","Add 2019 homepage slide once form is fixed","Ongoing Request List","Enel NA","Retainer"
2019-02-18,"Adam Hoyle",1.25,"template analysis","SEO Audit","SEO","Enel NA","Retainer"
2019-02-15,"Adam Hoyle",0.75,"look into issue reported by meg with the 2019 Market Outlook report",,,"Enel NA","Retainer"
2019-02-14,"Adam Hoyle",0.5,"research page counts for Enel X NA",,,"Enel NA","Retainer"
2019-02-13,"Adam Hoyle",0.75,"export reports from Screaming Frog and Moz","SEO Audit","SEO","Enel NA","Retainer"
2019-02-13,"Adam Hoyle",0.75,"deploy to prod","New Solar + Storage Landing Page","Ongoing Request List","Enel NA","Retainer"
2019-02-13,"Adam Hoyle",0.75,"deploy to prod","DER channel partner landing page","Ongoing Request List","Enel NA","Retainer"
2019-02-13,"Adam Hoyle",1.0,"updates","DER channel partner landing page","Ongoing Request List","Enel NA","Retainer"
2019-02-12,"Adam Hoyle",2.0,"","DER channel partner landing page","Ongoing Request List","Enel NA","Retainer"
2019-02-12,"Adam Hoyle",2.0,"","New Solar + Storage Landing Page","Ongoing Request List","Enel NA","Retainer"
2019-02-11,"Adam Hoyle",4.0,"","SEO Audit","SEO","Enel NA","Retainer"
2019-02-11,"Adam Hoyle",0.5,"form QA","Ontario Storage Calculator & Peak Shavings App","Ongoing Request List","Enel NA","Retainer"
2019-02-11,"Adam Hoyle",0.25,"","DER channel partner landing page","Ongoing Request List","Enel NA","Retainer"
2019-02-11,"Adam Hoyle",0.25,"","New Solar + Storage Landing Page","Ongoing Request List","Enel NA","Retainer"
2019-02-07,"Adam Hoyle",0.75,"call w/ NA team to review Map","Interactive Map Design","Interactive Map","Enel NA","Retainer"
2019-02-07,"Adam Hoyle",1.0,"client call with global for review","Ontario Storage Calculator & Peak Shavings App","Ongoing Request List","Enel NA","Retainer"
2019-02-07,"Adam Hoyle",0.25,"review and QA recent global deployments",,,"Enel NA","Retainer"
2019-02-07,"Adam Hoyle",0.25,"","Update FROM email on Energysmart blog RSS emails to ""energysmart.enelxnorthamerica@enel.com""","Misc.","Enel NA","Retainer"
2019-02-06,"Adam Hoyle",0.5,"","SEO Audit","SEO","Enel NA","Retainer"
2019-02-06,"Adam Hoyle",3.0,"enel - misc. firedrills, analytics, redirects, customer logins, re-publishing pages, etc. Email and coordination w/ Liz, Jeanne, Meg, etc.",,,"Enel NA","Retainer"
2019-02-05,"Adam Hoyle",0.5,"","SEO Research","SEO","Enel NA","Retainer"
2019-02-05,"Adam Hoyle",1.75,"browsercheck calc, project brief template to Meg, SEO research, misc. project coordination",,,"Enel NA","Retainer"
2019-02-05,"Adam Hoyle",1.5,"misc. project coordination, troubleshooting site issues and communicating with Jonathan, Meg, Liz re: publish dates, analytics",,,"Enel NA","Retainer"
2019-02-04,"Adam Hoyle",1.25,"","SEO Research","SEO","Enel NA","Retainer"
2019-02-04,"Adam Hoyle",0.5,"call w/ Meg, updates from meetings in Rome",,,"Enel NA","Retainer"
2019-02-04,"Adam Hoyle",0.5,"look into Energy Manager Today form submissions, respond to Meg",,,"Enel NA","Retainer"
2019-02-04,"Adam Hoyle",0.25,"republish pages per Jonathan and check for login menu updates",,,"Enel NA","Retainer"
2019-02-01,"Adam Hoyle",1.5,"troubleshoot Enel X login nav issues, email Jonathan",,,"Enel NA","Retainer"
2019-01-31,"Adam Hoyle",0.5,"","Interactive Map Design","Interactive Map","Enel NA","Retainer"
2019-01-31,"Adam Hoyle",1.0,"email and coordination re: lead gen form and other feedback from Colin, Jeanne","Ontario Storage Calculator & Peak Shavings App","Ongoing Request List","Enel NA","Retainer"
2019-01-30,"Adam Hoyle",0.75,"misc. coordination, resources and emails",,,"Enel NA","Retainer"
2019-01-29,"Adam Hoyle",1.25,"resource updates",,,"Enel NA","Retainer"
2019-01-28,"Adam Hoyle",2.5,"Keyword research audit planning","SEO Audit","SEO","Enel NA","Retainer"
2019-01-28,"Adam Hoyle",0.5,"discuss approach with Jay, research Mapplic and email to Colin","Interactive Map Design","Interactive Map","Enel NA","Retainer"
2019-01-25,"Adam Hoyle",1.0,"Create tracking campaign in moz","SEO Audit","SEO","Enel NA","Retainer"
2019-01-25,"Adam Hoyle",0.5,"misc. emails and coordination w/ Meg and Liz, BC updates re: resources and uploads",,,"Enel NA","Retainer"
2019-01-24,"Adam Hoyle",1.0,"Checkin call w/ Meg, Colin re: SEO, Calculator, and interactive map",,,"Enel NA","Retainer"
2019-01-24,"Adam Hoyle",0.25,"review keyword list and update BC","SEO Research","SEO","Enel NA","Retainer"
2019-01-24,"Adam Hoyle",0.25,"","Ontario Storage Calculator & Peak Shavings App","Ongoing Request List","Enel NA","Retainer"
2019-01-24,"Adam Hoyle",0.5,"review updated copy, respond to Meg, update BC","Ontario Storage Calculator & Peak Shavings App","Ongoing Request List","Enel NA","Retainer"
2019-01-23,"Adam Hoyle",2.0,"Adobe Analytics training",,,"Enel NA","Retainer"
2019-01-23,"Adam Hoyle",0.75,"update production","Add additional promo blocks for Resources/White Papers (see comment)","Ongoing Request List","Enel NA","Retainer"
2019-01-23,"Adam Hoyle",2.25,"create mockup and staging examples, email Meg","Add additional promo blocks for Resources/White Papers (see comment)","Ongoing Request List","Enel NA","Retainer"
2019-01-22,"Adam Hoyle",0.25,"review and update BC","Interactive Map Design","Interactive Map","Enel NA","Retainer"
2019-01-18,"Adam Hoyle",0.5,"emails and followups with Meg and Liz re: new resources",,,"Enel NA","Retainer"
2019-01-16,"Adam Hoyle",0.5,"deploy to prod","Add 2019 Market Report to first slide of homepage","Ongoing Request List","Enel NA","Retainer"
2019-01-16,"Adam Hoyle",0.75,"","Add 2019 Market Report to first slide of homepage","Ongoing Request List","Enel NA","Retainer"
2019-01-15,"Adam Hoyle",1.0,"","Add new gated content for 2019 campaign","Ongoing Request List","Enel NA","Retainer"
2019-01-11,"Adam Hoyle",1.75,"","Homepage banner/hero slider updates (see comment)","Ongoing Request List","Enel NA","Retainer"
2019-01-10,"Adam Hoyle",1.25,"Enel Calc meeting + followups","Ontario Storage Calculator & Peak Shavings App","Ongoing Request List","Enel NA","Retainer"
2019-01-10,"Adam Hoyle",0.5,"review and send calc designs","Ontario Storage Calculator & Peak Shavings App","Ongoing Request List","Enel NA","Retainer"
2019-01-10,"Adam Hoyle",0.25,"review request and update BC","Homepage banner/hero slider updates (see comment)","Ongoing Request List","Enel NA","Retainer"
2019-01-09,"Adam Hoyle",1.75,"misc. project coordination content updates, notes on form fields, comm. w/ Jeanne and Colin",,,"Enel NA","Retainer"
2019-01-09,"Adam Hoyle",0.25,"review designs, send notes to Mike and Kyle for feedback","Ontario Storage Calculator & Peak Shavings App","Ongoing Request List","Enel NA","Retainer"
2019-01-08,"Adam Hoyle",0.75,"call w/ Jonathan re: AEM questions",,,"Enel NA","Retainer"
2019-01-08,"Adam Hoyle",0.5,"update sfid and re-test","Add new gated content for 2019 campaign","Ongoing Request List","Enel NA","Retainer"
2019-01-08,"Adam Hoyle",0.5,"","Update PDFs with re-branded template","Ongoing Request List","Enel NA","Retainer"
2019-01-08,"Adam Hoyle",1.25,"call w/ Rome and emotorwerks team",,,"Enel NA","Retainer"
2019-01-08,"Adam Hoyle",1.0,"Add Mexico WP and test","Add new gated content for 2019 campaign","Ongoing Request List","Enel NA","Retainer"
2019-01-08,"Adam Hoyle",0.25,"Review and process requests, add to BC",,,"Enel NA","Retainer"
2019-01-08,"Adam Hoyle",0.25,"update date, republish press release, test",,,"Enel NA","Retainer"
2019-01-08,"Adam Hoyle",0.5,"Organize notes and questions for Jonathan and prep for call",,,"Enel NA","Retainer"
2019-01-07,"Adam Hoyle",0.75,"replace 22 new FAQ PDFs and re-publish","Update PDFs with re-branded template","Ongoing Request List","Enel NA","Retainer"
2019-01-07,"Adam Hoyle",0.75,"Add new press release to site (Ontario DR tender win), test, schedule publish date",,,"Enel NA","Retainer"
2019-01-07,"Adam Hoyle",0.5,"followup and test, change to YT embed","Add DR Software Video to site","Ongoing Request List","Enel NA","Retainer"
2019-01-07,"Adam Hoyle",0.5,"Upload EstabLabs PDF, publish, test",,,"Enel NA","Retainer"
2019-01-07,"Adam Hoyle",0.5,"review designs","Ontario Storage Calculator & Peak Shavings App","Ongoing Request List","Enel NA","Retainer"
2019-01-04,"Adam Hoyle",1.5,"","Add DR Software Video to site","Ongoing Request List","Enel NA","Retainer"
2019-01-04,"Adam Hoyle",0.25,"review request, add to BC","Add DR Software Video to site","Ongoing Request List","Enel NA","Retainer"
2019-01-03,"Adam Hoyle",0.75,"project rundown and 2019 prioritization with Meg",,,"Enel NA","Retainer"
2019-01-03,"Adam Hoyle",1.5,"add CTA to hero for all resources",,,"Enel NA","Retainer"
2019-01-03,"Adam Hoyle",0.5,"","Add new gated content for 2019 campaign","Ongoing Request List","Enel NA","Retainer"
2019-01-03,"Adam Hoyle",0.5,"pull old bios and photos from site, send to Meg",,,"Enel NA","Retainer"
2019-01-03,"Adam Hoyle",0.5,"review dev, review example links, discuss design w/ Jay, Kyle, Mike","Ontario Storage Calculator & Peak Shavings App","Ongoing Request List","Enel NA","Retainer"
2018-12-21,"Adam Hoyle",0.5,"Fix broken PDF download link on University Drupal site",,,"Enel NA","Retainer"
2018-12-20,"Adam Hoyle",0.45,"content entry and misc. project coordination w/ Liz",,,"Enel NA","Retainer"
2018-12-12,"Adam Hoyle",0.75,"call w/ sales engineers who built the spreadsheet, followups","Ontario Storage Calculator & Peak Shavings App","Ongoing Request List","Enel NA","Retainer"
2018-10-19,"Adam Hoyle",0.5,"update email templates for weekly and monthly RSS campaign",,,"Enel NA","Retainer"
2018-10-11,"Adam Hoyle",1.0,"call w/ global team to discuss webforms",,,"Enel NA","Retainer"
2018-10-03,"Adam Hoyle",0.25,"Call w/ Colin to review Solutions updates",,,"Enel NA","Retainer"
2018-10-03,"Adam Hoyle",2.5,"post-launch: Solutions updates",,,"Enel NA","Retainer"
2018-10-03,"Adam Hoyle",0.75,"weekly checking call w/ Global",,,"Enel NA","Retainer"
2018-09-12,"Adam Hoyle",0.25,"","Update the Enel X overview PDF","Misc. 2018","Enel NA","Retainer"
2018-09-07,"Adam Hoyle",0.5,"update, clear caches, test","Update the Enel X overview PDF","Misc. 2018","Enel NA","Retainer"
2018-09-05,"Adam Hoyle",0.75,"troubleshoot blog email not sending, respond to Colin",,,"Enel NA","Retainer"
2018-09-04,"Adam Hoyle",0.5,"update, test, troubleshoot caching, clear varnish","Update PDFs on EnerNOC U","Misc. 2018","Enel NA","Retainer"
2018-09-04,"Adam Hoyle",0.25,"","Update PDFs on EnerNOC U","Misc. 2018","Enel NA","Retainer"
2018-09-04,"Adam Hoyle",3.0,"prep and coordination for conference call w/ global team, conference call, post-call followups","Rebranded D8 site - branded to EnelX","Misc. 2018","Enel NA","Retainer"
2018-08-30,"Adam Hoyle",1.5,"","Homepage Updates","Misc. 2018","Enel NA","Retainer"
2018-08-29,"Adam Hoyle",0.5,"investigate issue with incorrect homepage block displaying",,,"Enel NA","Retainer"
2018-08-29,"Adam Hoyle",0.5,"","Updates to FAQ","Misc. 2018","Enel NA","Retainer"
2018-08-28,"Adam Hoyle",0.5,"","Updates to FAQ","Misc. 2018","Enel NA","Retainer"
2018-08-22,"Adam Hoyle",0.75,"review responses, send followup emails to AEM vendors","Rebranded D8 site - branded to EnelX","Misc. 2018","Enel NA","Retainer"
2018-08-22,"Adam Hoyle",0.25,"review request and update BC","Implement pinned post for EnerNOC","Misc. 2018","Enel NA","Retainer"
2018-08-17,"Adam Hoyle",3.0,"review questions, notes, respond to emails, draft and send email to Sara",,,"Enel NA","Retainer"
2018-08-16,"Adam Hoyle",3.0,"calls w/ Webdrips, Aximat, Devsu AEM teams","Rebranded D8 site - branded to EnelX","Misc. 2018","Enel NA","Retainer"
2018-08-16,"Adam Hoyle",0.25,"test and email client","Update the enernoc.com homepage hero space with new video and copy","Misc. 2018","Enel NA","Retainer"
2018-08-15,"Adam Hoyle",0.5,"followup with other agencies for potential outsourcing","Rebranded D8 site - branded to EnelX","Misc. 2018","Enel NA","Retainer"
2018-08-15,"Adam Hoyle",0.5,"call w/ Jobsity","Rebranded D8 site - branded to EnelX","Misc. 2018","Enel NA","Retainer"
2018-08-15,"Adam Hoyle",1.0,"kickoff call w/ Sara and Meghan, followup notes","Rebranded D8 site - branded to EnelX","Misc. 2018","Enel NA","Retainer"
2018-08-14,"Adam Hoyle",0.5,"update copy in two blocks, edit and update image, look into block order","Update the enernoc.com homepage hero space with new video and copy","Misc. 2018","Enel NA","Retainer"
2018-08-13,"Adam Hoyle",0.5,"review, test, email Sara","Update the enernoc.com homepage hero space with new video and copy","Misc. 2018","Enel NA","Retainer"
2018-08-10,"Adam Hoyle",0.5,"review request and update BC, respond to Sara","Update the enernoc.com homepage hero space with new video and copy","Misc. 2018","Enel NA","Retainer"
2018-08-10,"Adam Hoyle",0.25,"respond to Colin re: RSS email not sending",,,"Enel NA","Retainer"
2018-08-09,"Adam Hoyle",0.5,"look into blog RSS email not sending",,,"Enel NA","Retainer"
2018-08-07,"Adam Hoyle",1.0,"","Pull analytics report for most viewed case studies and brochures (see comment)","Misc. 2018","Enel NA","Retainer"
2018-08-02,"Adam Hoyle",0.5,"","Install Mouseflow (see comment)","Misc. 2018","Enel NA","Retainer"
2018-08-01,"Adam Hoyle",0.5,"email comm., testing and finalize","Update SSL (UCC) due to Acquia's discontinued support of managed certs","Misc. 2018","Enel NA","Retainer"
2018-07-31,"Adam Hoyle",1.0,"install new cert and test","Update SSL (UCC) due to Acquia's discontinued support of managed certs","Misc. 2018","Enel NA","Retainer"
2018-07-31,"Adam Hoyle",0.5,"review notes and prep for SSL updates","Update SSL (UCC) due to Acquia's discontinued support of managed certs","Misc. 2018","Enel NA","Retainer"
2018-07-27,"Adam Hoyle",0.25,"generate new CSR","Update SSL (UCC) due to Acquia's discontinued support of managed certs","Misc. 2018","Enel NA","Retainer"
2018-07-27,"Adam Hoyle",0.5,"review tickets, communicate with Peter, request necessary info to generate CSR","Update SSL (UCC) due to Acquia's discontinued support of managed certs","Misc. 2018","Enel NA","Retainer"
2018-07-26,"Adam Hoyle",0.25,"","Update SSL (UCC) due to Acquia's discontinued support of managed certs","Misc. 2018","Enel NA","Retainer"
2018-07-11,"Adam Hoyle",0.25,"add to BC","Updates to ""Amhil"" press release","Misc. 2018","Enel NA","Retainer"
2018-07-10,"Adam Hoyle",0.5,"troubleshoot, fix, clear caches, email sara","Favicon reverted to default","Misc. 2018","Enel NA","Retainer"
2018-06-15,"Adam Hoyle",0.25,"respond to Colin re: scheduler module",,,"Enel NA","Retainer"
2018-06-13,"Adam Hoyle",0.25,"check reports for send","Daily RSS email not being sent out as expected","Misc. 2018","Enel NA","Retainer"
2018-06-13,"Adam Hoyle",0.5,"review SSL ticket from Acquia and respond","redirect demand-Energy.com to enernoc homepage","Misc. 2018","Enel NA","Retainer"
2018-06-13,"Adam Hoyle",1.25,"research issue and respond to Sara","Daily RSS email not being sent out as expected","Misc. 2018","Enel NA","Retainer"
2018-06-12,"Adam Hoyle",0.25,"disable demand energy SSL due to interference with main sites","redirect demand-Energy.com to enernoc homepage","Misc. 2018","Enel NA","Retainer"
2018-06-12,"Adam Hoyle",0.75,"call w/ David Kelly re: SSL, install new cert, open ticket with Acquia, activate cert","redirect demand-Energy.com to enernoc homepage","Misc. 2018","Enel NA","Retainer"
2018-06-12,"Adam Hoyle",0.25,"check spreadsheet from Jeanne","Contact Sales getting hit by Russian Bot","Misc. 2018","Enel NA","Retainer"
2018-05-22,"Adam Hoyle",0.25,"discuss Analytics reports w/ Jay","Create Q1 2018 Web Analytics report","Misc. 2018","Enel NA","Retainer"
2018-05-22,"Adam Hoyle",0.25,"create new page for cookie settings","update the privacy policy, translate the privacy policy into Italian and adding an in-page link to the Italian version of the privacy policy","GDPR Compliance","Enel NA","Retainer"
2018-05-21,"Adam Hoyle",0.25,"","Add popup to sites about cookie policy","GDPR Compliance","Enel NA","Retainer"
2018-05-21,"Adam Hoyle",0.5,"enable on prod and test","Add popup to sites about cookie policy","GDPR Compliance","Enel NA","Retainer"
2018-05-21,"Adam Hoyle",0.75,"prep for deploy, test on live, queue up but disable banner and link","Add popup to sites about cookie policy","GDPR Compliance","Enel NA","Retainer"
2018-05-21,"Adam Hoyle",0.25,"tweak styling","Add popup to sites about cookie policy","GDPR Compliance","Enel NA","Retainer"
2018-05-21,"Adam Hoyle",0.75,"call w/ Sara re: analytics report","Create Q1 2018 Web Analytics report","Misc. 2018","Enel NA","Retainer"
2018-05-21,"Adam Hoyle",0.5,"add to footer on stage","add the cookie policy to footer","GDPR Compliance","Enel NA","Retainer"
2018-05-21,"Adam Hoyle",0.5,"create page, update references to Enel","update the privacy policy, translate the privacy policy into Italian and adding an in-page link to the Italian version of the privacy policy","GDPR Compliance","Enel NA","Retainer"
2018-05-18,"Adam Hoyle",3.75,"","Add popup to sites about cookie policy","GDPR Compliance","Enel NA","Retainer"
2018-05-14,"Adam Hoyle",0.5,"update drupal block, clear cache, test","Update North American Media Inbox (PR contact)","Misc. 2018","Enel NA","Retainer"
2018-05-10,"Adam Hoyle",0.75,"research and respond to Sara re: analytics and GDPR",,,"Enel NA","Retainer"
2018-05-08,"Adam Hoyle",0.75,"process requests and update BC",,,"Enel NA","Retainer"
2018-05-03,"Adam Hoyle",0.5,"review and respond to Steve w/ tasks and prioritization",,,"Enel NA","Retainer"
2018-05-03,"Adam Hoyle",0.5,"","Update login link for procurement in the header and footer nav on Enernoc.com","Misc. 2018","Enel NA","Retainer"
2018-05-01,"Adam Hoyle",0.5,"look into 404 being #2 on the GA list for April 26, respond to Sara",,,"Enel NA","Retainer"
2018-04-26,"Adam Hoyle",0.25,"create new user account for Gina Ernst",,,"Enel NA","Retainer"
2018-04-25,"Adam Hoyle",0.5,"review and respond to Sara","redirect demand-Energy.com to enernoc homepage","Misc. 2018","Enel NA","Retainer"
2018-04-18,"Adam Hoyle",0.5,"","Redirects for KR and DE","Misc. 2018","Enel NA","Retainer"
2018-04-13,"Adam Hoyle",0.25,"review, add to BC","Updates to demand-energy.com (see comment)","Misc. 2018","Enel NA","Retainer"
2018-04-02,"Adam Hoyle",0.75,"misc. project coordination and emails",,,"Enel NA","Retainer"
2018-03-26,"Adam Hoyle",0.5,"review notes, update BC",,,"Enel NA","Retainer"
2018-03-22,"Adam Hoyle",0.75,"review new WP site, gain access to WP admin, test, email comm. w/ Sara, update BC",,,"Enel NA","Retainer"
2018-03-09,"Adam Hoyle",0.75,"troubleshoot and fix issues with poland page and NBSPs","Add ""Recent News & Events"" to top of Ireland and Poland pages (see comment)","Misc. 2018","Enel NA","Retainer"
2018-03-05,"Adam Hoyle",0.5,"check staging URLs, resend to Sara links for poland and ireland",,,"Enel NA","Retainer"
2018-02-27,"Adam Hoyle",0.5,"review notes, check pages on stage, email Sara","Add ""Recent News & Events"" to top of Ireland and Poland pages (see comment)","Misc. 2018","Enel NA","Retainer"
2018-02-27,"Adam Hoyle",0.5,"","Add new subscribers to blog","Misc. 2018","Enel NA","Retainer"
2018-02-27,"Adam Hoyle",0.5,"check and test","Add ""Recent News & Events"" to top of Ireland and Poland pages (see comment)","Misc. 2018","Enel NA","Retainer"
2018-02-22,"Adam Hoyle",0.5,"","Post Enel X press release 2/22/18","Misc.","Enel NA","Retainer"
2018-02-14,"Adam Hoyle",0.5,"","Investigate ""Google Search Index Error"" per Sara","Misc. 2018","Enel NA","Retainer"
2018-02-13,"Adam Hoyle",0.5,"review Sara's request for updates related to Enel rebrand, estimate items and respond to emails",,,"Enel NA","Retainer"
2018-02-05,"Adam Hoyle",0.5,"coordination and testing","Find and replace all misspelled “EnerNOC” and “DR” (see comment)","Misc.","Enel NA","Retainer"
2018-01-30,"Adam Hoyle",1.0,"troubleshoot zombie files and IMCE, FTP into server and delete manually",,,"Enel NA","Retainer"
2018-01-19,"Adam Hoyle",0.5,"Update energysmart subscribe form per Sara",,,"Enel NA","Retainer"
2018-01-09,"Adam Hoyle",0.75,"review templates, review sends, review project history, respond to Sara","Build and test new blog template in MailChimp","Misc.","Enel NA","Retainer"
2020-12-29,"Adam Hoyle",0.25,"","Pricing upload","Running to-do list","Esco Optics","Esco Marketing"
2020-12-03,"Adam Hoyle",0.5,"support for Steve","Revisit clearance section","Running to-do list","Esco Optics","Esco Marketing"
2020-10-06,"Adam Hoyle",0.25,"update email subject","Abandon cart campaign email #3 change 15% to 10%","Running to-do list","Esco Optics","Esco Marketing"
2020-10-01,"Adam Hoyle",0.5,"","Abandon cart campaign email #3 change 15% to 10%","Running to-do list","Esco Optics","Esco Marketing"
2020-10-01,"Adam Hoyle",0.5,"","Hello Bar!","Running to-do list","Esco Optics","Esco Marketing"
2020-09-22,"Adam Hoyle",1.0,"Research Authorize.net settings, connect with support, disable AVS response codes that trigger rejections for international orders","International Payments","Running to-do list","Esco Optics","Esco Marketing"
2020-09-15,"Adam Hoyle",0.5,"","Order Confirmation email fix","Running to-do list","Esco Optics","Esco Marketing"
2020-09-14,"Adam Hoyle",0.5,"call w/ Steve",,,"Esco Optics","Esco Marketing"
2020-09-14,"Adam Hoyle",0.5,"","International Payments","Running to-do list","Esco Optics","Esco Marketing"
2020-09-14,"Adam Hoyle",0.5,"","Shipping costs","Running to-do list","Esco Optics","Esco Marketing"
2020-08-06,"Adam Hoyle",0.5,"review request from Steve re: overruns and reply with followups",,,"Esco Optics","Esco Marketing"
2020-07-31,"Adam Hoyle",0.25,"","Google webmaster tools help","Running to-do list","Esco Optics","Esco Marketing"
2020-06-24,"Adam Hoyle",0.25,"","Specifications fix","Running to-do list","Esco Optics","Esco Marketing"
2020-06-22,"Adam Hoyle",0.25,"","Product number search","Running to-do list","Esco Optics","Esco Marketing"
2020-06-22,"Adam Hoyle",0.25,"","Backordered notice?","Running to-do list","Esco Optics","Esco Marketing"
2020-06-19,"Adam Hoyle",0.25,"","Backordered notice?","Running to-do list","Esco Optics","Esco Marketing"
2020-05-20,"Adam Hoyle",1.0,"","""Additional details"" in order received.","Running to-do list","Esco Optics","Esco Marketing"
2020-05-19,"Adam Hoyle",0.5,"investigate, check cart template, review documentation, look at other orders","""Additional details"" in order received.","Running to-do list","Esco Optics","Esco Marketing"
2020-05-18,"Adam Hoyle",0.5,"call w/ Steve","Revisit clearance section","Running to-do list","Esco Optics","Esco Marketing"
2020-05-14,"Adam Hoyle",0.5,"update code to center download icon, fix breadcrumbs and remove extra head/HTML tags, review request and respond to Steve","Revisit clearance section","Running to-do list","Esco Optics","Esco Marketing"
2020-03-25,"Adam Hoyle",0.5,"Remove inventory limits","IR circular windows","March","Esco Optics","Esco Marketing"
2020-03-20,"Adam Hoyle",0.5,"","IR circular windows","March","Esco Optics","Esco Marketing"
2020-03-04,"Adam Hoyle",0.5,"","Esco video game to website","Running to-do list","Esco Optics","Esco Marketing"
2020-02-28,"Adam Hoyle",0.5,"","abandon cart campaign","Running to-do list","Esco Optics","Esco Marketing"
2020-02-27,"Adam Hoyle",0.5,"reduce size of video, upload, retest","Esco video game to website","Running to-do list","Esco Optics","Esco Marketing"
2020-02-25,"Adam Hoyle",1.0,"","Esco video game to website","Running to-do list","Esco Optics","Esco Marketing"
2020-02-14,"Adam Hoyle",0.5,"Review files, upload to server","Esco video game to website","Running to-do list","Esco Optics","Esco Marketing"
2020-02-05,"Adam Hoyle",0.5,"","Order confirmation email","Feb updates","Esco Optics","Esco Marketing"
2019-12-18,"Adam Hoyle",0.25,"","10% off discount not working","Feb updates","Esco Optics","Esco Marketing"
2019-12-18,"Adam Hoyle",0.5,"","10% off discount not working","Feb updates","Esco Optics","Esco Marketing"
2019-12-18,"Adam Hoyle",0.5,"investigate and response","Purchasing more of an item","Feb updates","Esco Optics","Esco Marketing"
2019-12-18,"Adam Hoyle",0.25,"","Purchasing more of an item","Feb updates","Esco Optics","Esco Marketing"
2019-12-04,"Adam Hoyle",0.5,"","Website prices","Feb updates","Esco Optics","Esco Marketing"
2019-11-15,"Adam Hoyle",0.5,"look for crazy egg, run Pingdom and compare results","Page speed issues","Feb updates","Esco Optics","Esco Marketing"
2019-11-14,"Adam Hoyle",0.5,"","Page speed issues","Feb updates","Esco Optics","Esco Marketing"
2019-11-13,"Adam Hoyle",0.25,"","Page speed issues","Feb updates","Esco Optics","Esco Marketing"
2019-11-13,"Adam Hoyle",0.25,"review, add conditional logic around price and quantity selector","Filters remove pricing","Feb updates","Esco Optics","Esco Marketing"
2019-11-07,"Adam Hoyle",0.5,"call w/ Lynn and Joelle","Epicor --> Shopify syncing","Running to-do list","Esco Optics","Esco Marketing"
2019-11-01,"Adam Hoyle",0.5,"","Website form page","Feb updates","Esco Optics","Esco Marketing"
2019-11-01,"Adam Hoyle",0.25,"Review and respond","Website form page","Feb updates","Esco Optics","Esco Marketing"
2019-09-30,"Adam Hoyle",2.25,"Create template for title, meta and URL updates, conduct keyword research and create target list.","SEO - work","2019 To-Dos","Esco Optics","Esco Marketing"
2019-09-26,"Adam Hoyle",1.75,"Set up and review Moz tracking campaigns","SEO - work","2019 To-Dos","Esco Optics","Esco Marketing"
2019-09-24,"Adam Hoyle",2.25,"Run and analyze SEO crawl via SF","SEO - work","2019 To-Dos","Esco Optics","Esco Marketing"
2019-09-16,"Adam Hoyle",0.75,"support and testing for email DNS updates and workaround for password reset","Customer password reset","Sept 2019","Esco Optics","Esco Marketing"
2019-09-16,"Adam Hoyle",0.75,"check DNS again, test email, test workaround for password change","Customer password reset","Sept 2019","Esco Optics","Esco Marketing"
2019-09-13,"Adam Hoyle",0.5,"Support for Google Search Console site verification","Meta tag","Sept 2019","Esco Optics","Esco Marketing"
2019-09-12,"Adam Hoyle",1.5,"","Customer password reset","Sept 2019","Esco Optics","Esco Marketing"
2019-09-05,"Adam Hoyle",0.5,"Support for Shopify-related billing question and app subscriptions","Shopify billing","Sept 2019","Esco Optics","Esco Marketing"
2019-08-09,"Adam Hoyle",0.25,"QA","IR Material - (CALL FOR PRICE)","August 2019","Esco Optics","Esco Marketing"
2019-08-08,"Adam Hoyle",0.75,"Review request, generate sitemap and respond to Steve","Category and copy changes","Running to-do list","Esco Optics","Esco Marketing"
2019-08-08,"Adam Hoyle",1.0,"Review request, research and meet with team to discuss solutions","IR Material - (CALL FOR PRICE)","August 2019","Esco Optics","Esco Marketing"
2019-08-07,"Adam Hoyle",0.25,"Review user account access, upgrade permissions for esco.optics","Google Analytics","August 2019","Esco Optics","Esco Marketing"
2019-08-06,"Adam Hoyle",0.5,"Research Shopify API options","Epicor –> Shopify functions","August 2019","Esco Optics","Esco Marketing"
2019-07-19,"Adam Hoyle",0.25,"","Update coupon graphic","July 2019","Esco Optics","Esco Marketing"
2019-07-18,"Adam Hoyle",1.0,"research into options menu","I2-IR pricing (call for price)","July 2019","Esco Optics","Esco Marketing"
2019-07-17,"Adam Hoyle",0.25,"esco issue summary and variant research","I2-IR pricing (call for price)","July 2019","Esco Optics","Esco Marketing"
2019-07-16,"Adam Hoyle",0.25,"","I2-IR pricing (call for price)","July 2019","Esco Optics","Esco Marketing"
2019-07-15,"Adam Hoyle",0.5,"review and discuss, test w/ Kyle","I2-IR pricing (call for price)","July 2019","Esco Optics","Esco Marketing"
2019-07-15,"Adam Hoyle",0.5,"review and work with Kyle to add additional fields","Add missing fields to ""Order Printer"" printer template","July 2019","Esco Optics","Esco Marketing"
2019-06-26,"Adam Hoyle",0.75,"Call w/ Steve to plan for July, discuss budget going forward",,,"Esco Optics","Esco Marketing"
2019-05-01,"Adam Hoyle",0.5,"GA Webmaster Tools troubleshooting and review","SEO - work","2019 To-Dos","Esco Optics","Esco Marketing"
2019-04-04,"Adam Hoyle",0.5,"","Show inventory","2019 To-Dos","Esco Optics","Esco Marketing"
2019-04-04,"Adam Hoyle",0.25,"","Show inventory","2019 To-Dos","Esco Optics","Esco Marketing"
2019-03-25,"Adam Hoyle",0.25,"","Mailchimp/Shopify Integration updates","2019 To-Dos","Esco Optics","Esco Marketing"
2019-03-22,"Adam Hoyle",0.25,"","Add/Edit Shopify user","2019 To-Dos","Esco Optics","Esco Marketing"
2019-03-19,"Adam Hoyle",0.5,"testing","Cart abandonment emails/strategy","2019 To-Dos","Esco Optics","Esco Marketing"
2019-03-12,"Adam Hoyle",0.25,"call w/ Steve re: billing",,,"Esco Optics","Esco Marketing"
2019-02-25,"Adam Hoyle",0.25,"research and respond","Credit card assistance","2019 To-Dos","Esco Optics","Esco Marketing"
2019-02-20,"Adam Hoyle",0.25,"misc. project coordination and emails","Cart abandonment emails/strategy","2019 To-Dos","Esco Optics","Esco Marketing"
2019-02-12,"Adam Hoyle",0.25,"internal checkin to review","Cart abandonment emails/strategy","2019 To-Dos","Esco Optics","Esco Marketing"
2019-02-12,"Adam Hoyle",0.75,"internal meeting to kickoff project","Cart abandonment emails/strategy","2019 To-Dos","Esco Optics","Esco Marketing"
2019-02-04,"Adam Hoyle",0.75,"post launch updates","Homepage redesign","Jan to-do","Esco Optics","Esco Marketing"
2019-02-02,"Adam Hoyle",0.5,"post-launch updates","Homepage redesign","Jan to-do","Esco Optics","Esco Marketing"
2019-02-01,"Adam Hoyle",1.5,"launch QA and updates, project coorindation and client emails","Homepage redesign","Jan to-do","Esco Optics","Esco Marketing"
2019-01-31,"Adam Hoyle",1.5,"Esco homepage QA, phone call w/ dev, followups with Steve","Homepage redesign","Jan to-do","Esco Optics","Esco Marketing"
2019-01-17,"Adam Hoyle",0.5,"meet w/ dev to review designs","Homepage redesign","Jan to-do","Esco Optics","Esco Marketing"
2019-01-16,"Adam Hoyle",0.5,"review final designs and send to dev","Homepage redesign","Jan to-do","Esco Optics","Esco Marketing"
2019-01-15,"Adam Hoyle",0.5,"","Custom optics page remove a piece","Jan to-do","Esco Optics","Esco Marketing"
2019-01-14,"Adam Hoyle",1.5,"website redesign review call w/ Steve","Homepage redesign","Jan to-do","Esco Optics","Esco Marketing"
2019-01-11,"Adam Hoyle",0.5,"review design, send, coordinate dev resources","Homepage redesign","Jan to-do","Esco Optics","Esco Marketing"
2019-01-04,"Adam Hoyle",0.25,"","Redirect URL","Jan to-do","Esco Optics","Esco Marketing"
2018-12-18,"Adam Hoyle",0.5,"","Witness sample re-order","Jan to-do","Esco Optics","Esco Marketing"
2018-12-12,"Adam Hoyle",0.5,"review and respond to latest requests",,,"Esco Optics","Esco Marketing"
2018-11-21,"Adam Hoyle",4.5,"complete form and test","Online application form","2019 To-Dos","Esco Optics","Esco Marketing"
2018-11-20,"Adam Hoyle",2.5,"start form building, create Shopify page","Online application form","2019 To-Dos","Esco Optics","Esco Marketing"
2018-11-13,"Adam Hoyle",1.25,"add CTA to order confirmation template and test emails","Survey questions on auto responder order email","Oct 2018","Esco Optics","Esco Marketing"
2018-11-12,"Adam Hoyle",1.0,"Review analytics and form submissions","Survey questions on auto responder order email","Oct 2018","Esco Optics","Esco Marketing"
2018-10-29,"Adam Hoyle",0.5,"update Thank You page with coupon image, enable template, test, clear test data","Survey questions on auto responder order email","Oct 2018","Esco Optics","Esco Marketing"
2018-10-26,"Adam Hoyle",0.5,"updates to survey","Survey questions on auto responder order email","Oct 2018","Esco Optics","Esco Marketing"
2018-10-23,"Adam Hoyle",4.25,"create shopify pages, embed survey, adjust survey settings, create test data, create report, update email templates","Survey questions on auto responder order email","Oct 2018","Esco Optics","Esco Marketing"
2018-10-19,"Adam Hoyle",1.25,"build first draft of survey in WuFoo, test","Survey questions on auto responder order email","Oct 2018","Esco Optics","Esco Marketing"
2018-10-17,"Adam Hoyle",1.25,"call w/ Steve to review and demo forms","Online submission forms","Sept 2018","Esco Optics","Esco Marketing"
2018-10-15,"Adam Hoyle",0.25,"review forms with Kyle","Online submission forms","Sept 2018","Esco Optics","Esco Marketing"
2018-10-11,"Adam Hoyle",0.25,"review stock sync discrepancies and notes from Amanda",,,"Esco Optics","Esco Marketing"
2018-10-09,"Adam Hoyle",1.25,"Call w/ Esco + ComTec and followups",,,"Esco Optics","Esco Marketing"
2018-09-14,"Adam Hoyle",0.5,"research formbuilder apps","Online submission forms","Sept 2018","Esco Optics","Esco Marketing"
2018-09-07,"Adam Hoyle",0.75,"review analytics and respond to Steve re: New vs. Returning",,,"Esco Optics","Esco Marketing"
2018-08-30,"Adam Hoyle",0.5,"type up meeting recap notes, organize todos, email Steve, update Basecamp",,,"Esco Optics","Esco Marketing"
2018-08-29,"Adam Hoyle",2.0,"planning meeting w/ Steve",,,"Esco Optics","Esco Marketing"
2018-08-29,"Adam Hoyle",0.25,"disable order notifications for Amanda S",,,"Esco Optics","Esco Marketing"
2018-08-22,"Adam Hoyle",0.5,"update terms page with new link, review terms and other disclaimers, email Steve about redundancy","Shopping cart <check box> agree to our terms and conditions to proceed to checkout","August to-do","Esco Optics","Esco Marketing"
2018-08-22,"Adam Hoyle",0.5,"review and respond","Question around launching IR lenses (A210040, etc), IR window square (Q210040 etc) and circular (P210040).","August to-do","Esco Optics","Esco Marketing"
2018-08-21,"Adam Hoyle",3.25,"troubleshoot and replace all clearance CSVs","Fix clearance inventory","August to-do","Esco Optics","Esco Marketing"
2018-08-15,"Adam Hoyle",0.5,"","Report that shows sold inventory since the new site launched.","August to-do","Esco Optics","Esco Marketing"
2018-08-14,"Adam Hoyle",0.5,"review and respond to Gina's questions re: first stock alert report","Implement low inventory alerts","August to-do","Esco Optics","Esco Marketing"
2018-08-14,"Adam Hoyle",2.5,"refresh on process, check all files, troubleshoot CSV, type up notes, email Steve","Fix clearance inventory","August to-do","Esco Optics","Esco Marketing"
2018-08-14,"Adam Hoyle",0.5,"update alert email addresses, contact support about resetting checkboxes and multiple emails","Implement low inventory alerts","August to-do","Esco Optics","Esco Marketing"
2018-08-13,"Adam Hoyle",2.5,"install, configure Low Stock Alerts, email Steve","Implement low inventory alerts","August to-do","Esco Optics","Esco Marketing"
2018-08-10,"Adam Hoyle",0.25,"complete UPS account verification",,,"Esco Optics","Esco Marketing"
2018-08-09,"Adam Hoyle",0.25,"update shopify CC",,,"Esco Optics","Esco Marketing"
2018-08-09,"Adam Hoyle",0.5,"review Steve's email, update basecamp, email for Shopify billing info and UPS update",,,"Esco Optics","Esco Marketing"
2018-08-07,"Adam Hoyle",0.5,"review Shopify alerts, request updated UPS info from Esco",,,"Esco Optics","Esco Marketing"
2018-07-31,"Adam Hoyle",0.25,"Analytics help for Steve re: Witness Samples",,,"Esco Optics","Esco Marketing"
2018-07-31,"Adam Hoyle",0.25,"email from Dena about Shopify access, review status, login for testing, respond",,,"Esco Optics","Esco Marketing"
2018-07-18,"Adam Hoyle",2.5,"finalize and launch","Witness sample pages","Website Updates","Esco Optics","Esco Marketing"
2018-07-17,"Adam Hoyle",0.75,"review requirements, respond to Steve, check redirects, products, email and blog","Witness sample pages","Website Updates","Esco Optics","Esco Marketing"
2018-07-16,"Adam Hoyle",2.5,"research discount options, install plugin, configure, update pricing, update banner, create discount rule, test, email Steve with notes","Remove 10% discount across the site","Website Updates","Esco Optics","Esco Marketing"
2018-07-16,"Adam Hoyle",0.5,"research and test using different variant images, respond to Steve","Clearance optics: discuss how to buy these optics online","Website Updates","Esco Optics","Esco Marketing"
2018-07-13,"Adam Hoyle",0.25,"","Sorry, i can't seem to find where to fix this. The MailChimp emails have our old address on them. The template must have that info somewhere else. Can we fix it by next week to be 95 Chamberlain Road, Oak Ridge NJ....","Mail chimp ""Esco address"" Fix","Esco Optics","Esco Marketing"
2018-07-10,"Adam Hoyle",0.5,"","Create scrolling image gallery for silent auction blog post","Website Updates","Esco Optics","Esco Marketing"
2018-07-10,"Adam Hoyle",0.5,"","Need to swap out an image on the Custom Optics page. We're showing a custom optic that we are not supposed too.","Website Updates","Esco Optics","Esco Marketing"
2018-07-02,"Adam Hoyle",1.0,"checkin and planning call w/ Steve",,,"Esco Optics","Esco Marketing"
2018-06-25,"Adam Hoyle",0.5,"research automatic discount options",,,"Esco Optics","Esco Marketing"
2018-06-25,"Adam Hoyle",0.5,"respond to Steve's questions about ""part substitutions""",,,"Esco Optics","Esco Marketing"
2018-06-20,"Adam Hoyle",0.5,"respond to report of order emails not being delivered",,,"Esco Optics","Esco Marketing"
2018-06-05,"Adam Hoyle",0.5,"support, review options and variants, respond to Steve","Witness sample pages","Website Updates","Esco Optics","Esco Marketing"
2018-06-04,"Adam Hoyle",0.5,"call w/ Ron and Steve","Witness sample pages","Website Updates","Esco Optics","Esco Marketing"
2018-06-04,"Adam Hoyle",0.5,"create collections","Witness sample pages","Website Updates","Esco Optics","Esco Marketing"
2018-06-01,"Adam Hoyle",1.5,"review notes, call w/ Ron and Steve","Witness sample pages","Website Updates","Esco Optics","Esco Marketing"
2018-05-31,"Adam Hoyle",0.25,"call w/ Amanda re: product imports and witness samples",,,"Esco Optics","Esco Marketing"
2018-05-29,"Adam Hoyle",0.25,"investigate SSL issue reported by Dena",,,"Esco Optics","Esco Marketing"
2018-05-24,"Adam Hoyle",1.25,"","Change the order of the variant pull downs: Diameter 1st, Focal length 2nd","Website Updates","Esco Optics","Esco Marketing"
2018-05-23,"Adam Hoyle",0.25,"investigate site outage and inform client",,,"Esco Optics","Esco Marketing"
2018-05-23,"Adam Hoyle",0.25,"testing","Adding category part tolerances (specs table from category page) to the product subpages, below the image","Website Updates","Esco Optics","Esco Marketing"
2018-05-22,"Adam Hoyle",0.25,"review notes and discuss w/ Kyle, update BC","Adding category part tolerances (specs table from category page) to the product subpages, below the image","Website Updates","Esco Optics","Esco Marketing"
2018-05-10,"Adam Hoyle",0.25,"call w/ Ron re: witness samples",,,"Esco Optics","Esco Marketing"
2018-05-01,"Adam Hoyle",0.25,"update permissions for Gina to access stock sync app",,,"Esco Optics","Esco Marketing"
2018-04-25,"Adam Hoyle",2.0,"Research, contact support, check email, delete records, type notes","I just want to dig further on some new order issues that have slipped through without Dena being notified. I'll try and get specifics. I know you helped her today. We just want to be sure that 100% make it to Dena.","New order issues","Esco Optics","Esco Marketing"
2018-04-24,"Adam Hoyle",3.0,"meeting w/ Steve Rowe",,,"Esco Optics","Esco Marketing"
2018-04-17,"Adam Hoyle",1.0,"","I have a email in the works for officially promote the new building starting wednesday. I just need 1 image before it can go. I should have that today or tomorrow am.","New building email","Esco Optics","Esco Marketing"
2018-04-17,"Adam Hoyle",1.0,"","I just want to dig further on some new order issues that have slipped through without Dena being notified. I'll try and get specifics. I know you helped her today. We just want to be sure that 100% make it to Dena.","New order issues","Esco Optics","Esco Marketing"
2018-04-11,"Adam Hoyle",0.75,"review template, send test emails, schedule campaigns","DCS email blast","April To Do","Esco Optics","Esco Marketing"
2018-04-09,"Adam Hoyle",0.5,"test and followup w/ Steve","Variant scrubbing on the website","April To Do","Esco Optics","Esco Marketing"
2018-04-05,"Adam Hoyle",2.0,"implement on dev, test, implement on prod, test, email Steve","Variant scrubbing on the website","April To Do","Esco Optics","Esco Marketing"
2018-04-04,"Adam Hoyle",0.75,"investigate issue, research and respond","Variant scrubbing on the website","April To Do","Esco Optics","Esco Marketing"
2018-04-04,"Adam Hoyle",0.75,"test order, email support and comm. w/ Dena",,,"Esco Optics","Esco Marketing"
2018-04-02,"Adam Hoyle",1.0,"investigate and respond to Dena re: Friday orders",,,"Esco Optics","Esco Marketing"
2018-03-26,"Adam Hoyle",0.5,"review email, setup campaigns","Email blast - March","March To-Do","Esco Optics","Esco Marketing"
2018-03-15,"Adam Hoyle",1.0,"backup products with CSV export, import new product sheet with Amanda's changes, run inventory update, check results, email Amanda and Dena","Correct inventory and part discrepancies (see comment)","February Goals","Esco Optics","Esco Marketing"
2018-03-08,"Adam Hoyle",0.5,"research and respond","Revisit Checkout/shopping cart experience","Website Updates","Esco Optics","Esco Marketing"
2018-03-05,"Adam Hoyle",0.25,"followup w/ Steve","Correct inventory and part discrepancies (see comment)","February Goals","Esco Optics","Esco Marketing"
2018-03-01,"Adam Hoyle",0.75,"fixing import errors","Correct inventory and part discrepancies (see comment)","February Goals","Esco Optics","Esco Marketing"
2018-03-01,"Adam Hoyle",2.0,"","Correct inventory and part discrepancies (see comment)","February Goals","Esco Optics","Esco Marketing"
2018-03-01,"Adam Hoyle",2.0,"","Correct inventory and part discrepancies (see comment)","February Goals","Esco Optics","Esco Marketing"
2018-02-28,"Adam Hoyle",2.0,"","Correct inventory and part discrepancies (see comment)","February Goals","Esco Optics","Esco Marketing"
2018-02-27,"Adam Hoyle",0.5,"","Help with adding category","February Goals","Esco Optics","Esco Marketing"
2018-02-27,"Adam Hoyle",2.5,"","Correct inventory and part discrepancies (see comment)","February Goals","Esco Optics","Esco Marketing"
2018-02-27,"Adam Hoyle",1.0,"call w/ Steve to review various site updates",,,"Esco Optics","Esco Marketing"
2018-02-27,"Adam Hoyle",0.25,"","Remove Cindy DiBattista from access to the website","January Goals","Esco Optics","Esco Marketing"
2018-02-27,"Adam Hoyle",0.5,"Update across all templates and pages","Update our mailing address to 95 Chamberlain Road","January Goals","Esco Optics","Esco Marketing"
2018-02-23,"Adam Hoyle",1.0,"setup dev site, test product imports/exports, review backup options","Correct inventory and part discrepancies (see comment)","February Goals","Esco Optics","Esco Marketing"
2018-02-08,"Adam Hoyle",0.5,"","Quick email blast regarding move/phone systems.","February Goals","Esco Optics","Esco Marketing"
2018-02-06,"Adam Hoyle",0.25,"","Need a quick redirect URL for terms and conditions","February Goals","Esco Optics","Esco Marketing"
2018-01-31,"Adam Hoyle",0.5,"remove poll update page",,,"Esco Optics","Esco Marketing"
2018-01-23,"Adam Hoyle",0.5,"review email, schedule campaigns, call w/ Steve","January / Photonics West Email Blast","January Goals","Esco Optics","Esco Marketing"
2018-01-22,"Adam Hoyle",0.25,"import styro names to mailchimp, create new list segment","StyroPyro/Drake Anthony landing page voting and survey","January Goals","Esco Optics","Esco Marketing"
2018-01-20,"Adam Hoyle",0.5,"monitoring survey and google after video drop",,,"Esco Optics","Esco Marketing"
2018-01-19,"Adam Hoyle",0.25,"edits",,,"Esco Optics","Esco Marketing"
2018-01-19,"Adam Hoyle",0.25,"text edits",,,"Esco Optics","Esco Marketing"
2018-01-19,"Adam Hoyle",0.5,"update copy for inventions","StyroPyro/Drake Anthony landing page voting and survey","January Goals","Esco Optics","Esco Marketing"
2018-01-19,"Adam Hoyle",1.0,"tweaks and adjustments, add SPIE banner","StyroPyro/Drake Anthony landing page voting and survey","January Goals","Esco Optics","Esco Marketing"
2018-01-19,"Adam Hoyle",1.0,"call w/ Steve to review","StyroPyro/Drake Anthony landing page voting and survey","January Goals","Esco Optics","Esco Marketing"
2018-01-18,"Adam Hoyle",3.5,"","StyroPyro/Drake Anthony landing page voting and survey","January Goals","Esco Optics","Esco Marketing"
2018-01-18,"Adam Hoyle",3.0,"Implement all three forms in POWr","StyroPyro/Drake Anthony landing page voting and survey","January Goals","Esco Optics","Esco Marketing"
2018-01-17,"Adam Hoyle",1.0,"troubleshooting survey monkey","StyroPyro/Drake Anthony landing page voting and survey","January Goals","Esco Optics","Esco Marketing"
2018-01-17,"Adam Hoyle",2.0,"wrestling with survey monkey","StyroPyro/Drake Anthony landing page voting and survey","January Goals","Esco Optics","Esco Marketing"
2018-01-17,"Adam Hoyle",0.5,"","Correct inventory and part discrepancies (see comment)","February Goals","Esco Optics","Esco Marketing"
2018-01-12,"Adam Hoyle",2.0,"","StyroPyro/Drake Anthony landing page voting and survey","January Goals","Esco Optics","Esco Marketing"
2018-01-11,"Adam Hoyle",2.5,"","StyroPyro/Drake Anthony landing page voting and survey","January Goals","Esco Optics","Esco Marketing"
2018-01-10,"Adam Hoyle",3.0,"review design, research voting options, implement test surveys in MailChimp for PoC","StyroPyro/Drake Anthony landing page voting and survey","January Goals","Esco Optics","Esco Marketing"
2018-01-09,"Adam Hoyle",0.25,"","Correct inventory and part discrepancies (see comment)","February Goals","Esco Optics","Esco Marketing"
2018-01-09,"Adam Hoyle",0.5,"followup call w/ Steve, review details","StyroPyro/Drake Anthony landing page voting and survey","January Goals","Esco Optics","Esco Marketing"
2018-01-09,"Adam Hoyle",1.5,"prep for call w/ Esco, call w/ Amanda, Dena, Steve re: Inventory",,,"Esco Optics","Esco Marketing"
2018-01-05,"Adam Hoyle",0.5,"Pull list of PNs from Shopify for Dena",,,"Esco Optics","Esco Marketing"
2018-01-05,"Adam Hoyle",0.5,"brainstorm styro pryo ideas with Steve",,,"Esco Optics","Esco Marketing"
2020-03-18,"Adam Hoyle",0.5,"budget call w/ Steve",,,"Esco Optics","Esco Monthly"
2019-12-10,"Adam Hoyle",0.5,"review infinidat tasks and email notes to Kyle, Christian","Create some ideas for starter projects","Starter Projects","Infinidat","Support Retainer"
2020-12-17,"Adam Hoyle",0.5,"troubleshoot disappearing CKEditor","Support for Matt Weiss","Running To-Do List","Lexia Learning","Lexia Learning Retainer"
2020-12-15,"Adam Hoyle",0.25,"Lexia SSL quesitons, research Eloqua HTTPS and forced SSL rules",,,"Lexia Learning","Lexia Learning Retainer"
2020-12-02,"Adam Hoyle",0.5,"call w/ Linh to brief on RSE migration, followup research and review, respond to email for estimate","Meetings and Phone Calls","Misc.","Lexia Learning","Lexia Learning Retainer"
2020-12-02,"Adam Hoyle",0.5,"Respond to Matt's questions about ""adding code to prod tag"", send screenshot, reply to email","Support for Matt Weiss","Running To-Do List","Lexia Learning","Lexia Learning Retainer"
2020-11-24,"Adam Hoyle",0.25,"respond to Matt, check Acquia environments",,,"Lexia Learning","Lexia Learning Retainer"
2020-11-23,"Adam Hoyle",2.0,"support for Matt, reply to email, coordinate with Kyle, Nicole and Christian, testing",,,"Lexia Learning","Lexia Learning Retainer"
2020-11-20,"Adam Hoyle",1.0,"support for Matt re: Acquia, git, etc.",,,"Lexia Learning","Lexia Learning Retainer"
2020-11-20,"Adam Hoyle",0.75,"troubleshooting newly discovered issues with National Demo Access gated page, roll back Matt's last deployment to the 11-17-2020 tag, send email, speak with Matt over the phone",,,"Lexia Learning","Lexia Learning Retainer"
2020-11-18,"Adam Hoyle",0.25,"support for Matt on deployment process, answer questions, outline steps",,,"Lexia Learning","Lexia Learning Retainer"
2020-11-17,"Adam Hoyle",0.5,"review and document needs for new tracking pixel","URGENT: Tracking pixels","Oct/ Nov","Lexia Learning","Lexia Learning Retainer"
2020-11-13,"Adam Hoyle",0.5,"call w/ Linh and Matt re: ""Workflow""","Meetings and Phone Calls","Misc.","Lexia Learning","Lexia Learning Retainer"
2020-11-11,"Adam Hoyle",1.0,"review tracking pixels and documentation, email Keren with questions","URGENT: Tracking pixels","Oct/ Nov","Lexia Learning","Lexia Learning Retainer"
2020-10-21,"Adam Hoyle",0.5,"review Matt's code, coordinate with Christian, email Matt",,,"Lexia Learning","Lexia Learning Retainer"
2020-10-19,"Adam Hoyle",1.0,"misc. emails and project coordination: Linh, Matt, Nicole, Christian",,,"Lexia Learning","Lexia Learning Retainer"
2020-10-05,"Adam Hoyle",0.75,"Research outage, connect to DB and look for IP/Geo module to disable, site came back online in this time and C disabled it, misc. email comms",,,"Lexia Learning","Lexia Learning Retainer"
2020-10-01,"Adam Hoyle",0.5,"emails to Lily","Assist with SSL for Eloqua microsite","Oct/ Nov","Lexia Learning","Lexia Learning Retainer"
2020-10-01,"Adam Hoyle",0.5,"weekly checkin call w/ Lihn","Meetings and Phone Calls","Misc.","Lexia Learning","Lexia Learning Retainer"
2020-09-30,"Adam Hoyle",0.5,"urgent call re: acquia data loss","Meetings and Phone Calls","Misc.","Lexia Learning","Lexia Learning Retainer"
2020-09-29,"Adam Hoyle",1.5,"call w/ Andrew, research and review Eloqua documentation, email Lily","Assist with SSL for Eloqua microsite","Oct/ Nov","Lexia Learning","Lexia Learning Retainer"
2020-08-19,"Adam Hoyle",0.25,"review and coordinate with team on suspicious traffic report from Acquia",,,"Lexia Learning","Lexia Learning Retainer"
2020-07-31,"Adam Hoyle",0.5,"intro call w/ Linh",,,"Lexia Learning","Lexia Learning Retainer"
2020-07-21,"Adam Hoyle",0.25,"intro call w/ Angela",,,"Lexia Learning","Lexia Learning Retainer"
2020-07-15,"Adam Hoyle",0.25,"follow instructions for Matt","Support for omitting items from Google Search Results","July 2020","Lexia Learning","Lexia Learning Retainer"
2020-07-14,"Adam Hoyle",0.5,"research and respond to Matt","Support for omitting items from Google Search Results","July 2020","Lexia Learning","Lexia Learning Retainer"
2020-07-14,"Adam Hoyle",0.5,"Research and respond to questions about support pages appearing in Google results",,,"Lexia Learning","Lexia Learning Retainer"
2020-06-10,"Adam Hoyle",0.25,"Connect Lily with Brian","Support for pointing custom domain to Salesforce community","May / June 2020","Lexia Learning","Lexia Learning Retainer"
2020-06-05,"Adam Hoyle",0.25,"","Support for pointing custom domain to Salesforce community","May / June 2020","Lexia Learning","Lexia Learning Retainer"
2020-06-05,"Adam Hoyle",0.25,"discuss requirements on call w/ Mat and Kat","Support for pointing custom domain to Salesforce community","May / June 2020","Lexia Learning","Lexia Learning Retainer"
2020-06-02,"Adam Hoyle",0.5,"review documentation","Support for pointing custom domain to Salesforce community","May / June 2020","Lexia Learning","Lexia Learning Retainer"
2019-11-15,"Adam Hoyle",0.75,"review and update estimate/RFP response and plan for rebrand and upgrade",,,"Lexia Learning","Lexia Learning Retainer"
2019-05-14,"Adam Hoyle",1.0,"lexia coordination re: outage, spikes and logging",,,"Lexia Learning","Lexia Learning Retainer"
2018-04-18,"Adam Hoyle",0.25,"confirm update, close Acquia ticket","Unable to re-order blocks","Misc.","Lexia Learning","Lexia Learning Retainer"
2018-04-17,"Adam Hoyle",0.75,"confirm issue, research issue, email client, open ticket","Unable to re-order blocks","Misc.","Lexia Learning","Lexia Learning Retainer"
2018-03-12,"Adam Hoyle",0.5,"checkin call w/ Lexia",,,"Lexia Learning","Lexia Learning Retainer"
2020-12-08,"Adam Hoyle",0.25,"project review",,,"Lexia Learning","RSE Migration"
2018-11-14,"Adam Hoyle",0.5,"project coordination and testing","Update and redirect domain (see comment)","Misc.","Linkwell Health","24hr Virtual Clinic"
2018-06-15,"Adam Hoyle",0.25,"updates for Laura, adding link","Make some text in one of the articles smaller, as a footnote the last two grafs of the pick up the phone custom article starts with *MeMD","Misc.","Linkwell Health","24hr Virtual Clinic"
2018-06-14,"Adam Hoyle",0.25,"","change the CTA to “For a workplace injury, a family medical issue or a work-life balance consultation, call from anywhere at any time.”","Misc.","Linkwell Health","24hr Virtual Clinic"
2018-06-14,"Adam Hoyle",0.25,"","Enable coupons","Misc.","Linkwell Health","24hr Virtual Clinic"
2018-06-14,"Adam Hoyle",0.25,"","Make some text in one of the articles smaller, as a footnote the last two grafs of the pick up the phone custom article starts with *MeMD","Misc.","Linkwell Health","24hr Virtual Clinic"
2018-04-30,"Adam Hoyle",0.25,"create new editor account for Laura Doyle",,,"Linkwell Health","24hr Virtual Clinic"
2018-04-27,"Adam Hoyle",2.5,"","Email template design and HTML","Misc.","Linkwell Health","24hr Virtual Clinic"
2018-04-27,"Adam Hoyle",2.0,"","New plan site for ""24hr Virtual Clinic""","Misc.","Linkwell Health","24hr Virtual Clinic"
2018-04-26,"Adam Hoyle",0.75,"Litmus","Email template design and HTML","Misc.","Linkwell Health","24hr Virtual Clinic"
2018-04-26,"Adam Hoyle",2.0,"","Email template design and HTML","Misc.","Linkwell Health","24hr Virtual Clinic"
2018-04-26,"Adam Hoyle",4.5,"","Create custom landing pages for navigation","Misc.","Linkwell Health","24hr Virtual Clinic"
2018-04-20,"Adam Hoyle",0.5,"","Email template design and HTML","Misc.","Linkwell Health","24hr Virtual Clinic"
2018-04-20,"Adam Hoyle",2.5,"design and build","Email template design and HTML","Misc.","Linkwell Health","24hr Virtual Clinic"
2018-04-20,"Adam Hoyle",0.25,"","Email template design and HTML","Misc.","Linkwell Health","24hr Virtual Clinic"
2018-04-20,"Adam Hoyle",0.25,"","New plan site for ""24hr Virtual Clinic""","Misc.","Linkwell Health","24hr Virtual Clinic"
2019-10-28,"Adam Hoyle",0.25,"hide search block from login page, check idea submissions",,,"Linkwell Health","Aetna Plansite"
2019-05-21,"Adam Hoyle",0.5,"update stage again, test, move to prod","Update plansite logos","Misc.","Linkwell Health","AmeriHealth NJ"
2019-05-20,"Adam Hoyle",0.5,"","Update plansite logos","Misc.","Linkwell Health","AmeriHealth NJ"
2019-05-09,"Adam Hoyle",0.75,"Discussion and emails re: cobranding and logo parameters",,,"Linkwell Health","AmeriHealth NJ"
2018-11-16,"Adam Hoyle",1.25,"testing and coordination","Create a way to manage coupon images for AmeriHealth emails","Misc.","Linkwell Health","AmeriHealth NJ"
2018-11-13,"Adam Hoyle",0.25,"discuss solution for updating coupon and redirects with Mike",,,"Linkwell Health","AmeriHealth NJ"
2018-10-24,"Adam Hoyle",0.5,"","Update email offers and redirects","Misc.","Linkwell Health","AmeriHealth NJ"
2018-09-18,"Adam Hoyle",0.5,"","Update email offers and redirects","Misc.","Linkwell Health","AmeriHealth NJ"
2018-08-24,"Adam Hoyle",0.5,"","Update email offers and redirects","Misc.","Linkwell Health","AmeriHealth NJ"
2018-08-17,"Adam Hoyle",0.5,"","Update email offers and redirects","Misc.","Linkwell Health","AmeriHealth NJ"
2018-07-30,"Adam Hoyle",0.25,"","Update email offers and redirects","Misc.","Linkwell Health","AmeriHealth NJ"
2018-07-26,"Adam Hoyle",0.25,"","Update email offers and redirects","Misc.","Linkwell Health","AmeriHealth NJ"
2018-06-21,"Adam Hoyle",0.5,"","Update email offers and redirects","Misc.","Linkwell Health","AmeriHealth NJ"
2018-06-15,"Adam Hoyle",0.5,"","Update email offers and redirects","Misc.","Linkwell Health","AmeriHealth NJ"
2018-05-17,"Adam Hoyle",0.5,"","Update email offers and redirects by 10am May 7","Misc.","Linkwell Health","AmeriHealth NJ"
2018-05-07,"Adam Hoyle",0.75,"update offer image and redirects IBX monthly email",,,"Linkwell Health","AmeriHealth NJ"
2018-04-19,"Adam Hoyle",0.5,"","Update email offers and redirects","Misc.","Linkwell Health","AmeriHealth NJ"
2018-03-29,"Adam Hoyle",1.75,"create new offer images and redirects for AmeriHealth and IBX emails",,,"Linkwell Health","AmeriHealth NJ"
2018-05-17,"Adam Hoyle",0.25,"Followup w/ Omo to confirm redirect, update BC",,,"Linkwell Health","Anthem FEP"
2018-05-16,"Adam Hoyle",1.25,"create, configure and test landing page and exclusive",,,"Linkwell Health","Anthem FEP"
2018-05-01,"Adam Hoyle",0.5,"review and add to BC",,,"Linkwell Health","Anthem FEP"
2018-07-11,"Adam Hoyle",0.5,"mandated archive","Upload 2018 Mandated Archive archive","QA","Linkwell Health","Anthem Mandated 2018"
2018-05-16,"Adam Hoyle",0.25,"reproduce issue, update BC","Display landing page nav when directly linking to an article (see comment)","QA","Linkwell Health","Anthem Mandated 2018"
2018-05-03,"Adam Hoyle",1.0,"testing","Hide Recipe and Coupon nav AND SEARCH if Mandated cookie is present (see comment)","QA","Linkwell Health","Anthem Mandated 2018"
2018-05-03,"Adam Hoyle",0.75,"","Create 3 new language assistance articles to replace existing ones (see comment)","QA","Linkwell Health","Anthem Mandated 2018"
2018-05-03,"Adam Hoyle",1.5,"fix exclusives and update landing page aliases","Create landing pages based on spreadsheet content","Misc.","Linkwell Health","Anthem Mandated 2018"
2018-05-02,"Adam Hoyle",0.75,"testing","Hide Recipe and Coupon nav AND SEARCH if Mandated cookie is present (see comment)","QA","Linkwell Health","Anthem Mandated 2018"
2018-05-02,"Adam Hoyle",0.5,"","Hide Recipe and Coupon nav AND SEARCH if Mandated cookie is present (see comment)","QA","Linkwell Health","Anthem Mandated 2018"
2018-05-01,"Adam Hoyle",1.5,"update language articles, create new icons for missing articles, review all sites, troubleshoot info.anthem.com",,,"Linkwell Health","Anthem Mandated 2018"
2018-04-25,"Adam Hoyle",1.0,"troubleshoot and create view to remove content from homepage","Create landing pages based on spreadsheet content","Misc.","Linkwell Health","Anthem Mandated 2018"
2018-04-23,"Adam Hoyle",7.0,"troubleshoot issues, rebuild pages that were broken or missing content, test, email Omo","Create landing pages based on spreadsheet content","Misc.","Linkwell Health","Anthem Mandated 2018"
2018-04-23,"Adam Hoyle",2.0,"create pages and process notes w/ Jay","Create landing pages based on spreadsheet content","Misc.","Linkwell Health","Anthem Mandated 2018"
2018-04-11,"Adam Hoyle",3.0,"","Create landing pages based on spreadsheet content","Misc.","Linkwell Health","Anthem Mandated 2018"
2018-04-10,"Adam Hoyle",4.0,"review notes, test process, test exclusives",,,"Linkwell Health","Anthem Mandated 2018"
2018-03-20,"Adam Hoyle",2.5,"call w/ Omo re: Mandated designs, meet with Mike and Kyle, create comps",,,"Linkwell Health","Anthem Mandated 2018"
2018-03-19,"Adam Hoyle",1.0,"updates and redirects","Recreate Mandated 2017 landing page for CA","Misc.","Linkwell Health","Anthem Mandated 2018"
2018-03-19,"Adam Hoyle",2.0,"","Recreate Mandated 2017 landing page for CA","Misc.","Linkwell Health","Anthem Mandated 2018"
2018-02-21,"Adam Hoyle",1.0,"review notes, update BC",,,"Linkwell Health","Anthem Mandated 2018"
2019-11-08,"Adam Hoyle",0.25,"","Archive 2019 Mandated links (v2)","Misc.","Linkwell Health","Anthem Misc."
2019-09-18,"Adam Hoyle",0.5,"review and comm","Implement updates to Anthem Medicare custom phone number block","Misc.","Linkwell Health","Anthem Misc."
2019-09-16,"Adam Hoyle",0.25,"","Implement updates to Anthem Medicare custom phone number block","Misc.","Linkwell Health","Anthem Misc."
2019-08-05,"Adam Hoyle",0.25,"discuss Anthem SSL and new plan sites with Omo",,,"Linkwell Health","Anthem Misc."
2019-07-29,"Adam Hoyle",0.5,"","Archive 2019 mandated links","Misc.","Linkwell Health","Anthem Misc."
2019-06-07,"Adam Hoyle",1.0,"Support for exclusive 1438, not redirecting or setting cookie",,,"Linkwell Health","Anthem Misc."
2019-06-06,"Adam Hoyle",1.5,"Misc. communication re: site outages",,,"Linkwell Health","Anthem Misc."
2019-05-17,"Adam Hoyle",0.75,"convert to white and resave, upload, test","Update Anthem logos","Misc.","Linkwell Health","Anthem Misc."
2019-05-16,"Adam Hoyle",0.25,"","Update Anthem logos","Misc.","Linkwell Health","Anthem Misc."
2019-05-14,"Adam Hoyle",0.5,"","Update Anthem logos","Misc.","Linkwell Health","Anthem Misc."
2019-05-06,"Adam Hoyle",0.5,"investigate mandated sidebar and center column background per Omo after blocks were disabled",,,"Linkwell Health","Anthem Misc."
2018-03-15,"Adam Hoyle",1.0,"ensure that coupons are enabled on all sites",,,"Linkwell Health","Anthem Misc."
2019-04-01,"Adam Hoyle",0.75,"investigate coupon printing and GA events per Omo and respond via email",,,"Linkwell Health","AvMed"
2020-10-28,"Adam Hoyle",0.5,"","Pull search query report from GA","Misc.","Linkwell Health","B'link Dev./Misc."
2020-04-23,"Adam Hoyle",0.5,"","Baseline report search volume and top keyword searches over the last 3 months","Misc.","Linkwell Health","B'link Dev./Misc."
2020-01-02,"Adam Hoyle",0.5,"Review Pingdom accounts for B'link checks, set up new email report for B'link per Omo",,,"Linkwell Health","B'link Dev./Misc."
2019-08-05,"Adam Hoyle",0.5,"troubleshoot and test email sends and check SSL, email Omo",,,"Linkwell Health","B'link Dev./Misc."
2019-05-28,"Adam Hoyle",1.0,"Call w/ Omo and Kyle re: Communication Plans",,,"Linkwell Health","B'link Dev./Misc."
2019-05-15,"Adam Hoyle",0.5,"","Troubleshoot deep links","Misc.","Linkwell Health","B'link Dev./Misc."
2019-02-06,"Adam Hoyle",0.25,"test issues reported by Omo with the open CTA button, email Omo, update BC",,,"Linkwell Health","B'link Dev./Misc."
2019-01-29,"Adam Hoyle",0.5,"testing","Google Analytics Events are not tracked for assets with an apostrophe or quote (see comment)","Misc.","Linkwell Health","B'link Dev./Misc."
2019-01-17,"Adam Hoyle",1.25,"more copy updates and adjustments to modal height","New popup survey for B'link","Misc.","Linkwell Health","B'link Dev./Misc."
2019-01-16,"Adam Hoyle",0.75,"update copy and test adjustments to modal height","New popup survey for B'link","Misc.","Linkwell Health","B'link Dev./Misc."
2018-12-20,"Adam Hoyle",0.25,"survey updates","New popup survey for B'link","Misc.","Linkwell Health","B'link Dev./Misc."
2018-12-19,"Adam Hoyle",0.75,"support for char count",,,"Linkwell Health","B'link Dev./Misc."
2018-12-18,"Adam Hoyle",0.75,"Survey Monkey for Blink - research options for end page","New popup survey for B'link","Misc.","Linkwell Health","B'link Dev./Misc."
2018-12-18,"Adam Hoyle",0.5,"misc. coordination, testing","New popup survey for B'link","Misc.","Linkwell Health","B'link Dev./Misc."
2018-12-13,"Adam Hoyle",0.25,"review request, update BC","New popup survey for B'link","Misc.","Linkwell Health","B'link Dev./Misc."
2018-12-12,"Adam Hoyle",0.5,"support for Omo on deleted articles still showing link",,,"Linkwell Health","B'link Dev./Misc."
2018-10-03,"Adam Hoyle",0.5,"analytics call",,,"Linkwell Health","B'link Dev./Misc."
2018-08-31,"Adam Hoyle",0.25,"","Add Adobe Tracking to prod site. ""no ga""","Misc.","Linkwell Health","B'link Dev./Misc."
2018-08-09,"Adam Hoyle",0.25,"update BC and Omo","Review Adobe Analytics and Google Analytics and determine causes for download discrepancies","Misc.","Linkwell Health","B'link Dev./Misc."
2018-08-08,"Adam Hoyle",1.0,"troubleshooting","Review Adobe Analytics and Google Analytics and determine causes for download discrepancies","Misc.","Linkwell Health","B'link Dev./Misc."
2018-08-07,"Adam Hoyle",1.0,"troubleshoot google tags firing multiple times","Review Adobe Analytics and Google Analytics and determine causes for download discrepancies","Misc.","Linkwell Health","B'link Dev./Misc."
2018-07-11,"Adam Hoyle",0.75,"Blink analytics call w/ Omo and Will",,,"Linkwell Health","B'link Dev./Misc."
2018-07-10,"Adam Hoyle",0.5,"review reports, update BC","Review Adobe Analytics and Google Analytics and determine causes for download discrepancies","Misc.","Linkwell Health","B'link Dev./Misc."
2018-07-02,"Adam Hoyle",0.5,"review, test, respond","Update B'link so Omo can make the update Monthly Highlight in August","Misc.","Linkwell Health","B'link Dev./Misc."
2018-06-12,"Adam Hoyle",0.25,"followup with Omo on deep links",,,"Linkwell Health","B'link Dev./Misc."
2018-06-11,"Adam Hoyle",0.5,"support for Omo re: 4th category and deep links",,,"Linkwell Health","B'link Dev./Misc."
2020-12-11,"Adam Hoyle",0.25,"final testing and send to Steve","Remove Carousel and Custom Scroll Bar, Update “Flyout” to match design","Dev.","Linkwell Health","B'link Phase 2"
2020-12-10,"Adam Hoyle",0.5,"browser testing","Remove Carousel and Custom Scroll Bar, Update “Flyout” to match design","Dev.","Linkwell Health","B'link Phase 2"
2020-05-27,"Adam Hoyle",0.25,"","Ability to add multiple Categories to Topic","Dev.","Linkwell Health","B'link Phase 2"
2020-04-08,"Adam Hoyle",0.5,"","Improve ""responsiveness"", specifically the search box","Dev.","Linkwell Health","B'link Phase 2"
2020-04-07,"Adam Hoyle",0.25,"","Improve ""responsiveness"", specifically the search box","Dev.","Linkwell Health","B'link Phase 2"
2020-03-17,"Adam Hoyle",0.25,"","Survey results emailed to Premera contact","Sample Communications Plans","Linkwell Health","B'link Phase 2"
2020-03-17,"Adam Hoyle",0.5,"","Survey results emailed to Premera contact","Sample Communications Plans","Linkwell Health","B'link Phase 2"
2020-03-05,"Adam Hoyle",0.5,"review and test","Survey on Communications plans","Sample Communications Plans","Linkwell Health","B'link Phase 2"
2020-03-03,"Adam Hoyle",0.5,"call w/ Blink re: accessibility and responsiveness",,,"Linkwell Health","B'link Phase 2"
2020-02-28,"Adam Hoyle",0.5,"reseach survey branding removal for Omo",,,"Linkwell Health","B'link Phase 2"
2020-02-26,"Adam Hoyle",0.25,"","Survey on Communications plans","Sample Communications Plans","Linkwell Health","B'link Phase 2"
2020-02-26,"Adam Hoyle",0.5,"","Survey on Communications plans","Sample Communications Plans","Linkwell Health","B'link Phase 2"
2020-02-14,"Adam Hoyle",0.5,"demo call w/ Linkwell","Survey on Communications plans","Sample Communications Plans","Linkwell Health","B'link Phase 2"
2020-02-06,"Adam Hoyle",0.25,"review pre-deployment","Create printer friendly template for communications plans","Sample Communications Plans","Linkwell Health","B'link Phase 2"
2020-02-06,"Adam Hoyle",0.25,"review","Analytics for Communications plans","Sample Communications Plans","Linkwell Health","B'link Phase 2"
2020-02-06,"Adam Hoyle",1.0,"planning and prioritization call w/ Omo and Kyle",,,"Linkwell Health","B'link Phase 2"
2020-02-03,"Adam Hoyle",0.25,"","Create printer friendly template for communications plans","Sample Communications Plans","Linkwell Health","B'link Phase 2"
2020-02-03,"Adam Hoyle",0.25,"","Implement ""Sample Communication Plans""","Sample Communications Plans","Linkwell Health","B'link Phase 2"
2020-01-16,"Adam Hoyle",0.25,"","Implement ""Sample Communication Plans""","Sample Communications Plans","Linkwell Health","B'link Phase 2"
2019-12-16,"Adam Hoyle",0.5,"QA pantheon","Implement ""Sample Communication Plans""","Sample Communications Plans","Linkwell Health","B'link Phase 2"
2019-10-09,"Adam Hoyle",0.5,"demo call w/ Omo",,,"Linkwell Health","B'link Phase 2"
2019-10-07,"Adam Hoyle",0.5,"","QA","Sample Communications Plans","Linkwell Health","B'link Phase 2"
2019-06-05,"Adam Hoyle",0.5,"review and send","Design comps for landing page and sample communication plans","Sample Communications Plans","Linkwell Health","B'link Phase 2"
2019-06-03,"Adam Hoyle",0.5,"review timeline blocks, discuss w/ Jay, email Omo","Design comps for landing page and sample communication plans","Sample Communications Plans","Linkwell Health","B'link Phase 2"
2019-05-30,"Adam Hoyle",0.25,"quick chat with Jay","Design comps for landing page and sample communication plans","Sample Communications Plans","Linkwell Health","B'link Phase 2"
2019-05-30,"Adam Hoyle",0.75,"meeting w/ Kyle, Jay to discuss design approach","Design comps for landing page and sample communication plans","Sample Communications Plans","Linkwell Health","B'link Phase 2"
2019-05-29,"Adam Hoyle",0.25,"","Design comps for landing page and sample communication plans","Sample Communications Plans","Linkwell Health","B'link Phase 2"
2018-08-22,"Adam Hoyle",0.5,"testing","Implement B'link Open Button","Misc.","Linkwell Health","B'link Phase 2"
2018-08-06,"Adam Hoyle",0.25,"review and test","B'link Videos","Misc.","Linkwell Health","B'link Phase 2"
2018-06-11,"Adam Hoyle",0.25,"restore from backup database, update PDF link, email Omo",,,"Linkwell Health","B'link Phase 2"
2018-06-11,"Adam Hoyle",0.25,"resync stage w/ prod",,,"Linkwell Health","B'link Phase 2"
2018-06-06,"Adam Hoyle",0.5,"","Update Download Guide PDF link","Dev.","Linkwell Health","B'link Phase 2"
2018-05-22,"Adam Hoyle",0.25,"","""B'link Contest"" (see comment for details)","Misc.","Linkwell Health","B'link Phase 2"
2018-05-16,"Adam Hoyle",0.75,"Prototype hellobar, misc. BC comm. and updates, etc.","""B'link Contest"" (see comment for details)","Misc.","Linkwell Health","B'link Phase 2"
2018-05-14,"Adam Hoyle",0.5,"review, respond and clarify via email w/ Omo, update Basecamp","New popup survey for categories","Misc.","Linkwell Health","B'link Phase 2"
2018-05-10,"Adam Hoyle",0.25,"check code, email Omo","Add Adobe Analytics to B'link","Dev.","Linkwell Health","B'link Phase 2"
2018-05-03,"Adam Hoyle",0.25,"","Add Adobe Analytics to B'link","Dev.","Linkwell Health","B'link Phase 2"
2018-05-01,"Adam Hoyle",0.25,"","After closing survey, user is returned to the top of the page","B'link Popup Survey QA","Linkwell Health","B'link Phase 2"
2018-05-01,"Adam Hoyle",0.25,"","After closing survey, user is returned to the top of the page","B'link Popup Survey QA","Linkwell Health","B'link Phase 2"
2018-04-11,"Adam Hoyle",0.25,"update link and clear cache","Add ""Monthly Highlight"" to B'link homepage","Misc.","Linkwell Health","B'link Phase 2"
2018-04-06,"Adam Hoyle",0.5,"review wires, draft email and send to Omo","Design for ""Digital Calendar"" landing page","Misc.","Linkwell Health","B'link Phase 2"
2018-04-04,"Adam Hoyle",1.0,"meet to discuss with Mike and Kyle","Design for ""Digital Calendar"" landing page","Misc.","Linkwell Health","B'link Phase 2"
2018-04-03,"Adam Hoyle",0.25,"remove italic, clear cache, email Omo","Add ""Monthly Highlight"" to B'link homepage","Misc.","Linkwell Health","B'link Phase 2"
2018-03-26,"Adam Hoyle",0.5,"respond to Omo's question about survey results",,,"Linkwell Health","B'link Phase 2"
2018-03-23,"Adam Hoyle",0.5,"review notes w/ Jay","Design for ""Digital Calendar"" landing page","Misc.","Linkwell Health","B'link Phase 2"
2018-03-21,"Adam Hoyle",0.5,"setup share link for survey results",,,"Linkwell Health","B'link Phase 2"
2018-03-20,"Adam Hoyle",0.5,"test, adjust survey end page settings, email Omo","Deploy survey popup","Dev.","Linkwell Health","B'link Phase 2"
2018-02-27,"Adam Hoyle",0.75,"swap survey code, add to site, test","Implement temporary pop-up survey (see comment)","Dev.","Linkwell Health","B'link Phase 2"
2018-02-23,"Adam Hoyle",0.5,"review, update BC, respond to Omo","Design a temporary pop-up survey (see comment for details)","Dev.","Linkwell Health","B'link Phase 2"
2018-02-08,"Adam Hoyle",1.0,"testing and looking at options for Survey Monkey","Implement temporary pop-up survey (see comment)","Dev.","Linkwell Health","B'link Phase 2"
2018-02-05,"Adam Hoyle",1.0,"SURVEY MONKEY FEE",,,"Linkwell Health","B'link Phase 2"
2018-01-12,"Adam Hoyle",0.75,"troubleshoot staging not loading per Omo: redeployed branch, cleared varnish, tested",,,"Linkwell Health","B'link Phase 2"
2018-05-03,"Adam Hoyle",0.5,"assign and troubleshoot coupons, update site header",,,"Linkwell Health","BCBS Arkansas"
2018-04-30,"Adam Hoyle",2.0,"redo emails per Omo","Code HTML email","Misc.","Linkwell Health","BCBS Arkansas"
2018-04-30,"Adam Hoyle",0.25,"","Deploy landing page to site (see comment)","Misc.","Linkwell Health","BCBS Arkansas"
2018-04-30,"Adam Hoyle",1.25,"code and test","Code HTML email","Misc.","Linkwell Health","BCBS Arkansas"
2018-04-27,"Adam Hoyle",0.25,"create homepage","Launch new plan site for 'BCBS Arkansas'","Misc.","Linkwell Health","BCBS Arkansas"
2018-04-25,"Adam Hoyle",0.25,"","Launch new plan site for 'BCBS Arkansas'","Misc.","Linkwell Health","BCBS Arkansas"
2018-04-25,"Adam Hoyle",0.5,"","Launch new plan site for 'BCBS Arkansas'","Misc.","Linkwell Health","BCBS Arkansas"
2018-01-02,"Adam Hoyle",0.75,"Troubleshoot feed for Natalia with missing article (not published), clear caches, respond.",,,"Linkwell Health","BCBS Michigan"
2019-06-28,"Adam Hoyle",0.25,"discuss estimate w/ Kyle, send",,,"Linkwell Health","BCBS RI HR Site"
2019-06-27,"Adam Hoyle",0.5,"project coordination, questions and estimate",,,"Linkwell Health","BCBS RI HR Site"
2018-07-10,"Adam Hoyle",0.5,"","Remove .htaccess password from bcbsm-medicare.hlthlink.com","Misc.","Linkwell Health","BCBSM – Medicare"
2018-04-30,"Adam Hoyle",2.0,"redo emails per Omo","Code HTML email","Misc.","Linkwell Health","BCBSM – Medicare"
2018-04-30,"Adam Hoyle",0.25,"","Deploy landing page to site (See comment)","Misc.","Linkwell Health","BCBSM – Medicare"
2018-04-30,"Adam Hoyle",1.25,"code and test","Code HTML email","Misc.","Linkwell Health","BCBSM – Medicare"
2018-04-29,"Adam Hoyle",0.5,"","Code HTML email","Misc.","Linkwell Health","BCBSM – Medicare"
2018-04-27,"Adam Hoyle",0.25,"create homepage","Launch new plan site for 'BCBSM – Medicare'","Misc.","Linkwell Health","BCBSM – Medicare"
2018-04-25,"Adam Hoyle",0.25,"review responses to questions and update BC","Launch new plan site for 'BCBSM – Medicare'","Misc.","Linkwell Health","BCBSM – Medicare"
2018-04-25,"Adam Hoyle",0.5,"","Launch new plan site for 'BCBSM – Medicare'","Misc.","Linkwell Health","BCBSM – Medicare"
2020-12-15,"Adam Hoyle",0.5,"call w/ Steve to get IBX feedback","Meetings & Phone Calls","Misc.","Linkwell Health","CHLE Re-Theme"
2020-12-07,"Adam Hoyle",0.5,"IBC design review with Jay and Kyle","Meetings & Phone Calls","Misc.","Linkwell Health","CHLE Re-Theme"
2020-11-13,"Adam Hoyle",0.5,"review designs w/ Kyle and Jay","Meetings & Phone Calls","Misc.","Linkwell Health","CHLE Re-Theme"
2019-03-22,"Adam Hoyle",0.5,"create and test feed credentials per Omo",,,"Linkwell Health","Genomind"
2019-03-20,"Adam Hoyle",0.25,"","Remove ""Add Content"" permission for ""Lineup Reviewer"" role","Misc.","Linkwell Health","Genomind"
2019-03-19,"Adam Hoyle",1.0,"testing and documentation, comm w/ Omo and Mike","Testing roles and permissions for lineups","Misc.","Linkwell Health","Genomind"
2019-02-22,"Adam Hoyle",0.5,"misc. support for Omo","Create new plansite (see comment)","Misc.","Linkwell Health","Genomind"
2019-02-22,"Adam Hoyle",0.5,"check SMTP and sendgrid","Create new plansite (see comment)","Misc.","Linkwell Health","Genomind"
2019-02-21,"Adam Hoyle",0.5,"check site, update social blocks and headline, add favicon","Create new plansite (see comment)","Misc.","Linkwell Health","Genomind"
2019-02-21,"Adam Hoyle",0.25,"review and update BC","Create new plansite (see comment)","Misc.","Linkwell Health","Genomind"
2020-12-08,"Adam Hoyle",0.25,"","Select Genomind Blog Categories Images and Colors","Design","Linkwell Health","Genomind Blog Redesign"
2020-08-31,"Adam Hoyle",1.0,"kickoff call and followups","Meetings & Phone Calls","Misc.","Linkwell Health","Genomind Blog Redesign"
2018-04-05,"Adam Hoyle",1.0,"update template, Litmus test, send to Omo","Code Guidewell email template (see comment)","Misc.","Linkwell Health","GuideWell"
2018-03-08,"Adam Hoyle",0.5,"Review and respond to Omo re: variable domains",,,"Linkwell Health","GuideWell"
2019-12-13,"Adam Hoyle",0.5,"review and send","Design comps for CHLE/HLE User Dashboards","Design","Linkwell Health","HLE Dashboard"
2019-12-02,"Adam Hoyle",1.0,"call w/ Linkwell team to review and discuss dashboard designs","Design comps for CHLE/HLE User Dashboards","Design","Linkwell Health","HLE Dashboard"
2019-12-02,"Adam Hoyle",0.5,"review HLE dashboard feedback","Design comps for CHLE/HLE User Dashboards","Design","Linkwell Health","HLE Dashboard"
2019-11-27,"Adam Hoyle",0.25,"review and send","Design comps for CHLE/HLE User Dashboards","Design","Linkwell Health","HLE Dashboard"
2019-11-25,"Adam Hoyle",1.0,"design review w/ Kyle","Design comps for CHLE/HLE User Dashboards","Design","Linkwell Health","HLE Dashboard"
2019-11-21,"Adam Hoyle",0.75,"review designs with Kyle and Jay","Design comps for CHLE/HLE User Dashboards","Design","Linkwell Health","HLE Dashboard"
2019-11-13,"Adam Hoyle",0.25,"notes from internal call and send to Linkwell","Design comps for CHLE/HLE User Dashboards","Design","Linkwell Health","HLE Dashboard"
2019-11-13,"Adam Hoyle",1.0,"internal brainstorming call w/ Jay and Kyle","Design comps for CHLE/HLE User Dashboards","Design","Linkwell Health","HLE Dashboard"
2019-11-13,"Adam Hoyle",1.0,"brainstorming call with Linkwell team","Design comps for CHLE/HLE User Dashboards","Design","Linkwell Health","HLE Dashboard"
2019-05-07,"Adam Hoyle",0.25,"sitegroup -> analytics mapping","Deploy to Stage","Deployment","Linkwell Health","HLE Dashboard"
2019-05-03,"Adam Hoyle",0.5,"review feedback on dashboard, test reports",,,"Linkwell Health","HLE Dashboard"
2019-04-30,"Adam Hoyle",1.5,"Dashboard Demo Meeting",,,"Linkwell Health","HLE Dashboard"
2019-04-30,"Adam Hoyle",0.5,"review documentation, email team, update BC",,,"Linkwell Health","HLE Dashboard"
2019-04-29,"Adam Hoyle",1.5,"review HLE dashboard demo w/ Mike and Kyle","Meetings and Phone Calls","Research and Plannning","Linkwell Health","HLE Dashboard"
2019-04-29,"Adam Hoyle",0.25,"","Meetings and Phone Calls","Research and Plannning","Linkwell Health","HLE Dashboard"
2019-04-25,"Adam Hoyle",0.25,"review with Mike",,,"Linkwell Health","HLE Dashboard"
2019-04-22,"Adam Hoyle",0.25,"review w/ Mike","Meetings and Phone Calls","Research and Plannning","Linkwell Health","HLE Dashboard"
2019-04-03,"Adam Hoyle",0.5,"review progress on dev",,,"Linkwell Health","HLE Dashboard"
2019-04-01,"Adam Hoyle",1.25,"meet with Mike, Kyle, Jay to discuss next steps on dashboard reports",,,"Linkwell Health","HLE Dashboard"
2019-03-26,"Adam Hoyle",0.5,"review and discuss designs","Designs/wires for HLE/CHLE dashboard reports","Research and Plannning","Linkwell Health","HLE Dashboard"
2019-03-21,"Adam Hoyle",0.75,"meet w/ Mike, Kyle, Jay re: dashboard wires and flow","Meetings and Phone Calls","Research and Plannning","Linkwell Health","HLE Dashboard"
2019-03-18,"Adam Hoyle",0.5,"","Reports","Dev.","Linkwell Health","HLE Dashboard"
2019-03-11,"Adam Hoyle",1.0,"internal discussion re: report creation","Meetings and Phone Calls","Research and Plannning","Linkwell Health","HLE Dashboard"
2019-03-11,"Adam Hoyle",3.0,"internal meeting, prep for call w/ Linkwell, post-call followups","Meetings and Phone Calls","Research and Plannning","Linkwell Health","HLE Dashboard"
2019-03-08,"Adam Hoyle",0.5,"Internal project coordination and emails",,,"Linkwell Health","HLE Dashboard"
2019-03-07,"Adam Hoyle",0.5,"Review whiteboard sketch and notes from Kyle and Mike",,,"Linkwell Health","HLE Dashboard"
2019-03-06,"Adam Hoyle",0.5,"review and make notes","Review dashboard widget wish list","Research and Plannning","Linkwell Health","HLE Dashboard"
2019-03-06,"Adam Hoyle",1.0,"Call w/ Omo, Steve, Kyle, Mike",,,"Linkwell Health","HLE Dashboard"
2019-03-04,"Adam Hoyle",0.25,"","Review dashboard widget wish list","Research and Plannning","Linkwell Health","HLE Dashboard"
2019-02-19,"Adam Hoyle",0.25,"","HLE/CHLE Analytics Integration","Misc.","Linkwell Health","HLE Dashboard"
2019-07-25,"Adam Hoyle",2.0,"review load test, update email, discuss internally",,,"Linkwell Health","HLE Load Testing"
2019-07-24,"Adam Hoyle",0.5,"review and discuss load test results",,,"Linkwell Health","HLE Load Testing"
2019-07-23,"Adam Hoyle",0.5,"point domains to new load test env.",,,"Linkwell Health","HLE Load Testing"
2019-06-20,"Adam Hoyle",0.5,"review and discuss test parameters w/ Mike",,,"Linkwell Health","HLE Load Testing"
2019-06-04,"Adam Hoyle",0.75,"maestro demo w/ full Linkwell team",,,"Linkwell Health","HLE Workflow"
2019-06-03,"Adam Hoyle",1.0,"Maestro demo w/ Jed, Mike, Kyle",,,"Linkwell Health","HLE Workflow"
2019-05-29,"Adam Hoyle",0.75,"call w/ Steve, Omo, Mike, Kyle, Jed re: Workflow next steps",,,"Linkwell Health","HLE Workflow"
2019-05-29,"Adam Hoyle",1.0,"brainstorm with Jed, Mike, Kyle",,,"Linkwell Health","HLE Workflow"
2019-08-22,"Adam Hoyle",0.75,"catchup on QA and emails from M-W",,,"Linkwell Health","HLE/CHLE"
2019-08-22,"Adam Hoyle",0.5,"post-launch testing on prod","Deploy and test Stage","User Profiles QA","Linkwell Health","HLE/CHLE"
2019-08-08,"Adam Hoyle",0.25,"review Omo's template/messaging and update BC and respond to Omo","MIME Email Template","User Profiles QA","Linkwell Health","HLE/CHLE"
2019-08-06,"Adam Hoyle",0.25,"email Omo re: email messaging for discussion/idea actions","User Profiles for notification system","Product Roadmap - Release 7 - March 2019","Linkwell Health","HLE/CHLE"
2019-07-18,"Adam Hoyle",0.25,"review updated designs w/ Jay and Kyle",,,"Linkwell Health","HLE/CHLE"
2019-07-17,"Adam Hoyle",0.25,"review updated designs","User Profiles for notification system","Product Roadmap - Release 7 - March 2019","Linkwell Health","HLE/CHLE"
2019-07-16,"Adam Hoyle",1.0,"review design updates w/ Jay and Kyle","User Profiles for notification system","Product Roadmap - Release 7 - March 2019","Linkwell Health","HLE/CHLE"
2019-07-09,"Adam Hoyle",1.0,"internal review","User Profiles for notification system","Product Roadmap - Release 7 - March 2019","Linkwell Health","HLE/CHLE"
2019-05-30,"Adam Hoyle",0.25,"check","Change ""Print Materials"" to ""Your Creative Files""","Hot List","Linkwell Health","HLE/CHLE"
2019-05-28,"Adam Hoyle",0.75,"","Packages giving me an error","Bugs","Linkwell Health","HLE/CHLE"
2019-05-28,"Adam Hoyle",1.0,"writeup and diagram","Implement custom workflow statuses (needs more info)","Backlog","Linkwell Health","HLE/CHLE"
2019-05-28,"Adam Hoyle",1.0,"internal discussion re: workflow and statuses","Implement custom workflow statuses (needs more info)","Backlog","Linkwell Health","HLE/CHLE"
2019-05-23,"Adam Hoyle",0.5,"discuss workflow with Mike and Kyle",,,"Linkwell Health","HLE/CHLE"
2019-05-17,"Adam Hoyle",0.25,"","Site list not indicating the right number","Bugs","Linkwell Health","HLE/CHLE"
2019-05-14,"Adam Hoyle",0.5,"","Update Print Material content type by allowing ZIP","Hot List","Linkwell Health","HLE/CHLE"
2019-04-03,"Adam Hoyle",0.75,"research, add site to Gsearch console, add DNS entries to verify, submit site removal request, email team, update BC","Add noindex, nofollow to all plansites (see comment)","Hot List","Linkwell Health","HLE/CHLE"
2019-04-03,"Adam Hoyle",0.25,"review and add to BC","Add noindex, nofollow to all plansites (see comment)","Hot List","Linkwell Health","HLE/CHLE"
2019-04-03,"Adam Hoyle",0.25,"","LWH Editors can't edit videos","Bugs","Linkwell Health","HLE/CHLE"
2019-03-08,"Adam Hoyle",0.5,"","Install Workbench on Dev","Hot List","Linkwell Health","HLE/CHLE"
2019-02-28,"Adam Hoyle",0.5,"update help block",,,"Linkwell Health","HLE/CHLE"
2019-02-18,"Adam Hoyle",2.0,"test UI updates on dev","DASH: Enhance current backend theme","Product Roadmap - Release 5+6 - Nov/Dec 2018","Linkwell Health","HLE/CHLE"
2019-02-14,"Adam Hoyle",0.5,"deployment planning meeting","DASH: Enhance current backend theme","Product Roadmap - Release 5+6 - Nov/Dec 2018","Linkwell Health","HLE/CHLE"
2019-02-07,"Adam Hoyle",0.75,"internal meeting to review","DASH: Enhance current backend theme","Product Roadmap - Release 5+6 - Nov/Dec 2018","Linkwell Health","HLE/CHLE"
2019-01-30,"Adam Hoyle",1.0,"review analytics w/ Dorman, Omo, Steve, Kyle, Mike",,,"Linkwell Health","HLE/CHLE"
2019-01-29,"Adam Hoyle",0.5,"test and troubleshoot lineup notifications w/ Mike",,,"Linkwell Health","HLE/CHLE"
2019-01-28,"Adam Hoyle",1.0,"research and troubleshoot email delivery issue reported by Laura re: NVI Lineups",,,"Linkwell Health","HLE/CHLE"
2019-01-17,"Adam Hoyle",1.0,"Meeting to review HLE UI updates with Mike, Kyle, Steve and Laura",,,"Linkwell Health","HLE/CHLE"
2019-01-02,"Adam Hoyle",0.5,"review designs w/ Jay, Mike, Kyle","DASH: Enhance current backend theme","Product Roadmap - Release 5+6 - Nov/Dec 2018","Linkwell Health","HLE/CHLE"
2018-12-20,"Adam Hoyle",3.5,"Setup SendGrid account, update DNS records, install SMTP module, test, deploy","Integrate Sendgrid for SMTP emails","Product Roadmap - Release 5+6 - Nov/Dec 2018","Linkwell Health","HLE/CHLE"
2018-12-17,"Adam Hoyle",0.5,"call to review HLE analytics integration w/ Dorman",,,"Linkwell Health","HLE/CHLE"
2018-12-14,"Adam Hoyle",0.5,"research and recommend","Integrate Sendgrid for SMTP emails","Product Roadmap - Release 5+6 - Nov/Dec 2018","Linkwell Health","HLE/CHLE"
2018-12-11,"Adam Hoyle",1.0,"HLE training w/ Omo",,,"Linkwell Health","HLE/CHLE"
2018-12-05,"Adam Hoyle",1.0,"review HLE UX designs from Jay and prep for 12:30 call","DASH: Enhance current backend theme","Product Roadmap - Release 5+6 - Nov/Dec 2018","Linkwell Health","HLE/CHLE"
2018-12-04,"Adam Hoyle",0.25,"troubleshoot Matt Dorman Acquia access",,,"Linkwell Health","HLE/CHLE"
2018-12-03,"Adam Hoyle",0.5,"review designs and notes, update BC, send to client","DASH: Enhance current backend theme","Product Roadmap - Release 5+6 - Nov/Dec 2018","Linkwell Health","HLE/CHLE"
2018-11-27,"Adam Hoyle",0.25,"update BC, coordinate with Omo and Mike","Video content type updates","Product Roadmap - Release 5+6 - Nov/Dec 2018","Linkwell Health","HLE/CHLE"
2018-11-26,"Adam Hoyle",0.25,"review and discuss w/ Mike","Video content type updates","Product Roadmap - Release 5+6 - Nov/Dec 2018","Linkwell Health","HLE/CHLE"
2018-11-19,"Adam Hoyle",0.5,"coordination","""No Relate"" option on landing pages","Product Roadmap - Release 5+6 - Nov/Dec 2018","Linkwell Health","HLE/CHLE"
2018-11-16,"Adam Hoyle",0.5,"meet to discuss HLE designs",,,"Linkwell Health","HLE/CHLE"
2018-11-16,"Adam Hoyle",0.25,"HLE: Support for Omo re: unassigning an article that's part of a package.",,,"Linkwell Health","HLE/CHLE"
2018-11-14,"Adam Hoyle",1.25,"call w/ Mike, Kyle, Jay to review","DASH: Enhance current backend theme","Product Roadmap - Release 5+6 - Nov/Dec 2018","Linkwell Health","HLE/CHLE"
2018-11-14,"Adam Hoyle",0.75,"review designs notes and update spreadsheet","DASH: Enhance current backend theme","Product Roadmap - Release 5+6 - Nov/Dec 2018","Linkwell Health","HLE/CHLE"
2018-11-08,"Adam Hoyle",0.75,"move coupon images and redirects to D8",,,"Linkwell Health","HLE/CHLE"
2018-10-25,"Adam Hoyle",0.5,"review release features with Mike prior to demo call w/ Linkwell",,,"Linkwell Health","HLE/CHLE"
2018-10-25,"Adam Hoyle",0.75,"meeting to demo and discuss release features",,,"Linkwell Health","HLE/CHLE"
2018-10-16,"Adam Hoyle",0.5,"troubleshoot issues with lineups and ideas on multiple sites","DASHBOARD: Lineup Delivery","Product Roadmap - Release 1 - July 2018","Linkwell Health","HLE/CHLE"
2018-10-12,"Adam Hoyle",0.5,"review and prep for demo call","DASHBOARD: Project Status Tracker","Product Roadmap - Release 4 - October 2018","Linkwell Health","HLE/CHLE"
2018-09-20,"Adam Hoyle",0.5,"troubleshoot IBX recipe download, respond to Omo",,,"Linkwell Health","HLE/CHLE"
2018-09-12,"Adam Hoyle",0.5,"respond to Omo re: lineups",,,"Linkwell Health","HLE/CHLE"
2018-09-06,"Adam Hoyle",0.75,"call w Linkwell to discuss questions","DASHBOARD: Project Status Tracker","Product Roadmap - Release 4 - October 2018","Linkwell Health","HLE/CHLE"
2018-08-29,"Adam Hoyle",0.25,"add user accounts",,,"Linkwell Health","HLE/CHLE"
2018-08-29,"Adam Hoyle",0.5,"test footnote, review with Mike, respond to Laura","EWB1: Author, Dup Story, Footnotes","Product Roadmap - Release 1 - July 2018","Linkwell Health","HLE/CHLE"
2018-08-28,"Adam Hoyle",0.5,"test re-ordering","Create role/permissions for lineup delivery on IBX","Lineup Delivery QA","Linkwell Health","HLE/CHLE"
2018-08-27,"Adam Hoyle",0.75,"testing, document and email Linkwell","Create role/permissions for lineup delivery on IBX","Lineup Delivery QA","Linkwell Health","HLE/CHLE"
2018-08-27,"Adam Hoyle",0.5,"confirm that all editors have accounts","Create role/permissions for lineup delivery on IBX","Lineup Delivery QA","Linkwell Health","HLE/CHLE"
2018-08-13,"Adam Hoyle",0.5,"test, email Omo","Coupon reports","Product Roadmap - Release 2 - August 2018","Linkwell Health","HLE/CHLE"
2018-07-26,"Adam Hoyle",0.25,"give Laura admin priv and test","DASHBOARD: Lineup Delivery","Product Roadmap - Release 1 - July 2018","Linkwell Health","HLE/CHLE"
2018-07-13,"Adam Hoyle",0.5,"test and send link and notes to Steve for his call/demo w/ Nathan Adams","DASHBOARD: Lineup Delivery","Product Roadmap - Release 1 - July 2018","Linkwell Health","HLE/CHLE"
2018-07-12,"Adam Hoyle",0.75,"review notes, update BC, verify fixes","DASHBOARD: Lineup Delivery","Product Roadmap - Release 1 - July 2018","Linkwell Health","HLE/CHLE"
2018-07-11,"Adam Hoyle",1.0,"kickoff call w/ Omo, Steve, Steve, Mike","Improve Search","Product Roadmap - Release 2 - August 2018","Linkwell Health","HLE/CHLE"
2018-06-20,"Adam Hoyle",0.75,"respond to Trello cards",,,"Linkwell Health","HLE/CHLE"
2018-06-19,"Adam Hoyle",0.25,"followup w/ LW team and send outline doc","DASHBOARD: Lineup Delivery","Product Roadmap - Release 1 - July 2018","Linkwell Health","HLE/CHLE"
2018-06-19,"Adam Hoyle",0.75,"review outline, discuss w/ Mike","DASHBOARD: Lineup Delivery","Product Roadmap - Release 1 - July 2018","Linkwell Health","HLE/CHLE"
2018-06-18,"Adam Hoyle",0.75,"review Mike's notes, write notes","DASHBOARD: Lineup Delivery","Product Roadmap - Release 1 - July 2018","Linkwell Health","HLE/CHLE"
2018-06-18,"Adam Hoyle",0.5,"review trello cards",,,"Linkwell Health","HLE/CHLE"
2018-06-14,"Adam Hoyle",0.75,"outlining lineup delivery","DASHBOARD: Lineup Delivery","Product Roadmap - Release 1 - July 2018","Linkwell Health","HLE/CHLE"
2018-06-13,"Adam Hoyle",0.5,"fixing homepages on AmeriHealth and Demo Plus",,,"Linkwell Health","HLE/CHLE"
2018-06-12,"Adam Hoyle",0.25,"","Prevent dev and stage sites from being indexed","Hot Fixes","Linkwell Health","HLE/CHLE"
2018-06-11,"Adam Hoyle",0.5,"followup discussions w/ Mike and Kyle after conference call","DASHBOARD: Lineup Delivery","Product Roadmap - Release 1 - July 2018","Linkwell Health","HLE/CHLE"
2018-06-11,"Adam Hoyle",0.5,"call w/ Laura, Steve, Omo, Mike, Kyle re: Lineup Delivery flow","DASHBOARD: Lineup Delivery","Product Roadmap - Release 1 - July 2018","Linkwell Health","HLE/CHLE"
2018-06-06,"Adam Hoyle",0.75,"kickoff call w/ Mike, Kyle, Laura, Jenn, Omo, Steve","DASHBOARD: Lineup Delivery","Product Roadmap - Release 1 - July 2018","Linkwell Health","HLE/CHLE"
2018-05-21,"Adam Hoyle",0.25,"send steve hourly breakdown for estimate","DASHBOARD: Lineup Delivery","Product Roadmap - Release 1 - July 2018","Linkwell Health","HLE/CHLE"
2018-05-21,"Adam Hoyle",0.25,"hourly breakdown for estimate","DASHBOARD: Project Status Tracker","Product Roadmap - Release 4 - October 2018","Linkwell Health","HLE/CHLE"
2018-05-21,"Adam Hoyle",0.25,"Login help for Omo",,,"Linkwell Health","HLE/CHLE"
2018-05-17,"Adam Hoyle",0.5,"answering Mike's questions","DASHBOARD: Lineup Delivery","Product Roadmap - Release 1 - July 2018","Linkwell Health","HLE/CHLE"
2018-05-16,"Adam Hoyle",0.75,"type up notes for next round of scoring based on meeting with LW","DASHBOARD: Lineup Delivery","Product Roadmap - Release 1 - July 2018","Linkwell Health","HLE/CHLE"
2018-05-15,"Adam Hoyle",0.25,"create PDF","DASHBOARD: Lineup Delivery","Product Roadmap - Release 1 - July 2018","Linkwell Health","HLE/CHLE"
2018-05-14,"Adam Hoyle",0.25,"","Add Ronny Vargas ronny.vargas@avantica.net as a Developer to D6 and D8 Acquia accounts","Misc.","Linkwell Health","HLE/CHLE"
2018-05-11,"Adam Hoyle",0.25,"type up notes and update BC","DASHBOARD: Project Status Tracker","Product Roadmap - Release 4 - October 2018","Linkwell Health","HLE/CHLE"
2018-05-10,"Adam Hoyle",1.25,"point DNS, update sites.php file, monitor propagation, clear caches, etc., update BC respond to Omo","Register and point two custom domains for BCBSM Medicare and Arkansas BCBS","Misc.","Linkwell Health","HLE/CHLE"
2018-05-10,"Adam Hoyle",1.0,"register domains, add to Acquia, email Omo","Register and point two custom domains for BCBSM Medicare and Arkansas BCBS","Misc.","Linkwell Health","HLE/CHLE"
2018-04-26,"Adam Hoyle",0.25,"","Coupon Detail page not showing coupon","Bugs","Linkwell Health","HLE/CHLE"
2018-04-24,"Adam Hoyle",0.25,"cache clears for Natalia",,,"Linkwell Health","HLE/CHLE"
2018-04-19,"Adam Hoyle",0.25,"","Remove the ""Preview"" button from the WorldCare contact form","Deployment 4/23/18","Linkwell Health","HLE/CHLE"
2018-04-11,"Adam Hoyle",0.75,"troubleshoot feed authentication for BCBSM, recreate user, test, email Omo",,,"Linkwell Health","HLE/CHLE"
2018-04-11,"Adam Hoyle",0.5,"weekly status call w/ Omo",,,"Linkwell Health","HLE/CHLE"
2018-04-09,"Adam Hoyle",0.25,"review and send","Create a documentation guide for the feeds and API","Misc.","Linkwell Health","HLE/CHLE"
2018-04-04,"Adam Hoyle",2.0,"Meet w/ Mike and Kyle to discuss 4/16 deployment",,,"Linkwell Health","HLE/CHLE"
2018-04-04,"Adam Hoyle",0.75,"weekly status call w/ Omo and Steve",,,"Linkwell Health","HLE/CHLE"
2018-04-03,"Adam Hoyle",0.5,"review deployment, email Omo","Deployment 4/2/2018","Deployment 4/2/18","Linkwell Health","HLE/CHLE"
2018-03-29,"Adam Hoyle",1.0,"disable anon user registration on all sites",,,"Linkwell Health","HLE/CHLE"
2018-03-28,"Adam Hoyle",2.75,"Prep for call, review notes. Weekly call w/ Omo and Steve",,,"Linkwell Health","HLE/CHLE"
2018-03-27,"Adam Hoyle",0.5,"","BUG: Auto-download","Bugs","Linkwell Health","HLE/CHLE"
2018-03-26,"Adam Hoyle",1.0,"","Premera sites","DNS Cutovers and Redirects","Linkwell Health","HLE/CHLE"
2018-03-22,"Adam Hoyle",1.5,"misc. project coordination, emails w/ Omo",,,"Linkwell Health","HLE/CHLE"
2018-03-22,"Adam Hoyle",0.75,"review deployment, Premera updates and Avmed",,,"Linkwell Health","HLE/CHLE"
2018-03-22,"Adam Hoyle",0.75,"test and review feeds, draft email to Omo","Update feeds per Tivity","Deployment 3/22","Linkwell Health","HLE/CHLE"
2018-03-21,"Adam Hoyle",1.0,"Update Omo's user accounts to ADMIN for all plan sites",,,"Linkwell Health","HLE/CHLE"
2018-03-21,"Adam Hoyle",1.0,"weekly status call w/ Omo",,,"Linkwell Health","HLE/CHLE"
2018-03-19,"Adam Hoyle",1.0,"Call w/ Steve and HLE demo",,,"Linkwell Health","HLE/CHLE"
2018-03-15,"Adam Hoyle",1.0,"weekly status call w/ Omo and Steve",,,"Linkwell Health","HLE/CHLE"
2018-03-12,"Adam Hoyle",0.5,"move domains from D6 to D7","Anthem sites","DNS Cutovers and Redirects","Linkwell Health","HLE/CHLE"
2018-03-12,"Adam Hoyle",0.5,"check propagation, followup w/ Omo","Anthem sites","DNS Cutovers and Redirects","Linkwell Health","HLE/CHLE"
2018-03-09,"Adam Hoyle",1.5,"Review and make notes, call w/ Omo and Mike, update sites.php file","Anthem sites","DNS Cutovers and Redirects","Linkwell Health","HLE/CHLE"
2018-03-08,"Adam Hoyle",1.25,"review notes, refresh on steps, email Omo and Mike","Anthem sites","DNS Cutovers and Redirects","Linkwell Health","HLE/CHLE"
2018-03-07,"Adam Hoyle",2.0,"review deployment with Mike and Kyle",,,"Linkwell Health","HLE/CHLE"
2018-03-06,"Adam Hoyle",0.75,"create block for worldcare, troubleshoot, assign to regions","Improve the ""Basic"" block type by adding: title, image, hed, dek, body, CTA (like the IBX App promo block)","Deployment - 3/19/18","Linkwell Health","HLE/CHLE"
2018-03-05,"Adam Hoyle",0.25,"","Remove FAQs from sites without coupons (they are all coupon related)","Deployment - 3/5/18","Linkwell Health","HLE/CHLE"
2018-03-05,"Adam Hoyle",1.5,"QA deployment",,,"Linkwell Health","HLE/CHLE"
2018-03-05,"Adam Hoyle",0.75,"","Create 301s","Deployment - 3/5/18","Linkwell Health","HLE/CHLE"
2018-03-01,"Adam Hoyle",1.0,"deployment meeting with Mike and Kyle",,,"Linkwell Health","HLE/CHLE"
2018-03-01,"Adam Hoyle",0.5,"review deployment",,,"Linkwell Health","HLE/CHLE"
2018-02-28,"Adam Hoyle",1.0,"call w/ Omo and Eileen re: auto-download and menu ordering",,,"Linkwell Health","HLE/CHLE"
2018-02-28,"Adam Hoyle",1.0,"weekly checkin call w/ Omo and Steve",,,"Linkwell Health","HLE/CHLE"
2018-02-27,"Adam Hoyle",0.5,"","New tracker site for AARP","Backlog","Linkwell Health","HLE/CHLE"
2018-02-26,"Adam Hoyle",0.5,"enable cron on all sites, monitor logs",,,"Linkwell Health","HLE/CHLE"
2018-02-26,"Adam Hoyle",1.5,"Meeting with Kyle and Mike - Deployment Review",,,"Linkwell Health","HLE/CHLE"
2018-02-23,"Adam Hoyle",1.0,"call w/ Grocery Server",,,"Linkwell Health","HLE/CHLE"
2018-02-22,"Adam Hoyle",2.0,"auto-download testing and notes",,,"Linkwell Health","HLE/CHLE"
2018-02-21,"Adam Hoyle",3.0,"deployment testing",,,"Linkwell Health","HLE/CHLE"
2018-02-21,"Adam Hoyle",1.0,"weekly call w/ Omo",,,"Linkwell Health","HLE/CHLE"
2018-02-20,"Adam Hoyle",3.0,"2/20/18 Deployment",,,"Linkwell Health","HLE/CHLE"
2018-02-20,"Adam Hoyle",0.5,"","Set OpenGraph meta tag defaults","Deployment - 2/20/18","Linkwell Health","HLE/CHLE"
2018-02-20,"Adam Hoyle",1.0,"process email, update basecamp",,,"Linkwell Health","HLE/CHLE"
2018-02-14,"Adam Hoyle",0.5,"","Add 2 more plans to HLE: BCBSRI, MMO (see comment)","Misc.","Linkwell Health","HLE/CHLE"
2018-02-13,"Adam Hoyle",3.0,"projet coordination, emails, BC updates and review",,,"Linkwell Health","HLE/CHLE"
2018-02-09,"Adam Hoyle",1.0,"ranking HLE priorities and prep for call",,,"Linkwell Health","HLE/CHLE"
2018-02-09,"Adam Hoyle",1.5,"checkin call w/ Omo and Steve",,,"Linkwell Health","HLE/CHLE"
2018-02-08,"Adam Hoyle",4.0,"project coordination, BC updates and emails",,,"Linkwell Health","HLE/CHLE"
2018-02-07,"Adam Hoyle",6.0,"project coordination, BC updates and emails",,,"Linkwell Health","HLE/CHLE"
2018-02-06,"Adam Hoyle",4.0,"meeting w/ Steve and Omo",,,"Linkwell Health","HLE/CHLE"
2018-02-06,"Adam Hoyle",3.0,"project coordination, BC updates and email (on train)",,,"Linkwell Health","HLE/CHLE"
2018-02-05,"Adam Hoyle",6.0,"misc. project coordination, site admin, content updates, QA, meetings, calls, etc.",,,"Linkwell Health","HLE/CHLE"
2018-02-02,"Adam Hoyle",7.0,"HLE coordination, site updates, QA",,,"Linkwell Health","HLE/CHLE"
2018-02-01,"Adam Hoyle",8.0,"misc. project coordination, site admin, content updates, QA, meetings, calls, etc.",,,"Linkwell Health","HLE/CHLE"
2018-01-31,"Adam Hoyle",12.0,"Weekly status call w/ Omo, HLE coordination, site updates, QA",,,"Linkwell Health","HLE/CHLE"
2018-01-30,"Adam Hoyle",10.0,"HLE coordination, calls w/ Omo and Steve, site updates, QA",,,"Linkwell Health","HLE/CHLE"
2018-01-30,"Adam Hoyle",1.0,"call w/ Omo, Steve",,,"Linkwell Health","HLE/CHLE"
2018-01-29,"Adam Hoyle",10.0,"misc. project coordination, site admin, content updates, QA, meetings, calls, etc.",,,"Linkwell Health","HLE/CHLE"
2018-01-28,"Adam Hoyle",12.0,"misc. project coordination, site admin, content updates, QA, meetings, calls, etc.",,,"Linkwell Health","HLE/CHLE"
2018-01-27,"Adam Hoyle",12.0,"misc. project coordination, site admin, content updates, QA, meetings, calls, etc.",,,"Linkwell Health","HLE/CHLE"
2018-01-26,"Adam Hoyle",12.0,"site admin, content updates, QA, calls, etc.",,,"Linkwell Health","HLE/CHLE"
2018-01-25,"Adam Hoyle",12.0,"HLE site QA, updates, etc.",,,"Linkwell Health","HLE/CHLE"
2018-01-24,"Adam Hoyle",8.0,"plansite setup, content download, etc",,,"Linkwell Health","HLE/CHLE"
2018-01-24,"Adam Hoyle",1.0,"call w/ Omo, Steve",,,"Linkwell Health","HLE/CHLE"
2018-01-23,"Adam Hoyle",6.0,"review and project coodination",,,"Linkwell Health","HLE/CHLE"
2018-01-23,"Adam Hoyle",4.0,"","Create content packages for each plansite based on current assignments","Misc.","Linkwell Health","HLE/CHLE"
2018-01-22,"Adam Hoyle",2.5,"misc. project coordination and basecamp updates",,,"Linkwell Health","HLE/CHLE"
2018-01-22,"Adam Hoyle",1.0,"compare and make notes on articles and recipes","Migrate content from LMS Prod to HLE Prod","46. Migrate Content","Linkwell Health","HLE/CHLE"
2018-01-22,"Adam Hoyle",1.0,"","Prep logos, favicons and other assets for all plansites","Misc.","Linkwell Health","HLE/CHLE"
2018-01-19,"Adam Hoyle",1.0,"","Prep logos, favicons and other assets for all plansites","Misc.","Linkwell Health","HLE/CHLE"
2018-01-19,"Adam Hoyle",0.25,"point hlthlnk.com to prod and create subdomains",,,"Linkwell Health","HLE/CHLE"
2018-01-18,"Adam Hoyle",0.75,"misc. project coordination and emails w/ Omo",,,"Linkwell Health","HLE/CHLE"
2018-01-17,"Adam Hoyle",2.0,"Add dev domains to Acquia and point via Network Solutions (deal with NetSol DNS website issues)",,,"Linkwell Health","HLE/CHLE"
2018-01-17,"Adam Hoyle",3.0,"project coordination, BC updates, notes, call w/ Omo",,,"Linkwell Health","HLE/CHLE"
2018-01-16,"Adam Hoyle",1.5,"QA",,,"Linkwell Health","HLE/CHLE"
2018-01-15,"Adam Hoyle",0.75,"tweaks and email Omo re: first plansite QA",,,"Linkwell Health","HLE/CHLE"
2018-01-15,"Adam Hoyle",0.5,"call w/ Mike to review QA handoff to Linkwell",,,"Linkwell Health","HLE/CHLE"
2018-01-14,"Adam Hoyle",1.5,"QA",,,"Linkwell Health","HLE/CHLE"
2018-01-12,"Adam Hoyle",1.5,"QA",,,"Linkwell Health","HLE/CHLE"
2018-01-10,"Adam Hoyle",0.5,"followups from call w/ Omo",,,"Linkwell Health","HLE/CHLE"
2018-01-10,"Adam Hoyle",1.0,"weekly status update w/ Omo",,,"Linkwell Health","HLE/CHLE"
2018-01-10,"Adam Hoyle",1.0,"review notes and prep for weekly update call w/ Omo",,,"Linkwell Health","HLE/CHLE"
2018-01-08,"Adam Hoyle",0.75,"misc. project coordination w/ Mike and Kyle",,,"Linkwell Health","HLE/CHLE"
2018-01-05,"Adam Hoyle",0.25,"Review BC, respond to misc. tickets.",,,"Linkwell Health","HLE/CHLE"
2018-01-03,"Adam Hoyle",2.0,"meeting w/ Mike and Kyle re: HLE",,,"Linkwell Health","HLE/CHLE"
2019-03-05,"Adam Hoyle",0.5,"dev account access support",,,"Linkwell Health","IBX (Independence Blue Cross)"
2018-11-19,"Adam Hoyle",0.25,"app testing",,,"Linkwell Health","IBX (Independence Blue Cross)"
2018-11-09,"Adam Hoyle",0.75,"prep for call w/ Omo for coupon update demo","Update email offers and redirects","Misc.","Linkwell Health","IBX (Independence Blue Cross)"
2018-10-24,"Adam Hoyle",0.5,"","Update email offers and redirects","Misc.","Linkwell Health","IBX (Independence Blue Cross)"
2018-09-18,"Adam Hoyle",0.5,"","Update email offers and redirects","Misc.","Linkwell Health","IBX (Independence Blue Cross)"
2018-09-18,"Adam Hoyle",0.5,"troubleshoot missing coupon images, restart RS server",,,"Linkwell Health","IBX (Independence Blue Cross)"
2018-09-13,"Adam Hoyle",0.75,"Updates for archive link wrapping and litmus test","Code responsive IBX email","Misc.","Linkwell Health","IBX (Independence Blue Cross)"
2018-08-30,"Adam Hoyle",1.0,"Litmus testing","Code responsive IBX email","Misc.","Linkwell Health","IBX (Independence Blue Cross)"
2018-08-17,"Adam Hoyle",0.5,"","Update email offers and redirects","Misc.","Linkwell Health","IBX (Independence Blue Cross)"
2018-08-10,"Adam Hoyle",0.5,"litmus test new email from Omo","Code responsive IBX email","Misc.","Linkwell Health","IBX (Independence Blue Cross)"
2018-07-30,"Adam Hoyle",0.25,"","Update email offers and redirects","Misc.","Linkwell Health","IBX (Independence Blue Cross)"
2018-07-26,"Adam Hoyle",0.25,"","Update email offers and redirects","Misc.","Linkwell Health","IBX (Independence Blue Cross)"
2018-07-17,"Adam Hoyle",0.75,"support for IBX app printing/email flow",,,"Linkwell Health","IBX (Independence Blue Cross)"
2018-07-12,"Adam Hoyle",1.75,"finalize and run litmus tests against email","Code responsive IBX email","Misc.","Linkwell Health","IBX (Independence Blue Cross)"
2018-07-02,"Adam Hoyle",1.25,"coding updates","Code responsive IBX email","Misc.","Linkwell Health","IBX (Independence Blue Cross)"
2018-06-28,"Adam Hoyle",2.5,"","Code responsive IBX email","Misc.","Linkwell Health","IBX (Independence Blue Cross)"
2018-06-26,"Adam Hoyle",0.5,"review and respond to Omo's questions, add to BC","Code responsive IBX email","Misc.","Linkwell Health","IBX (Independence Blue Cross)"
2018-06-21,"Adam Hoyle",0.5,"","Update email offers and redirects","Misc.","Linkwell Health","IBX (Independence Blue Cross)"
2018-06-15,"Adam Hoyle",0.5,"","Update email offers and redirects","Misc.","Linkwell Health","IBX (Independence Blue Cross)"
2018-05-17,"Adam Hoyle",0.5,"","Update email offers and redirects by 10am May 7","Misc.","Linkwell Health","IBX (Independence Blue Cross)"
2018-05-07,"Adam Hoyle",0.75,"update offer image and redirects IBX monthly email",,,"Linkwell Health","IBX (Independence Blue Cross)"
2018-05-03,"Adam Hoyle",0.5,"test API calls for app and respond to Omo",,,"Linkwell Health","IBX (Independence Blue Cross)"
2018-04-19,"Adam Hoyle",0.5,"","Update email offers and redirects","Misc.","Linkwell Health","IBX (Independence Blue Cross)"
2018-03-16,"Adam Hoyle",0.75,"update offer image and redirects IBX monthly email",,,"Linkwell Health","IBX (Independence Blue Cross)"
2018-02-22,"Adam Hoyle",0.75,"update offer image and redirects AmeriHealth monthly email",,,"Linkwell Health","IBX (Independence Blue Cross)"
2018-02-14,"Adam Hoyle",0.75,"update offer image and redirects IBX monthly email",,,"Linkwell Health","IBX (Independence Blue Cross)"
2020-03-09,"Adam Hoyle",0.75,"sort out pantheon FTP and /clients directory",,,"Linkwell Health","Linkwell Corporate Site"
2020-01-21,"Adam Hoyle",0.5,"","Updates to Leadership and Board on corporate site (see comment)","Misc.","Linkwell Health","Linkwell Corporate Site"
2020-01-21,"Adam Hoyle",0.5,"","Updates to Leadership and Board on corporate site (see comment)","Misc.","Linkwell Health","Linkwell Corporate Site"
2019-11-12,"Adam Hoyle",3.0,"testing and QA","Design and dev for blog email template","Misc.","Linkwell Health","Linkwell Corporate Site"
2019-10-15,"Adam Hoyle",0.5,"review, setup MC list and form, update block links","Blog design and development","Misc.","Linkwell Health","Linkwell Corporate Site"
2019-05-28,"Adam Hoyle",0.25,"review and email Kim Sarno","Update Favicon and page titles","2019 Website Updates","Linkwell Health","Linkwell Corporate Site"
2019-05-28,"Adam Hoyle",0.25,"fav","Update Favicon and page titles","2019 Website Updates","Linkwell Health","Linkwell Corporate Site"
2019-05-07,"Adam Hoyle",0.25,"respond to Kim re: Blog",,,"Linkwell Health","Linkwell Corporate Site"
2019-04-08,"Adam Hoyle",0.25,"","2019 website updates NOTES","Misc.","Linkwell Health","Linkwell Corporate Site"
2019-03-31,"Adam Hoyle",0.75,"troubleshoot site outage",,,"Linkwell Health","Linkwell Corporate Site"
2019-03-26,"Adam Hoyle",0.25,"","2019 website updates NOTES","Misc.","Linkwell Health","Linkwell Corporate Site"
2019-02-18,"Adam Hoyle",1.0,"nav updates and other misc. changes per Omo","Linkwell corporate site content and image updates","Misc.","Linkwell Health","Linkwell Corporate Site"
2019-02-08,"Adam Hoyle",0.75,"call w/ Omo, Kim, Laura R re: website updates","Linkwell corporate site content and image updates","Misc.","Linkwell Health","Linkwell Corporate Site"
2019-02-05,"Adam Hoyle",0.25,"","Linkwell corporate site content and image updates","Misc.","Linkwell Health","Linkwell Corporate Site"
2019-02-05,"Adam Hoyle",0.5,"review site updates, respond to Laura","Linkwell corporate site content and image updates","Misc.","Linkwell Health","Linkwell Corporate Site"
2019-01-31,"Adam Hoyle",0.25,"download and review files from Laura, update BC","Linkwell corporate site content and image updates","Misc.","Linkwell Health","Linkwell Corporate Site"
2019-01-31,"Adam Hoyle",0.25,"create user account for Omo",,,"Linkwell Health","Linkwell Corporate Site"
2019-01-29,"Adam Hoyle",0.25,"investigate font issue, update BC","Update SSL cert for Linkwell Corporate site","Misc.","Linkwell Health","Linkwell Corporate Site"
2019-01-29,"Adam Hoyle",0.5,"review updates, respond to Kim, add to BC","Linkwell corporate site content and image updates","Misc.","Linkwell Health","Linkwell Corporate Site"
2019-01-23,"Adam Hoyle",0.5,"domain verification","Update SSL cert for Linkwell Corporate site","Misc.","Linkwell Health","Linkwell Corporate Site"
2019-01-15,"Adam Hoyle",1.0,"review and respond to Kim Sarno w/ estimates for Linkwell site design, image and content updates",,,"Linkwell Health","Linkwell Corporate Site"
2018-09-18,"Adam Hoyle",0.5,"troubleshoot site outage, restart RS server",,,"Linkwell Health","Linkwell Corporate Site"
2018-08-21,"Adam Hoyle",0.5,"","Update executive titles (see comment)","Misc.","Linkwell Health","Linkwell Corporate Site"
2018-08-07,"Adam Hoyle",0.25,"","Add press release ""Linkwell Health and Tivity Health Honored for Digital Content Marketing Excellence"" to site","Misc.","Linkwell Health","Linkwell Corporate Site"
2018-08-01,"Adam Hoyle",0.5,"remove Travis from site",,,"Linkwell Health","Linkwell Corporate Site"
2018-07-26,"Adam Hoyle",0.5,"","Add CMA finalist logo to homepage per Kim","Misc.","Linkwell Health","Linkwell Corporate Site"
2018-07-25,"Adam Hoyle",0.25,"repost 24hr press release and update date","Add 24hrvc press release to site","Misc.","Linkwell Health","Linkwell Corporate Site"
2018-07-23,"Adam Hoyle",0.25,"","Add Health eVillages press release to site","Misc.","Linkwell Health","Linkwell Corporate Site"
2018-07-23,"Adam Hoyle",0.25,"temporarily hide from site until Wednesday per Kim","Add 24hrvc press release to site","Misc.","Linkwell Health","Linkwell Corporate Site"
2018-07-23,"Adam Hoyle",0.25,"","Add 24hrvc press release to site","Misc.","Linkwell Health","Linkwell Corporate Site"
2018-06-15,"Adam Hoyle",0.25,"","Add new press release to site","Misc.","Linkwell Health","Linkwell Corporate Site"
2018-06-01,"Adam Hoyle",0.25,"add press release to site, clear cache, email Kim","Add new press release to site","Misc.","Linkwell Health","Linkwell Corporate Site"
2018-06-01,"Adam Hoyle",0.25,"updates","Add new press release to site","Misc.","Linkwell Health","Linkwell Corporate Site"
2018-05-10,"Adam Hoyle",0.25,"","Add Karl Fischer bio to website","Misc.","Linkwell Health","Linkwell Corporate Site"
2018-05-10,"Adam Hoyle",0.25,"","Replace Toni Tashiro picture","Misc.","Linkwell Health","Linkwell Corporate Site"
2018-05-10,"Adam Hoyle",0.25,"process site update request and add to BC, request high res photo",,,"Linkwell Health","Linkwell Corporate Site"
2018-04-16,"Adam Hoyle",0.5,"","Add press release to website (4/16/18)","Misc.","Linkwell Health","Linkwell Corporate Site"
2018-03-02,"Adam Hoyle",0.25,"update headline","Add new press release to site","Misc.","Linkwell Health","Linkwell Corporate Site"
2018-03-02,"Adam Hoyle",0.25,"","Add new press release to site","Misc.","Linkwell Health","Linkwell Corporate Site"
2018-02-28,"Adam Hoyle",0.25,"add content council logo to homepage",,,"Linkwell Health","Linkwell Corporate Site"
2018-09-14,"Adam Hoyle",0.25,"check for missing quotes on href","QA Medecision Emails","Misc.","Linkwell Health","Medecision"
2018-09-13,"Adam Hoyle",0.5,"review and research validation, respond to Omo","QA Medecision Emails","Misc.","Linkwell Health","Medecision"
2018-08-22,"Adam Hoyle",2.5,"rebuild templates in MC, test","QA Medecision Emails","Misc.","Linkwell Health","Medecision"
2018-08-21,"Adam Hoyle",1.25,"updated per omo, adjust menu weight, add DM block, create homepage","New plan site for Medecision (see comment for details)","Misc.","Linkwell Health","Medecision"
2018-08-21,"Adam Hoyle",1.0,"","QA Medecision Emails","Misc.","Linkwell Health","Medecision"
2018-08-21,"Adam Hoyle",3.0,"","New plan site for Medecision (see comment for details)","Misc.","Linkwell Health","Medecision"
2018-08-14,"Adam Hoyle",0.25,"review, update BC, respond to Omo","New plan site for Medecision (see comment for details)","Misc.","Linkwell Health","Medecision"
2020-12-18,"Adam Hoyle",1.0,"weekly product call","Meetings & Phone Calls","Misc.","Linkwell Health","Miscellaneous"
2020-12-11,"Adam Hoyle",0.5,"followup call w/ Steve","Meetings & Phone Calls","Misc.","Linkwell Health","Miscellaneous"
2020-12-11,"Adam Hoyle",0.5,"weekly call","Meetings & Phone Calls","Misc.","Linkwell Health","Miscellaneous"
2020-12-09,"Adam Hoyle",0.5,"2021 budget call w/ Steve","Meetings & Phone Calls","Misc.","Linkwell Health","Miscellaneous"
2020-12-04,"Adam Hoyle",1.0,"weekly product call","Meetings & Phone Calls","Misc.","Linkwell Health","Miscellaneous"
2020-12-03,"Adam Hoyle",0.5,"misc. comms w/ Steve","Meetings & Phone Calls","Misc.","Linkwell Health","Miscellaneous"
2020-12-01,"Adam Hoyle",0.75,"checkin call w/ Steve","Meetings & Phone Calls","Misc.","Linkwell Health","Miscellaneous"
2020-11-20,"Adam Hoyle",1.0,"weekly product call","Meetings & Phone Calls","Misc.","Linkwell Health","Miscellaneous"
2020-11-13,"Adam Hoyle",0.75,"weekly product call","Meetings & Phone Calls","Misc.","Linkwell Health","Miscellaneous"
2020-11-09,"Adam Hoyle",0.5,"weekly product call","Meetings & Phone Calls","Misc.","Linkwell Health","Miscellaneous"
2020-11-04,"Adam Hoyle",0.25,"","Design for co-branded microsite for BioIQ and UHC","Marketing requests","Linkwell Health","Miscellaneous"
2020-10-23,"Adam Hoyle",1.0,"weekly product call","Meetings & Phone Calls","Misc.","Linkwell Health","Miscellaneous"
2020-10-16,"Adam Hoyle",1.0,"weekly product call","Meetings & Phone Calls","Misc.","Linkwell Health","Miscellaneous"
2020-10-09,"Adam Hoyle",1.0,"weekly product call","Meetings & Phone Calls","Misc.","Linkwell Health","Miscellaneous"
2020-10-02,"Adam Hoyle",1.0,"weekly product call","Meetings & Phone Calls","Misc.","Linkwell Health","Miscellaneous"
2020-10-01,"Adam Hoyle",1.0,"Review estimates, discuss w/ Kyle, send to Steve for Geno and HLE",,,"Linkwell Health","Miscellaneous"
2020-09-30,"Adam Hoyle",0.25,"send mandated archive links to Steve",,,"Linkwell Health","Miscellaneous"
2020-09-29,"Adam Hoyle",0.5,"call w/ Steve","Meetings & Phone Calls","Misc.","Linkwell Health","Miscellaneous"
2020-09-18,"Adam Hoyle",0.5,"weekly product call","Meetings & Phone Calls","Misc.","Linkwell Health","Miscellaneous"
2020-09-11,"Adam Hoyle",1.0,"weekly product call","Meetings & Phone Calls","Misc.","Linkwell Health","Miscellaneous"
2020-09-04,"Adam Hoyle",1.0,"weekly product call","Meetings & Phone Calls","Misc.","Linkwell Health","Miscellaneous"
2020-08-28,"Adam Hoyle",1.0,"weekly checkin","Meetings & Phone Calls","Misc.","Linkwell Health","Miscellaneous"
2020-08-21,"Adam Hoyle",1.0,"weekly checking call","Meetings & Phone Calls","Misc.","Linkwell Health","Miscellaneous"
2020-08-07,"Adam Hoyle",1.0,"weekly product call","Meetings & Phone Calls","Misc.","Linkwell Health","Miscellaneous"
2020-07-31,"Adam Hoyle",1.5,"weekly product call, review UHC","Meetings & Phone Calls","Misc.","Linkwell Health","Miscellaneous"
2020-07-24,"Adam Hoyle",0.5,"weekly call","Meetings & Phone Calls","Misc.","Linkwell Health","Miscellaneous"
2020-07-17,"Adam Hoyle",1.0,"weekly product call","Meetings & Phone Calls","Misc.","Linkwell Health","Miscellaneous"
2020-07-10,"Adam Hoyle",0.75,"weekly product call","Meetings & Phone Calls","Misc.","Linkwell Health","Miscellaneous"
2020-07-07,"Adam Hoyle",0.75,"call w/ Steve re: budget","Meetings & Phone Calls","Misc.","Linkwell Health","Miscellaneous"
2020-07-02,"Adam Hoyle",0.75,"review billing and hours with Steve",,,"Linkwell Health","Miscellaneous"
2020-06-26,"Adam Hoyle",1.0,"weekly call","Meetings & Phone Calls","Misc.","Linkwell Health","Miscellaneous"
2020-06-19,"Adam Hoyle",1.25,"weekly product call","Meetings & Phone Calls","Misc.","Linkwell Health","Miscellaneous"
2020-06-17,"Adam Hoyle",0.5,"checkin call w/ Steve","Meetings & Phone Calls","Misc.","Linkwell Health","Miscellaneous"
2020-06-12,"Adam Hoyle",1.0,"weekly product call","Meetings & Phone Calls","Misc.","Linkwell Health","Miscellaneous"
2020-06-05,"Adam Hoyle",1.0,"call to discuss HLE browse app","Meetings & Phone Calls","Misc.","Linkwell Health","Miscellaneous"
2020-06-05,"Adam Hoyle",1.0,"Weekly product call","Meetings & Phone Calls","Misc.","Linkwell Health","Miscellaneous"
2020-05-29,"Adam Hoyle",1.0,"weekly product team call","Meetings & Phone Calls","Misc.","Linkwell Health","Miscellaneous"
2020-05-21,"Adam Hoyle",0.75,"weekly product meeting","Meetings & Phone Calls","Misc.","Linkwell Health","Miscellaneous"
2020-05-18,"Adam Hoyle",0.5,"AHA kickoff call","Meetings & Phone Calls","Misc.","Linkwell Health","Miscellaneous"
2020-05-15,"Adam Hoyle",1.0,"weekly product call","Meetings & Phone Calls","Misc.","Linkwell Health","Miscellaneous"
2020-05-13,"Adam Hoyle",0.5,"misc. project coordination, emails and catchup",,,"Linkwell Health","Miscellaneous"
2020-05-08,"Adam Hoyle",1.25,"weekly product call","Meetings & Phone Calls","Misc.","Linkwell Health","Miscellaneous"
2020-05-07,"Adam Hoyle",0.5,"call to discuss AHA comps","Meetings & Phone Calls","Misc.","Linkwell Health","Miscellaneous"
2020-05-01,"Adam Hoyle",1.0,"weekly product call","Meetings & Phone Calls","Misc.","Linkwell Health","Miscellaneous"
2020-05-01,"Adam Hoyle",0.5,"create user account for Steve and look for meta field on topics",,,"Linkwell Health","Miscellaneous"
2020-04-27,"Adam Hoyle",1.0,"HLE View review","Meetings & Phone Calls","Misc.","Linkwell Health","Miscellaneous"
2020-04-24,"Adam Hoyle",1.0,"weekly product call","Meetings & Phone Calls","Misc.","Linkwell Health","Miscellaneous"
2020-04-17,"Adam Hoyle",1.0,"weekly product team checkin","Meetings & Phone Calls","Misc.","Linkwell Health","Miscellaneous"
2020-04-17,"Adam Hoyle",0.25,"call w/ Steve","Meetings & Phone Calls","Misc.","Linkwell Health","Miscellaneous"
2020-04-09,"Adam Hoyle",1.0,"weekly product call w/ Jed, Steve, Kyle","Meetings & Phone Calls","Misc.","Linkwell Health","Miscellaneous"
2020-04-03,"Adam Hoyle",1.0,"weekly checking call w/ Product team","Meetings & Phone Calls","Misc.","Linkwell Health","Miscellaneous"
2020-03-27,"Adam Hoyle",0.5,"weekly product call","Meetings & Phone Calls","Misc.","Linkwell Health","Miscellaneous"
2020-03-24,"Adam Hoyle",0.75,"checkin call w/ Linkwell","Meetings & Phone Calls","Misc.","Linkwell Health","Miscellaneous"
2020-03-20,"Adam Hoyle",1.5,"weekly product call","Meetings & Phone Calls","Misc.","Linkwell Health","Miscellaneous"
2020-03-19,"Adam Hoyle",1.0,"budget call w/ Steve and followups","Meetings & Phone Calls","Misc.","Linkwell Health","Miscellaneous"
2020-03-19,"Adam Hoyle",0.25,"","Rebrand Covid-19 site for BCBS Michigan","Misc.","Linkwell Health","Miscellaneous"
2020-03-16,"Adam Hoyle",0.5,"budget call w/ Steve","Meetings & Phone Calls","Misc.","Linkwell Health","Miscellaneous"
2020-03-13,"Adam Hoyle",1.0,"weekly product call","Meetings & Phone Calls","Misc.","Linkwell Health","Miscellaneous"
2020-03-10,"Adam Hoyle",1.0,"weekly huddle","Meetings & Phone Calls","Misc.","Linkwell Health","Miscellaneous"
2020-03-06,"Adam Hoyle",1.5,"weekly product call","Meetings & Phone Calls","Misc.","Linkwell Health","Miscellaneous"
2020-03-03,"Adam Hoyle",1.0,"weekly checkin call","Meetings & Phone Calls","Misc.","Linkwell Health","Miscellaneous"
2020-02-28,"Adam Hoyle",1.0,"weekly product call","Meetings & Phone Calls","Misc.","Linkwell Health","Miscellaneous"
2020-02-25,"Adam Hoyle",0.5,"weekly huddle","Meetings & Phone Calls","Misc.","Linkwell Health","Miscellaneous"
2020-02-24,"Adam Hoyle",1.0,"call to discuss next steps on Viewer","Meetings & Phone Calls","Misc.","Linkwell Health","Miscellaneous"
2020-02-11,"Adam Hoyle",0.5,"weekly huddle","Meetings & Phone Calls","Misc.","Linkwell Health","Miscellaneous"
2020-02-10,"Adam Hoyle",0.25,"support for alert block styling for Walmart per Omo",,,"Linkwell Health","Miscellaneous"
2020-02-07,"Adam Hoyle",1.0,"weekly product call","Meetings & Phone Calls","Misc.","Linkwell Health","Miscellaneous"
2020-02-06,"Adam Hoyle",1.0,"product planning and re-organizing call w/ LWH team","Meetings & Phone Calls","Misc.","Linkwell Health","Miscellaneous"
2020-02-05,"Adam Hoyle",1.0,"Product call w/ Linkwell team to regroup on roadmap","Meetings & Phone Calls","Misc.","Linkwell Health","Miscellaneous"
2020-02-04,"Adam Hoyle",0.5,"support for Omo adding menu links",,,"Linkwell Health","Miscellaneous"
2020-02-04,"Adam Hoyle",0.5,"weekly huddle","Meetings & Phone Calls","Misc.","Linkwell Health","Miscellaneous"
2020-01-31,"Adam Hoyle",1.5,"weekly product call","Meetings & Phone Calls","Misc.","Linkwell Health","Miscellaneous"
2020-01-30,"Adam Hoyle",0.5,"tally blink hours for Omo",,,"Linkwell Health","Miscellaneous"
2020-01-29,"Adam Hoyle",1.0,"demo call w/ Linkwell","Meetings & Phone Calls","Misc.","Linkwell Health","Miscellaneous"
2020-01-28,"Adam Hoyle",0.75,"weekly checkin call","Meetings & Phone Calls","Misc.","Linkwell Health","Miscellaneous"
2020-01-27,"Adam Hoyle",0.5,"discuss w/ Kyle","Research token-login or other method of non-login authentication","Misc.","Linkwell Health","Miscellaneous"
2020-01-24,"Adam Hoyle",1.0,"weekly product call","Meetings & Phone Calls","Misc.","Linkwell Health","Miscellaneous"
2020-01-24,"Adam Hoyle",1.0,"organize notes for weekly linkwell call","Research token-login or other method of non-login authentication","Misc.","Linkwell Health","Miscellaneous"
2020-01-21,"Adam Hoyle",0.75,"weekly call w/ Jed, Omo, Steve","Meetings & Phone Calls","Misc.","Linkwell Health","Miscellaneous"
2020-01-16,"Adam Hoyle",0.5,"answer Omo's question about URL alias for deep links on in B'link",,,"Linkwell Health","Miscellaneous"
2020-01-14,"Adam Hoyle",0.5,"weekly product huddle with Omo and Steve","Meetings & Phone Calls","Misc.","Linkwell Health","Miscellaneous"
2020-01-07,"Adam Hoyle",0.25,"","Research token-login or other method of non-login authentication","Misc.","Linkwell Health","Miscellaneous"
2020-01-07,"Adam Hoyle",0.25,"weekly call","Meetings & Phone Calls","Misc.","Linkwell Health","Miscellaneous"
2020-01-03,"Adam Hoyle",0.5,"catchup call w/ Steve","Meetings & Phone Calls","Misc.","Linkwell Health","Miscellaneous"
2020-01-03,"Adam Hoyle",1.0,"weekly product call","Meetings & Phone Calls","Misc.","Linkwell Health","Miscellaneous"
2019-12-23,"Adam Hoyle",0.5,"support for opening OFT files",,,"Linkwell Health","Miscellaneous"
2019-12-20,"Adam Hoyle",0.5,"checkin call w/ Steve","Meetings & Phone Calls","Misc.","Linkwell Health","Miscellaneous"
2019-12-17,"Adam Hoyle",0.5,"weekly huddle","Meetings & Phone Calls","Misc.","Linkwell Health","Miscellaneous"
2019-12-13,"Adam Hoyle",1.25,"weekly call and followups","Meetings & Phone Calls","Misc.","Linkwell Health","Miscellaneous"
2019-12-12,"Adam Hoyle",0.5,"AvMed comp search for Steve",,,"Linkwell Health","Miscellaneous"
2019-12-10,"Adam Hoyle",0.5,"weekly status call w/ Jay, Kyle, Jed, Omo","Meetings & Phone Calls","Misc.","Linkwell Health","Miscellaneous"
2019-12-06,"Adam Hoyle",1.0,"weekly linkwell product call","Meetings & Phone Calls","Misc.","Linkwell Health","Miscellaneous"
2019-12-06,"Adam Hoyle",0.5,"catchup call w/ Steve","Meetings & Phone Calls","Misc.","Linkwell Health","Miscellaneous"
2019-11-19,"Adam Hoyle",0.5,"weekly call w/ Jed","Meetings & Phone Calls","Misc.","Linkwell Health","Miscellaneous"
2019-11-12,"Adam Hoyle",0.25,"weekly huddle","Meetings & Phone Calls","Misc.","Linkwell Health","Miscellaneous"
2019-11-08,"Adam Hoyle",1.0,"weekly product call","Meetings & Phone Calls","Misc.","Linkwell Health","Miscellaneous"
2019-11-05,"Adam Hoyle",0.25,"weekly checkin call","Meetings & Phone Calls","Misc.","Linkwell Health","Miscellaneous"
2019-11-03,"Adam Hoyle",0.5,"budget call w/ Steve","Meetings & Phone Calls","Misc.","Linkwell Health","Miscellaneous"
2019-11-01,"Adam Hoyle",0.25,"Support for removing comments from project discussion",,,"Linkwell Health","Miscellaneous"
2019-11-01,"Adam Hoyle",1.0,"weekly product team call","Meetings & Phone Calls","Misc.","Linkwell Health","Miscellaneous"
2019-10-30,"Adam Hoyle",1.25,"assumptions jamboard call","Meetings & Phone Calls","Misc.","Linkwell Health","Miscellaneous"
2019-10-29,"Adam Hoyle",0.5,"weekly call","Meetings & Phone Calls","Misc.","Linkwell Health","Miscellaneous"
2019-10-25,"Adam Hoyle",1.0,"weekly product call","Meetings & Phone Calls","Misc.","Linkwell Health","Miscellaneous"
2019-10-24,"Adam Hoyle",1.0,"customer success interview prep call","Meetings & Phone Calls","Misc.","Linkwell Health","Miscellaneous"
2019-10-22,"Adam Hoyle",1.0,"scoring call","Product Scoring","Misc.","Linkwell Health","Miscellaneous"
2019-10-18,"Adam Hoyle",1.0,"Linkwell product call","Meetings & Phone Calls","Misc.","Linkwell Health","Miscellaneous"
2019-10-15,"Adam Hoyle",0.5,"weekly call","Meetings & Phone Calls","Misc.","Linkwell Health","Miscellaneous"
2019-10-11,"Adam Hoyle",1.0,"weekly product call","Meetings & Phone Calls","Misc.","Linkwell Health","Miscellaneous"
2019-10-08,"Adam Hoyle",1.5,"weekly call and followups","Meetings & Phone Calls","Misc.","Linkwell Health","Miscellaneous"
2019-10-04,"Adam Hoyle",1.0,"weekly product update call","Meetings & Phone Calls","Misc.","Linkwell Health","Miscellaneous"
2019-10-02,"Adam Hoyle",0.75,"kickoff call and notes","Design comps for Catalina Marketing","Marketing requests","Linkwell Health","Miscellaneous"
2019-10-02,"Adam Hoyle",0.25,"design call w/ team","Meetings & Phone Calls","Misc.","Linkwell Health","Miscellaneous"
2019-10-01,"Adam Hoyle",0.25,"weekly huddle","Meetings & Phone Calls","Misc.","Linkwell Health","Miscellaneous"
2019-09-27,"Adam Hoyle",1.0,"linkwell weekly product call","Meetings & Phone Calls","Misc.","Linkwell Health","Miscellaneous"
2019-09-24,"Adam Hoyle",0.5,"weekly checkin call","Meetings & Phone Calls","Misc.","Linkwell Health","Miscellaneous"
2019-09-20,"Adam Hoyle",0.5,"weekly product call","Meetings & Phone Calls","Misc.","Linkwell Health","Miscellaneous"
2019-09-17,"Adam Hoyle",0.25,"weekly check-in call","Meetings & Phone Calls","Misc.","Linkwell Health","Miscellaneous"
2019-09-13,"Adam Hoyle",1.0,"product scoring session","Product Scoring","Misc.","Linkwell Health","Miscellaneous"
2019-09-12,"Adam Hoyle",1.0,"weekly checkin call","Meetings & Phone Calls","Misc.","Linkwell Health","Miscellaneous"
2019-09-10,"Adam Hoyle",0.5,"weekly check-in call","Meetings & Phone Calls","Misc.","Linkwell Health","Miscellaneous"
2019-09-06,"Adam Hoyle",0.5,"weekly product call","Meetings & Phone Calls","Misc.","Linkwell Health","Miscellaneous"
2019-09-04,"Adam Hoyle",0.75,"checkin call w/ Steve","Meetings & Phone Calls","Misc.","Linkwell Health","Miscellaneous"
2019-09-03,"Adam Hoyle",0.25,"daily huddle","Meetings & Phone Calls","Misc.","Linkwell Health","Miscellaneous"
2019-08-23,"Adam Hoyle",1.0,"weekly product call","Meetings & Phone Calls","Misc.","Linkwell Health","Miscellaneous"
2019-08-16,"Adam Hoyle",1.0,"weekly product status call","Meetings & Phone Calls","Misc.","Linkwell Health","Miscellaneous"
2019-08-15,"Adam Hoyle",0.25,"daily huddle","Meetings & Phone Calls","Misc.","Linkwell Health","Miscellaneous"
2019-08-14,"Adam Hoyle",0.25,"daily huddle","Meetings & Phone Calls","Misc.","Linkwell Health","Miscellaneous"
2019-08-13,"Adam Hoyle",0.25,"daily huddle","Meetings & Phone Calls","Misc.","Linkwell Health","Miscellaneous"
2019-08-09,"Adam Hoyle",1.0,"weekly product update call","Meetings & Phone Calls","Misc.","Linkwell Health","Miscellaneous"
2019-08-06,"Adam Hoyle",0.5,"checkin call w/ Steve","Meetings & Phone Calls","Misc.","Linkwell Health","Miscellaneous"
2019-08-06,"Adam Hoyle",1.0,"morning huddle and followup discussion","Meetings & Phone Calls","Misc.","Linkwell Health","Miscellaneous"
2019-08-05,"Adam Hoyle",0.5,"daily huddle + followup discussions","Meetings & Phone Calls","Misc.","Linkwell Health","Miscellaneous"
2019-08-02,"Adam Hoyle",0.75,"weekly product call","Meetings & Phone Calls","Misc.","Linkwell Health","Miscellaneous"
2019-08-02,"Adam Hoyle",0.25,"daily huddle","Meetings & Phone Calls","Misc.","Linkwell Health","Miscellaneous"
2019-08-01,"Adam Hoyle",0.25,"daily huddle","Meetings & Phone Calls","Misc.","Linkwell Health","Miscellaneous"
2019-07-31,"Adam Hoyle",0.25,"daily huddle","Meetings & Phone Calls","Misc.","Linkwell Health","Miscellaneous"
2019-07-30,"Adam Hoyle",0.25,"daily huddle","Meetings & Phone Calls","Misc.","Linkwell Health","Miscellaneous"
2019-07-29,"Adam Hoyle",0.25,"morning huddle","Meetings & Phone Calls","Misc.","Linkwell Health","Miscellaneous"
2019-07-26,"Adam Hoyle",1.0,"weekly product call","Meetings & Phone Calls","Misc.","Linkwell Health","Miscellaneous"
2019-07-26,"Adam Hoyle",0.5,"morning huddle","Meetings & Phone Calls","Misc.","Linkwell Health","Miscellaneous"
2019-07-25,"Adam Hoyle",0.5,"daily huddle and followups","Meetings & Phone Calls","Misc.","Linkwell Health","Miscellaneous"
2019-07-24,"Adam Hoyle",0.25,"daily huddle","Meetings & Phone Calls","Misc.","Linkwell Health","Miscellaneous"
2019-07-22,"Adam Hoyle",0.25,"daily huddle","Meetings & Phone Calls","Misc.","Linkwell Health","Miscellaneous"
2019-07-19,"Adam Hoyle",1.5,"weekly product update call","Meetings & Phone Calls","Misc.","Linkwell Health","Miscellaneous"
2019-07-18,"Adam Hoyle",1.0,"daily huddle and followups","Meetings & Phone Calls","Misc.","Linkwell Health","Miscellaneous"
2019-07-17,"Adam Hoyle",0.5,"review php upgrade and check affected sites",,,"Linkwell Health","Miscellaneous"
2019-07-15,"Adam Hoyle",0.25,"mid-month hour tally for Steve",,,"Linkwell Health","Miscellaneous"
2019-07-15,"Adam Hoyle",0.25,"daily huddle","Meetings & Phone Calls","Misc.","Linkwell Health","Miscellaneous"
2019-07-12,"Adam Hoyle",1.0,"weekly product update call","Meetings & Phone Calls","Misc.","Linkwell Health","Miscellaneous"
2019-07-12,"Adam Hoyle",0.25,"daily huddle","Meetings & Phone Calls","Misc.","Linkwell Health","Miscellaneous"
2019-07-10,"Adam Hoyle",1.5,"daily huddle and followups","Meetings & Phone Calls","Misc.","Linkwell Health","Miscellaneous"
2019-07-09,"Adam Hoyle",0.25,"daily huddle","Meetings & Phone Calls","Misc.","Linkwell Health","Miscellaneous"
2019-07-08,"Adam Hoyle",0.25,"daily huddle","Meetings & Phone Calls","Misc.","Linkwell Health","Miscellaneous"
2019-07-08,"Adam Hoyle",0.5,"internal catchup, review todos, respond to emails and slack","Meetings & Phone Calls","Misc.","Linkwell Health","Miscellaneous"
2019-06-27,"Adam Hoyle",0.5,"audit June hours",,,"Linkwell Health","Miscellaneous"
2019-06-27,"Adam Hoyle",0.5,"support for Omo on Content Now clickthrough",,,"Linkwell Health","Miscellaneous"
2019-06-27,"Adam Hoyle",0.25,"update sitename on Content Now to ContentNOW",,,"Linkwell Health","Miscellaneous"
2019-06-26,"Adam Hoyle",0.75,"call w/ LW team to review user profiles and huddle catchup","Meetings & Phone Calls","Misc.","Linkwell Health","Miscellaneous"
2019-06-26,"Adam Hoyle",0.75,"misc. emails and followups",,,"Linkwell Health","Miscellaneous"
2019-06-24,"Adam Hoyle",1.5,"misc. emails and followups",,,"Linkwell Health","Miscellaneous"
2019-06-24,"Adam Hoyle",0.25,"internal checkin since huddle was moved to 11:30","Meetings & Phone Calls","Misc.","Linkwell Health","Miscellaneous"
2019-06-21,"Adam Hoyle",0.5,"daily huddle and followups","Meetings & Phone Calls","Misc.","Linkwell Health","Miscellaneous"
2019-06-21,"Adam Hoyle",1.0,"Weekly product call w/ executive team","Meetings & Phone Calls","Misc.","Linkwell Health","Miscellaneous"
2019-06-20,"Adam Hoyle",0.5,"huddle and followups","Meetings & Phone Calls","Misc.","Linkwell Health","Miscellaneous"
2019-06-19,"Adam Hoyle",1.5,"Trello card reviews and scoring session","Product Scoring","Misc.","Linkwell Health","Miscellaneous"
2019-06-18,"Adam Hoyle",0.5,"huddle and followups","Meetings & Phone Calls","Misc.","Linkwell Health","Miscellaneous"
2019-06-17,"Adam Hoyle",0.5,"huddle and followups","Meetings & Phone Calls","Misc.","Linkwell Health","Miscellaneous"
2019-06-14,"Adam Hoyle",1.0,"scoring session and huddle","Meetings & Phone Calls","Misc.","Linkwell Health","Miscellaneous"
2019-06-13,"Adam Hoyle",1.0,"daily huddle and followups","Meetings & Phone Calls","Misc.","Linkwell Health","Miscellaneous"
2019-06-12,"Adam Hoyle",0.75,"daily huddle and followups","Meetings & Phone Calls","Misc.","Linkwell Health","Miscellaneous"
2019-06-11,"Adam Hoyle",0.5,"daily huddle and followups","Meetings & Phone Calls","Misc.","Linkwell Health","Miscellaneous"
2019-06-10,"Adam Hoyle",0.5,"daily huddle and followups","Meetings & Phone Calls","Misc.","Linkwell Health","Miscellaneous"
2019-06-10,"Adam Hoyle",0.5,"Mandated Postem Mortem call","Meetings & Phone Calls","Misc.","Linkwell Health","Miscellaneous"
2019-06-07,"Adam Hoyle",0.75,"Support for Omo w/ Reports and %",,,"Linkwell Health","Miscellaneous"
2019-06-07,"Adam Hoyle",0.5,"huddle and followups","Meetings & Phone Calls","Misc.","Linkwell Health","Miscellaneous"
2019-06-06,"Adam Hoyle",0.25,"review and send","J&B Medical Comps","Misc. Design Tasks","Linkwell Health","Miscellaneous"
2019-06-05,"Adam Hoyle",0.25,"review and send","J&B Medical Comps","Misc. Design Tasks","Linkwell Health","Miscellaneous"
2019-06-05,"Adam Hoyle",0.5,"investigate SSL warning reported by Omo re: domains removed from Acquia",,,"Linkwell Health","Miscellaneous"
2019-06-05,"Adam Hoyle",0.25,"daily huddle","Meetings & Phone Calls","Misc.","Linkwell Health","Miscellaneous"
2019-06-04,"Adam Hoyle",0.5,"Review request, misc. comm. w/ Steve, Jennifer and Omo, update BC, discuss w/ Jay","J&B Medical Comps","Misc. Design Tasks","Linkwell Health","Miscellaneous"
2019-06-03,"Adam Hoyle",0.5,"daily huddle and followups","Meetings & Phone Calls","Misc.","Linkwell Health","Miscellaneous"
2019-05-31,"Adam Hoyle",0.75,"huddle and followups","Meetings & Phone Calls","Misc.","Linkwell Health","Miscellaneous"
2019-05-30,"Adam Hoyle",0.25,"huddle","Meetings & Phone Calls","Misc.","Linkwell Health","Miscellaneous"
2019-05-29,"Adam Hoyle",0.25,"slack discussion re: changing ""Print Materials"" name","Meetings & Phone Calls","Misc.","Linkwell Health","Miscellaneous"
2019-05-29,"Adam Hoyle",0.25,"daily huddle","Meetings & Phone Calls","Misc.","Linkwell Health","Miscellaneous"
2019-05-29,"Adam Hoyle",0.75,"misc. email and BC updates, pingdom, etc.",,,"Linkwell Health","Miscellaneous"
2019-05-28,"Adam Hoyle",0.5,"huddle and followups","Meetings & Phone Calls","Misc.","Linkwell Health","Miscellaneous"
2019-05-23,"Adam Hoyle",0.5,"daily huddle","Meetings & Phone Calls","Misc.","Linkwell Health","Miscellaneous"
2019-05-22,"Adam Hoyle",2.0,"lunch and followup meetings w/ Jed, Mike, Kyle","Meetings & Phone Calls","Misc.","Linkwell Health","Miscellaneous"
2019-05-22,"Adam Hoyle",3.0,"Linkwell Meetings w/ Jed, Steve, Kyle, Mike, Omo","Meetings & Phone Calls","Misc.","Linkwell Health","Miscellaneous"
2019-05-16,"Adam Hoyle",0.5,"daily huddle and followups","Meetings & Phone Calls","Misc.","Linkwell Health","Miscellaneous"
2019-05-14,"Adam Hoyle",0.5,"daily huddle and followups","Meetings & Phone Calls","Misc.","Linkwell Health","Miscellaneous"
2019-05-13,"Adam Hoyle",0.75,"Troubleshooting, support and testing for Laura and embedded, responsive YT players",,,"Linkwell Health","Miscellaneous"
2019-05-13,"Adam Hoyle",0.5,"huddle and followups","Meetings & Phone Calls","Misc.","Linkwell Health","Miscellaneous"
2019-05-10,"Adam Hoyle",1.0,"Misc. support and slack comm. w/ Jed re: sites and nuances",,,"Linkwell Health","Miscellaneous"
2019-05-10,"Adam Hoyle",1.25,"daily huddle and followup","Meetings & Phone Calls","Misc.","Linkwell Health","Miscellaneous"
2019-05-09,"Adam Hoyle",1.0,"morning huddle and followups","Meetings & Phone Calls","Misc.","Linkwell Health","Miscellaneous"
2019-05-08,"Adam Hoyle",0.5,"daily huddle and followups","Meetings & Phone Calls","Misc.","Linkwell Health","Miscellaneous"
2019-05-07,"Adam Hoyle",0.5,"daily huddle","Meetings & Phone Calls","Misc.","Linkwell Health","Miscellaneous"
2019-05-06,"Adam Hoyle",1.0,"Booting up call w/ Jed","Meetings & Phone Calls","Misc.","Linkwell Health","Miscellaneous"
2019-05-06,"Adam Hoyle",0.75,"daily huddle","Meetings & Phone Calls","Misc.","Linkwell Health","Miscellaneous"
2019-05-03,"Adam Hoyle",0.5,"misc. project coordination and support via email, slack",,,"Linkwell Health","Miscellaneous"
2019-05-03,"Adam Hoyle",1.0,"daily huddle and followups","Meetings & Phone Calls","Misc.","Linkwell Health","Miscellaneous"
2019-05-02,"Adam Hoyle",0.5,"daily huddle","Meetings & Phone Calls","Misc.","Linkwell Health","Miscellaneous"
2019-05-01,"Adam Hoyle",1.5,"daily huddle and followups","Meetings & Phone Calls","Misc.","Linkwell Health","Miscellaneous"
2019-04-30,"Adam Hoyle",0.75,"misc. project coordination and support via email, slack",,,"Linkwell Health","Miscellaneous"
2019-04-29,"Adam Hoyle",1.5,"daily huddle and followups","Meetings & Phone Calls","Misc.","Linkwell Health","Miscellaneous"
2019-04-26,"Adam Hoyle",1.0,"daily huddle","Meetings & Phone Calls","Misc.","Linkwell Health","Miscellaneous"
2019-04-24,"Adam Hoyle",0.75,"daily huddle","Meetings & Phone Calls","Misc.","Linkwell Health","Miscellaneous"
2019-04-22,"Adam Hoyle",0.5,"daily huddle","Meetings & Phone Calls","Misc.","Linkwell Health","Miscellaneous"
2019-04-18,"Adam Hoyle",0.75,"daily huddle and followups","Meetings & Phone Calls","Misc.","Linkwell Health","Miscellaneous"
2019-04-17,"Adam Hoyle",0.5,"followup Ally on invoices","Meetings & Phone Calls","Misc.","Linkwell Health","Miscellaneous"
2019-04-16,"Adam Hoyle",0.75,"misc emails and project coordination, slack comm.","Meetings & Phone Calls","Misc.","Linkwell Health","Miscellaneous"
2019-04-12,"Adam Hoyle",1.25,"daily huddle and followups","Meetings & Phone Calls","Misc.","Linkwell Health","Miscellaneous"
2019-04-11,"Adam Hoyle",0.75,"hiring decision call","Meetings & Phone Calls","Misc.","Linkwell Health","Miscellaneous"
2019-04-11,"Adam Hoyle",1.0,"daily huddle","Meetings & Phone Calls","Misc.","Linkwell Health","Miscellaneous"
2019-04-11,"Adam Hoyle",0.25,"Support for Omo re: node deletion test for URL changes",,,"Linkwell Health","Miscellaneous"
2019-04-10,"Adam Hoyle",0.25,"candidate scoring matrix","Technical Test / Code Challenge for Linkwell engineer","Misc.","Linkwell Health","Miscellaneous"
2019-04-10,"Adam Hoyle",0.75,"call w/ Steve re: misc. updates","Meetings & Phone Calls","Misc.","Linkwell Health","Miscellaneous"
2019-04-10,"Adam Hoyle",0.5,"debrief on SSE hire w/ Nathan and Steve","Meetings & Phone Calls","Misc.","Linkwell Health","Miscellaneous"
2019-04-10,"Adam Hoyle",0.75,"daily huddle","Meetings & Phone Calls","Misc.","Linkwell Health","Miscellaneous"
2019-04-09,"Adam Hoyle",0.5,"send steve read me files and answer questions on slack","Technical Test / Code Challenge for Linkwell engineer","Misc.","Linkwell Health","Miscellaneous"
2019-04-09,"Adam Hoyle",0.25,"daily huddle","Meetings & Phone Calls","Misc.","Linkwell Health","Miscellaneous"
2019-04-08,"Adam Hoyle",0.5,"call w/ Steve re: SSE meeting and other updates pre-DCon","Meetings & Phone Calls","Misc.","Linkwell Health","Miscellaneous"
2019-04-08,"Adam Hoyle",0.25,"daily huddle","Meetings & Phone Calls","Misc.","Linkwell Health","Miscellaneous"
2019-04-08,"Adam Hoyle",0.75,"linkwell billing",,,"Linkwell Health","Miscellaneous"
2019-04-05,"Adam Hoyle",0.25,"daily huddle","Meetings & Phone Calls","Misc.","Linkwell Health","Miscellaneous"
2019-04-05,"Adam Hoyle",0.75,"scoring call","Product Scoring","Misc.","Linkwell Health","Miscellaneous"
2019-04-04,"Adam Hoyle",0.25,"Research Pingdom and make recommendation to LW",,,"Linkwell Health","Miscellaneous"
2019-04-04,"Adam Hoyle",0.25,"","Meetings & Phone Calls","Misc.","Linkwell Health","Miscellaneous"
2019-04-03,"Adam Hoyle",0.5,"daily huddle","Meetings & Phone Calls","Misc.","Linkwell Health","Miscellaneous"
2019-04-02,"Adam Hoyle",0.25,"read notes, respond to Steve","Technical Test / Code Challenge for Linkwell engineer","Misc.","Linkwell Health","Miscellaneous"
2019-04-02,"Adam Hoyle",0.25,"daily huddle","Meetings & Phone Calls","Misc.","Linkwell Health","Miscellaneous"
2019-03-29,"Adam Hoyle",0.75,"call w/ Kim Sarno re: corp. site updates + followups","Meetings & Phone Calls","Misc.","Linkwell Health","Miscellaneous"
2019-03-29,"Adam Hoyle",0.25,"daily hudle","Meetings & Phone Calls","Misc.","Linkwell Health","Miscellaneous"
2019-03-27,"Adam Hoyle",1.0,"misc. project coordination and emails",,,"Linkwell Health","Miscellaneous"
2019-03-27,"Adam Hoyle",0.5,"review email, readme and code","Technical Test / Code Challenge for Linkwell engineer","Misc.","Linkwell Health","Miscellaneous"
2019-03-27,"Adam Hoyle",2.5,"coordination, emails to Steve and candidates, meet with Mike and Kyle","Technical Test / Code Challenge for Linkwell engineer","Misc.","Linkwell Health","Miscellaneous"
2019-03-26,"Adam Hoyle",0.5,"daily huddle and followups","Meetings & Phone Calls","Misc.","Linkwell Health","Miscellaneous"
2019-03-26,"Adam Hoyle",0.5,"","Technical Test / Code Challenge for Linkwell engineer","Misc.","Linkwell Health","Miscellaneous"
2019-03-25,"Adam Hoyle",0.5,"daily huddle","Meetings & Phone Calls","Misc.","Linkwell Health","Miscellaneous"
2019-03-25,"Adam Hoyle",0.5,"product scoring","Meetings & Phone Calls","Misc.","Linkwell Health","Miscellaneous"
2019-03-25,"Adam Hoyle",0.5,"DNS entries, review and discuss test","Technical Test / Code Challenge for Linkwell engineer","Misc.","Linkwell Health","Miscellaneous"
2019-03-22,"Adam Hoyle",0.75,"SSE huddle w/ Clint and Steve","Meetings & Phone Calls","Misc.","Linkwell Health","Miscellaneous"
2019-03-22,"Adam Hoyle",0.5,"review","Technical Test / Code Challenge for Linkwell engineer","Misc.","Linkwell Health","Miscellaneous"
2019-03-21,"Adam Hoyle",2.25,"prep for interview, interview, followups","Meetings & Phone Calls","Misc.","Linkwell Health","Miscellaneous"
2019-03-21,"Adam Hoyle",0.25,"review notes from Mike","Technical Test / Code Challenge for Linkwell engineer","Misc.","Linkwell Health","Miscellaneous"
2019-03-21,"Adam Hoyle",0.25,"huddle","Meetings & Phone Calls","Misc.","Linkwell Health","Miscellaneous"
2019-03-20,"Adam Hoyle",2.0,"prep, tech hire video interview, followups","Meetings & Phone Calls","Misc.","Linkwell Health","Miscellaneous"
2019-03-20,"Adam Hoyle",0.5,"code challenge discuss w/ Mike and respond to Steve and Clint","Technical Test / Code Challenge for Linkwell engineer","Misc.","Linkwell Health","Miscellaneous"
2019-03-20,"Adam Hoyle",0.25,"daily huddle","Meetings & Phone Calls","Misc.","Linkwell Health","Miscellaneous"
2019-03-19,"Adam Hoyle",0.5,"update interview doc with questions",,,"Linkwell Health","Miscellaneous"
2019-03-19,"Adam Hoyle",0.5,"interview prep call w/ Clint and Steve","Meetings & Phone Calls","Misc.","Linkwell Health","Miscellaneous"
2019-03-19,"Adam Hoyle",0.5,"prep interview questions and send to Steve",,,"Linkwell Health","Miscellaneous"
2019-03-15,"Adam Hoyle",0.5,"daily huddle","Meetings & Phone Calls","Misc.","Linkwell Health","Miscellaneous"
2019-03-14,"Adam Hoyle",2.25,"misc. project coordination, email and slack",,,"Linkwell Health","Miscellaneous"
2019-03-14,"Adam Hoyle",0.5,"huddle","Meetings & Phone Calls","Misc.","Linkwell Health","Miscellaneous"
2019-03-13,"Adam Hoyle",0.5,"call w/ Steve re: 24hr VC plansite and other misc. followups","Meetings & Phone Calls","Misc.","Linkwell Health","Miscellaneous"
2019-03-13,"Adam Hoyle",0.25,"","Meetings & Phone Calls","Misc.","Linkwell Health","Miscellaneous"
2019-03-13,"Adam Hoyle",1.0,"tech hire call","Meetings & Phone Calls","Misc.","Linkwell Health","Miscellaneous"
2019-03-12,"Adam Hoyle",1.0,"billing",,,"Linkwell Health","Miscellaneous"
2019-03-12,"Adam Hoyle",2.0,"AMTRAK TICKET","Travel & hotel","Misc.","Linkwell Health","Miscellaneous"
2019-03-12,"Adam Hoyle",0.25,"daily huddle","Meetings & Phone Calls","Misc.","Linkwell Health","Miscellaneous"
2019-03-08,"Adam Hoyle",0.5,"daily huddle","Meetings & Phone Calls","Misc.","Linkwell Health","Miscellaneous"
2019-03-07,"Adam Hoyle",0.25,"daily huddle","Meetings & Phone Calls","Misc.","Linkwell Health","Miscellaneous"
2019-03-06,"Adam Hoyle",0.25,"password reset for Omo on PBC AK",,,"Linkwell Health","Miscellaneous"
2019-03-06,"Adam Hoyle",0.25,"huddle","Meetings & Phone Calls","Misc.","Linkwell Health","Miscellaneous"
2019-03-04,"Adam Hoyle",0.5,"daily huddle","Meetings & Phone Calls","Misc.","Linkwell Health","Miscellaneous"
2019-03-01,"Adam Hoyle",0.75,"tech hire meeting","Meetings & Phone Calls","Misc.","Linkwell Health","Miscellaneous"
2019-03-01,"Adam Hoyle",0.5,"daily huddle","Meetings & Phone Calls","Misc.","Linkwell Health","Miscellaneous"
2019-02-28,"Adam Hoyle",1.0,"brainstorming for HLE Dashboard","Meetings & Phone Calls","Misc.","Linkwell Health","Miscellaneous"
2019-02-27,"Adam Hoyle",1.0,"product scoring wrapup call","Meetings & Phone Calls","Misc.","Linkwell Health","Miscellaneous"
2019-02-27,"Adam Hoyle",0.75,"daily huddle and followups","Meetings & Phone Calls","Misc.","Linkwell Health","Miscellaneous"
2019-02-25,"Adam Hoyle",1.0,"product scorecard discussion","Meetings & Phone Calls","Misc.","Linkwell Health","Miscellaneous"
2019-02-25,"Adam Hoyle",1.0,"daily huddle","Meetings & Phone Calls","Misc.","Linkwell Health","Miscellaneous"
2019-02-22,"Adam Hoyle",0.5,"misc. support for HLE users and roles",,,"Linkwell Health","Miscellaneous"
2019-02-21,"Adam Hoyle",0.5,"daily huddle","Meetings & Phone Calls","Misc.","Linkwell Health","Miscellaneous"
2019-02-19,"Adam Hoyle",0.75,"linkwell huddle w/ Omo + followups","Meetings & Phone Calls","Misc.","Linkwell Health","Miscellaneous"
2019-02-15,"Adam Hoyle",0.25,"daily huddle","Meetings & Phone Calls","Misc.","Linkwell Health","Miscellaneous"
2019-02-15,"Adam Hoyle",1.0,"scoring call","Meetings & Phone Calls","Misc.","Linkwell Health","Miscellaneous"
2019-02-15,"Adam Hoyle",0.75,"LW tech hire cal","Meetings & Phone Calls","Misc.","Linkwell Health","Miscellaneous"
2019-02-15,"Adam Hoyle",1.0,"review and organize trello cards and prep for scoring call",,,"Linkwell Health","Miscellaneous"
2019-02-14,"Adam Hoyle",1.0,"trello cards and scoring",,,"Linkwell Health","Miscellaneous"
2019-02-14,"Adam Hoyle",0.25,"daily huddle","Meetings & Phone Calls","Misc.","Linkwell Health","Miscellaneous"
2019-02-13,"Adam Hoyle",2.5,"prep for walkthrough/demo, create notes, call w/ Steve","Meetings & Phone Calls","Misc.","Linkwell Health","Miscellaneous"
2019-02-12,"Adam Hoyle",0.25,"daily huddle","Meetings & Phone Calls","Misc.","Linkwell Health","Miscellaneous"
2019-02-11,"Adam Hoyle",0.25,"daily huddle","Meetings & Phone Calls","Misc.","Linkwell Health","Miscellaneous"
2019-02-08,"Adam Hoyle",0.75,"billing",,,"Linkwell Health","Miscellaneous"
2019-02-08,"Adam Hoyle",0.5,"tech hire call","Meetings & Phone Calls","Misc.","Linkwell Health","Miscellaneous"
2019-02-08,"Adam Hoyle",1.5,"Linkwell: misc. support for Premera content and Linkwell corporate site",,,"Linkwell Health","Miscellaneous"
2019-02-08,"Adam Hoyle",0.25,"LW tech hire call","Meetings & Phone Calls","Misc.","Linkwell Health","Miscellaneous"
2019-02-08,"Adam Hoyle",0.25,"daily huddle","Meetings & Phone Calls","Misc.","Linkwell Health","Miscellaneous"
2019-02-07,"Adam Hoyle",0.25,"daily huddle","Meetings & Phone Calls","Misc.","Linkwell Health","Miscellaneous"
2019-02-06,"Adam Hoyle",0.25,"daily huddle","Meetings & Phone Calls","Misc.","Linkwell Health","Miscellaneous"
2019-02-05,"Adam Hoyle",0.5,"misc. email and project coordination",,,"Linkwell Health","Miscellaneous"
2019-02-04,"Adam Hoyle",1.0,"HLE training w/ Omo and LW team",,,"Linkwell Health","Miscellaneous"
2019-02-04,"Adam Hoyle",0.25,"daily huddle","Meetings & Phone Calls","Misc.","Linkwell Health","Miscellaneous"
2019-02-01,"Adam Hoyle",0.5,"tech hire call","Meetings & Phone Calls","Misc.","Linkwell Health","Miscellaneous"
2019-02-01,"Adam Hoyle",0.5,"review to-dos and priorities, respond to Omo",,,"Linkwell Health","Miscellaneous"
2019-01-30,"Adam Hoyle",0.25,"email Omo with site deactivation steps",,,"Linkwell Health","Miscellaneous"
2019-01-30,"Adam Hoyle",0.25,"daily huddle","Meetings & Phone Calls","Misc.","Linkwell Health","Miscellaneous"
2019-01-29,"Adam Hoyle",0.5,"respond to Omo's questions about coupons and blink",,,"Linkwell Health","Miscellaneous"
2019-01-29,"Adam Hoyle",0.75,"daily huddle and followups","Meetings & Phone Calls","Misc.","Linkwell Health","Miscellaneous"
2019-01-28,"Adam Hoyle",0.25,"daily huddle","Meetings & Phone Calls","Misc.","Linkwell Health","Miscellaneous"
2019-01-25,"Adam Hoyle",0.5,"call w/ Clint, Steve, Jeremy re: tech hire","Meetings & Phone Calls","Misc.","Linkwell Health","Miscellaneous"
2019-01-25,"Adam Hoyle",0.25,"daily huddle","Meetings & Phone Calls","Misc.","Linkwell Health","Miscellaneous"
2019-01-24,"Adam Hoyle",0.25,"daily huddle","Meetings & Phone Calls","Misc.","Linkwell Health","Miscellaneous"
2019-01-23,"Adam Hoyle",0.75,"research and followups on misc. emails and slack w/ Omo, Laura, Steve",,,"Linkwell Health","Miscellaneous"
2019-01-18,"Adam Hoyle",0.25,"daily huddle","Meetings & Phone Calls","Misc.","Linkwell Health","Miscellaneous"
2019-01-17,"Adam Hoyle",0.75,"misc. project coordination and client emails",,,"Linkwell Health","Miscellaneous"
2019-01-16,"Adam Hoyle",0.75,"call w/ Omo re: trello cards, new features, etc.",,,"Linkwell Health","Miscellaneous"
2019-01-15,"Adam Hoyle",0.75,"meet to review HLE designs w/ Kyle, Mike, Jay","Meetings & Phone Calls","Misc.","Linkwell Health","Miscellaneous"
2019-01-15,"Adam Hoyle",0.25,"daily huddle","Meetings & Phone Calls","Misc.","Linkwell Health","Miscellaneous"
2019-01-14,"Adam Hoyle",0.75,"break down release hours for Omo",,,"Linkwell Health","Miscellaneous"
2019-01-11,"Adam Hoyle",0.25,"daily huddle","Meetings & Phone Calls","Misc.","Linkwell Health","Miscellaneous"
2019-01-10,"Adam Hoyle",2.5,"billing",,,"Linkwell Health","Miscellaneous"
2019-01-09,"Adam Hoyle",0.25,"daily huddle","Meetings & Phone Calls","Misc.","Linkwell Health","Miscellaneous"
2019-01-08,"Adam Hoyle",0.5,"daily huddle, reviewing marketing slides","Meetings & Phone Calls","Misc.","Linkwell Health","Miscellaneous"
2019-01-07,"Adam Hoyle",0.5,"daily huddle and followups","Meetings & Phone Calls","Misc.","Linkwell Health","Miscellaneous"
2019-01-02,"Adam Hoyle",0.5,"daily huddle and followups","Meetings & Phone Calls","Misc.","Linkwell Health","Miscellaneous"
2018-12-21,"Adam Hoyle",0.5,"search for comps for Steve and send.",,,"Linkwell Health","Miscellaneous"
2018-12-21,"Adam Hoyle",0.5,"daily huddle","Meetings & Phone Calls","Misc.","Linkwell Health","Miscellaneous"
2018-12-20,"Adam Hoyle",1.25,"misc. project coordination, BC updates and emails",,,"Linkwell Health","Miscellaneous"
2018-12-20,"Adam Hoyle",0.25,"daily huddle","Meetings & Phone Calls","Misc.","Linkwell Health","Miscellaneous"
2018-12-19,"Adam Hoyle",0.25,"daily huddle","Meetings & Phone Calls","Misc.","Linkwell Health","Miscellaneous"
2018-12-18,"Adam Hoyle",0.25,"daily huddle","Meetings & Phone Calls","Misc.","Linkwell Health","Miscellaneous"
2018-12-17,"Adam Hoyle",0.25,"daily huddle and followups","Meetings & Phone Calls","Misc.","Linkwell Health","Miscellaneous"
2018-12-17,"Adam Hoyle",0.75,"daily huddle and followups","Meetings & Phone Calls","Misc.","Linkwell Health","Miscellaneous"
2018-12-13,"Adam Hoyle",0.25,"daily huddle","Meetings & Phone Calls","Misc.","Linkwell Health","Miscellaneous"
2018-12-12,"Adam Hoyle",0.25,"daily huddle","Meetings & Phone Calls","Misc.","Linkwell Health","Miscellaneous"
2018-12-11,"Adam Hoyle",0.5,"daily huddle and followups","Meetings & Phone Calls","Misc.","Linkwell Health","Miscellaneous"
2018-12-11,"Adam Hoyle",1.25,"Misc. coordination and replies to Omo",,,"Linkwell Health","Miscellaneous"
2018-12-10,"Adam Hoyle",0.25,"daily huddle","Meetings & Phone Calls","Misc.","Linkwell Health","Miscellaneous"
2018-12-07,"Adam Hoyle",0.25,"daily huddle","Meetings & Phone Calls","Misc.","Linkwell Health","Miscellaneous"
2018-12-05,"Adam Hoyle",0.75,"daily huddle and followups","Meetings & Phone Calls","Misc.","Linkwell Health","Miscellaneous"
2018-12-04,"Adam Hoyle",0.5,"daily huddle and followups","Meetings & Phone Calls","Misc.","Linkwell Health","Miscellaneous"
2018-12-03,"Adam Hoyle",0.25,"daily huddle","Meetings & Phone Calls","Misc.","Linkwell Health","Miscellaneous"
2018-11-30,"Adam Hoyle",0.5,"support for Omo re: homepage customizations on demo plus",,,"Linkwell Health","Miscellaneous"
2018-11-30,"Adam Hoyle",0.5,"call w/ NDVR to discuss analytics and dashboarding","Meetings & Phone Calls","Misc.","Linkwell Health","Miscellaneous"
2018-11-30,"Adam Hoyle",0.25,"daily huddle","Meetings & Phone Calls","Misc.","Linkwell Health","Miscellaneous"
2018-11-28,"Adam Hoyle",0.5,"Call w/ Claire from NVI to see content entry process. Followups via Slack","Meetings & Phone Calls","Misc.","Linkwell Health","Miscellaneous"
2018-11-27,"Adam Hoyle",0.5,"post-HLE training followup meeting","Meetings & Phone Calls","Misc.","Linkwell Health","Miscellaneous"
2018-11-27,"Adam Hoyle",2.5,"HLE training session in NY","Meetings & Phone Calls","Misc.","Linkwell Health","Miscellaneous"
2018-11-27,"Adam Hoyle",2.0,"AMTRAK TIX","Travel & hotel","Misc.","Linkwell Health","Miscellaneous"
2018-11-26,"Adam Hoyle",0.5,"daily huddle call and followups","Meetings & Phone Calls","Misc.","Linkwell Health","Miscellaneous"
2018-11-20,"Adam Hoyle",0.75,"tally YTD hours for Premera with breakout by plan and blink",,,"Linkwell Health","Miscellaneous"
2018-11-20,"Adam Hoyle",1.25,"daily huddle","Meetings & Phone Calls","Misc.","Linkwell Health","Miscellaneous"
2018-11-19,"Adam Hoyle",0.5,"LWH: call w/ Dorman re: Analytics","Meetings & Phone Calls","Misc.","Linkwell Health","Miscellaneous"
2018-11-19,"Adam Hoyle",0.25,"daily huddle","Meetings & Phone Calls","Misc.","Linkwell Health","Miscellaneous"
2018-11-16,"Adam Hoyle",0.5,"project coordination, emails and followup",,,"Linkwell Health","Miscellaneous"
2018-11-15,"Adam Hoyle",0.25,"daily huddle","Meetings & Phone Calls","Misc.","Linkwell Health","Miscellaneous"
2018-11-14,"Adam Hoyle",0.25,"daily huddle","Meetings & Phone Calls","Misc.","Linkwell Health","Miscellaneous"
2018-11-13,"Adam Hoyle",0.5,"kickoff call w/ Dorman re: Analytics","Meetings & Phone Calls","Misc.","Linkwell Health","Miscellaneous"
2018-11-13,"Adam Hoyle",0.25,"daily huddle call","Meetings & Phone Calls","Misc.","Linkwell Health","Miscellaneous"
2018-11-12,"Adam Hoyle",0.5,"tally hours for billing",,,"Linkwell Health","Miscellaneous"
2018-11-09,"Adam Hoyle",0.25,"call w/ Omo to discuss coupon image updates","Meetings & Phone Calls","Misc.","Linkwell Health","Miscellaneous"
2018-11-09,"Adam Hoyle",1.25,"call to discuss back-end design/UX updates","Meetings & Phone Calls","Misc.","Linkwell Health","Miscellaneous"
2018-11-08,"Adam Hoyle",0.25,"daily huddle","Meetings & Phone Calls","Misc.","Linkwell Health","Miscellaneous"
2018-11-07,"Adam Hoyle",1.25,"client status update call w/ Omo","Meetings & Phone Calls","Misc.","Linkwell Health","Miscellaneous"
2018-11-06,"Adam Hoyle",1.0,"call w/ team to discuss HLE back-end design updates","Meetings & Phone Calls","Misc.","Linkwell Health","Miscellaneous"
2018-11-02,"Adam Hoyle",0.25,"daily huddle","Meetings & Phone Calls","Misc.","Linkwell Health","Miscellaneous"
2018-11-01,"Adam Hoyle",1.0,"product scoring call","Product Scoring","Misc.","Linkwell Health","Miscellaneous"
2018-10-30,"Adam Hoyle",0.25,"daily huddle","Meetings & Phone Calls","Misc.","Linkwell Health","Miscellaneous"
2018-10-26,"Adam Hoyle",0.25,"daily huddle","Meetings & Phone Calls","Misc.","Linkwell Health","Miscellaneous"
2018-10-25,"Adam Hoyle",0.25,"daily huddle","Meetings & Phone Calls","Misc.","Linkwell Health","Miscellaneous"
2018-10-22,"Adam Hoyle",0.5,"call w/ Matt Dorman re: analytics","Meetings & Phone Calls","Misc.","Linkwell Health","Miscellaneous"
2018-10-22,"Adam Hoyle",0.5,"daily huddle","Meetings & Phone Calls","Misc.","Linkwell Health","Miscellaneous"
2018-10-19,"Adam Hoyle",0.75,"call w/ Omo re: Analytics for BCBS AK",,,"Linkwell Health","Miscellaneous"
2018-10-16,"Adam Hoyle",0.25,"daily huddle","Meetings & Phone Calls","Misc.","Linkwell Health","Miscellaneous"
2018-10-15,"Adam Hoyle",0.5,"daily huddle","Meetings & Phone Calls","Misc.","Linkwell Health","Miscellaneous"
2018-10-15,"Adam Hoyle",0.5,"misc. emails and followups",,,"Linkwell Health","Miscellaneous"
2018-10-12,"Adam Hoyle",1.25,"call w/ Linkwell to demo and review project tracker","Meetings & Phone Calls","Misc.","Linkwell Health","Miscellaneous"
2018-10-05,"Adam Hoyle",0.5,"daily huddle","Meetings & Phone Calls","Misc.","Linkwell Health","Miscellaneous"
2018-10-03,"Adam Hoyle",0.25,"weekly client checkin w/ Omo","Meetings & Phone Calls","Misc.","Linkwell Health","Miscellaneous"
2018-10-01,"Adam Hoyle",0.5,"daily huddle and followups","Meetings & Phone Calls","Misc.","Linkwell Health","Miscellaneous"
2018-09-27,"Adam Hoyle",0.75,"linkwell checkin call","Meetings & Phone Calls","Misc.","Linkwell Health","Miscellaneous"
2018-09-27,"Adam Hoyle",0.5,"weekly client update call","Meetings & Phone Calls","Misc.","Linkwell Health","Miscellaneous"
2018-09-25,"Adam Hoyle",0.25,"daily huddle","Meetings & Phone Calls","Misc.","Linkwell Health","Miscellaneous"
2018-09-24,"Adam Hoyle",0.5,"huddle","Meetings & Phone Calls","Misc.","Linkwell Health","Miscellaneous"
2018-09-21,"Adam Hoyle",0.5,"call w/ Steve and Nathan","Meetings & Phone Calls","Misc.","Linkwell Health","Miscellaneous"
2018-09-21,"Adam Hoyle",0.5,"daily huddle","Meetings & Phone Calls","Misc.","Linkwell Health","Miscellaneous"
2018-09-20,"Adam Hoyle",0.5,"call w/ Nathan and Steve re: 2019 planning","Meetings & Phone Calls","Misc.","Linkwell Health","Miscellaneous"
2018-09-14,"Adam Hoyle",0.25,"daily huddle","Meetings & Phone Calls","Misc.","Linkwell Health","Miscellaneous"
2018-09-13,"Adam Hoyle",0.25,"disable shield www.abcbs-healthlink.com",,,"Linkwell Health","Miscellaneous"
2018-09-13,"Adam Hoyle",0.5,"daily huddle","Meetings & Phone Calls","Misc.","Linkwell Health","Miscellaneous"
2018-09-12,"Adam Hoyle",0.25,"weekly client update call w/ Omo","Meetings & Phone Calls","Misc.","Linkwell Health","Miscellaneous"
2018-09-12,"Adam Hoyle",0.75,"call w/ product team to discuss project status indicator","Meetings & Phone Calls","Misc.","Linkwell Health","Miscellaneous"
2018-09-11,"Adam Hoyle",0.5,"daily huddle","Meetings & Phone Calls","Misc.","Linkwell Health","Miscellaneous"
2018-09-10,"Adam Hoyle",0.75,"daily huddle and discussion re: footnotes","Meetings & Phone Calls","Misc.","Linkwell Health","Miscellaneous"
2018-09-06,"Adam Hoyle",0.5,"support for Omo re: vanity URLs and redirects for /baby",,,"Linkwell Health","Miscellaneous"
2018-09-06,"Adam Hoyle",0.25,"daily huddle","Meetings & Phone Calls","Misc.","Linkwell Health","Miscellaneous"
2018-09-05,"Adam Hoyle",0.75,"tally and organize hours for Linkwell billing breakdown",,,"Linkwell Health","Miscellaneous"
2018-09-04,"Adam Hoyle",0.25,"daily huddle","Meetings & Phone Calls","Misc.","Linkwell Health","Miscellaneous"
2018-08-30,"Adam Hoyle",0.25,"daily huddle","Meetings & Phone Calls","Misc.","Linkwell Health","Miscellaneous"
2018-08-29,"Adam Hoyle",0.25,"call w/ Omo re: IBX template customization","Meetings & Phone Calls","Misc.","Linkwell Health","Miscellaneous"
2018-08-29,"Adam Hoyle",0.5,"weekly client status checkin w/ Steve and Omo","Meetings & Phone Calls","Misc.","Linkwell Health","Miscellaneous"
2018-08-29,"Adam Hoyle",0.5,"daily huddle","Meetings & Phone Calls","Misc.","Linkwell Health","Miscellaneous"
2018-08-28,"Adam Hoyle",1.0,"conference call to review and score w/ Omo, Laura, Steve","Product Scoring","Misc.","Linkwell Health","Miscellaneous"
2018-08-28,"Adam Hoyle",1.0,"prep call for all hands demo meeting w/ Omo, Laura, Steve","Meetings & Phone Calls","Misc.","Linkwell Health","Miscellaneous"
2018-08-28,"Adam Hoyle",1.0,"","Product Scoring","Misc.","Linkwell Health","Miscellaneous"
2018-08-27,"Adam Hoyle",0.5,"daily huddle","Meetings & Phone Calls","Misc.","Linkwell Health","Miscellaneous"
2018-08-23,"Adam Hoyle",0.5,"daily huddle","Meetings & Phone Calls","Misc.","Linkwell Health","Miscellaneous"
2018-08-22,"Adam Hoyle",0.5,"weekly client status update","Meetings & Phone Calls","Misc.","Linkwell Health","Miscellaneous"
2018-08-21,"Adam Hoyle",0.25,"daily huddle","Meetings & Phone Calls","Misc.","Linkwell Health","Miscellaneous"
2018-08-16,"Adam Hoyle",3.0,"meeting w/ Steve","Meetings & Phone Calls","Misc.","Linkwell Health","Miscellaneous"
2018-08-15,"Adam Hoyle",0.75,"weekly checkin w/ Omo on proejcts","Meetings & Phone Calls","Misc.","Linkwell Health","Miscellaneous"
2018-08-13,"Adam Hoyle",0.25,"daily huddle","Meetings & Phone Calls","Misc.","Linkwell Health","Miscellaneous"
2018-08-10,"Adam Hoyle",0.5,"daily huddle","Meetings & Phone Calls","Misc.","Linkwell Health","Miscellaneous"
2018-08-10,"Adam Hoyle",0.75,"lineup delivery troubleshooting and support for Steve, screenshots",,,"Linkwell Health","Miscellaneous"
2018-08-09,"Adam Hoyle",0.25,"review and send","Design comps rebranding Sharecare for BCBS RI (see comments)","Misc.","Linkwell Health","Miscellaneous"
2018-08-09,"Adam Hoyle",0.75,"Daily huddle and followup discussions re: Search","Meetings & Phone Calls","Misc.","Linkwell Health","Miscellaneous"
2018-08-08,"Adam Hoyle",1.75,"","Update Anthem DM comps with ""generic"" plan logo (see comments)","Misc.","Linkwell Health","Miscellaneous"
2018-08-08,"Adam Hoyle",0.25,"followup discussion w/ Team re: Search","Meetings & Phone Calls","Misc.","Linkwell Health","Miscellaneous"
2018-08-08,"Adam Hoyle",0.25,"weekly checking w/ Omo","Meetings & Phone Calls","Misc.","Linkwell Health","Miscellaneous"
2018-08-08,"Adam Hoyle",0.25,"daily huddle","Meetings & Phone Calls","Misc.","Linkwell Health","Miscellaneous"
2018-08-08,"Adam Hoyle",0.25,"","Update Anthem DM comps with ""generic"" plan logo (see comments)","Misc.","Linkwell Health","Miscellaneous"
2018-08-07,"Adam Hoyle",0.75,"breakout hours for Lineup Delivery and EWB1",,,"Linkwell Health","Miscellaneous"
2018-08-07,"Adam Hoyle",1.25,"daily huddle + followup discussions","Meetings & Phone Calls","Misc.","Linkwell Health","Miscellaneous"
2018-08-06,"Adam Hoyle",0.25,"review SSL renewal and cancel/revoke auth.linkwellhealth.com cert",,,"Linkwell Health","Miscellaneous"
2018-08-03,"Adam Hoyle",0.25,"","Design comps rebranding Sharecare for BCBS RI (see comments)","Misc.","Linkwell Health","Miscellaneous"
2018-08-03,"Adam Hoyle",0.75,"tally hours for Linkwell billing breakdown",,,"Linkwell Health","Miscellaneous"
2018-08-03,"Adam Hoyle",0.25,"daily huddle","Meetings & Phone Calls","Misc.","Linkwell Health","Miscellaneous"
2018-08-01,"Adam Hoyle",0.75,"call to discuss design needs for ""MI""","Meetings & Phone Calls","Misc.","Linkwell Health","Miscellaneous"
2018-08-01,"Adam Hoyle",0.75,"weekly status call and BC updates, followups","Meetings & Phone Calls","Misc.","Linkwell Health","Miscellaneous"
2018-07-31,"Adam Hoyle",0.25,"daily huddle","Meetings & Phone Calls","Misc.","Linkwell Health","Miscellaneous"
2018-07-30,"Adam Hoyle",0.25,"daily huddle","Meetings & Phone Calls","Misc.","Linkwell Health","Miscellaneous"
2018-07-26,"Adam Hoyle",0.75,"update wires for content audit",,,"Linkwell Health","Miscellaneous"
2018-07-26,"Adam Hoyle",1.5,"create wires for content audit",,,"Linkwell Health","Miscellaneous"
2018-07-26,"Adam Hoyle",0.75,"Medecision demo call w/ team","Meetings & Phone Calls","Misc.","Linkwell Health","Miscellaneous"
2018-07-26,"Adam Hoyle",0.5,"daily huddle","Meetings & Phone Calls","Misc.","Linkwell Health","Miscellaneous"
2018-07-25,"Adam Hoyle",0.5,"weekly checkin","Meetings & Phone Calls","Misc.","Linkwell Health","Miscellaneous"
2018-07-25,"Adam Hoyle",1.0,"daily huddle","Meetings & Phone Calls","Misc.","Linkwell Health","Miscellaneous"
2018-07-24,"Adam Hoyle",0.5,"daily huddle and followups","Meetings & Phone Calls","Misc.","Linkwell Health","Miscellaneous"
2018-07-23,"Adam Hoyle",0.5,"login support for Laura on HLE",,,"Linkwell Health","Miscellaneous"
2018-07-23,"Adam Hoyle",0.25,"daily huddle","Meetings & Phone Calls","Misc.","Linkwell Health","Miscellaneous"
2018-07-13,"Adam Hoyle",1.0,"DEMO: Lineup Delivery and EWB1 for extended Linkwell team","Meetings & Phone Calls","Misc.","Linkwell Health","Miscellaneous"
2018-07-12,"Adam Hoyle",1.0,"daily huddle and lineup delivery demo","Meetings & Phone Calls","Misc.","Linkwell Health","Miscellaneous"
2018-07-11,"Adam Hoyle",0.5,"weekly checkin w/ Omo and Steve","Meetings & Phone Calls","Misc.","Linkwell Health","Miscellaneous"
2018-07-11,"Adam Hoyle",0.25,"daily huddle","Meetings & Phone Calls","Misc.","Linkwell Health","Miscellaneous"
2018-07-10,"Adam Hoyle",0.5,"daily huddle","Meetings & Phone Calls","Misc.","Linkwell Health","Miscellaneous"
2018-07-09,"Adam Hoyle",0.5,"daily huddle call","Meetings & Phone Calls","Misc.","Linkwell Health","Miscellaneous"
2018-07-03,"Adam Hoyle",0.5,"lineup delivery call w/ Mike and Kyle","Meetings & Phone Calls","Misc.","Linkwell Health","Miscellaneous"
2018-07-02,"Adam Hoyle",0.25,"daily huddle","Meetings & Phone Calls","Misc.","Linkwell Health","Miscellaneous"
2018-06-27,"Adam Hoyle",0.5,"roadmap call w/ Steve","Meetings & Phone Calls","Misc.","Linkwell Health","Miscellaneous"
2018-06-27,"Adam Hoyle",0.25,"weekly status checkin with Omo","Meetings & Phone Calls","Misc.","Linkwell Health","Miscellaneous"
2018-06-27,"Adam Hoyle",0.25,"daily innovation huddle","Meetings & Phone Calls","Misc.","Linkwell Health","Miscellaneous"
2018-06-26,"Adam Hoyle",0.75,"innovation huddle call w/ Mike, Kyle, Steve, Laura, Omo","Meetings & Phone Calls","Misc.","Linkwell Health","Miscellaneous"
2018-06-21,"Adam Hoyle",0.25,"followup meeting with Mike and Kyle, post-huddle","Meetings & Phone Calls","Misc.","Linkwell Health","Miscellaneous"
2018-06-21,"Adam Hoyle",0.5,"innovation huddle","Meetings & Phone Calls","Misc.","Linkwell Health","Miscellaneous"
2018-06-20,"Adam Hoyle",0.5,"weekly project checking w/ Omo and Steve","Meetings & Phone Calls","Misc.","Linkwell Health","Miscellaneous"
2018-06-20,"Adam Hoyle",0.25,"daily innovation huddle","Meetings & Phone Calls","Misc.","Linkwell Health","Miscellaneous"
2018-06-19,"Adam Hoyle",0.5,"daily innovation huddle","Meetings & Phone Calls","Misc.","Linkwell Health","Miscellaneous"
2018-06-14,"Adam Hoyle",1.0,"review and update BC messages",,,"Linkwell Health","Miscellaneous"
2018-06-14,"Adam Hoyle",0.25,"daily innovation huddle","Meetings & Phone Calls","Misc.","Linkwell Health","Miscellaneous"
2018-06-13,"Adam Hoyle",0.5,"followup discussion on search","Meetings & Phone Calls","Misc.","Linkwell Health","Miscellaneous"
2018-06-13,"Adam Hoyle",0.5,"project rundown/checking w/ Omo and Steve","Meetings & Phone Calls","Misc.","Linkwell Health","Miscellaneous"
2018-06-13,"Adam Hoyle",0.5,"daily innovation huddle","Meetings & Phone Calls","Misc.","Linkwell Health","Miscellaneous"
2018-06-12,"Adam Hoyle",0.25,"daily innovation huddle","Meetings & Phone Calls","Misc.","Linkwell Health","Miscellaneous"
2018-06-11,"Adam Hoyle",0.25,"blink speed test review",,,"Linkwell Health","Miscellaneous"
2018-06-11,"Adam Hoyle",0.75,"chatbot call/demo w/ Kyle and Omo","Meetings & Phone Calls","Misc.","Linkwell Health","Miscellaneous"
2018-06-11,"Adam Hoyle",0.25,"product innovation huddle","Meetings & Phone Calls","Misc.","Linkwell Health","Miscellaneous"
2018-06-08,"Adam Hoyle",0.25,"product innovation huddle","Meetings & Phone Calls","Misc.","Linkwell Health","Miscellaneous"
2018-06-07,"Adam Hoyle",2.0,"Research Alexa skills","Product Scoring","Misc.","Linkwell Health","Miscellaneous"
2018-06-07,"Adam Hoyle",1.5,"product scoring session","Meetings & Phone Calls","Misc.","Linkwell Health","Miscellaneous"
2018-06-07,"Adam Hoyle",0.5,"prep for scoring session by reviewing trello boards",,,"Linkwell Health","Miscellaneous"
2018-06-06,"Adam Hoyle",0.5,"weekly project status call w/ Omo and Steve","Meetings & Phone Calls","Misc.","Linkwell Health","Miscellaneous"
2018-06-06,"Adam Hoyle",0.5,"followup w/ Network Solutions on Tesselate domain forwarding",,,"Linkwell Health","Miscellaneous"
2018-06-06,"Adam Hoyle",0.0,"product innovation huddle","Meetings & Phone Calls","Misc.","Linkwell Health","Miscellaneous"
2018-06-05,"Adam Hoyle",0.75,"troubleshoot domain redirects for BCBS Ark and Medicare, open support ticket with NetSol",,,"Linkwell Health","Miscellaneous"
2018-06-05,"Adam Hoyle",0.25,"product innovation huddle","Meetings & Phone Calls","Misc.","Linkwell Health","Miscellaneous"
2018-06-04,"Adam Hoyle",0.5,"daily innovation huddle","Meetings & Phone Calls","Misc.","Linkwell Health","Miscellaneous"
2018-06-01,"Adam Hoyle",0.5,"review, send and coordinate","Design comps for Blue Cross Illinois Health Equities","Misc.","Linkwell Health","Miscellaneous"
2018-06-01,"Adam Hoyle",0.5,"daily innovation huddle","Meetings & Phone Calls","Misc.","Linkwell Health","Miscellaneous"
2018-05-30,"Adam Hoyle",9.0,"innovation meeting in Boston","Meetings & Phone Calls","Misc.","Linkwell Health","Miscellaneous"
2018-05-29,"Adam Hoyle",0.25,"daily innovation huddle","Meetings & Phone Calls","Misc.","Linkwell Health","Miscellaneous"
2018-05-24,"Adam Hoyle",0.5,"daily innovation huddle","Meetings & Phone Calls","Misc.","Linkwell Health","Miscellaneous"
2018-05-23,"Adam Hoyle",0.5,"weekly client update / status call w/ Omo","Meetings & Phone Calls","Misc.","Linkwell Health","Miscellaneous"
2018-05-23,"Adam Hoyle",0.5,"emails and BC updates",,,"Linkwell Health","Miscellaneous"
2018-05-22,"Adam Hoyle",0.5,"call w/ Steve to discuss new comps needed for BCIllinois and Arizona","Meetings & Phone Calls","Misc.","Linkwell Health","Miscellaneous"
2018-05-22,"Adam Hoyle",0.25,"daily innovation huddle","Meetings & Phone Calls","Misc.","Linkwell Health","Miscellaneous"
2018-05-21,"Adam Hoyle",0.25,"daily product innovation huddle","Meetings & Phone Calls","Misc.","Linkwell Health","Miscellaneous"
2018-05-18,"Adam Hoyle",1.25,"product scoring session","Meetings & Phone Calls","Misc.","Linkwell Health","Miscellaneous"
2018-05-17,"Adam Hoyle",1.5,"misc. project coordination, process emails, review 4 blocker, update BC, etc.",,,"Linkwell Health","Miscellaneous"
2018-05-17,"Adam Hoyle",0.25,"call w/ Steve","Meetings & Phone Calls","Misc.","Linkwell Health","Miscellaneous"
2018-05-17,"Adam Hoyle",0.25,"daily product innovation huddle","Meetings & Phone Calls","Misc.","Linkwell Health","Miscellaneous"
2018-05-16,"Adam Hoyle",0.25,"product innovation huddle","Meetings & Phone Calls","Misc.","Linkwell Health","Miscellaneous"
2018-05-16,"Adam Hoyle",0.5,"weekly checkin call w/ Omo","Meetings & Phone Calls","Misc.","Linkwell Health","Miscellaneous"
2018-05-15,"Adam Hoyle",9.0,"Product Innovation meetings in NYC with Shawn, Laura, Steve, Omo","Meetings & Phone Calls","Misc.","Linkwell Health","Miscellaneous"
2018-05-14,"Adam Hoyle",0.75,"cleaning up basecamp todos",,,"Linkwell Health","Miscellaneous"
2018-05-14,"Adam Hoyle",3.5,"Repsond to emails and update BC",,,"Linkwell Health","Miscellaneous"
2018-05-14,"Adam Hoyle",0.5,"product innovation huddle","Meetings & Phone Calls","Misc.","Linkwell Health","Miscellaneous"
2018-05-11,"Adam Hoyle",0.25,"call Steve re: project tracker","Meetings & Phone Calls","Misc.","Linkwell Health","Miscellaneous"
2018-05-11,"Adam Hoyle",1.0,"project innovation call w/ Steve and Laura","Meetings & Phone Calls","Misc.","Linkwell Health","Miscellaneous"
2018-05-10,"Adam Hoyle",5.25,"Covering hotel and travel expenses for 4/12 innovation meeting","Travel & hotel","Misc.","Linkwell Health","Miscellaneous"
2018-05-10,"Adam Hoyle",0.5,"book travel and hotel for NYC meeting",,,"Linkwell Health","Miscellaneous"
2018-05-10,"Adam Hoyle",0.25,"product innovation huddle","Meetings & Phone Calls","Misc.","Linkwell Health","Miscellaneous"
2018-05-09,"Adam Hoyle",0.75,"misc. project coordination, email comm, BC updates",,,"Linkwell Health","Miscellaneous"
2018-05-09,"Adam Hoyle",0.5,"prep wireframe template, meet w/ Jay re: phase 2 presentation of product ideas","Meetings & Phone Calls","Misc.","Linkwell Health","Miscellaneous"
2018-05-09,"Adam Hoyle",1.25,"product scoring call w/ Omo, Steve, Laura","Meetings & Phone Calls","Misc.","Linkwell Health","Miscellaneous"
2018-05-08,"Adam Hoyle",0.75,"discuss project status tracker","Meetings & Phone Calls","Misc.","Linkwell Health","Miscellaneous"
2018-05-08,"Adam Hoyle",1.0,"misc. project coordination, emails and BC updates",,,"Linkwell Health","Miscellaneous"
2018-05-08,"Adam Hoyle",0.5,"test articles as menu items on stage",,,"Linkwell Health","Miscellaneous"
2018-05-08,"Adam Hoyle",0.25,"","Design comps for Tufts meeting","Misc.","Linkwell Health","Miscellaneous"
2018-05-08,"Adam Hoyle",0.25,"transfer scorecard to Linkwell account",,,"Linkwell Health","Miscellaneous"
2018-05-08,"Adam Hoyle",0.25,"review feedback, update BC","Design comps for Tufts meeting","Misc.","Linkwell Health","Miscellaneous"
2018-05-08,"Adam Hoyle",0.5,"product team innovation huddle","Meetings & Phone Calls","Misc.","Linkwell Health","Miscellaneous"
2018-05-07,"Adam Hoyle",1.5,"meet w/ Laura re: Phase 2 Scoring","Meetings & Phone Calls","Misc.","Linkwell Health","Miscellaneous"
2018-05-07,"Adam Hoyle",1.0,"tally and group Linkwell hours",,,"Linkwell Health","Miscellaneous"
2018-05-04,"Adam Hoyle",0.25,"product innovation huddle call w/ Laura, Omo, Steve",,,"Linkwell Health","Miscellaneous"
2018-05-03,"Adam Hoyle",0.25,"","Design comps for Tufts meeting","Misc.","Linkwell Health","Miscellaneous"
2018-05-03,"Adam Hoyle",0.5,"product innovation huddle call w/ Laura, Omo, Steve",,,"Linkwell Health","Miscellaneous"
2018-05-02,"Adam Hoyle",7.0,"Product Innovation Meeting / Spring Planning Session in NY",,,"Linkwell Health","Miscellaneous"
2018-05-01,"Adam Hoyle",0.5,"research transferring and creating templates, email Omo","Create product scoring card in Survey Monkey","Misc.","Linkwell Health","Miscellaneous"
2018-05-01,"Adam Hoyle",0.75,"catchup on Omo emails, reply and update BC",,,"Linkwell Health","Miscellaneous"
2018-05-01,"Adam Hoyle",1.25,"call w/ Omo to check in on all projects",,,"Linkwell Health","Miscellaneous"
2018-04-30,"Adam Hoyle",2.0,"process Omo emails, type up responses, research, update Basecamp, etc.",,,"Linkwell Health","Miscellaneous"
2018-04-30,"Adam Hoyle",0.25,"","Design comps for Tufts meeting","Misc.","Linkwell Health","Miscellaneous"
2018-04-29,"Adam Hoyle",6.0,"Sprint Kickoff meeting - hotel and travel",,,"Linkwell Health","Miscellaneous"
2018-04-29,"Adam Hoyle",0.5,"book hotel and travel for sprint kickoff meeting in NY",,,"Linkwell Health","Miscellaneous"
2018-04-26,"Adam Hoyle",0.5,"call w/ Steve",,,"Linkwell Health","Miscellaneous"
2018-04-25,"Adam Hoyle",2.5,"misc. emails, project coordination and BC updates",,,"Linkwell Health","Miscellaneous"
2018-04-24,"Adam Hoyle",0.5,"look up account and reset password for Joy Manning per Jen Hawthrone",,,"Linkwell Health","Miscellaneous"
2018-04-19,"Adam Hoyle",0.75,"review analytics discrepancies, respond to Omo re: views and property tracking ids",,,"Linkwell Health","Miscellaneous"
2018-04-18,"Adam Hoyle",1.25,"misc. project coordination and emails",,,"Linkwell Health","Miscellaneous"
2018-04-12,"Adam Hoyle",0.5,"convert file to Google for Jennifer, get article count and sorts","Produce a content report for new content added to HLE since (see comment)","Misc.","Linkwell Health","Miscellaneous"
2018-04-10,"Adam Hoyle",0.25,"daily huddle meeting",,,"Linkwell Health","Miscellaneous"
2018-04-09,"Adam Hoyle",0.75,"review feedback and respond to steve, find links, create rough comp","Design comps for Merrill Corp. meeting (see comment)","Misc.","Linkwell Health","Miscellaneous"
2018-04-09,"Adam Hoyle",0.25,"test, email Jennifer","Produce a content report for new content added to HLE since (see comment)","Misc.","Linkwell Health","Miscellaneous"
2018-04-06,"Adam Hoyle",3.0,"Conference call w/ Product Team followup on scorecard",,,"Linkwell Health","Miscellaneous"
2018-04-05,"Adam Hoyle",8.0,"Product team meeting in NY",,,"Linkwell Health","Miscellaneous"
2018-04-05,"Adam Hoyle",0.5,"breakdown Linkwell hours for billing",,,"Linkwell Health","Miscellaneous"
2018-04-04,"Adam Hoyle",0.25,"","Design comps for Merrill Corp. meeting (see comment)","Misc.","Linkwell Health","Miscellaneous"
2018-04-04,"Adam Hoyle",1.0,"call w/ Steve re: new comps he needs for Merrill Corp.",,,"Linkwell Health","Miscellaneous"
2018-03-29,"Adam Hoyle",0.75,"Setup pingom alerts for Anthem and Premera",,,"Linkwell Health","Miscellaneous"
2018-03-29,"Adam Hoyle",0.25,"","Produce a content report for new content added to HLE since (see comment)","Misc.","Linkwell Health","Miscellaneous"
2018-03-21,"Adam Hoyle",1.0,"review open items, prep for call, email Omo questions",,,"Linkwell Health","Miscellaneous"
2018-03-15,"Adam Hoyle",1.25,"review notes and projects, misc. email and project coordination",,,"Linkwell Health","Miscellaneous"
2018-03-13,"Adam Hoyle",1.0,"checkin call w/ Steve and Omo",,,"Linkwell Health","Miscellaneous"
2018-03-12,"Adam Hoyle",0.25,"","Design comps for BCBS VT plansite on HLE (see comment)","Misc.","Linkwell Health","Miscellaneous"
2018-03-08,"Adam Hoyle",0.75,"review projects, priorities, emails, and organize notes",,,"Linkwell Health","Miscellaneous"
2018-03-06,"Adam Hoyle",1.0,"misc. email communication and basecamp updates",,,"Linkwell Health","Miscellaneous"
2018-03-05,"Adam Hoyle",0.5,"breakdown Linkwell hours for billing",,,"Linkwell Health","Miscellaneous"
2018-03-02,"Adam Hoyle",0.5,"update URLs and create redirects for LInkwell press release",,,"Linkwell Health","Miscellaneous"
2018-03-02,"Adam Hoyle",0.5,"re-send holiday package to Jennifer",,,"Linkwell Health","Miscellaneous"
2018-02-23,"Adam Hoyle",0.25,"download images, add to BC, respond to Jennifer","Design comps for HighMark Medicare/Retirement (see comment)","Misc.","Linkwell Health","Miscellaneous"
2018-02-23,"Adam Hoyle",0.25,"review content, update BC","Design comps for HighMark Medicare/Retirement (see comment)","Misc.","Linkwell Health","Miscellaneous"
2018-02-22,"Adam Hoyle",0.75,"highmark call w/ Steve and Co.",,,"Linkwell Health","Miscellaneous"
2018-02-14,"Adam Hoyle",1.25,"misc. email and project coordination",,,"Linkwell Health","Miscellaneous"
2018-02-14,"Adam Hoyle",1.0,"weekly status call w/ Omo",,,"Linkwell Health","Miscellaneous"
2018-02-13,"Adam Hoyle",0.5,"breakdown Linkwell hours for billing",,,"Linkwell Health","Miscellaneous"
2018-01-15,"Adam Hoyle",0.75,"process emails",,,"Linkwell Health","Miscellaneous"
2018-01-04,"Adam Hoyle",0.75,"misc. email and followups: Jennifer H. Guidewell, Omo, Steve",,,"Linkwell Health","Miscellaneous"
2018-01-03,"Adam Hoyle",4.0,"prep, meeting w/ Nate Adams",,,"Linkwell Health","Miscellaneous"
2018-01-02,"Adam Hoyle",1.0,"investigate password protection of feeds, update BC, respond to Linkwell",,,"Linkwell Health","Miscellaneous"
2020-03-05,"Adam Hoyle",1.25,"","Research Subdomain SEO","Misc.","Linkwell Health","National Vision (NVI)"
2019-06-12,"Adam Hoyle",0.5,"register domain and point to acquia","Plan for custom domain for landing page","Email Acquisition","Linkwell Health","National Vision (NVI)"
2019-05-16,"Adam Hoyle",0.5,"Meet w/ Mike and Kyle to review, test and discuss","Dev for Mailchimp Embed form submit (AJAX)","Email Acquisition","Linkwell Health","National Vision (NVI)"
2019-05-14,"Adam Hoyle",0.5,"test SFTP, update BC, email Omo re: port","SFTP and Mailchimp","Email Acquisition","Linkwell Health","National Vision (NVI)"
2019-05-13,"Adam Hoyle",0.5,"review designs, update BC, discuss w/ team","PM, Meetings, Phone Calls","Email Acquisition","Linkwell Health","National Vision (NVI)"
2019-05-10,"Adam Hoyle",0.25,"review and send","Create full clickthrough of designs for PDF download page","Email Acquisition","Linkwell Health","National Vision (NVI)"
2019-05-09,"Adam Hoyle",0.75,"research on timestamps, responses to Omo","MailChimp config and testing","Email Acquisition","Linkwell Health","National Vision (NVI)"
2019-05-09,"Adam Hoyle",0.75,"add new signup source field, test, send Omo new CSVs","MailChimp config and testing","Email Acquisition","Linkwell Health","National Vision (NVI)"
2019-05-08,"Adam Hoyle",1.0,"review email template after changes and feedback from clients","Design and Code ""reengagement"" email in MailChimp","Email Acquisition","Linkwell Health","National Vision (NVI)"
2019-05-02,"Adam Hoyle",0.25,"review and send","Create full clickthrough of designs for embed block","Email Acquisition","Linkwell Health","National Vision (NVI)"
2019-05-02,"Adam Hoyle",0.25,"review and send","Create full clickthrough of designs for PDF download page","Email Acquisition","Linkwell Health","National Vision (NVI)"
2019-05-01,"Adam Hoyle",0.5,"implementation discussion","Front-end styling for ""Embed Block""","Email Acquisition","Linkwell Health","National Vision (NVI)"
2019-04-26,"Adam Hoyle",0.5,"YT responsive player CSS",,,"Linkwell Health","National Vision (NVI)"
2019-04-20,"Adam Hoyle",2.25,"Review requirements, check template, update links and other requirements, litmus test, package deliverable","Design and Code ""reengagement"" email in MailChimp","Email Acquisition","Linkwell Health","National Vision (NVI)"
2019-04-15,"Adam Hoyle",0.5,"","Design and Code ""reengagement"" email in MailChimp","Email Acquisition","Linkwell Health","National Vision (NVI)"
2019-04-15,"Adam Hoyle",1.5,"","PM, Meetings, Phone Calls","Email Acquisition","Linkwell Health","National Vision (NVI)"
2019-04-12,"Adam Hoyle",0.5,"updates, slack and email w/ Laura","Design and Code ""reengagement"" email in MailChimp","Email Acquisition","Linkwell Health","National Vision (NVI)"
2019-04-12,"Adam Hoyle",0.75,"mailchimp research and notes","PM, Meetings, Phone Calls","Email Acquisition","Linkwell Health","National Vision (NVI)"
2019-04-12,"Adam Hoyle",0.25,"","Send sample csv file (see comment)","Email Acquisition","Linkwell Health","National Vision (NVI)"
2019-04-11,"Adam Hoyle",0.5,"misc. slack and email discussion w/ team","PM, Meetings, Phone Calls","Email Acquisition","Linkwell Health","National Vision (NVI)"
2019-04-11,"Adam Hoyle",0.25,"meet w/ Jay to discuss approach","PM, Meetings, Phone Calls","Email Acquisition","Linkwell Health","National Vision (NVI)"
2019-04-11,"Adam Hoyle",1.0,"email and slack comm, BC updates","PM, Meetings, Phone Calls","Email Acquisition","Linkwell Health","National Vision (NVI)"
2019-04-11,"Adam Hoyle",0.25,"review, update BC, email LW team","Design and Code ""reengagement"" email in MailChimp","Email Acquisition","Linkwell Health","National Vision (NVI)"
2019-04-10,"Adam Hoyle",0.5,"review email requirements and guidelines, update BC, respond to team","PM, Meetings, Phone Calls","Email Acquisition","Linkwell Health","National Vision (NVI)"
2019-04-10,"Adam Hoyle",0.5,"followup call w/ Omo re: PDF incentive and landing pages","PM, Meetings, Phone Calls","Email Acquisition","Linkwell Health","National Vision (NVI)"
2019-04-10,"Adam Hoyle",0.25,"update BC","PM, Meetings, Phone Calls","Email Acquisition","Linkwell Health","National Vision (NVI)"
2019-04-10,"Adam Hoyle",0.5,"call w/ Omo and Laura","PM, Meetings, Phone Calls","Email Acquisition","Linkwell Health","National Vision (NVI)"
2019-04-10,"Adam Hoyle",0.5,"Review request, type questions, research examples","PM, Meetings, Phone Calls","Email Acquisition","Linkwell Health","National Vision (NVI)"
2019-04-09,"Adam Hoyle",0.75,"review and discuss AB email re-engagement design, estimate for delivery (12-16hrs) and subsequent (4-6)",,,"Linkwell Health","National Vision (NVI)"
2019-04-03,"Adam Hoyle",1.5,"troubleshoot DNS issues",,,"Linkwell Health","National Vision (NVI)"
2019-03-19,"Adam Hoyle",3.0,"Linkwell User Session observations and discussion",,,"Linkwell Health","National Vision (NVI)"
2019-03-18,"Adam Hoyle",7.0,"Linkwell User Session observations and discussion",,,"Linkwell Health","National Vision (NVI)"
2019-03-15,"Adam Hoyle",1.5,"Create tracks 1, 2, test all tracks.","Assemble click-throughs based on defined tracks","User Testing Comps","Linkwell Health","National Vision (NVI)"
2019-03-14,"Adam Hoyle",3.5,"misc. project coordination",,,"Linkwell Health","National Vision (NVI)"
2019-03-13,"Adam Hoyle",1.75,"user testing planning",,,"Linkwell Health","National Vision (NVI)"
2019-03-13,"Adam Hoyle",0.5,"review design w/ Jay","Wireframes for user testing","User Testing Comps","Linkwell Health","National Vision (NVI)"
2019-03-13,"Adam Hoyle",2.25,"user testing call prep, call and followups, slack, etc.",,,"Linkwell Health","National Vision (NVI)"
2019-03-12,"Adam Hoyle",0.25,"discuss comps w/ Jay","Wireframes for user testing","User Testing Comps","Linkwell Health","National Vision (NVI)"
2019-03-11,"Adam Hoyle",2.5,"internal discussions, slack, call w/ Laura","Wireframes for user testing","User Testing Comps","Linkwell Health","National Vision (NVI)"
2019-03-06,"Adam Hoyle",0.75,"Planning call for usability testing",,,"Linkwell Health","National Vision (NVI)"
2019-02-26,"Adam Hoyle",0.5,"project coordination and internal discussion re: approach","Add ""Most Popular"" block to bottom of articles in the copy/paste HTML section","Misc.","Linkwell Health","National Vision (NVI)"
2019-02-22,"Adam Hoyle",0.75,"misc. project coordination and emails","Add ""Most Popular"" block to bottom of articles in the copy/paste HTML section","Misc.","Linkwell Health","National Vision (NVI)"
2019-02-21,"Adam Hoyle",0.5,"discuss w/ Mike, Omo, update BC","Add ""Most Popular"" block to bottom of articles in the copy/paste HTML section","Misc.","Linkwell Health","National Vision (NVI)"
2019-01-03,"Adam Hoyle",0.25,"review NVI content report",,,"Linkwell Health","National Vision (NVI)"
2018-12-07,"Adam Hoyle",0.75,"additional seo and analytics research",,,"Linkwell Health","National Vision (NVI)"
2018-12-07,"Adam Hoyle",1.0,"NVI huddle, discuss SEO and followups",,,"Linkwell Health","National Vision (NVI)"
2018-12-06,"Adam Hoyle",0.5,"testing and discussion","Make login page the 403 page","Misc.","Linkwell Health","National Vision (NVI)"
2018-12-05,"Adam Hoyle",0.75,"general updates to landing page, site and emails","Create prototype of email acquisition landing page and sidebar block","Misc.","Linkwell Health","National Vision (NVI)"
2018-12-04,"Adam Hoyle",2.75,"NVI landing page designs and updates","Create prototype of email acquisition landing page and sidebar block","Misc.","Linkwell Health","National Vision (NVI)"
2018-12-03,"Adam Hoyle",6.0,"Linkwell: America's Best - comp showing site design updates and email acquisition prototype",,,"Linkwell Health","National Vision (NVI)"
2018-11-26,"Adam Hoyle",0.25,"review and discuss","NVI Source Code Article View","Misc.","Linkwell Health","National Vision (NVI)"
2018-10-16,"Adam Hoyle",0.25,"followup call w/ Linkwell to discuss NVI feed documentation","NVI Feed Documentation","Misc.","Linkwell Health","National Vision (NVI)"
2018-10-16,"Adam Hoyle",1.0,"call w/ Linkwell to discuss NVI feed documentation","NVI Feed Documentation","Misc.","Linkwell Health","National Vision (NVI)"
2018-10-16,"Adam Hoyle",1.0,"review and update NVI feed docs","NVI Feed Documentation","Misc.","Linkwell Health","National Vision (NVI)"
2018-10-12,"Adam Hoyle",1.0,"call to discuss feeds",,,"Linkwell Health","National Vision (NVI)"
2018-09-25,"Adam Hoyle",0.5,"review notes, update BC",,,"Linkwell Health","National Vision (NVI)"
2020-01-31,"Adam Hoyle",3.0,"QA",,,"Linkwell Health","Pantheon Migration"
2018-10-18,"Adam Hoyle",1.75,"troubleshoot Android 6, Gmail inbox issues","Code emails","PBC Fall 2018 Emails - The Vine","Linkwell Health","Premera"
2018-10-16,"Adam Hoyle",1.5,"troubleshoot and update gmail inbox app issues with grey background.","Code emails","PBC Fall 2018 Emails - The Vine","Linkwell Health","Premera"
2018-10-09,"Adam Hoyle",2.5,"code and test emails","Code emails","PBC Fall 2018 Emails - The Vine","Linkwell Health","Premera"
2018-10-03,"Adam Hoyle",0.25,"Update pingdom notifications, remove Jennifer R.",,,"Linkwell Health","Premera"
2018-08-23,"Adam Hoyle",2.5,"testing and fixing email issues","Code and test email","PBC Fall 2018 Condition Management Emails","Linkwell Health","Premera"
2018-08-23,"Adam Hoyle",0.25,"update email copy","Code and test email","PBC Fall 2018 Condition Management Emails","Linkwell Health","Premera"
2018-08-23,"Adam Hoyle",4.25,"create landing pages, create exclusives, test","Create landing pages","PBC Fall 2018 Condition Management Emails","Linkwell Health","Premera"
2018-08-21,"Adam Hoyle",0.25,"review updated email copy, update BC","Code and test email","PBC Fall 2018 Condition Management Emails","Linkwell Health","Premera"
2018-08-17,"Adam Hoyle",1.25,"review and send to Joy","Add content to HLE and push to plan site(s)","PBC Fall 2018 Condition Management Emails","Linkwell Health","Premera"
2018-08-15,"Adam Hoyle",1.0,"litmus testing","Code and test email","PBC Fall 2018 Condition Management Emails","Linkwell Health","Premera"
2018-08-15,"Adam Hoyle",0.5,"add alt text","Code and test email","PBC Fall 2018 Condition Management Emails","Linkwell Health","Premera"
2018-08-15,"Adam Hoyle",6.5,"cut images, update links, update copy","Code and test email","PBC Fall 2018 Condition Management Emails","Linkwell Health","Premera"
2018-08-15,"Adam Hoyle",0.5,"generate obscure URLs and update spreadsheet","Add content to HLE and push to plan site(s)","PBC Fall 2018 Condition Management Emails","Linkwell Health","Premera"
2018-08-14,"Adam Hoyle",1.0,"reviewing notes, reviewing previous program, gathering files, updating BC, etc.","Add content to HLE and push to plan site(s)","PBC Fall 2018 Condition Management Emails","Linkwell Health","Premera"
2018-07-03,"Adam Hoyle",0.5,"","Add content to HLE and push to Plan Sites","PBC Summer 2018 email - The Vine","Linkwell Health","Premera"
2018-07-03,"Adam Hoyle",3.0,"code and test emails","Code emails","PBC Summer 2018 email - The Vine","Linkwell Health","Premera"
2018-03-28,"Adam Hoyle",0.75,"research redirect for custom domains, update HTML emails to point to custom domains","Code emails","Spring/April 2018 Quarterly Wellness Email Newsletter (The Vine)","Linkwell Health","Premera"
2018-03-23,"Adam Hoyle",0.5,"finish premera customizations, email Omo",,,"Linkwell Health","Premera"
2018-03-23,"Adam Hoyle",1.0,"create new logos, deploy, troubleshoot, test","PREMERA: Logo update in the footer to the white/blue version to replace the white/black.","Plan Site Customizations","Linkwell Health","Premera"
2018-03-20,"Adam Hoyle",0.5,"updates and litmus testing","Code emails","Spring/April 2018 Quarterly Wellness Email Newsletter (The Vine)","Linkwell Health","Premera"
2018-03-19,"Adam Hoyle",2.25,"","Code emails","Spring/April 2018 Quarterly Wellness Email Newsletter (The Vine)","Linkwell Health","Premera"
2018-03-19,"Adam Hoyle",1.0,"","Add content to HLE and update spreadsheet","Spring/April 2018 Quarterly Wellness Email Newsletter (The Vine)","Linkwell Health","Premera"
2018-03-16,"Adam Hoyle",0.5,"review feedback from Brian, add notes, send to Kyle",,,"Linkwell Health","Premera"
2018-03-12,"Adam Hoyle",0.5,"review quarterly email notes, respond to Joy, update BC",,,"Linkwell Health","Premera"
2018-03-06,"Adam Hoyle",0.5,"","Upload Premera videos to YouTube","Misc.","Linkwell Health","Premera"
2018-03-05,"Adam Hoyle",0.75,"image and copy updates","Code emails","Spring 2018 Condition Management Emails","Linkwell Health","Premera"
2018-02-22,"Adam Hoyle",1.0,"adjust block order per Omo on all 4 plan sites, troubleshoot and test",,,"Linkwell Health","Premera"
2018-02-22,"Adam Hoyle",0.75,"updates and testing","Styling updates for Premera Plan Sites","Plan Sites","Linkwell Health","Premera"
2018-02-15,"Adam Hoyle",0.75,"QA updates","Code emails","Spring 2018 Condition Management Emails","Linkwell Health","Premera"
2018-02-14,"Adam Hoyle",0.5,"review feedback from Omo",,,"Linkwell Health","Premera"
2018-02-11,"Adam Hoyle",0.5,"Litmus testing","Code emails","Spring 2018 Condition Management Emails","Linkwell Health","Premera"
2018-02-11,"Adam Hoyle",4.0,"","Code emails","Spring 2018 Condition Management Emails","Linkwell Health","Premera"
2018-02-09,"Adam Hoyle",3.5,"","Code emails","Spring 2018 Condition Management Emails","Linkwell Health","Premera"
2018-02-08,"Adam Hoyle",0.75,"review","Add content to LMS (and HLE?) and update spreadsheet","Spring 2018 Condition Management Emails","Linkwell Health","Premera"
2018-02-08,"Adam Hoyle",2.0,"","Create landing pages","Spring 2018 Condition Management Emails","Linkwell Health","Premera"
2018-01-09,"Adam Hoyle",0.5,"update links, test, resend","Coding for Premera Quarterly Emails - Winter","Misc.","Linkwell Health","Premera"
2018-01-09,"Adam Hoyle",0.25,"review notes, update BC","Coding for Premera Quarterly Emails - Winter","Misc.","Linkwell Health","Premera"
2018-01-08,"Adam Hoyle",0.25,"respond to Omo re: options for fixing the email links",,,"Linkwell Health","Premera"
2018-01-08,"Adam Hoyle",1.5,"implement, test, troubleshoot content filtering for Omo's request on quarterly email external links",,,"Linkwell Health","Premera"
2020-08-28,"Adam Hoyle",0.25,"","Add UHC to GSC","Dev","Linkwell Health","UHC"
2020-08-05,"Adam Hoyle",0.5,"pre-launch checkin","Meetings and Phone Calls","Meetings and Phone Calls","Linkwell Health","UHC"
2020-07-21,"Adam Hoyle",0.5,"QA",,,"Linkwell Health","UHC"
2020-07-15,"Adam Hoyle",0.5,"UHC analytics brainstorm/update from Steve","Meetings and Phone Calls","Meetings and Phone Calls","Linkwell Health","UHC"
2020-07-13,"Adam Hoyle",1.0,"Kibitz about UHC meeting to discuss landing pages and deep links","Meetings and Phone Calls","Meetings and Phone Calls","Linkwell Health","UHC"
2020-06-29,"Adam Hoyle",0.75,"timeline planning call w/ Steve and Jed","Meetings and Phone Calls","Meetings and Phone Calls","Linkwell Health","UHC"
2020-06-24,"Adam Hoyle",0.75,"UHC button call","Meetings and Phone Calls","Meetings and Phone Calls","Linkwell Health","UHC"
2020-06-18,"Adam Hoyle",0.5,"review designs, discuss w/ Jay","Create design comps for UHC Renew content funnel site","Design","Linkwell Health","UHC"
2020-06-10,"Adam Hoyle",0.5,"create and send PDFs of designs","Create design comps for UHC Renew content funnel site","Design","Linkwell Health","UHC"
2020-06-08,"Adam Hoyle",0.5,"design review call","Meetings and Phone Calls","Meetings and Phone Calls","Linkwell Health","UHC"
2020-05-19,"Adam Hoyle",1.0,"UHC kickoff call",,,"Linkwell Health","UHC"
2020-02-05,"Adam Hoyle",0.25,"","Design comps for Walmart Health site","Design","Linkwell Health","Walmart Health Site"
2020-01-28,"Adam Hoyle",0.25,"review feedback, update BC","Design comps for Walmart Health site","Design","Linkwell Health","Walmart Health Site"
2020-01-27,"Adam Hoyle",0.25,"review designs and followup","Design comps for Walmart Health site","Design","Linkwell Health","Walmart Health Site"
2020-01-23,"Adam Hoyle",0.5,"discuss with Jay, review and send","Design comps for Walmart Health site","Design","Linkwell Health","Walmart Health Site"
2020-01-17,"Adam Hoyle",0.25,"call w/ Jay to prep for call w/ Omo","Design comps for Walmart Health site","Design","Linkwell Health","Walmart Health Site"
2020-01-17,"Adam Hoyle",0.75,"call w/ Omo to walkthrough request","Design comps for Walmart Health site","Design","Linkwell Health","Walmart Health Site"
2020-01-15,"Adam Hoyle",0.5,"review notes, respond to Omo, update BC",,,"Linkwell Health","Walmart Health Site"
2018-06-18,"Adam Hoyle",0.5,"remove dev, stage, prod from sites.php, remove domains from Acquia control panel","Disable site","Misc.","Linkwell Health","WorldCare"
2018-03-22,"Adam Hoyle",0.5,"template updates, update ListMarketer","Coding for re-engagement emails","Misc.","Linkwell Health","WorldCare"
2018-03-22,"Adam Hoyle",0.5,"updates, send test","Coding for re-engagement emails","Misc.","Linkwell Health","WorldCare"
2018-03-21,"Adam Hoyle",0.5,"","Update alert block headline copy","Misc.","Linkwell Health","WorldCare"
2018-03-20,"Adam Hoyle",1.5,"coding and testing for email #3","Coding for re-engagement emails","Misc.","Linkwell Health","WorldCare"
2018-03-19,"Adam Hoyle",0.25,"update template with changes from Omo","Coding for re-engagement emails","Misc.","Linkwell Health","WorldCare"
2018-03-19,"Adam Hoyle",0.5,"update templates for email #2 campaign","Coordinate sending email to purchased list","Misc.","Linkwell Health","WorldCare"
2018-03-15,"Adam Hoyle",1.0,"email updates per Laura QA","Coding for re-engagement emails","Misc.","Linkwell Health","WorldCare"
2018-03-14,"Adam Hoyle",2.0,"litmust testing, HTML tweaks, ListMarketer setup for next two campaigns, update BC, email Omo","Coordinate sending email to purchased list","Misc.","Linkwell Health","WorldCare"
2018-03-09,"Adam Hoyle",0.5,"assign email coding to Jay, respond to Omo re: send plan","Coordinate sending email to purchased list","Misc.","Linkwell Health","WorldCare"
2018-03-08,"Adam Hoyle",0.75,"review and respond to emails, update BC","Coordinate sending email to purchased list","Misc.","Linkwell Health","WorldCare"
2018-02-20,"Adam Hoyle",0.75,"create confirmation page, setup Goals in analytics","Add conversion tracking to contact form (see comment)","Misc.","Linkwell Health","WorldCare"
2018-02-14,"Adam Hoyle",0.5,"update campaign send numbers",,,"Linkwell Health","WorldCare"
2018-02-14,"Adam Hoyle",1.0,"review previous send, edit scheduled campaigns to fix offset, email Dawn with questions",,,"Linkwell Health","WorldCare"
2018-02-13,"Adam Hoyle",1.0,"check campaign sends, schedule next 3 days",,,"Linkwell Health","WorldCare"
2018-02-12,"Adam Hoyle",1.5,"schedule first 3 sends",,,"Linkwell Health","WorldCare"
2018-02-07,"Adam Hoyle",1.5,"review documentation, send test emails, send first warmup to friendlies","Coordinate sending email to purchased list","Misc.","Linkwell Health","WorldCare"
2018-02-07,"Adam Hoyle",0.5,"add DKM records","Coordinate sending email to purchased list","Misc.","Linkwell Health","WorldCare"
2018-02-06,"Adam Hoyle",0.75,"create and check DNS records","Coordinate sending email to purchased list","Misc.","Linkwell Health","WorldCare"
2018-02-02,"Adam Hoyle",1.0,"email tests, site updates and project coordation",,,"Linkwell Health","WorldCare"
2018-02-02,"Adam Hoyle",0.5,"review notes and feedback, add to BC, make updates to plan site, respond to Omo","Create WorldCare D8 plansite (see comment)","Misc.","Linkwell Health","WorldCare"
2018-02-02,"Adam Hoyle",0.25,"review v2 and send test via MC, email Omo","Coding for WorldCare email (see comment)","Misc.","Linkwell Health","WorldCare"
2018-02-01,"Adam Hoyle",1.0,"updates","Coding for WorldCare email (see comment)","Misc.","Linkwell Health","WorldCare"
2018-02-01,"Adam Hoyle",0.5,"check propagation, followup with ListMarketer","Coordinate sending email to purchased list","Misc.","Linkwell Health","WorldCare"
2018-02-01,"Adam Hoyle",0.25,"review feedback, update BC","Coding for WorldCare email (see comment)","Misc.","Linkwell Health","WorldCare"
2018-02-01,"Adam Hoyle",0.5,"updates","Create WorldCare D8 plansite (see comment)","Misc.","Linkwell Health","WorldCare"
2018-02-01,"Adam Hoyle",3.0,"research platform, setup domains, communicate with Support and Omo","Coordinate sending email to purchased list","Misc.","Linkwell Health","WorldCare"
2018-01-30,"Adam Hoyle",0.25,"create landing page","Create WorldCare D8 plansite (see comment)","Misc.","Linkwell Health","WorldCare"
2018-01-30,"Adam Hoyle",1.0,"QA WorldCare email, litmus test",,,"Linkwell Health","WorldCare"
2018-01-15,"Adam Hoyle",0.5,"review notes, add to BC, respond to Omo","Create Worldcare (D6) plansite (see comments)","Misc.","Linkwell Health","WorldCare"
2020-01-01,"Adam Hoyle",1.5,"design research",,,"MyTeamTee.com","Devils Tourney Tees"
2020-01-01,"Adam Hoyle",1.5,"Team Tees - select apparel, research designs, setup starter site",,,"MyTeamTee.com","Devils Tourney Tees"
2018-01-16,"Adam Hoyle",0.75,"review colors and makes notes on PDF edits.",,,"Nature's Remedy","Logo Design"
2018-01-08,"Adam Hoyle",0.5,"review designs, discuss plan for first round revisions w/ Jay",,,"Nature's Remedy","Logo Design"
2018-01-04,"Adam Hoyle",2.5,"write logo descriptions, work on page layouts, feedback and options edits with Jay",,,"Nature's Remedy","Logo Design"
2019-09-19,"Adam Hoyle",0.5,"troublehoot issue with customer not being able to access webinars, call Scarlet to walk through solution (Locksmith subscription)",,,"Non Profit Quarterly","2019 Webinar Membership"
2019-09-19,"Adam Hoyle",0.25,"update new graphics","Create new webinar and membership promo graphics","Misc.","Non Profit Quarterly","2019 Webinar Membership"
2019-09-06,"Adam Hoyle",0.25,"review and send","Create new webinar and membership promo graphics","Misc.","Non Profit Quarterly","2019 Webinar Membership"
2019-09-06,"Adam Hoyle",1.25,"updates and testing","Update emails with new conditional logic and messaging","Misc.","Non Profit Quarterly","2019 Webinar Membership"
2019-09-05,"Adam Hoyle",0.5,"call w/ NPQ, updates to site",,,"Non Profit Quarterly","2019 Webinar Membership"
2019-09-05,"Adam Hoyle",0.25,"process notes, update BC",,,"Non Profit Quarterly","2019 Webinar Membership"
2019-09-04,"Adam Hoyle",0.5,"update images",,,"Non Profit Quarterly","2019 Webinar Membership"
2019-09-04,"Adam Hoyle",2.0,"//Change title to “NPQ’s Leading Edge Membership” //Add image to lock pages, update name text //Update the order of the products so they are listed sequentially //update with membership program name",,,"Non Profit Quarterly","2019 Webinar Membership"
2019-09-04,"Adam Hoyle",0.5,"checkin call w/ Joel and Aine",,,"Non Profit Quarterly","2019 Webinar Membership"
2019-09-03,"Adam Hoyle",4.0,"Create updated graphics and add to site (homepage, thumbnails and lock page) Add collection list to homepage Add membership product to homepage Update nav links to point to collection list pages Add/update membership popup promo Add promo bar to all pages",,,"Non Profit Quarterly","2019 Webinar Membership"
2019-09-03,"Adam Hoyle",0.5,"call w/ Joel to review progress",,,"Non Profit Quarterly","2019 Webinar Membership"
2019-08-30,"Adam Hoyle",1.0,"prep for call, make updates",,,"Non Profit Quarterly","2019 Webinar Membership"
2019-08-30,"Adam Hoyle",0.75,"checkin call w/ Aine, Joel, Nicole",,,"Non Profit Quarterly","2019 Webinar Membership"
2019-08-29,"Adam Hoyle",2.5,"link products to fulfillment pages, link locks to product pages",,,"Non Profit Quarterly","2019 Webinar Membership"
2019-08-28,"Adam Hoyle",0.25,"research partial payment and split payment apps",,,"Non Profit Quarterly","2019 Webinar Membership"
2019-08-28,"Adam Hoyle",0.25,"send recap email to Aine and Joel",,,"Non Profit Quarterly","2019 Webinar Membership"
2019-08-27,"Adam Hoyle",3.0,"","Install configure and test LockSmith","Misc.","Non Profit Quarterly","2019 Webinar Membership"
2019-08-23,"Adam Hoyle",1.0,"call w/ Joel and Aine re: All Access Memberships and webinar archives",,,"Non Profit Quarterly","2019 Webinar Membership"
2019-08-22,"Adam Hoyle",1.0,"research plugins, outline scope and tasks",,,"Non Profit Quarterly","2019 Webinar Membership"
2019-05-22,"Adam Hoyle",0.5,"","Update homepage to feature the new 2019 Webinar","Misc.","Non Profit Quarterly","2019 Webinar Series"
2019-05-21,"Adam Hoyle",1.25,"update navigation, update homepage featured product, update homepage hero","Update homepage to feature the new 2019 Webinar","Misc.","Non Profit Quarterly","2019 Webinar Series"
2019-04-24,"Adam Hoyle",2.0,"","Conditional emails","Misc.","Non Profit Quarterly","2019 Webinar Series"
2019-04-18,"Adam Hoyle",0.75,"test email conditionals, respond to Scarlet",,,"Non Profit Quarterly","2019 Webinar Series"
2019-04-17,"Adam Hoyle",0.25,"review email conditionals for variant messaging, respond to Scarlet",,,"Non Profit Quarterly","2019 Webinar Series"
2019-04-17,"Adam Hoyle",1.0,"troubleshoot and test order confirmation email",,,"Non Profit Quarterly","2019 Webinar Series"
2019-04-16,"Adam Hoyle",0.25,"support for Scarlet re: email templates",,,"Non Profit Quarterly","2019 Webinar Series"
2019-04-10,"Adam Hoyle",0.25,"review request, respond to Scarlet, update BC",,,"Non Profit Quarterly","2019 Webinar Series"
2020-04-08,"Adam Hoyle",0.5,"","Install GDPR Cookie Compliance","Implementation","Non Profit Quarterly","DONE: Shopify Site"
2020-03-31,"Adam Hoyle",1.0,"","Promote membership on webinar page for upgrade before they buy","Content","Non Profit Quarterly","DONE: Shopify Site"
2020-03-18,"Adam Hoyle",0.25,"","Update homepage and navigation to point membership page to new landing page","Implementation","Non Profit Quarterly","DONE: Shopify Site"
2020-03-17,"Adam Hoyle",1.0,"","Enable all remaining article reprints","Content","Non Profit Quarterly","DONE: Shopify Site"
2020-03-16,"Adam Hoyle",2.25,"finish building index page and creating collections","Enable all remaining article reprints","Content","Non Profit Quarterly","DONE: Shopify Site"
2020-03-11,"Adam Hoyle",1.0,"weekly check in call",,,"Non Profit Quarterly","DONE: Shopify Site"
2020-03-09,"Adam Hoyle",0.5,"launch new page and update homepage, navigation, links and create redirect","Implementation of Membership Landing Page","Content","Non Profit Quarterly","DONE: Shopify Site"
2020-03-09,"Adam Hoyle",0.5,"","Force accounts for checkout","Content","Non Profit Quarterly","DONE: Shopify Site"
2020-03-09,"Adam Hoyle",0.5,"","Add SKU (barcode?) link to access webinar or download from order history page","Content","Non Profit Quarterly","DONE: Shopify Site"
2020-03-09,"Adam Hoyle",0.5,"","Update locksmith to check for new member tag","Content","Non Profit Quarterly","DONE: Shopify Site"
2020-03-09,"Adam Hoyle",0.5,"","Hide prices for members","Content","Non Profit Quarterly","DONE: Shopify Site"
2020-03-05,"Adam Hoyle",1.0,"review membership management features","Implementation of Membership Landing Page","Content","Non Profit Quarterly","DONE: Shopify Site"
2020-03-03,"Adam Hoyle",0.24,"review page","Implementation of Membership Landing Page","Content","Non Profit Quarterly","DONE: Shopify Site"
2020-02-25,"Adam Hoyle",0.5,"review designs","Design landing page for Leading Edge Membership","Content","Non Profit Quarterly","DONE: Shopify Site"
2020-02-13,"Adam Hoyle",0.5,"remove captcha from account creation flow, test",,,"Non Profit Quarterly","DONE: Shopify Site"
2020-02-12,"Adam Hoyle",0.25,"Enable forced account creation/login for purchase, test",,,"Non Profit Quarterly","DONE: Shopify Site"
2020-02-12,"Adam Hoyle",2.5,"configuration of Member and Stripe",,,"Non Profit Quarterly","DONE: Shopify Site"
2020-02-10,"Adam Hoyle",2.0,"build custom collection list page for article reprints",,,"Non Profit Quarterly","DONE: Shopify Site"
2020-02-02,"Adam Hoyle",1.0,"deploy and test",,,"Non Profit Quarterly","DONE: Shopify Site"
2020-02-01,"Adam Hoyle",1.0,"Prep for deployment",,,"Non Profit Quarterly","DONE: Shopify Site"
2020-01-31,"Adam Hoyle",2.0,"prep for call and complete pre-launch steps",,,"Non Profit Quarterly","DONE: Shopify Site"
2020-01-31,"Adam Hoyle",0.5,"pre-launch demo",,,"Non Profit Quarterly","DONE: Shopify Site"
2020-01-31,"Adam Hoyle",0.5,"","Domain and redirect strategy","Discovery","Non Profit Quarterly","DONE: Shopify Site"
2020-01-24,"Adam Hoyle",2.0,"updates and prep for conference call and screenshare",,,"Non Profit Quarterly","DONE: Shopify Site"
2020-01-23,"Adam Hoyle",2.25,"theme updates, add images, adjust content, planning for MVP",,,"Non Profit Quarterly","DONE: Shopify Site"
2020-01-15,"Adam Hoyle",0.25,"weekly checkin call",,,"Non Profit Quarterly","DONE: Shopify Site"
2020-01-08,"Adam Hoyle",0.75,"call to review comps with NPQ team","Design comps","Design","Non Profit Quarterly","DONE: Shopify Site"
2020-01-06,"Adam Hoyle",0.25,"followup on designs",,,"Non Profit Quarterly","DONE: Shopify Site"
2020-01-03,"Adam Hoyle",0.5,"review and send","Design comps","Design","Non Profit Quarterly","DONE: Shopify Site"
2019-12-19,"Adam Hoyle",1.5,"import and testing","Cleanup article reprint titles and descriptions","Content","Non Profit Quarterly","DONE: Shopify Site"
2019-12-18,"Adam Hoyle",1.25,"add conditional code to template and test, prep for call","Write conditional to show download link if customer is tagged or has purchased","Implementation","Non Profit Quarterly","DONE: Shopify Site"
2019-12-18,"Adam Hoyle",0.5,"demo digital downloads to Joel and team",,,"Non Profit Quarterly","DONE: Shopify Site"
2019-12-17,"Adam Hoyle",0.5,"Attached all FALL digital issues and update product pages with download link",,,"Non Profit Quarterly","DONE: Shopify Site"
2019-12-16,"Adam Hoyle",0.5,"SkyPilot testing","Link digital files to issues and books","Content","Non Profit Quarterly","DONE: Shopify Site"
2019-12-16,"Adam Hoyle",0.25,"review and discuss deliverable w/ Jay","Site Architecture / Sitemap / userflow","Discovery","Non Profit Quarterly","DONE: Shopify Site"
2019-12-12,"Adam Hoyle",0.75,"prep site for demo",,,"Non Profit Quarterly","DONE: Shopify Site"
2019-12-12,"Adam Hoyle",0.25,"reimport and test, restore images","Update all Digital Issue titles and descriptions","Content","Non Profit Quarterly","DONE: Shopify Site"
2019-12-11,"Adam Hoyle",1.5,"review conference notes and PDFs, other research","Research membership email campaigns and renewal best practices","Discovery","Non Profit Quarterly","DONE: Shopify Site"
2019-12-10,"Adam Hoyle",0.5,"Send update to Joel",,,"Non Profit Quarterly","DONE: Shopify Site"
2019-12-09,"Adam Hoyle",0.75,"","Research membership email campaigns and renewal best practices","Discovery","Non Profit Quarterly","DONE: Shopify Site"
2019-12-06,"Adam Hoyle",0.25,"call w/ Jay re: user flow","Site Architecture / Sitemap / userflow","Discovery","Non Profit Quarterly","DONE: Shopify Site"
2019-12-06,"Adam Hoyle",0.25,"purchase theme and review documentation","Install and test SmartBooks, MInimal theme on dev store","Discovery","Non Profit Quarterly","DONE: Shopify Site"
2019-12-05,"Adam Hoyle",1.5,"review digital delivery tools w/ Kyle and Jay","Link digital files to issues and books","Content","Non Profit Quarterly","DONE: Shopify Site"
2019-12-05,"Adam Hoyle",0.75,"finish conditionals for member and current product sku","Write conditional to show download link if customer is tagged or has purchased","Implementation","Non Profit Quarterly","DONE: Shopify Site"
2019-12-05,"Adam Hoyle",0.5,"digital issue formatting","Update all Digital Issue titles and descriptions","Content","Non Profit Quarterly","DONE: Shopify Site"
2019-12-04,"Adam Hoyle",0.5,"","Update all Digital Issue titles and descriptions","Content","Non Profit Quarterly","DONE: Shopify Site"
2019-12-04,"Adam Hoyle",1.0,"","Write conditional to show download link if customer is tagged or has purchased","Implementation","Non Profit Quarterly","DONE: Shopify Site"
2019-12-04,"Adam Hoyle",0.5,"prep and discuss process with Nicole","Update all Digital Issue titles and descriptions","Content","Non Profit Quarterly","DONE: Shopify Site"
2019-12-04,"Adam Hoyle",1.0,"Weekly update call w/ Joel, Aine, Scarlet, followups and notes",,,"Non Profit Quarterly","DONE: Shopify Site"
2019-12-03,"Adam Hoyle",0.5,"","Update all Digital Issue titles and descriptions","Content","Non Profit Quarterly","DONE: Shopify Site"
2019-12-03,"Adam Hoyle",1.0,"","Update all Digital Issue titles and descriptions","Content","Non Profit Quarterly","DONE: Shopify Site"
2019-12-02,"Adam Hoyle",3.0,"download and review digital assets from Scarlet",,,"Non Profit Quarterly","DONE: Shopify Site"
2019-11-21,"Adam Hoyle",1.25,"","Recurring payment plan and subscription billing research","Discovery","Non Profit Quarterly","DONE: Shopify Site"
2019-11-20,"Adam Hoyle",1.0,"notes and prep for update call",,,"Non Profit Quarterly","DONE: Shopify Site"
2019-11-20,"Adam Hoyle",1.0,"Weekly update call w/ Joel, Aine, Scarlet, Nicole",,,"Non Profit Quarterly","DONE: Shopify Site"
2019-11-19,"Adam Hoyle",0.75,"research digital downloads app",,,"Non Profit Quarterly","DONE: Shopify Site"
2019-11-19,"Adam Hoyle",1.5,"digital issue download and organization and import","Magazine/Digital Issue migration research","Discovery","Non Profit Quarterly","DONE: Shopify Site"
2019-11-19,"Adam Hoyle",0.5,"research recurly, signup for demo","Recurring payment plan and subscription billing research","Discovery","Non Profit Quarterly","DONE: Shopify Site"
2019-11-19,"Adam Hoyle",2.0,"Clean up and test imports for Back Issues, tweak, adjust, finish initial back issue import","Yahoo Store migration research","Discovery","Non Profit Quarterly","DONE: Shopify Site"
2019-10-30,"Adam Hoyle",0.75,"Export and review Yahoo store data, create first draft of sitemap",,,"Non Profit Quarterly","DONE: Shopify Site"
2019-10-25,"Adam Hoyle",0.75,"Research reporting and subscription plugins",,,"Non Profit Quarterly","DONE: Shopify Site"
2019-10-23,"Adam Hoyle",2.0,"Research and make notes on solutions for SubDNA and subscription management",,,"Non Profit Quarterly","DONE: Shopify Site"
2019-10-16,"Adam Hoyle",0.25,"review NPQ reports from Scarlet",,,"Non Profit Quarterly","DONE: Shopify Site"
2019-10-16,"Adam Hoyle",0.5,"call to discuss next steps and review estimate",,,"Non Profit Quarterly","DONE: Shopify Site"
2019-10-16,"Adam Hoyle",0.75,"evaluate customer export app",,,"Non Profit Quarterly","DONE: Shopify Site"
2019-09-20,"Adam Hoyle",2.0,"onsite planning meeting with Enel and Weber",,,"Non Profit Quarterly","Monthly Retainer"
2019-05-28,"Adam Hoyle",0.25,"Support for TinySpark.org domain u/p for Aine",,,"Non Profit Quarterly","Monthly Retainer"
2019-03-21,"Adam Hoyle",1.0,"investigate site outage",,,"Non Profit Quarterly","Monthly Retainer"
2018-12-05,"Adam Hoyle",0.5,"research and respond to analytics question from Aine",,,"Non Profit Quarterly","Monthly Retainer"
2018-11-29,"Adam Hoyle",0.5,"add webinar 6 archive to site","Create a way for paid customers to access webinar archive (see comment)","Webinars in Shopify","Non Profit Quarterly","Monthly Retainer"
2018-11-28,"Adam Hoyle",0.25,"create new WPEngine user accounts for Rob Arroyo and Joel Toner",,,"Non Profit Quarterly","Monthly Retainer"
2018-11-16,"Adam Hoyle",0.75,"NPQ: Review Scarlet's question about Webinar 4 and 5, call w/ Scarlet",,,"Non Profit Quarterly","Monthly Retainer"
2018-11-13,"Adam Hoyle",0.5,"add Webinar 5 archive to site","Create a way for paid customers to access webinar archive (see comment)","Webinars in Shopify","Non Profit Quarterly","Monthly Retainer"
2018-11-02,"Adam Hoyle",0.5,"add webinar 4 archive","Create a way for paid customers to access webinar archive (see comment)","Webinars in Shopify","Non Profit Quarterly","Monthly Retainer"
2018-11-01,"Adam Hoyle",0.5,"call w/ Joel and Aine re: email next steps",,,"Non Profit Quarterly","Monthly Retainer"
2018-10-30,"Adam Hoyle",0.5,"create MailChimp segment for webinar participants","Create a way for paid customers to access webinar archive (see comment)","Webinars in Shopify","Non Profit Quarterly","Monthly Retainer"
2018-10-25,"Adam Hoyle",0.25,"Create SVPSeattle discount code",,,"Non Profit Quarterly","Monthly Retainer"
2018-10-18,"Adam Hoyle",0.5,"look into account invite emails that weren't received by customers","Create a way for paid customers to access webinar archive (see comment)","Webinars in Shopify","Non Profit Quarterly","Monthly Retainer"
2018-10-17,"Adam Hoyle",0.25,"add slides","Create a way for paid customers to access webinar archive (see comment)","Webinars in Shopify","Non Profit Quarterly","Monthly Retainer"
2018-10-17,"Adam Hoyle",0.5,"add webinar 3 archive","Create a way for paid customers to access webinar archive (see comment)","Webinars in Shopify","Non Profit Quarterly","Monthly Retainer"
2018-10-11,"Adam Hoyle",0.5,"look up account activation numbers for Joel, send account invite to new registrants","Create a way for paid customers to access webinar archive (see comment)","Webinars in Shopify","Non Profit Quarterly","Monthly Retainer"
2018-10-05,"Adam Hoyle",0.75,"updates to order archive history page","Create a way for paid customers to access webinar archive (see comment)","Webinars in Shopify","Non Profit Quarterly","Monthly Retainer"
2018-10-04,"Adam Hoyle",0.25,"troubleshoot and fit account requirement issue","Create a way for paid customers to access webinar archive (see comment)","Webinars in Shopify","Non Profit Quarterly","Monthly Retainer"
2018-10-04,"Adam Hoyle",0.5,"add archive for webinar 2","Create a way for paid customers to access webinar archive (see comment)","Webinars in Shopify","Non Profit Quarterly","Monthly Retainer"
2020-12-22,"Adam Hoyle",0.5,"research and respond to Scarlet","Support for Scarlet re: deleted customers","WooCommerce Site","Non Profit Quarterly","Monthly Retainer"
2020-12-21,"Adam Hoyle",0.5,"research issue, review customer accounts in Shopify and Bold, email Scarlet","Support for Scarlet re: deleted customers","WooCommerce Site","Non Profit Quarterly","Monthly Retainer"
2020-12-04,"Adam Hoyle",0.5,"Review notes from Erin, login to test top-level filters, troubleshoot account, email support","Can we integrate Bold (or Stripe or PayPal) with Hubspot via Piesync","WooCommerce Site","Non Profit Quarterly","Monthly Retainer"
2020-12-02,"Adam Hoyle",0.5,"weekly checkin call","Phone Calls/Meetings","Misc.","Non Profit Quarterly","Monthly Retainer"
2020-11-24,"Adam Hoyle",3.0,"","Make sure that anyone who is still active with old product “Leading Edge Membership” has a tag","WooCommerce Site","Non Profit Quarterly","Monthly Retainer"
2020-11-18,"Adam Hoyle",0.5,"weekly checkin","Phone Calls/Meetings","Misc.","Non Profit Quarterly","Monthly Retainer"
2020-11-17,"Adam Hoyle",0.5,"call w/ Hubspot","Phone Calls/Meetings","Misc.","Non Profit Quarterly","Monthly Retainer"
2020-11-11,"Adam Hoyle",0.5,"weekly checkin","Phone Calls/Meetings","Misc.","Non Profit Quarterly","Monthly Retainer"
2020-11-03,"Adam Hoyle",0.5,"","Create Zapier connection between Stripe and Hubspot","WooCommerce Site","Non Profit Quarterly","Monthly Retainer"
2020-10-28,"Adam Hoyle",0.25,"create and test email alias for npq@brunello, email piesync to update account","Can we integrate Bold (or Stripe or PayPal) with Hubspot via Piesync","WooCommerce Site","Non Profit Quarterly","Monthly Retainer"
2020-10-28,"Adam Hoyle",0.75,"weekly checkin call + followups","Phone Calls/Meetings","Misc.","Non Profit Quarterly","Monthly Retainer"
2020-10-22,"Adam Hoyle",0.5,"review response from Hubspot support, check for other non-syncing contacts, email Scarlet","Can we integrate Bold (or Stripe or PayPal) with Hubspot via Piesync","WooCommerce Site","Non Profit Quarterly","Monthly Retainer"
2020-10-22,"Adam Hoyle",2.0,"Republish all posts from all authors listed on author page","Troubleshoot authors for new Grassroots Fundraising articles","Wordpress Site","Non Profit Quarterly","Monthly Retainer"
2020-10-22,"Adam Hoyle",0.5,"","Troubleshoot authors for new Grassroots Fundraising articles","Wordpress Site","Non Profit Quarterly","Monthly Retainer"
2020-10-22,"Adam Hoyle",0.25,"","Add new 468x60 Google Ad to site","Wordpress Site","Non Profit Quarterly","Monthly Retainer"
2020-10-21,"Adam Hoyle",0.75,"weekly check-in call","Phone Calls/Meetings","Misc.","Non Profit Quarterly","Monthly Retainer"
2020-10-21,"Adam Hoyle",0.25,"remove email address from Sandra Fluke (mmcclure@voicesforprogress.org) trying to get them to sync!","Can we integrate Bold (or Stripe or PayPal) with Hubspot via Piesync","WooCommerce Site","Non Profit Quarterly","Monthly Retainer"
2020-10-20,"Adam Hoyle",1.75,"review piesync connection, test shopify sync, troubleshoot and research issues with customers not syncing from Shopify (Sandra Fluke)","Can we integrate Bold (or Stripe or PayPal) with Hubspot via Piesync","WooCommerce Site","Non Profit Quarterly","Monthly Retainer"
2020-10-15,"Adam Hoyle",0.25,"","Adjustments needed on Grassroots pages","Wordpress Site","Non Profit Quarterly","Monthly Retainer"
2020-10-14,"Adam Hoyle",1.0,"weekly checkin","Phone Calls/Meetings","Misc.","Non Profit Quarterly","Monthly Retainer"
2020-10-13,"Adam Hoyle",3.0,"Review available fields, set up new properties in Hubspot, troubleshoot connection, contact support, continue troubleshooting, created new account, successfully created first sync, review fields, make tweaks, create dashboard test.","Can we integrate Bold (or Stripe or PayPal) with Hubspot via Piesync","WooCommerce Site","Non Profit Quarterly","Monthly Retainer"
2020-10-13,"Adam Hoyle",0.25,"","Create Author page in subnav","GIFT Migration","Non Profit Quarterly","Monthly Retainer"
2020-10-07,"Adam Hoyle",0.75,"weekly checkin call","Phone Calls/Meetings","Misc.","Non Profit Quarterly","Monthly Retainer"
2020-10-05,"Adam Hoyle",0.5,"piesync","Can we integrate Bold (or Stripe or PayPal) with Hubspot via Piesync","WooCommerce Site","Non Profit Quarterly","Monthly Retainer"
2020-10-02,"Adam Hoyle",1.5,"demo call and followups","Finalize testing and process for importing","GIFT Migration","Non Profit Quarterly","Monthly Retainer"
2020-10-02,"Adam Hoyle",0.5,"demo prep","Finalize testing and process for importing","GIFT Migration","Non Profit Quarterly","Monthly Retainer"
2020-10-01,"Adam Hoyle",0.5,"testing image import","Finalize testing and process for importing","GIFT Migration","Non Profit Quarterly","Monthly Retainer"
2020-09-30,"Adam Hoyle",0.5,"weekly checkin call re: GFJ","Phone Calls/Meetings","Misc.","Non Profit Quarterly","Monthly Retainer"
2020-09-29,"Adam Hoyle",1.0,"gift landing page call w/ Christian, testing and followups, saving images, etc.","Finalize testing and process for importing","GIFT Migration","Non Profit Quarterly","Monthly Retainer"
2020-09-29,"Adam Hoyle",0.25,"add decade images to Brunello 12","Finalize testing and process for importing","GIFT Migration","Non Profit Quarterly","Monthly Retainer"
2020-09-28,"Adam Hoyle",2.5,"import and format 12 articles from 1980s, document, troubleshoot, email client","Research Bulk or Batch Word Doc -> Wordpress upload strategy","Wordpress Site","Non Profit Quarterly","Monthly Retainer"
2020-09-25,"Adam Hoyle",0.75,"test import 10","Research Bulk or Batch Word Doc -> Wordpress upload strategy","Wordpress Site","Non Profit Quarterly","Monthly Retainer"
2020-09-23,"Adam Hoyle",0.5,"weekly check-in","Phone Calls/Meetings","Misc.","Non Profit Quarterly","Monthly Retainer"
2020-09-22,"Adam Hoyle",1.25,"","Troubleshoot issue with Manage Membership button","WooCommerce Site","Non Profit Quarterly","Monthly Retainer"
2020-09-21,"Adam Hoyle",0.25,"check on guest authors on prod, email Sandy about IMPORT tab readiness.","Research Bulk or Batch Word Doc -> Wordpress upload strategy","Wordpress Site","Non Profit Quarterly","Monthly Retainer"
2020-09-16,"Adam Hoyle",1.5,"weekly call + prep and dryrun through import demo","Phone Calls/Meetings","Misc.","Non Profit Quarterly","Monthly Retainer"
2020-09-16,"Adam Hoyle",0.75,"investigate, check customers, contact Bold, respond to Scarlet","Investigate Bold Membership customer tagging","WooCommerce Site","Non Profit Quarterly","Monthly Retainer"
2020-09-15,"Adam Hoyle",1.25,"Test plugin, email updates to team","Research Bulk or Batch Word Doc -> Wordpress upload strategy","Wordpress Site","Non Profit Quarterly","Monthly Retainer"
2020-09-11,"Adam Hoyle",0.5,"","Automate receipts from Stripe to customer","WooCommerce Site","Non Profit Quarterly","Monthly Retainer"
2020-09-11,"Adam Hoyle",1.0,"testing CSV import, testing ZAP","Research Bulk or Batch Word Doc -> Wordpress upload strategy","Wordpress Site","Non Profit Quarterly","Monthly Retainer"
2020-09-09,"Adam Hoyle",0.5,"weekly checkin call","Phone Calls/Meetings","Misc.","Non Profit Quarterly","Monthly Retainer"
2020-09-04,"Adam Hoyle",0.75,"Research CSV plugins, research Zapier, respond to Sandy","Research Bulk or Batch Word Doc -> Wordpress upload strategy","Wordpress Site","Non Profit Quarterly","Monthly Retainer"
2020-09-02,"Adam Hoyle",1.0,"checkin call re: GRF migration with Sandy and team","Phone Calls/Meetings","Misc.","Non Profit Quarterly","Monthly Retainer"
2020-09-02,"Adam Hoyle",0.25,"","Install Word to WP import plugin","Wordpress Site","Non Profit Quarterly","Monthly Retainer"
2020-09-02,"Adam Hoyle",0.25,"","Add og:image meta property for improved control over social sharing","Wordpress Site","Non Profit Quarterly","Monthly Retainer"
2020-09-02,"Adam Hoyle",0.5,"weekly checkin call","Phone Calls/Meetings","Misc.","Non Profit Quarterly","Monthly Retainer"
2020-08-31,"Adam Hoyle",0.25,"research plugins","Install Word to WP import plugin","Wordpress Site","Non Profit Quarterly","Monthly Retainer"
2020-08-20,"Adam Hoyle",0.5,"email and coordinate for GIFT migration",,,"Non Profit Quarterly","Monthly Retainer"
2020-08-19,"Adam Hoyle",0.25,"weekly call w/ NPQ","Phone Calls/Meetings","Misc.","Non Profit Quarterly","Monthly Retainer"
2020-08-18,"Adam Hoyle",1.0,"planning call w/ Grassroots Fundraising","Phone Calls/Meetings","Misc.","Non Profit Quarterly","Monthly Retainer"
2020-08-05,"Adam Hoyle",0.75,"weekly checkin call","Phone Calls/Meetings","Misc.","Non Profit Quarterly","Monthly Retainer"
2020-07-23,"Adam Hoyle",0.5,"testing","Remove price and BUY NOW button for logged in members or customers who have purchased the item they're viewing","WooCommerce Site","Non Profit Quarterly","Monthly Retainer"
2020-07-22,"Adam Hoyle",0.5,"weekly check-in call","Phone Calls/Meetings","Misc.","Non Profit Quarterly","Monthly Retainer"
2020-07-21,"Adam Hoyle",0.5,"review and organize outstanding tasks, email Joel re: budget",,,"Non Profit Quarterly","Monthly Retainer"
2020-07-21,"Adam Hoyle",0.5,"","INN Website Audit","Wordpress Site","Non Profit Quarterly","Monthly Retainer"
2020-07-15,"Adam Hoyle",0.5,"weekly checkin call","Phone Calls/Meetings","Misc.","Non Profit Quarterly","Monthly Retainer"
2020-07-15,"Adam Hoyle",0.5,"test updated liquid code for new tags","Create new membership discount landing page(s) for webinar upgrade","WooCommerce Site","Non Profit Quarterly","Monthly Retainer"
2020-07-14,"Adam Hoyle",4.0,"Create new landing pages, update Locksmith","Create new membership discount landing page(s) for webinar upgrade","WooCommerce Site","Non Profit Quarterly","Monthly Retainer"
2020-07-13,"Adam Hoyle",0.5,"Training/screenshare call w/ Scarlet to add new issue","Add Summer 2020 issue to Shopify site","WooCommerce Site","Non Profit Quarterly","Monthly Retainer"
2020-07-13,"Adam Hoyle",1.0,"Training/screenshare call w/ Scarlet to add new issue","Add Summer 2020 article reprints to Shopify site","WooCommerce Site","Non Profit Quarterly","Monthly Retainer"
2020-07-13,"Adam Hoyle",0.5,"prep notes for training call w/ Scarlet","Add Summer 2020 issue to Shopify site","WooCommerce Site","Non Profit Quarterly","Monthly Retainer"
2020-07-08,"Adam Hoyle",0.5,"","Pull list of customers who purchased Leading Edge Membership legacy product","WooCommerce Site","Non Profit Quarterly","Monthly Retainer"
2018-10-02,"Adam Hoyle",0.25,"update banner and popup with new pricing/savings","Create a way for paid customers to access webinar archive (see comment)","Webinars in Shopify","Non Profit Quarterly","Monthly Retainer"
2018-10-02,"Adam Hoyle",0.5,"troubleshoot feeds and respond to Aine",,,"Non Profit Quarterly","Monthly Retainer"
2018-09-27,"Adam Hoyle",1.0,"update YT embed, update single webinar pages, create new alert bar and popup","Create a way for paid customers to access webinar archive (see comment)","Webinars in Shopify","Non Profit Quarterly","Monthly Retainer"
2018-09-27,"Adam Hoyle",0.5,"troubleshoot video, email Aine and Scarlet","Create a way for paid customers to access webinar archive (see comment)","Webinars in Shopify","Non Profit Quarterly","Monthly Retainer"
2018-09-27,"Adam Hoyle",0.5,"configure and send account invite email","Create a way for paid customers to access webinar archive (see comment)","Webinars in Shopify","Non Profit Quarterly","Monthly Retainer"
2018-09-25,"Adam Hoyle",0.75,"call+screenshare w/ Joel, Amanda, Scarlet, Aine re: Webinar archives",,,"Non Profit Quarterly","Monthly Retainer"
2018-09-25,"Adam Hoyle",0.5,"","Create a way for paid customers to access webinar archive (see comment)","Webinars in Shopify","Non Profit Quarterly","Monthly Retainer"
2018-09-25,"Adam Hoyle",0.75,"setup first webinar page with embedded video","Create a way for paid customers to access webinar archive (see comment)","Webinars in Shopify","Non Profit Quarterly","Monthly Retainer"
2018-09-21,"Adam Hoyle",0.5,"customize email template, outline plan for Aine","Create a way for paid customers to access webinar archive (see comment)","Webinars in Shopify","Non Profit Quarterly","Monthly Retainer"
2018-09-20,"Adam Hoyle",2.5,"implement custom page template with login restriction, test full process, update notes in BC","Create a way for paid customers to access webinar archive (see comment)","Webinars in Shopify","Non Profit Quarterly","Monthly Retainer"
2018-09-20,"Adam Hoyle",1.5,"research and test solutions","Create a way for paid customers to access webinar archive (see comment)","Webinars in Shopify","Non Profit Quarterly","Monthly Retainer"
2018-09-14,"Adam Hoyle",0.25,"respond to Scarlet re: limiting webinar views and discount for bulk registrations",,,"Non Profit Quarterly","Monthly Retainer"
2018-09-13,"Adam Hoyle",0.25,"Respond to Scarlet re: customers we purchased more than one webinar series",,,"Non Profit Quarterly","Monthly Retainer"
2018-09-11,"Adam Hoyle",0.25,"respond to NPQ re: options for 100%OFF discount codes","Create discount codes","Webinars in Shopify","Non Profit Quarterly","Monthly Retainer"
2018-09-07,"Adam Hoyle",0.5,"update email template copy, test, respond to team","Build shopify site for Webinar registration","Webinars in Shopify","Non Profit Quarterly","Monthly Retainer"
2018-09-06,"Adam Hoyle",0.5,"send sample confirmation email template and instructions to Scarlet","Build shopify site for Webinar registration","Webinars in Shopify","Non Profit Quarterly","Monthly Retainer"
2018-09-05,"Adam Hoyle",0.25,"create new code for NACC20","Create discount codes","Webinars in Shopify","Non Profit Quarterly","Monthly Retainer"
2018-09-05,"Adam Hoyle",0.25,"","Create discount codes","Webinars in Shopify","Non Profit Quarterly","Monthly Retainer"
2018-08-29,"Adam Hoyle",0.25,"unarchive orders and reset fulfillment status","Build shopify site for Webinar registration","Webinars in Shopify","Non Profit Quarterly","Monthly Retainer"
2018-08-21,"Adam Hoyle",0.75,"Add CTA and improve back button styling, add customer service numbers to checkout and other pages","Build shopify site for Webinar registration","Webinars in Shopify","Non Profit Quarterly","Monthly Retainer"
2018-08-21,"Adam Hoyle",1.5,"added summary to homepage, add related products to webinar pages, add popup to individual webinars","Build shopify site for Webinar registration","Webinars in Shopify","Non Profit Quarterly","Monthly Retainer"
2018-08-20,"Adam Hoyle",1.0,"enable individual webinars, linking to series, adding back buttons","Build shopify site for Webinar registration","Webinars in Shopify","Non Profit Quarterly","Monthly Retainer"
2018-08-16,"Adam Hoyle",0.5,"call w/ Aine, Joel, Scarlett","Build shopify site for Webinar registration","Webinars in Shopify","Non Profit Quarterly","Monthly Retainer"
2018-08-16,"Adam Hoyle",1.5,"Email Joel with final steps, create and test email buy button, update email addresses, install and configure promo bar, disable password, update homepage title and meta desctiption","Build shopify site for Webinar registration","Webinars in Shopify","Non Profit Quarterly","Monthly Retainer"
2018-08-16,"Adam Hoyle",3.0,"update product page with full details and links to bios, remove collection page, misc. update to templates, navigation, styling, etc.","Build shopify site for Webinar registration","Webinars in Shopify","Non Profit Quarterly","Monthly Retainer"
2018-08-13,"Adam Hoyle",2.75,"","Build shopify site for Webinar registration","Webinars in Shopify","Non Profit Quarterly","Monthly Retainer"
2018-08-13,"Adam Hoyle",0.25,"checkin call w/ Joel and Aine",,,"Non Profit Quarterly","Monthly Retainer"
2018-08-10,"Adam Hoyle",0.25,"update collection page copy","Build shopify site for Webinar registration","Webinars in Shopify","Non Profit Quarterly","Monthly Retainer"
2018-08-10,"Adam Hoyle",0.5,"call w/ Aine and Joel","Build shopify site for Webinar registration","Webinars in Shopify","Non Profit Quarterly","Monthly Retainer"
2018-08-09,"Adam Hoyle",1.75,"test use of barcode field for webinar URL, update product, account, order and email templates with webinar URL field","Build shopify site for Webinar registration","Webinars in Shopify","Non Profit Quarterly","Monthly Retainer"
2018-08-09,"Adam Hoyle",0.5,"review all language and translation code snippets and change ""order"" to ""registration"" and ""product"" to ""webinar""","Build shopify site for Webinar registration","Webinars in Shopify","Non Profit Quarterly","Monthly Retainer"
2018-08-09,"Adam Hoyle",0.75,"transfer store ownership to Scarlett, provide instructions for next steps.","Build shopify site for Webinar registration","Webinars in Shopify","Non Profit Quarterly","Monthly Retainer"
2018-08-06,"Adam Hoyle",0.25,"update BC notes from call","Build shopify site for Webinar registration","Webinars in Shopify","Non Profit Quarterly","Monthly Retainer"
2018-08-03,"Adam Hoyle",0.5,"buy button testing and config","Build shopify site for Webinar registration","Webinars in Shopify","Non Profit Quarterly","Monthly Retainer"
2020-07-08,"Adam Hoyle",0.75,"weekly checkin call","Phone Calls/Meetings","Misc.","Non Profit Quarterly","Monthly Retainer"
2020-07-01,"Adam Hoyle",0.75,"weekly call","Phone Calls/Meetings","Misc.","Non Profit Quarterly","Monthly Retainer"
2020-06-30,"Adam Hoyle",0.75,"review hubspot automations looking for incorrect list segment condition that triggers emails based on abandoned cart","Misc. Support","Misc.","Non Profit Quarterly","Monthly Retainer"
2020-06-29,"Adam Hoyle",0.5,"look into email addresses for Scarlet and abandon cart/confirmation confusion from customer","Misc. Support","Misc.","Non Profit Quarterly","Monthly Retainer"
2020-06-24,"Adam Hoyle",0.5,"","Create automatic daily email report for membership signups","WooCommerce Site","Non Profit Quarterly","Monthly Retainer"
2020-06-23,"Adam Hoyle",0.5,"","Add Spring 2020 article reprints to Shopify site","WooCommerce Site","Non Profit Quarterly","Monthly Retainer"
2020-06-23,"Adam Hoyle",2.5,"","Add Spring 2020 article reprints to Shopify site","WooCommerce Site","Non Profit Quarterly","Monthly Retainer"
2020-06-17,"Adam Hoyle",0.5,"weekly checkin call","Phone Calls/Meetings","Misc.","Non Profit Quarterly","Monthly Retainer"
2020-06-12,"Adam Hoyle",0.25,"remove date","Create two new webinar graphics","WooCommerce Site","Non Profit Quarterly","Monthly Retainer"
2020-06-12,"Adam Hoyle",0.25,"add to Shopify","Create two new webinar graphics","WooCommerce Site","Non Profit Quarterly","Monthly Retainer"
2020-06-10,"Adam Hoyle",0.5,"weekly check-in call","Phone Calls/Meetings","Misc.","Non Profit Quarterly","Monthly Retainer"
2020-06-10,"Adam Hoyle",0.5,"","Add new webinars to LockSmith","WooCommerce Site","Non Profit Quarterly","Monthly Retainer"
2020-06-05,"Adam Hoyle",0.5,"call w/ Mark Stephan re: app dev","Create custom app for SubDNA->Shopify","WooCommerce Site","Non Profit Quarterly","Monthly Retainer"
2020-06-03,"Adam Hoyle",0.75,"weekly checkin w/ Joel, Aine, Scarlet","Phone Calls/Meetings","Misc.","Non Profit Quarterly","Monthly Retainer"
2020-06-03,"Adam Hoyle",0.5,"review Joel's email and note about campaign tracking","Improve campaign tracking","WooCommerce Site","Non Profit Quarterly","Monthly Retainer"
2020-06-02,"Adam Hoyle",1.0,"","Create new discount membership option (25% off)","WooCommerce Site","Non Profit Quarterly","Monthly Retainer"
2020-06-02,"Adam Hoyle",0.5,"discuss custom app with mark stephan","Migrate SubDNA users to Shopify","WooCommerce Site","Non Profit Quarterly","Monthly Retainer"
2020-05-27,"Adam Hoyle",0.5,"weekly checkin call w/ NPQ team","Phone Calls/Meetings","Misc.","Non Profit Quarterly","Monthly Retainer"
2020-05-20,"Adam Hoyle",0.5,"weekly checkin call to discuss Shopify site","Phone Calls/Meetings","Misc.","Non Profit Quarterly","Monthly Retainer"
2020-05-20,"Adam Hoyle",0.5,"Support for Scarlet with Hubspot list segments including abandoned carts",,,"Non Profit Quarterly","Monthly Retainer"
2020-05-13,"Adam Hoyle",0.5,"weekly checkin call w/ NPQ","Phone Calls/Meetings","Misc.","Non Profit Quarterly","Monthly Retainer"
2020-05-13,"Adam Hoyle",0.5,"Update 4 landing pages to remove $ value copy and replace ""Free"" with ""included""","Remove $ value strikethrough from landing page copy","WooCommerce Site","Non Profit Quarterly","Monthly Retainer"
2020-05-12,"Adam Hoyle",0.75,"troubleshoot hubspot tags and subDNA integration and read-only field error","Migrate SubDNA users to Shopify","WooCommerce Site","Non Profit Quarterly","Monthly Retainer"
2020-05-11,"Adam Hoyle",0.5,"research Hubspot + Shopify integration and use of tags, review Customer Object documentation on Shopify",,,"Non Profit Quarterly","Monthly Retainer"
2020-05-08,"Adam Hoyle",0.5,"respond to Kevin at SubDNA with request to update SubDNA/Hubspot integration to pass ""Expire Issue #"" into tags field",,,"Non Profit Quarterly","Monthly Retainer"
2020-05-06,"Adam Hoyle",0.5,"create Subsail overlay demo",,,"Non Profit Quarterly","Monthly Retainer"
2020-05-06,"Adam Hoyle",0.5,"research HubSpot to SubDNA connection",,,"Non Profit Quarterly","Monthly Retainer"
2020-05-06,"Adam Hoyle",1.0,"call w/ NPW team, review options for Subsail, Shopify and SubDNA + Hubspot",,,"Non Profit Quarterly","Monthly Retainer"
2020-05-04,"Adam Hoyle",1.5,"Subsail setup and testing","Research and testing of Subsail","WooCommerce Site","Non Profit Quarterly","Monthly Retainer"
2018-07-30,"Adam Hoyle",3.25,"Create imagery for webinars, continue setup and config","Build shopify site for Webinar registration","Webinars in Shopify","Non Profit Quarterly","Monthly Retainer"
2018-07-31,"Adam Hoyle",3.5,"implement skip cart, buy button","Build shopify site for Webinar registration","Webinars in Shopify","Non Profit Quarterly","Monthly Retainer"
2018-08-01,"Adam Hoyle",3.5,"update notification emails","Build shopify site for Webinar registration","Webinars in Shopify","Non Profit Quarterly","Monthly Retainer"
2018-07-27,"Adam Hoyle",2.0,"Setup store, select theme, add basic customizations to theme, add products and collections","Build shopify site for Webinar registration","Webinars in Shopify","Non Profit Quarterly","Monthly Retainer"
2018-08-03,"Adam Hoyle",0.5,"Call w/ Joel and Aine to demo Shopify Webinar store and registration","Build shopify site for Webinar registration","Webinars in Shopify","Non Profit Quarterly","Monthly Retainer"
2018-07-27,"Adam Hoyle",0.5,"","Build shopify site for Webinar registration","Webinars in Shopify","Non Profit Quarterly","Monthly Retainer"
2020-04-30,"Adam Hoyle",1.0,"review SubSail and respond to team","Research and testing of Subsail","WooCommerce Site","Non Profit Quarterly","Monthly Retainer"
2020-04-29,"Adam Hoyle",0.5,"respond to analytics questions for Aine",,,"Non Profit Quarterly","Monthly Retainer"
2020-04-22,"Adam Hoyle",0.5,"weekly check-in call w/ NPQ team",,,"Non Profit Quarterly","Monthly Retainer"
2018-07-23,"Adam Hoyle",0.75,"research using Shopify for selling Webinars, setup Shopify dev store, respond to Joel and Aine",,,"Non Profit Quarterly","Monthly Retainer"
2018-06-08,"Adam Hoyle",0.75,"review mailchimp reports and respond to Joel",,,"Non Profit Quarterly","Monthly Retainer"
2018-05-09,"Adam Hoyle",1.25,"consolidate questions from Aine re: email template and respond",,,"Non Profit Quarterly","Monthly Retainer"
2018-04-03,"Adam Hoyle",0.5,"review and email Joel","Add Copyright notice to RSS feed","MARCH todos","Non Profit Quarterly","Monthly Retainer"
2018-03-29,"Adam Hoyle",0.5,"Help with CLUDO implementation","Replace Google onsite search before April 1","MARCH todos","Non Profit Quarterly","Monthly Retainer"
2018-03-05,"Adam Hoyle",0.75,"call w/ Joel, Aine, Nicole re: MailChimp migration",,,"Non Profit Quarterly","Monthly Retainer"
2018-02-10,"Adam Hoyle",1.0,"","Move TS Name Servers back to GoDaddy (currently pointed from GD to ASO)","Misc.","Non Profit Quarterly","Monthly Retainer"
2018-02-01,"Adam Hoyle",0.5,"review and respond to Gregg re: DNS records",,,"Non Profit Quarterly","Monthly Retainer"
2018-01-31,"Adam Hoyle",0.5,"","TinySpark cutover to WPEngine","Misc.","Non Profit Quarterly","Monthly Retainer"
2018-01-22,"Adam Hoyle",0.5,"call w/ Aine and Joel re: email",,,"Non Profit Quarterly","Monthly Retainer"
2020-04-21,"Adam Hoyle",0.5,"","Create upgrade plans for all other product purchases","WooCommerce Site","Non Profit Quarterly","Monthly Retainer"
2020-04-17,"Adam Hoyle",0.25,"","Change “Magazine (Print)”","WooCommerce Site","Non Profit Quarterly","Monthly Retainer"
2020-04-16,"Adam Hoyle",0.5,"weekly checkin call w/ Joel and team",,,"Non Profit Quarterly","Monthly Retainer"
2020-04-14,"Adam Hoyle",0.25,"cleanup steps and create doc for email to Scarlet","Add Spring 2020 issue to Shopify site","WooCommerce Site","Non Profit Quarterly","Monthly Retainer"
2020-04-14,"Adam Hoyle",0.75,"finish adding issue and updating collections, digital file delivery, etc.","Add Spring 2020 issue to Shopify site","WooCommerce Site","Non Profit Quarterly","Monthly Retainer"
2020-04-13,"Adam Hoyle",0.5,"research","Hide ""Become a Member"" nav item for logged in users","WooCommerce Site","Non Profit Quarterly","Monthly Retainer"
2020-04-13,"Adam Hoyle",2.5,"Start process and document","Add Spring 2020 issue to Shopify site","WooCommerce Site","Non Profit Quarterly","Monthly Retainer"
2020-04-09,"Adam Hoyle",0.5,"weekly checkin w/ Joel, Scarlet, Aine, Amanda","Phone Calls/Meetings","Misc.","Non Profit Quarterly","Monthly Retainer"
2020-04-08,"Adam Hoyle",0.25,"","Adjust styling on signup form","Hot List","Non Profit Quarterly","Monthly Retainer"
2020-04-08,"Adam Hoyle",2.0,"updates to landing page, reneable campaign","Create automation for customers to upgrade after purchasing a single webinar","Hot List","Non Profit Quarterly","Monthly Retainer"
2020-04-07,"Adam Hoyle",1.0,"Create new plan and landing page for discounted membership, discuss options with Bold support","Create automation for customers to upgrade after purchasing a single webinar","Hot List","Non Profit Quarterly","Monthly Retainer"
2020-03-30,"Adam Hoyle",0.25,"Review question from Scarlet about membership discount and pause upgrade automation",,,"Non Profit Quarterly","Monthly Retainer"
2020-03-30,"Adam Hoyle",0.25,"Add Pay with PayPal option to membership form",,,"Non Profit Quarterly","Monthly Retainer"
2020-03-18,"Adam Hoyle",0.5,"weekly checkin call","Phone Calls/Meetings","Misc.","Non Profit Quarterly","Monthly Retainer"
2020-03-12,"Adam Hoyle",0.75,"Research the ability to send receipts for membership, via Shopify or Stripe",,,"Non Profit Quarterly","Monthly Retainer"
2020-03-10,"Adam Hoyle",0.5,"Goal setup in GA and support for custom campaign tracking URLs",,,"Non Profit Quarterly","Monthly Retainer"
2020-03-05,"Adam Hoyle",0.25,"","Create photoshop action for savings all Article Reprint images","Hot List","Non Profit Quarterly","Monthly Retainer"
2020-02-12,"Adam Hoyle",0.5,"weekly call w/ NPQ team to review Shopify progress and next steps",,,"Non Profit Quarterly","Monthly Retainer"
2020-02-05,"Adam Hoyle",0.5,"weekly update call w/ NPQ",,,"Non Profit Quarterly","Monthly Retainer"
2020-01-29,"Adam Hoyle",0.25,"weekly checkin call w/ Joel, Aine and Scarlet",,,"Non Profit Quarterly","Monthly Retainer"
2020-01-14,"Adam Hoyle",0.25,"followup w/ Scarlet and send export of MC segment","Restrict access for all 2018 orders and send a list to Scarlet for marketing the membership","Hot List","Non Profit Quarterly","Monthly Retainer"
2020-01-14,"Adam Hoyle",1.5,"update keys, create mailchimp segment, verify segment with customer and order lists from Shopify","Restrict access for all 2018 orders and send a list to Scarlet for marketing the membership","Hot List","Non Profit Quarterly","Monthly Retainer"
2020-01-13,"Adam Hoyle",0.75,"research solution and troubleshoot login issue, email support","Restrict access for all 2018 orders and send a list to Scarlet for marketing the membership","Hot List","Non Profit Quarterly","Monthly Retainer"
2020-01-02,"Adam Hoyle",0.5,"research Scarlet's question about cancelling vs. refunding to restrict access to webinars.",,,"Non Profit Quarterly","Monthly Retainer"
2019-12-11,"Adam Hoyle",0.5,"weekly checkin call w/ Joel, Aine and Amanda",,,"Non Profit Quarterly","Monthly Retainer"
2019-11-13,"Adam Hoyle",0.25,"update email footer opt-in info","Create automation for customers to upgrade after purchasing a single webinar","Hot List","Non Profit Quarterly","Monthly Retainer"
2019-11-12,"Adam Hoyle",1.25,"final checks, enable campaign, monitor","Create automation for customers to upgrade after purchasing a single webinar","Hot List","Non Profit Quarterly","Monthly Retainer"
2019-11-08,"Adam Hoyle",1.0,"Cross reference MC segment with Scarlet's list","Create automation for customers to upgrade after purchasing a single webinar","Hot List","Non Profit Quarterly","Monthly Retainer"
2019-11-07,"Adam Hoyle",0.25,"review tests. update button text, and send to Joel","Customize Abandon Cart email","Hot List","Non Profit Quarterly","Monthly Retainer"
2019-11-06,"Adam Hoyle",2.0,"bulk update marketing optin, add optin to checkout, update language on optin, resync store data with Mailchimp, review list segment from Scarlet","Create automation for customers to upgrade after purchasing a single webinar","Hot List","Non Profit Quarterly","Monthly Retainer"
2019-11-05,"Adam Hoyle",0.5,"work on dev logic","Customize Abandon Cart email","Hot List","Non Profit Quarterly","Monthly Retainer"
2019-11-04,"Adam Hoyle",0.5,"research cart variables","Customize Abandon Cart email","Hot List","Non Profit Quarterly","Monthly Retainer"
2019-11-01,"Adam Hoyle",0.5,"update meta on all bio pages, add alt tags to headshots","Ongoing: Run SEMRush Audit and correct issues","WooCommerce Site","Non Profit Quarterly","Monthly Retainer"
2019-10-31,"Adam Hoyle",0.75,"enable enhanced analytics, configure goal and funnel, create saved report for checkouts by source/medium","Install Google Analytics","Hot List","Non Profit Quarterly","Monthly Retainer"
2019-10-31,"Adam Hoyle",0.25,"","Customize Abandon Cart email","Hot List","Non Profit Quarterly","Monthly Retainer"
2019-10-31,"Adam Hoyle",0.5,"review notes and feedback from status updates, update Basecamp notes, misc. email comm. w/ team",,,"Non Profit Quarterly","Monthly Retainer"
2019-10-30,"Adam Hoyle",0.5,"Review monthly retainer work and send Joel status update email",,,"Non Profit Quarterly","Monthly Retainer"
2019-10-29,"Adam Hoyle",0.25,"review w/ Jay","Ongoing: Run SEMRush Audit and correct issues","WooCommerce Site","Non Profit Quarterly","Monthly Retainer"
2019-10-23,"Adam Hoyle",0.5,"","Link individual webinars to full membership","Hot List","Non Profit Quarterly","Monthly Retainer"
2019-10-23,"Adam Hoyle",0.5,"","Install Google Analytics","Hot List","Non Profit Quarterly","Monthly Retainer"
2019-10-23,"Adam Hoyle",1.5,"","Create automation for customers to upgrade after purchasing a single webinar","Hot List","Non Profit Quarterly","Monthly Retainer"
2019-10-15,"Adam Hoyle",0.5,"run scan and export meta descriptions and titles","Ongoing: Run SEMRush Audit and correct issues","WooCommerce Site","Non Profit Quarterly","Monthly Retainer"
2019-10-15,"Adam Hoyle",0.75,"Install and configure ShopSync","Customize Abandon Cart email","Hot List","Non Profit Quarterly","Monthly Retainer"
2019-10-04,"Adam Hoyle",0.25,"live","Update Leading Edge Membership Page","Hot List","Non Profit Quarterly","Monthly Retainer"
2019-10-03,"Adam Hoyle",0.25,"","Update Leading Edge Membership Page","Hot List","Non Profit Quarterly","Monthly Retainer"
2019-10-03,"Adam Hoyle",0.25,"create comp and ask for clarification","Update Leading Edge Membership Page","Hot List","Non Profit Quarterly","Monthly Retainer"
2019-09-26,"Adam Hoyle",0.25,"coordination","Updated member/subscribe navigation on WordPress site","Hot List","Non Profit Quarterly","Monthly Retainer"
2019-09-26,"Adam Hoyle",0.5,"basecamp updates and project setup",,,"Non Profit Quarterly","Monthly Retainer"
2018-10-03,"Adam Hoyle",0.5,"refresh on project notes, discuss with team","Build new RSS email templates in MailChimp","Mailchimp","Non Profit Quarterly","NPQ Email Migration (Cerkl -> MailChimp)"
2018-08-01,"Adam Hoyle",0.25,"create new segments","Coordinate migration from Cerkle to MailChimp","Mailchimp","Non Profit Quarterly","NPQ Email Migration (Cerkl -> MailChimp)"
2018-08-01,"Adam Hoyle",0.25,"update BC notes","Build new RSS email templates in MailChimp","Mailchimp","Non Profit Quarterly","NPQ Email Migration (Cerkl -> MailChimp)"
2018-07-25,"Adam Hoyle",4.0,"continue work on wireframes for new email layouts, review and document segmentation rules and highly potential issues, review campaign reports and subscriber movement","Coordinate migration from Cerkle to MailChimp","Mailchimp","Non Profit Quarterly","NPQ Email Migration (Cerkl -> MailChimp)"
2018-07-25,"Adam Hoyle",0.75,"call w/ Aine and Joel to review recommendations and next steps","Build new RSS email templates in MailChimp","Mailchimp","Non Profit Quarterly","NPQ Email Migration (Cerkl -> MailChimp)"
2018-07-24,"Adam Hoyle",4.0,"Start wireframes for new email layouts, review and document segmentation rules and highly potential issues, review campaign reports and subscriber movement","Coordinate migration from Cerkle to MailChimp","Mailchimp","Non Profit Quarterly","NPQ Email Migration (Cerkl -> MailChimp)"
2018-07-12,"Adam Hoyle",1.25,"prep for call w/ Aine and Joel, call w/ Aine and Joel","Build new RSS email templates in MailChimp","Mailchimp","Non Profit Quarterly","NPQ Email Migration (Cerkl -> MailChimp)"
2018-07-10,"Adam Hoyle",1.0,"review Aine's questions, research, reply","Build new RSS email templates in MailChimp","Mailchimp","Non Profit Quarterly","NPQ Email Migration (Cerkl -> MailChimp)"
2018-06-21,"Adam Hoyle",2.5,"","Build new RSS email templates in MailChimp","Mailchimp","Non Profit Quarterly","NPQ Email Migration (Cerkl -> MailChimp)"
2018-06-20,"Adam Hoyle",0.25,"review list segments numbers and respond to Joel","Coordinate migration from Cerkle to MailChimp","Mailchimp","Non Profit Quarterly","NPQ Email Migration (Cerkl -> MailChimp)"
2018-06-20,"Adam Hoyle",0.5,"research and add cachebuster to ad images","Build new RSS email templates in MailChimp","Mailchimp","Non Profit Quarterly","NPQ Email Migration (Cerkl -> MailChimp)"
2018-06-20,"Adam Hoyle",0.5,"test sends for Joel and reviewing ads","Build new RSS email templates in MailChimp","Mailchimp","Non Profit Quarterly","NPQ Email Migration (Cerkl -> MailChimp)"
2018-06-18,"Adam Hoyle",1.5,"adjust ads, update template, test, apply new template to all daily, weekly, monthly campaigns","Build new RSS email templates in MailChimp","Mailchimp","Non Profit Quarterly","NPQ Email Migration (Cerkl -> MailChimp)"
2018-06-15,"Adam Hoyle",1.0,"call w/ Aine and Joel re: various topics","Coordinate migration from Cerkle to MailChimp","Mailchimp","Non Profit Quarterly","NPQ Email Migration (Cerkl -> MailChimp)"
2018-06-15,"Adam Hoyle",0.25,"prep for call w/ Aine and Joel re: ads, feature post, NPQ News category, etc.","Coordinate migration from Cerkle to MailChimp","Mailchimp","Non Profit Quarterly","NPQ Email Migration (Cerkl -> MailChimp)"
2018-06-06,"Adam Hoyle",1.0,"investigate why Martin Wooster is not included in segment for daily, tweak segments, test, email Aine",,,"Non Profit Quarterly","NPQ Email Migration (Cerkl -> MailChimp)"
2018-06-06,"Adam Hoyle",0.5,"update template with new ""Featured Post"" item","Build new RSS email templates in MailChimp","Mailchimp","Non Profit Quarterly","NPQ Email Migration (Cerkl -> MailChimp)"
2018-06-01,"Adam Hoyle",0.5,"create ad template and send to Aine","Research solutions and Implement ads (see comment)","Mailchimp","Non Profit Quarterly","NPQ Email Migration (Cerkl -> MailChimp)"
2018-05-31,"Adam Hoyle",0.5,"call w/ Aine and Joel","Coordinate migration from Cerkle to MailChimp","Mailchimp","Non Profit Quarterly","NPQ Email Migration (Cerkl -> MailChimp)"
2018-05-31,"Adam Hoyle",1.0,"update segments with Cerkl exclusions and enable campaigns","Build new RSS email templates in MailChimp","Mailchimp","Non Profit Quarterly","NPQ Email Migration (Cerkl -> MailChimp)"
2018-05-30,"Adam Hoyle",0.75,"update template for all campaigns, email Aine with plan to start sending","Build new RSS email templates in MailChimp","Mailchimp","Non Profit Quarterly","NPQ Email Migration (Cerkl -> MailChimp)"
2018-05-24,"Adam Hoyle",0.5,"update template, update Read More, import to MC, email Aine","Build new RSS email templates in MailChimp","Mailchimp","Non Profit Quarterly","NPQ Email Migration (Cerkl -> MailChimp)"
2018-05-23,"Adam Hoyle",0.25,"update template code with new tag syntax","Build new RSS email templates in MailChimp","Mailchimp","Non Profit Quarterly","NPQ Email Migration (Cerkl -> MailChimp)"
2018-05-23,"Adam Hoyle",0.25,"","Check custom RSS feed and troubleshoot why the ""tag"" parameter doesn't seem to be filtering correctly","Mailchimp","Non Profit Quarterly","NPQ Email Migration (Cerkl -> MailChimp)"
2018-05-22,"Adam Hoyle",0.5,"Send test emails to Aine","Build new RSS email templates in MailChimp","Mailchimp","Non Profit Quarterly","NPQ Email Migration (Cerkl -> MailChimp)"
2018-05-21,"Adam Hoyle",0.75,"setup redirects, create FPO ads, add to template, send tests","Research solutions and Implement ads (see comment)","Mailchimp","Non Profit Quarterly","NPQ Email Migration (Cerkl -> MailChimp)"
2018-05-21,"Adam Hoyle",0.25,"call w/ Aine to discuss next steps",,,"Non Profit Quarterly","NPQ Email Migration (Cerkl -> MailChimp)"
2018-05-18,"Adam Hoyle",0.25,"check tags","Check custom RSS feed and troubleshoot why the ""tag"" parameter doesn't seem to be filtering correctly","Mailchimp","Non Profit Quarterly","NPQ Email Migration (Cerkl -> MailChimp)"
2018-05-18,"Adam Hoyle",0.75,"review, update and import Aine's template updates, test","Build new RSS email templates in MailChimp","Mailchimp","Non Profit Quarterly","NPQ Email Migration (Cerkl -> MailChimp)"
2018-05-17,"Adam Hoyle",1.0,"review feed, research and troubleshoot issue, document notes and update BC","Check custom RSS feed and troubleshoot why the ""tag"" parameter doesn't seem to be filtering correctly","Mailchimp","Non Profit Quarterly","NPQ Email Migration (Cerkl -> MailChimp)"
2018-05-14,"Adam Hoyle",0.75,"update BC, review spreadsheet, research possible solutions","Research solutions and Implement ads (see comment)","Mailchimp","Non Profit Quarterly","NPQ Email Migration (Cerkl -> MailChimp)"
2018-05-14,"Adam Hoyle",0.75,"call w/ Aine and Joel re: adding new categories, ads, and other next steps for emails campaign",,,"Non Profit Quarterly","NPQ Email Migration (Cerkl -> MailChimp)"
2018-05-11,"Adam Hoyle",0.5,"import new template to MC, send tests, email Aine","Build new RSS email templates in MailChimp","Mailchimp","Non Profit Quarterly","NPQ Email Migration (Cerkl -> MailChimp)"
2018-05-10,"Adam Hoyle",0.5,"respond to Aine's email",,,"Non Profit Quarterly","NPQ Email Migration (Cerkl -> MailChimp)"
2018-05-10,"Adam Hoyle",1.5,"update template logic with 5 items per category","Build new RSS email templates in MailChimp","Mailchimp","Non Profit Quarterly","NPQ Email Migration (Cerkl -> MailChimp)"
2018-05-03,"Adam Hoyle",1.0,"email Aine with followups","Coordinate migration from Cerkle to MailChimp","Mailchimp","Non Profit Quarterly","NPQ Email Migration (Cerkl -> MailChimp)"
2018-04-19,"Adam Hoyle",0.75,"walkthrough call w/ Joel and Aine","Coordinate migration from Cerkle to MailChimp","Mailchimp","Non Profit Quarterly","NPQ Email Migration (Cerkl -> MailChimp)"
2018-04-19,"Adam Hoyle",1.0,"replicate campaigns in NPQs account","Coordinate migration from Cerkle to MailChimp","Mailchimp","Non Profit Quarterly","NPQ Email Migration (Cerkl -> MailChimp)"
2018-04-19,"Adam Hoyle",0.25,"","Create list segments","Mailchimp","Non Profit Quarterly","NPQ Email Migration (Cerkl -> MailChimp)"
2018-04-19,"Adam Hoyle",1.0,"","Create list segments","Mailchimp","Non Profit Quarterly","NPQ Email Migration (Cerkl -> MailChimp)"
2018-04-19,"Adam Hoyle",0.25,"fix date format","Coordinate migration from Cerkle to MailChimp","Mailchimp","Non Profit Quarterly","NPQ Email Migration (Cerkl -> MailChimp)"
2018-04-15,"Adam Hoyle",2.0,"setup new segments based on contact rating","Coordinate migration from Cerkle to MailChimp","Mailchimp","Non Profit Quarterly","NPQ Email Migration (Cerkl -> MailChimp)"
2018-04-13,"Adam Hoyle",5.0,"","Coordinate migration from Cerkle to MailChimp","Mailchimp","Non Profit Quarterly","NPQ Email Migration (Cerkl -> MailChimp)"
2018-04-12,"Adam Hoyle",6.5,"","Coordinate migration from Cerkle to MailChimp","Mailchimp","Non Profit Quarterly","NPQ Email Migration (Cerkl -> MailChimp)"
2018-04-11,"Adam Hoyle",6.0,"","Build new RSS email templates in MailChimp","Mailchimp","Non Profit Quarterly","NPQ Email Migration (Cerkl -> MailChimp)"
2018-04-10,"Adam Hoyle",2.0,"create custom feed for image enclosure","Build new RSS email templates in MailChimp","Mailchimp","Non Profit Quarterly","NPQ Email Migration (Cerkl -> MailChimp)"
2018-04-09,"Adam Hoyle",6.0,"","Build new RSS email templates in MailChimp","Mailchimp","Non Profit Quarterly","NPQ Email Migration (Cerkl -> MailChimp)"
2018-04-04,"Adam Hoyle",1.0,"","Coordinate migration from Cerkle to MailChimp","Mailchimp","Non Profit Quarterly","NPQ Email Migration (Cerkl -> MailChimp)"
2018-04-03,"Adam Hoyle",0.5,"checking call w/ Aine and Joel",,,"Non Profit Quarterly","NPQ Email Migration (Cerkl -> MailChimp)"
2018-04-03,"Adam Hoyle",0.75,"setup weekly and daily test campaigns","Coordinate migration from Cerkle to MailChimp","Mailchimp","Non Profit Quarterly","NPQ Email Migration (Cerkl -> MailChimp)"
2018-04-02,"Adam Hoyle",0.75,"create segments for engaged and disengaged","Coordinate migration from Cerkle to MailChimp","Mailchimp","Non Profit Quarterly","NPQ Email Migration (Cerkl -> MailChimp)"
2018-03-29,"Adam Hoyle",2.5,"setup automation welcome email on brunello test account","Coordinate migration from Cerkle to MailChimp","Mailchimp","Non Profit Quarterly","NPQ Email Migration (Cerkl -> MailChimp)"
2018-03-26,"Adam Hoyle",2.0,"","Build new RSS email templates in MailChimp","Mailchimp","Non Profit Quarterly","NPQ Email Migration (Cerkl -> MailChimp)"
2018-03-15,"Adam Hoyle",0.5,"review template and options, update BC","Build new RSS email templates in MailChimp","Mailchimp","Non Profit Quarterly","NPQ Email Migration (Cerkl -> MailChimp)"
2018-03-14,"Adam Hoyle",0.75,"call w/ Aine, Joel, Nicole to review progress and talk about next steps, update BC, send followup email","Coordinate migration from Cerkle to MailChimp","Mailchimp","Non Profit Quarterly","NPQ Email Migration (Cerkl -> MailChimp)"
2018-03-08,"Adam Hoyle",0.25,"","Coordinate migration from Cerkle to MailChimp","Mailchimp","Non Profit Quarterly","NPQ Email Migration (Cerkl -> MailChimp)"
2018-03-08,"Adam Hoyle",0.75,"research and planning","Coordinate migration from Cerkle to MailChimp","Mailchimp","Non Profit Quarterly","NPQ Email Migration (Cerkl -> MailChimp)"
2018-02-05,"Adam Hoyle",1.0,"research Cerkl back-end, review emails and subscribe flow",,,"Non Profit Quarterly","NPQ Email Migration (Cerkl -> MailChimp)"
2019-11-26,"Adam Hoyle",1.0,"email migration",,,"Pamela Meyer","Lie Spotting - Site Migration"
2019-11-22,"Adam Hoyle",0.75,"review site, check email setup, email Kyle and Pam","Migrate liespotting.com Wordpress website from Rackspace/LiquidWeb to BlueHost","Misc.","Pamela Meyer","Lie Spotting - Site Migration"
2020-10-15,"Adam Hoyle",2.0,"wireframe review call w/ Penn","Calls & Meetings","Discovery","Penn Stater","Penn Stater Website"
2020-08-27,"Adam Hoyle",1.0,"weekly checkin call","Calls & Meetings","Discovery","Penn Stater","Penn Stater Website"
2020-08-04,"Adam Hoyle",0.5,"kickoff/intro call","Calls & Meetings","Discovery","Penn Stater","Penn Stater Website"
2019-10-09,"Adam Hoyle",1.0,"troubleshoot outage","php 7.2 update","Aug/Sept 2019","Princeton Alumni Weekly","PAW Misc Requests"
2020-12-16,"Adam Hoyle",0.75,"review homepage updates and company section wires","Meetings and Phone Calls","Misc.","Safewaze","Website UX/Design/Implementation"
2020-12-09,"Adam Hoyle",0.5,"homepage review","Meetings and Phone Calls","Misc.","Safewaze","Website UX/Design/Implementation"
2020-12-02,"Adam Hoyle",1.0,"call to review homepage designs","Meetings and Phone Calls","Misc.","Safewaze","Website UX/Design/Implementation"
2020-11-11,"Adam Hoyle",0.75,"homepage review","Meetings and Phone Calls","Misc.","Safewaze","Website UX/Design/Implementation"
2020-10-27,"Adam Hoyle",1.0,"restart call","Meetings and Phone Calls","Misc.","Safewaze","Website UX/Design/Implementation"
2020-10-23,"Adam Hoyle",0.5,"timeline planning call","Meetings and Phone Calls","Misc.","Safewaze","Website UX/Design/Implementation"
2020-10-21,"Adam Hoyle",1.0,"call to review progress with sales team","Meetings and Phone Calls","Misc.","Safewaze","Website UX/Design/Implementation"
2020-10-14,"Adam Hoyle",1.0,"","Meetings and Phone Calls","Misc.","Safewaze","Website UX/Design/Implementation"
2020-08-26,"Adam Hoyle",1.0,"weekly checking call and internal followup","Meetings and Phone Calls","Misc.","Safewaze","Website UX/Design/Implementation"
2020-08-18,"Adam Hoyle",0.5,"internal planning call","Meetings and Phone Calls","Misc.","Safewaze","Website UX/Design/Implementation"
2020-08-05,"Adam Hoyle",1.0,"weekly call","Meetings and Phone Calls","Misc.","Safewaze","Website UX/Design/Implementation"
2020-07-22,"Adam Hoyle",0.5,"brunello internal followup call re: category pages and product detail page","Meetings and Phone Calls","Misc.","Safewaze","Website UX/Design/Implementation"
2020-07-22,"Adam Hoyle",1.0,"weekly call","Meetings and Phone Calls","Misc.","Safewaze","Website UX/Design/Implementation"
2020-07-15,"Adam Hoyle",1.25,"weekly checkin call","Meetings and Phone Calls","Misc.","Safewaze","Website UX/Design/Implementation"
2020-07-08,"Adam Hoyle",1.0,"weekly update call, review header/nav/footer","Meetings and Phone Calls","Misc.","Safewaze","Website UX/Design/Implementation"
2020-07-06,"Adam Hoyle",1.0,"UX research: filtering options",,,"Safewaze","Website UX/Design/Implementation"
2020-07-01,"Adam Hoyle",0.5,"weekly checkin call","Meetings and Phone Calls","Misc.","Safewaze","Website UX/Design/Implementation"
2020-06-24,"Adam Hoyle",0.75,"weekly check-in call to review IA","Meetings and Phone Calls","Misc.","Safewaze","Website UX/Design/Implementation"
2020-06-23,"Adam Hoyle",0.25,"","Initial Architecture presented","Phase 2: Safewaze IA","Safewaze","Website UX/Design/Implementation"
2020-06-12,"Adam Hoyle",0.5,"internal call to discuss IA - variants and tags","Meetings and Phone Calls","Misc.","Safewaze","Website UX/Design/Implementation"
2020-06-10,"Adam Hoyle",0.5,"weekly checkin","Meetings and Phone Calls","Misc.","Safewaze","Website UX/Design/Implementation"
2020-06-08,"Adam Hoyle",0.25,"send Brittany product data export",,,"Safewaze","Website UX/Design/Implementation"
2020-06-02,"Adam Hoyle",1.5,"planning and project schedule","Project Management","Misc.","Safewaze","Website UX/Design/Implementation"
2020-06-01,"Adam Hoyle",0.5,"kickoff/planning call w/ Sean and Nicole","Meetings and Phone Calls","Misc.","Safewaze","Website UX/Design/Implementation"
2020-05-26,"Adam Hoyle",0.5,"scope call w/ Sean and Nicole",,,"Safewaze","Website UX/Design/Implementation"
2020-05-19,"Adam Hoyle",1.0,"prep for demo call, demo with Safewaze team","Create product categorization filter/tagging/collection prototype in Shopify","Phase 1: SafeWaze","Safewaze","Website UX/Design/Implementation"
2020-05-18,"Adam Hoyle",2.5,"finish prototype, type up notes","Create product categorization filter/tagging/collection prototype in Shopify","Phase 1: SafeWaze","Safewaze","Website UX/Design/Implementation"
2020-05-17,"Adam Hoyle",6.0,"","Create product categorization filter/tagging/collection prototype in Shopify","Phase 1: SafeWaze","Safewaze","Website UX/Design/Implementation"
2020-05-16,"Adam Hoyle",1.0,"","Create product categorization filter/tagging/collection prototype in Shopify","Phase 1: SafeWaze","Safewaze","Website UX/Design/Implementation"
2020-05-13,"Adam Hoyle",0.5,"scoping call to discuss product IA and contentful","Meetings and Phone Calls","Misc.","Safewaze","Website UX/Design/Implementation"
2020-04-30,"Adam Hoyle",0.75,"call w/ Sean","Meetings and Phone Calls","Misc.","Safewaze","Website UX/Design/Implementation"
2020-04-21,"Adam Hoyle",0.5,"call w/ Sean to narrow down on scope",,,"Safewaze","Website UX/Design/Implementation"
2020-04-15,"Adam Hoyle",1.5,"call to review reccomendations","Meetings and Phone Calls","Misc.","Safewaze","Website UX/Design/Implementation"
2020-04-07,"Adam Hoyle",0.75,"Check in call w/ Sean, Nicole and Jay","Meetings and Phone Calls","Misc.","Safewaze","Website UX/Design/Implementation"
2020-03-27,"Adam Hoyle",2.0,"call w/ Brian, Sean and Nicole","Meetings and Phone Calls","Misc.","Safewaze","Website UX/Design/Implementation"
2020-03-25,"Adam Hoyle",1.0,"Discovery call w/ Black Harrigan","Meetings and Phone Calls","Misc.","Safewaze","Website UX/Design/Implementation"
2020-03-25,"Adam Hoyle",1.0,"Discovery call w/ Stephen Hartsell","Meetings and Phone Calls","Misc.","Safewaze","Website UX/Design/Implementation"
2020-03-25,"Adam Hoyle",1.0,"Discovery call w/ Cory Schurian","Meetings and Phone Calls","Misc.","Safewaze","Website UX/Design/Implementation"
2020-03-23,"Adam Hoyle",0.5,"Research and review discovery questions",,,"Safewaze","Website UX/Design/Implementation"
2020-03-16,"Adam Hoyle",1.0,"Followup call w/ Brian",,,"Safewaze","Website UX/Design/Implementation"
2020-03-06,"Adam Hoyle",1.0,"Kickoff call w/ Brian and team",,,"Safewaze","Website UX/Design/Implementation"
2020-03-03,"Adam Hoyle",0.75,"get document access and browse docs",,,"Safewaze","Website UX/Design/Implementation"
2020-01-14,"Adam Hoyle",0.25,"","Replace HotJar with Heap script","Misc.","Sasaki","Dev./Misc. Support"
2020-01-09,"Adam Hoyle",0.25,"","Replace HotJar with Heap script","Misc.","Sasaki","Dev./Misc. Support"
2020-01-06,"Adam Hoyle",0.5,"respond to joanna, test, followup","Add HotJar script","Misc.","Sasaki","Dev./Misc. Support"
2019-05-29,"Adam Hoyle",0.75,"check Google Search Console errors, research and respond to Joanna",,,"Sasaki","Dev./Misc. Support"
2019-02-07,"Adam Hoyle",0.5,"internal kickoff meeting to discuss Our Work updates",,,"Sasaki","Dev./Misc. Support"
2018-11-13,"Adam Hoyle",1.0,"call to discuss misc. design and functionality updates to the site",,,"Sasaki","Dev./Misc. Support"
2018-11-02,"Adam Hoyle",0.5,"review website update requests, respond to Joanna",,,"Sasaki","Dev./Misc. Support"
2018-09-04,"Adam Hoyle",0.5,"review, update BC, update footer code, commit, deploy, test","Update social link for Facebook in site footer","2018 Retainer","Sasaki","Dev./Misc. Support"
2018-07-23,"Adam Hoyle",0.5,"review code, respond to Doug","Remove pagination from Project Lists","2018 Retainer","Sasaki","Dev./Misc. Support"
2018-05-31,"Adam Hoyle",0.25,"testing","Add Chinese translation fields for Blog Contributors","2018 Retainer","Sasaki","Dev./Misc. Support"
2018-05-18,"Adam Hoyle",0.25,"look into Principal sorting for Matt",,,"Sasaki","Dev./Misc. Support"
2018-05-16,"Adam Hoyle",0.5,"check staging and send Matt link and login",,,"Sasaki","Dev./Misc. Support"
2018-04-16,"Adam Hoyle",0.5,"","WYSIWYG editing window expansion (see comment)","Directus Update QA","Sasaki","Dev./Misc. Support"
2018-04-16,"Adam Hoyle",0.5,"","Add above Foundation and link to the website: http://incubatoratsasaki.com/","2018 Retainer","Sasaki","Dev./Misc. Support"
2018-03-28,"Adam Hoyle",0.5,"check connecting settings in Codeguard, open support ticket",,,"Sasaki","Dev./Misc. Support"
2018-03-15,"Adam Hoyle",0.5,"review issues, respond to Matt, update project description field with code button","Bugs after Directus Update (see comment)","2018 Retainer","Sasaki","Dev./Misc. Support"
2018-03-12,"Adam Hoyle",0.5,"review and test upgrade","Upgrade Directus","2018 Retainer","Sasaki","Dev./Misc. Support"
2018-03-01,"Adam Hoyle",1.0,"testing for Sasaki directus upgrade",,,"Sasaki","Dev./Misc. Support"
2018-03-01,"Adam Hoyle",0.5,"mysqladmin flush-hosts and email comm w/ client",,,"Sasaki","Dev./Misc. Support"
2018-02-28,"Adam Hoyle",0.5,"mysqladmin flush-hosts",,,"Sasaki","Dev./Misc. Support"
2018-02-27,"Adam Hoyle",0.5,"test","Upgrade Directus","2018 Retainer","Sasaki","Dev./Misc. Support"
2018-02-22,"Adam Hoyle",0.5,"","Point Foundation link to https://sasakifoundation.org/","2018 Retainer","Sasaki","Dev./Misc. Support"
2018-02-13,"Adam Hoyle",0.5,"brief Mike, test, troubleshoot, email Doug","Project page throws error due to long load time and timeout (see comment)","2018 Retainer","Sasaki","Dev./Misc. Support"
2018-02-12,"Adam Hoyle",1.0,"troubleshooting","Project page throws error due to long load time and timeout (see comment)","2018 Retainer","Sasaki","Dev./Misc. Support"
2018-02-08,"Adam Hoyle",1.0,"outage research and communication",,,"Sasaki","Dev./Misc. Support"
2018-02-07,"Adam Hoyle",1.0,"outage research and communication",,,"Sasaki","Dev./Misc. Support"
2018-02-07,"Adam Hoyle",0.5,"off hours outage response, server reboot",,,"Sasaki","Dev./Misc. Support"
2018-02-06,"Adam Hoyle",1.5,"outage response",,,"Sasaki","Dev./Misc. Support"
2018-02-06,"Adam Hoyle",0.5,"project coordination, review and client emails","Add the social buttons to the internship page","2018 Retainer To-Dos","Sasaki","Dev./Misc. Support"
2018-02-05,"Adam Hoyle",0.5,"project coordination, emails and BC updates","Add the social buttons to the internship page","2018 Retainer To-Dos","Sasaki","Dev./Misc. Support"
2018-01-16,"Adam Hoyle",1.0,"support for Matthew re: broken headline in slider. Troubleshooting and testing, changed to smart quotes, update slider. Send notes to Matt.",,,"Sasaki","Dev./Misc. Support"
2018-01-09,"Adam Hoyle",0.25,"","Increase max_connections (see comment)","Development","Sasaki","Dev./Misc. Support"
2019-05-07,"Adam Hoyle",0.25,"","Upload sitemap to production","Bugs","Sasaki","Sasaki ""Our Work"" Updates 2019"
2019-05-06,"Adam Hoyle",1.0,"research and generate sitemap w/ Screaming Frog",,,"Sasaki","Sasaki ""Our Work"" Updates 2019"
2019-05-03,"Adam Hoyle",1.0,"Support for SEO issues (noindex conditional, staging redirect, etc.)",,,"Sasaki","Sasaki ""Our Work"" Updates 2019"
2019-03-27,"Adam Hoyle",0.5,"test and email comm w/ Sasaki","Investigate broken carousel","Misc. 2019 Updates","Sasaki","Sasaki ""Our Work"" Updates 2019"
2019-03-26,"Adam Hoyle",0.25,"","Investigate broken carousel","Misc. 2019 Updates","Sasaki","Sasaki ""Our Work"" Updates 2019"
2019-03-13,"Adam Hoyle",0.5,"Check browserstack for carousel issues per Joanna",,,"Sasaki","Sasaki ""Our Work"" Updates 2019"
2019-03-12,"Adam Hoyle",0.25,"testing sort order fix featured projects",,,"Sasaki","Sasaki ""Our Work"" Updates 2019"
2019-03-11,"Adam Hoyle",0.5,"troubleshoot sorting order for featured projects and broken carousel",,,"Sasaki","Sasaki ""Our Work"" Updates 2019"
2019-03-07,"Adam Hoyle",0.5,"","Sasaki.com Deployment","Misc. 2019 Updates","Sasaki","Sasaki ""Our Work"" Updates 2019"
2019-02-26,"Adam Hoyle",1.25,"QA staging",,,"Sasaki","Sasaki ""Our Work"" Updates 2019"
2019-02-05,"Adam Hoyle",0.25,"SSL check per Stephanie",,,"Sasaki","Sasaki ""Our Work"" Updates 2019"
2019-02-05,"Adam Hoyle",0.25,"test and reproduce, email Raj, update BC","Text is cut off on wide browsers on About/History page","Bugs","Sasaki","Sasaki ""Our Work"" Updates 2019"
2019-02-05,"Adam Hoyle",0.5,"review and clarify assumption, emailing Joanna, update bc",,,"Sasaki","Sasaki ""Our Work"" Updates 2019"
2018-10-15,"Adam Hoyle",1.5,"call w/ Elev8d team and Sonia",,,"Sonima / Elev8d","Elev8d Implementation"
2018-12-28,"Adam Hoyle",0.75,"support and troubleshoot users not added to the automation, respond to email","Setup automation for 8-day “Elev8 Your Life” supplemental content campaign","Elev8d/Sonima New Years Promotion","Sonima / Elev8d","Elev8d OCT, NOV, DEC dev/design"
2018-12-26,"Adam Hoyle",2.5,"Prep sonima.com email account and set up segments for marketing","Organize, consolidate, clean and prep lists in Elev8d and Sonima accounts 2019 campaigns","Elev8d/Sonima New Years Promotion","Sonima / Elev8d","Elev8d OCT, NOV, DEC dev/design"
2018-12-24,"Adam Hoyle",0.75,"Elev8d update campaigns to use non-customer and customer","Organize, consolidate, clean and prep lists in Elev8d and Sonima accounts 2019 campaigns","Elev8d/Sonima New Years Promotion","Sonima / Elev8d","Elev8d OCT, NOV, DEC dev/design"
2018-12-23,"Adam Hoyle",2.5,"Finalize automation setup and perform full test","Setup automation for 8-day “Elev8 Your Life” supplemental content campaign","Elev8d/Sonima New Years Promotion","Sonima / Elev8d","Elev8d OCT, NOV, DEC dev/design"
2018-12-22,"Adam Hoyle",5.5,"Elev8d - campaign setup and list consolitdation","Setup automation for 8-day “Elev8 Your Life” supplemental content campaign","Elev8d/Sonima New Years Promotion","Sonima / Elev8d","Elev8d OCT, NOV, DEC dev/design"
2018-12-21,"Adam Hoyle",2.5,"","Setup Zapier to sync Stripe with MailChimp","Elev8d/Sonima New Years Promotion","Sonima / Elev8d","Elev8d OCT, NOV, DEC dev/design"
2018-12-20,"Adam Hoyle",2.0,"Stripe + Zapier","Setup Zapier to sync Stripe with MailChimp","Elev8d/Sonima New Years Promotion","Sonima / Elev8d","Elev8d OCT, NOV, DEC dev/design"
2018-12-19,"Adam Hoyle",2.75,"list segmentation research, call and followups","Organize, consolidate, clean and prep lists in Elev8d and Sonima accounts 2019 campaigns","Elev8d/Sonima New Years Promotion","Sonima / Elev8d","Elev8d OCT, NOV, DEC dev/design"
2018-12-18,"Adam Hoyle",0.25,"MC support for, help John/Nicole w/ automation",,,"Sonima / Elev8d","Elev8d OCT, NOV, DEC dev/design"
2018-12-17,"Adam Hoyle",0.75,"misc. email support",,,"Sonima / Elev8d","Elev8d OCT, NOV, DEC dev/design"
2018-11-07,"Adam Hoyle",1.0,"call w/ Sean and team re: app strategy and video content","Meetings","Misc","Sonima / Elev8d","Elev8d OCT, NOV, DEC dev/design"
2018-10-16,"Adam Hoyle",0.75,"Conference call","Meetings","Misc","Sonima / Elev8d","Elev8d OCT, NOV, DEC dev/design"
2018-12-12,"Adam Hoyle",0.5,"support for email welcome automation setup",,,"Sonima / Elev8d","Sonima: Sharath Tour"
2018-11-30,"Adam Hoyle",1.5,"Research event booking options for Shopify, setup dev site",,,"Sonima / Elev8d","Sonima: Sharath Tour"
2018-08-02,"Adam Hoyle",0.25,"review workout designs and catchup on email",,,"Sonima / Elev8d","UX Audit"
2018-07-02,"Adam Hoyle",0.5,"misc. emails and coordination",,,"Sonima / Elev8d","UX Audit"
2018-06-25,"Adam Hoyle",0.5,"call w/ Elev8d team to review UX Audit",,,"Sonima / Elev8d","UX Audit"
2018-06-25,"Adam Hoyle",0.5,"editing for intro",,,"Sonima / Elev8d","UX Audit"
2018-06-24,"Adam Hoyle",0.75,"meeting w/ Jay and Kyle to finalize deliverable",,,"Sonima / Elev8d","UX Audit"
2018-06-24,"Adam Hoyle",0.5,"review and edit intro",,,"Sonima / Elev8d","UX Audit"
2018-06-21,"Adam Hoyle",0.5,"create hosting account elev8d.brunelloinc.com",,,"Sonima / Elev8d","UX Audit"
2018-06-21,"Adam Hoyle",0.25,"status check w/ Kyle",,,"Sonima / Elev8d","UX Audit"
2018-06-20,"Adam Hoyle",1.25,"review and edit issue list spreadsheet",,,"Sonima / Elev8d","UX Audit"
2018-06-19,"Adam Hoyle",0.5,"review and edit issue list spreadsheet",,,"Sonima / Elev8d","UX Audit"
2018-06-14,"Adam Hoyle",0.5,"followup meeting w/ Kyle and Jay",,,"Sonima / Elev8d","UX Audit"
2018-06-14,"Adam Hoyle",0.5,"meet w/ Kyle and Jay to prep for call w/ client",,,"Sonima / Elev8d","UX Audit"
2018-06-14,"Adam Hoyle",0.5,"Check-in call w/ John and Sean",,,"Sonima / Elev8d","UX Audit"
2018-06-04,"Adam Hoyle",0.75,"kickoff call w/ Sean and John, Jay and Kyle",,,"Sonima / Elev8d","UX Audit"
2018-06-04,"Adam Hoyle",0.25,"","Signup for accounts at https://www.elev8dfitness.com/","Misc.","Sonima / Elev8d","UX Audit"
2018-06-04,"Adam Hoyle",0.5,"internal kickoff w/ Jay and Kyle",,,"Sonima / Elev8d","UX Audit"
2018-05-08,"Adam Hoyle",0.5,"troubleshooting beta app install, emails w/ Phil and Crashlytics",,,"Sonima / Elev8d","UX Audit"
2018-07-23,"Adam Hoyle",0.75,"weekly checking w/ Elev8d team","Meetings and Calls","July 2018","Sonima / Elev8d","zOnboarding (sonima & elev8d)"
2018-07-19,"Adam Hoyle",1.0,"walkthrough with Idiom","Meetings and Calls","July 2018","Sonima / Elev8d","zOnboarding (sonima & elev8d)"
2018-07-18,"Adam Hoyle",5.0,"onsite meeting w/ Sean, Erik, John, Nicole, Jay",,,"Sonima / Elev8d","zOnboarding (sonima & elev8d)"
2018-07-17,"Adam Hoyle",0.75,"review notes and prep for meeting",,,"Sonima / Elev8d","zOnboarding (sonima & elev8d)"
2018-07-16,"Adam Hoyle",1.0,"walkthrough w/ Ad60","Meetings and Calls","July 2018","Sonima / Elev8d","zOnboarding (sonima & elev8d)"
2018-07-16,"Adam Hoyle",0.5,"Weekly checkin call w/ Nicole, Sean, John","Meetings and Calls","July 2018","Sonima / Elev8d","zOnboarding (sonima & elev8d)"
2018-07-10,"Adam Hoyle",0.5,"Weekly checking call","Meetings and Calls","July 2018","Sonima / Elev8d","zOnboarding (sonima & elev8d)"
2018-07-09,"Adam Hoyle",0.5,"review emails and test logins",,,"Sonima / Elev8d","zOnboarding (sonima & elev8d)"
2018-09-10,"Adam Hoyle",1.5,"troubleshoot and update DNS records after domain renewal",,,"Squareworks","Misc. Requests"
2019-05-31,"Adam Hoyle",3.0,"Liz",,,"Squareworks","SQW: Case Study Development"
2020-12-18,"Adam Hoyle",0.5,"Create locations menu and add to footer on live site","Create all location pages","Active Tasks","Vicinity Energy","Support Retainer"
2020-12-17,"Adam Hoyle",0.25,"add morgantown, atlanta and watergate images","Create all location pages","Active Tasks","Vicinity Energy","Support Retainer"
2020-12-17,"Adam Hoyle",4.0,"research and test plugins for filter control over blog list, install, configure, test on stage. Move to prod. Update all location pages with correct featured resources","Create all location pages","Active Tasks","Vicinity Energy","Support Retainer"
2020-12-17,"Adam Hoyle",0.5,"","Add new Press Release","Active Tasks","Vicinity Energy","Support Retainer"
2020-12-17,"Adam Hoyle",0.75,"add heros to location landing pages, publish all pages, check links, fix Philly link, update brochure URL, create 301s","Create all location pages","Active Tasks","Vicinity Energy","Support Retainer"
2020-12-17,"Adam Hoyle",1.25,"upload new vicinity brochure PDFs and creat CTAs, add CTAs to page, test, publish live","Create new resource pages for locations","Active Tasks","Vicinity Energy","Support Retainer"
2020-12-15,"Adam Hoyle",0.5,"double-check all pages, update link to brochure, update location H2 ""Investing in..."", email updates to Sara","Create all location pages","Active Tasks","Vicinity Energy","Support Retainer"
2020-12-15,"Adam Hoyle",0.25,"double-check all pages, email Sara with updates","Create new resource pages for locations","Active Tasks","Vicinity Energy","Support Retainer"
2020-12-14,"Adam Hoyle",1.5,"size and save images, first pass on page creation, notes, email Sara","Create new resource pages for locations","Active Tasks","Vicinity Energy","Support Retainer"
2020-12-14,"Adam Hoyle",4.5,"first pass on creation of 10 page shells","Create all location pages","Active Tasks","Vicinity Energy","Support Retainer"
2020-12-07,"Adam Hoyle",0.75,"adjust combo illustration size, fix heading sizes","Create Philadelphia Location page","Active Tasks","Vicinity Energy","Support Retainer"
2020-12-04,"Adam Hoyle",0.5,"","Site ""Rebuild/Re-Theme""","Active Tasks","Vicinity Energy","Support Retainer"
2020-12-04,"Adam Hoyle",2.0,"research page builders, install local, install elemenor, hello, divi and astra, read documentation. [for deleted to-do: ""Migration to new theme / rebuild""]",,,"Vicinity Energy","Support Retainer"
2020-12-03,"Adam Hoyle",1.25,"Check GA per Sara, complete and update Trello todos, email comms w/ Sara",,,"Vicinity Energy","Support Retainer"
2020-12-03,"Adam Hoyle",1.5,"","Create Philadelphia Location page","Active Tasks","Vicinity Energy","Support Retainer"
2020-12-02,"Adam Hoyle",0.25,"add new hubspot form","Create new campaign landing page ""Carbon Free District Energy for Widett Circle""","Active Tasks","Vicinity Energy","Support Retainer"
2020-12-02,"Adam Hoyle",1.0,"checkin call w/ Sara","Meetings & Phone Calls","Meetings & Phone Calls, PM, Misc.","Vicinity Energy","Support Retainer"
2020-12-01,"Adam Hoyle",1.5,"","Create Philadelphia Location page","Active Tasks","Vicinity Energy","Support Retainer"
2020-11-20,"Adam Hoyle",1.0,"resolved after speaking with Sam and updating DNS records","Redirect non-www to www and install new SSL for http://vicinityenergy.us","Active Tasks","Vicinity Energy","Support Retainer"
2020-11-20,"Adam Hoyle",0.5,"Remove custom body from divi theme search results template","Troubleshoot search page not working","Active Tasks","Vicinity Energy","Support Retainer"
2020-11-19,"Adam Hoyle",0.75,"troubleshooting and email to Sara","Redirect non-www to www and install new SSL for http://vicinityenergy.us","Active Tasks","Vicinity Energy","Support Retainer"
2020-11-19,"Adam Hoyle",0.25,"update header","Create new campaign landing page ""Carbon Free District Energy for Widett Circle""","Active Tasks","Vicinity Energy","Support Retainer"
2020-11-19,"Adam Hoyle",0.25,"add to navigation","Create new Industries > Residential page","Active Tasks","Vicinity Energy","Support Retainer"
2020-11-18,"Adam Hoyle",0.5,"followup on this, send email to support and to VE IT","Redirect non-www to www and install new SSL for http://vicinityenergy.us","Active Tasks","Vicinity Energy","Support Retainer"
2020-11-18,"Adam Hoyle",0.5,"","Redirect non-www to www and install new SSL for http://vicinityenergy.us","Active Tasks","Vicinity Energy","Support Retainer"
2020-11-18,"Adam Hoyle",0.25,"update header","Create new campaign landing page ""Carbon Free District Energy for Widett Circle""","Active Tasks","Vicinity Energy","Support Retainer"
2020-11-18,"Adam Hoyle",0.25,"Add hero image","Create new Industries > Residential page","Active Tasks","Vicinity Energy","Support Retainer"
2020-11-17,"Adam Hoyle",0.5,"prep and save icons","Create new campaign landing page ""Carbon Free District Energy for Widett Circle""","Active Tasks","Vicinity Energy","Support Retainer"
2020-11-17,"Adam Hoyle",2.5,"finish page","Create new campaign landing page ""Carbon Free District Energy for Widett Circle""","Active Tasks","Vicinity Energy","Support Retainer"
2020-11-17,"Adam Hoyle",1.0,"finish page","Create new Industries > Residential page","Active Tasks","Vicinity Energy","Support Retainer"
2020-11-17,"Adam Hoyle",1.0,"first pass","Create new Industries > Residential page","Active Tasks","Vicinity Energy","Support Retainer"
2020-11-16,"Adam Hoyle",0.5,"rough first pass","Create new campaign landing page ""Carbon Free District Energy for Widett Circle""","Active Tasks","Vicinity Energy","Support Retainer"
2020-11-11,"Adam Hoyle",0.75,"add to production site","Add breadcrumbs","Active Tasks","Vicinity Energy","Support Retainer"
2020-11-10,"Adam Hoyle",0.5,"add to ""page"" type, style, share with Sara","Add breadcrumbs","Active Tasks","Vicinity Energy","Support Retainer"
2020-11-10,"Adam Hoyle",1.0,"","Build Blog RSS email template","Hubspot","Vicinity Energy","Support Retainer"
2020-11-10,"Adam Hoyle",0.5,"","Build Blog RSS email template","Hubspot","Vicinity Energy","Support Retainer"
2020-11-10,"Adam Hoyle",0.25,"add photo and publish","Add new blog post ""The Many Benefits of CHP for a Low-carbon Future""","Active Tasks","Vicinity Energy","Support Retainer"
2020-11-09,"Adam Hoyle",0.25,"run scan, save report","Write custom meta descriptions for all pages","Active Tasks","Vicinity Energy","Support Retainer"
2020-11-06,"Adam Hoyle",0.25,"respond to Emily re: goals and ads",,,"Vicinity Energy","Support Retainer"
2020-11-04,"Adam Hoyle",0.5,"deploy and test",,,"Vicinity Energy","Support Retainer"
2020-11-04,"Adam Hoyle",3.0,"VE launch prep, email comms, final updates",,,"Vicinity Energy","Support Retainer"
2020-11-03,"Adam Hoyle",0.25,"","Update the URL path for individual brochures, press releases and case studies to include ""/resources/"" in the path","Active Tasks","Vicinity Energy","Support Retainer"
2020-11-03,"Adam Hoyle",0.25,"","Add breadcrumbs","Active Tasks","Vicinity Energy","Support Retainer"
2020-11-03,"Adam Hoyle",0.5,"","Add breadcrumbs","Active Tasks","Vicinity Energy","Support Retainer"
2020-11-03,"Adam Hoyle",2.0,"","Update the URL path for individual brochures, press releases and case studies to include ""/resources/"" in the path","Active Tasks","Vicinity Energy","Support Retainer"
2020-11-03,"Adam Hoyle",0.75,"backup and resync environments, update WP and plugins, smoketest",,,"Vicinity Energy","Support Retainer"
2020-11-03,"Adam Hoyle",0.25,"setup goals in GA","Create thank you pages and update contact forms","Hubspot","Vicinity Energy","Support Retainer"
2020-11-02,"Adam Hoyle",0.25,"update blog heading","Create thank you pages and update contact forms","Hubspot","Vicinity Energy","Support Retainer"
2020-11-02,"Adam Hoyle",2.25,"","Create thank you pages and update contact forms","Hubspot","Vicinity Energy","Support Retainer"
2020-10-29,"Adam Hoyle",0.5,"","Add new blog post ""The Many Benefits of CHP for a Low-carbon Future""","Active Tasks","Vicinity Energy","Support Retainer"
2020-10-29,"Adam Hoyle",0.5,"","Fix issue with Ango not loading","Active Tasks","Vicinity Energy","Support Retainer"
2020-10-29,"Adam Hoyle",1.75,"custom RSS feed with image","Build Blog RSS email template","Hubspot","Vicinity Energy","Support Retainer"
2020-10-29,"Adam Hoyle",0.25,"troubleshoot and fix issue with spacing and subhead on Press release pages per Sara via Trello",,,"Vicinity Energy","Support Retainer"
2020-10-28,"Adam Hoyle",0.5,"email update to Sara","Meetings & Phone Calls","Meetings & Phone Calls, PM, Misc.","Vicinity Energy","Support Retainer"
2020-10-28,"Adam Hoyle",2.5,"research, troubleshoot and test","Troubleshoot CLS","Active Tasks","Vicinity Energy","Support Retainer"
2020-10-28,"Adam Hoyle",0.75,"research and resolve conflicts with open graph plugin","Install and configure SEO plugin","Active Tasks","Vicinity Energy","Support Retainer"
2020-10-27,"Adam Hoyle",2.0,"read documentation, create template, research solutions for featured image","Build Blog RSS email template","Hubspot","Vicinity Energy","Support Retainer"
2020-10-27,"Adam Hoyle",0.25,"","Review WP default XML sitemap and submit to GSC","Hubspot","Vicinity Energy","Support Retainer"
2020-10-22,"Adam Hoyle",0.25,"update press release PDF, remove feature image, add press release to Clean Energy page","Add new Press Release for Clean Energy Future","Active Tasks","Vicinity Energy","Support Retainer"
2020-10-22,"Adam Hoyle",0.5,"add press release, create hubspot CTA","Add new Press Release for Clean Energy Future","Active Tasks","Vicinity Energy","Support Retainer"
2020-10-21,"Adam Hoyle",2.0,"Menu updates and testing, deployment","Create new page for Clean Energy Future","Active Tasks","Vicinity Energy","Support Retainer"
2020-10-21,"Adam Hoyle",0.75,"weekly call","Meetings & Phone Calls","Meetings & Phone Calls, PM, Misc.","Vicinity Energy","Support Retainer"
2020-10-20,"Adam Hoyle",1.0,"","Create new page for Clean Energy Future","Active Tasks","Vicinity Energy","Support Retainer"
2020-10-20,"Adam Hoyle",1.25,"","Install and configure Google AdWords tracking","Active Tasks","Vicinity Energy","Support Retainer"
2020-10-19,"Adam Hoyle",0.75,"review trello cards, research CLS, respond to Sara, request access to DayForce, review sitemap and submit to Google, review other GCS ratings",,,"Vicinity Energy","Support Retainer"
2020-10-09,"Adam Hoyle",0.25,"review submissions, respond to Sara's questions","Blog email signup form","Hubspot","Vicinity Energy","Support Retainer"
2020-10-08,"Adam Hoyle",2.25,"call w/ Meg, Jeff, other hubspot/piesync work","Hubspot -> Microsoft Dynamics Integration via PieSync","Hubspot","Vicinity Energy","Support Retainer"
2020-10-07,"Adam Hoyle",1.5,"","Blog email signup form","Hubspot","Vicinity Energy","Support Retainer"
2020-10-07,"Adam Hoyle",1.25,"weekly checking","Meetings & Phone Calls","Meetings & Phone Calls, PM, Misc.","Vicinity Energy","Support Retainer"
2020-10-07,"Adam Hoyle",0.25,"","Styling for Hubspot email signup form...","Hubspot","Vicinity Energy","Support Retainer"
2020-10-06,"Adam Hoyle",0.5,"Create hubspot form and add to Divi template on dev for testing","Blog email signup form","Hubspot","Vicinity Energy","Support Retainer"
2020-10-06,"Adam Hoyle",0.25,"tweaks and litmus testing","Build Campaign email template","Hubspot","Vicinity Energy","Support Retainer"
2020-10-06,"Adam Hoyle",0.25,"verify domains","Connect domain to hubspot email","Hubspot","Vicinity Energy","Support Retainer"
2020-10-06,"Adam Hoyle",0.5,"review and respond to Trello cards","Meetings & Phone Calls","Meetings & Phone Calls, PM, Misc.","Vicinity Energy","Support Retainer"
2020-10-06,"Adam Hoyle",0.75,"edits to template, resend test, respond to Sara's questions","Build Campaign email template","Hubspot","Vicinity Energy","Support Retainer"
2020-10-06,"Adam Hoyle",0.5,"review documentation, add domain, email Jeff, monitor","Connect domain to hubspot email","Hubspot","Vicinity Energy","Support Retainer"
2020-10-05,"Adam Hoyle",0.75,"Implement Divi optin form, troubleshoot connection to Hubspot","Blog email signup form","Hubspot","Vicinity Energy","Support Retainer"
2020-10-05,"Adam Hoyle",0.75,"add Hubspot Score filter to Leads <-> Contacts, create new Contacts <-> Contact connection","Hubspot -> Microsoft Dynamics Integration via PieSync","Hubspot","Vicinity Energy","Support Retainer"
2020-10-05,"Adam Hoyle",1.25,"first pass","Build Campaign email template","Hubspot","Vicinity Energy","Support Retainer"
2020-10-02,"Adam Hoyle",1.0,"trello tickets",,,"Vicinity Energy","Support Retainer"
2020-10-01,"Adam Hoyle",0.5,"pw reset for Sara, review trello cards for anything urgent, respond to emails re: trello and updating prod",,,"Vicinity Energy","Support Retainer"
2020-09-30,"Adam Hoyle",1.0,"weekly checkin, launch prep","Meetings & Phone Calls","Meetings & Phone Calls, PM, Misc.","Vicinity Energy","Support Retainer"
2020-09-30,"Adam Hoyle",4.0,"Trello tickets and launch prep",,,"Vicinity Energy","Support Retainer"
2020-09-29,"Adam Hoyle",2.0,"Trello cards",,,"Vicinity Energy","Support Retainer"
2020-09-29,"Adam Hoyle",0.5,"update industry and solutions permalinks, update blurb links on industry pages",,,"Vicinity Energy","Support Retainer"
2020-09-28,"Adam Hoyle",0.25,"link homepage solutions",,,"Vicinity Energy","Support Retainer"
2020-09-28,"Adam Hoyle",0.25,"link homepage industries",,,"Vicinity Energy","Support Retainer"
2020-09-28,"Adam Hoyle",1.0,"check dev, catch up on email and trello cards","Meetings & Phone Calls","Meetings & Phone Calls, PM, Misc.","Vicinity Energy","Support Retainer"
2020-09-23,"Adam Hoyle",0.5,"weekly check-in","Meetings & Phone Calls","Meetings & Phone Calls, PM, Misc.","Vicinity Energy","Support Retainer"
2020-09-22,"Adam Hoyle",1.0,"QA items from Trello... standardize h4 styling, center headings and text below icon blurbs",,,"Vicinity Energy","Support Retainer"
2020-09-22,"Adam Hoyle",0.5,"create more icons","Select and add icons for Solutions pages","Active Tasks","Vicinity Energy","Support Retainer"
2020-09-22,"Adam Hoyle",0.75,"Import Divi template to shells and add custom text","Create and populate Industry pages","Active Tasks","Vicinity Energy","Support Retainer"
2020-09-22,"Adam Hoyle",0.5,"call w/ dayforce rep","Integrate DayForce on Careers page via iFrame","Active Tasks","Vicinity Energy","Support Retainer"
2020-09-22,"Adam Hoyle",1.75,"Save as SVG, upload to pages","Select and add icons for Solutions pages","Active Tasks","Vicinity Energy","Support Retainer"
2020-09-21,"Adam Hoyle",0.75,"select icons","Select and add icons for Solutions pages","Active Tasks","Vicinity Energy","Support Retainer"
2020-09-21,"Adam Hoyle",2.5,"update all copy based on new edits, check front-end","Create and populate Solutions pages","Active Tasks","Vicinity Energy","Support Retainer"
2020-09-21,"Adam Hoyle",0.25,"","Create Hubspot CTAs for Press Releases","Hubspot","Vicinity Energy","Support Retainer"
2020-09-21,"Adam Hoyle",0.5,"download and review icons","Select and add icons for Solutions pages","Active Tasks","Vicinity Energy","Support Retainer"
2020-09-21,"Adam Hoyle",0.5,"create pages, add content","Create Press Release pages","Active Tasks","Vicinity Energy","Support Retainer"
2020-09-18,"Adam Hoyle",0.5,"misc. email and coordination",,,"Vicinity Energy","Support Retainer"
2020-09-17,"Adam Hoyle",1.0,"populate Hospitality page and demo Divi for Jay","Create and populate Industry pages","Active Tasks","Vicinity Energy","Support Retainer"
2020-09-17,"Adam Hoyle",1.0,"second pass, cleanup and checks","Create and populate Solutions pages","Active Tasks","Vicinity Energy","Support Retainer"
2020-09-16,"Adam Hoyle",1.75,"first pass on all solutions pages based on latest copy docs","Create and populate Solutions pages","Active Tasks","Vicinity Energy","Support Retainer"
2020-09-16,"Adam Hoyle",0.5,"review outstanding items, timeline, organize and download content, respond to emails","Meetings & Phone Calls","Meetings & Phone Calls, PM, Misc.","Vicinity Energy","Support Retainer"
2020-09-16,"Adam Hoyle",0.5,"complete two-way sync and monitor","Hubspot -> Microsoft Dynamics Integration via PieSync","Hubspot","Vicinity Energy","Support Retainer"
2020-09-16,"Adam Hoyle",0.5,"update case studies, remove pre-title","Create Resource pages","Active Tasks","Vicinity Energy","Support Retainer"
2020-09-15,"Adam Hoyle",1.25,"Finish creating resource pages, make some design adjustments","Create Resource pages","Active Tasks","Vicinity Energy","Support Retainer"
2020-09-15,"Adam Hoyle",0.75,"begin work on resource pages, make some template modifications","Create Resource pages","Active Tasks","Vicinity Energy","Support Retainer"
2020-09-15,"Adam Hoyle",0.5,"research, type up notes for Kyle","Style menu/header navigation","Active Tasks","Vicinity Energy","Support Retainer"
2020-09-14,"Adam Hoyle",1.25,"call w/ Sara and Kristine","Meetings & Phone Calls","Meetings & Phone Calls, PM, Misc.","Vicinity Energy","Support Retainer"
2020-09-13,"Adam Hoyle",0.5,"","Create Hubspot CTAs for Resources (Case Studies, Brochures)","Hubspot","Vicinity Energy","Support Retainer"
2020-09-10,"Adam Hoyle",0.5,"Review hubspot forms, landing pages and CTAs",,,"Vicinity Energy","Support Retainer"
2020-09-10,"Adam Hoyle",0.5,"","Hubspot -> Microsoft Dynamics Integration via PieSync","Hubspot","Vicinity Energy","Support Retainer"
2020-09-04,"Adam Hoyle",0.5,"Update email to Meg",,,"Vicinity Energy","Support Retainer"
2020-09-03,"Adam Hoyle",0.75,"","Hubspot -> Microsoft Dynamics Integration via PieSync","Hubspot","Vicinity Energy","Support Retainer"
2020-09-03,"Adam Hoyle",2.5,"created shell pages for all pages on the sitemap, tested exporting/importing templates and library items between dev and local","Site building","Active Tasks","Vicinity Energy","Support Retainer"
2020-09-01,"Adam Hoyle",1.0,"weekly checkin call w/ Sara and Kristine","Meetings & Phone Calls","Meetings & Phone Calls, PM, Misc.","Vicinity Energy","Support Retainer"
2020-08-31,"Adam Hoyle",2.5,"local testing and review","local site development","Active Tasks","Vicinity Energy","Support Retainer"
2020-08-26,"Adam Hoyle",0.75,"call w/ Kyle, call w/ Kristine","Meetings & Phone Calls","Meetings & Phone Calls, PM, Misc.","Vicinity Energy","Support Retainer"
2020-08-25,"Adam Hoyle",1.25,"Divi testing and learning",,,"Vicinity Energy","Support Retainer"
2020-08-25,"Adam Hoyle",1.0,"local site setup",,,"Vicinity Energy","Support Retainer"
2020-08-24,"Adam Hoyle",1.5,"try to get site running locally, troubleshooting MAMP",,,"Vicinity Energy","Support Retainer"
2020-08-24,"Adam Hoyle",2.0,"research Divi, test",,,"Vicinity Energy","Support Retainer"
2020-08-20,"Adam Hoyle",1.25,"Kickoff Call and followup",,,"Vicinity Energy","Support Retainer"
2020-08-19,"Adam Hoyle",0.5,"prep for call, review project documents, hubspot, hosting, WP",,,"Vicinity Energy","Support Retainer"