date,person,hours,description,todo,list,company,project
2015-09-30,"Adam Hoyle",0.5,"troubleshoot error output on site, change reporting to log-only",,,"Bally Ribbon Mills","Dev./Misc. Support"
2015-09-22,"Adam Hoyle",0.5,"create and test FTP account for Bally",,,"Bally Ribbon Mills","Dev./Misc. Support"
2015-10-19,"Adam Hoyle",0.25,"email Lisa instructions for adding new categories to the publish rules",,,"Baystate Equipment","Dev./Misc. Support"
2015-10-15,"Adam Hoyle",1.0,"Misc. site updates per Lisa",,,"Baystate Equipment","Dev./Misc. Support"
2015-05-07,"Adam Hoyle",0.5,"full site search for lingering forms",,,"Baystate Equipment","Dev./Misc. Support"
2015-05-06,"Adam Hoyle",0.5,"remove form from sale page to eliminate spamming",,,"Baystate Equipment","Dev./Misc. Support"
2017-05-02,"Adam Hoyle",1.0,"troubleshooting maps JS",,,"Bicycling.com","Bicycling.com Microsite"
2017-04-27,"Adam Hoyle",0.5,"shuffle tile order per James",,,"Bicycling.com","Bicycling.com Microsite"
2017-04-27,"Adam Hoyle",0.5,"add streets feature and adjust rows",,,"Bicycling.com","Bicycling.com Microsite"
2017-04-26,"Adam Hoyle",0.5,"update image paths in HTML, test, email James","Coding for landing page (see comment)","Misc.","Bicycling.com","Bicycling.com Microsite"
2017-04-26,"Adam Hoyle",0.5,"misc. emails and project coordination, troubleshooting images",,,"Bicycling.com","Bicycling.com Microsite"
2017-04-26,"Adam Hoyle",2.0,"add Streets and adjust grid for 3 breakpoints",,,"Bicycling.com","Bicycling.com Microsite"
2017-04-25,"Adam Hoyle",0.25,"mockup grid layout for James",,,"Bicycling.com","Bicycling.com Microsite"
2017-04-25,"Adam Hoyle",1.0,"research materialize and modify grid to show 2 larger items in the first row",,,"Bicycling.com","Bicycling.com Microsite"
2017-04-24,"Adam Hoyle",2.25,"finish first pass and send to client","Coding for ""Streets of the Future"" interactive feature (see comment)","Misc.","Bicycling.com","Bicycling.com Microsite"
2017-04-24,"Adam Hoyle",2.0,"finalizing and testing, troubleshooting Drupal/content type restrictions","Coding for ""Streets of the Future"" interactive feature (see comment)","Misc.","Bicycling.com","Bicycling.com Microsite"
2017-04-24,"Adam Hoyle",1.0,"troubleshoot CSS and HTML re-formatting issues","Coding for landing page (see comment)","Misc.","Bicycling.com","Bicycling.com Microsite"
2017-04-21,"Adam Hoyle",3.0,"","Coding for ""Streets of the Future"" interactive feature (see comment)","Misc.","Bicycling.com","Bicycling.com Microsite"
2017-04-21,"Adam Hoyle",3.0,"","Coding for landing page (see comment)","Misc.","Bicycling.com","Bicycling.com Microsite"
2017-04-20,"Adam Hoyle",0.25,"call w/ Lou to discuss ""interactive map""",,,"Bicycling.com","Bicycling.com Microsite"
2017-04-20,"Adam Hoyle",0.75,"first pass","Coding for landing page (see comment)","Misc.","Bicycling.com","Bicycling.com Microsite"
2017-04-20,"Adam Hoyle",0.5,"project notes and BC updates",,,"Bicycling.com","Bicycling.com Microsite"
2017-04-19,"Adam Hoyle",1.5,"project coordination, review assets, emails with client, estimates",,,"Bicycling.com","Bicycling.com Microsite"
2017-12-27,"Adam Hoyle",0.5,"review notes, organize todos, plan day",,,"Brunello, Inc.","*Brunello Admin"
2017-12-20,"Adam Hoyle",0.5,"review notes, organize todos, plan day",,,"Brunello, Inc.","*Brunello Admin"
2017-12-19,"Adam Hoyle",0.25,"order transfers",,,"Brunello, Inc.","*Brunello Admin"
2017-12-19,"Adam Hoyle",0.25,"discuss NR approach",,,"Brunello, Inc.","*Brunello Admin"
2017-12-19,"Adam Hoyle",0.75,"fringe and tax stuff",,,"Brunello, Inc.","*Brunello Admin"
2017-12-14,"Adam Hoyle",0.5,"review notes, organize todos, plan day",,,"Brunello, Inc.","*Brunello Admin"
2017-12-13,"Adam Hoyle",0.5,"review notes, organize todos, plan day",,,"Brunello, Inc.","*Brunello Admin"
2017-12-11,"Adam Hoyle",0.75,"Make some shirts",,,"Brunello, Inc.","*Brunello Admin"
2017-12-11,"Adam Hoyle",0.5,"review notes, organize todos, plan day",,,"Brunello, Inc.","*Brunello Admin"
2017-12-07,"Adam Hoyle",0.25,"call w/ Lexia",,,"Brunello, Inc.","*Brunello Admin"
2017-12-05,"Adam Hoyle",0.5,"research and order blanks",,,"Brunello, Inc.","*Brunello Admin"
2017-12-05,"Adam Hoyle",1.5,"billing",,,"Brunello, Inc.","*Brunello Admin"
2017-12-04,"Adam Hoyle",1.0,"research and order t-shirt transfers",,,"Brunello, Inc.","*Brunello Admin"
2017-12-04,"Adam Hoyle",0.5,"scrum",,,"Brunello, Inc.","*Brunello Admin"
2017-12-04,"Adam Hoyle",0.5,"review notes, organize todos, plan day",,,"Brunello, Inc.","*Brunello Admin"
2017-12-01,"Adam Hoyle",1.0,"misc. emails and followups, NR invoice",,,"Brunello, Inc.","*Brunello Admin"
2017-12-01,"Adam Hoyle",0.5,"review notes, organize todos, plan day",,,"Brunello, Inc.","*Brunello Admin"
2017-11-30,"Adam Hoyle",0.5,"email reply to NR",,,"Brunello, Inc.","*Brunello Admin"
2017-11-30,"Adam Hoyle",0.5,"review notes, organize todos, plan day",,,"Brunello, Inc.","*Brunello Admin"
2017-11-28,"Adam Hoyle",0.5,"review and send Lexia proposal, followup with Mick",,,"Brunello, Inc.","*Brunello Admin"
2017-11-28,"Adam Hoyle",0.5,"email and proposal sends and followups",,,"Brunello, Inc.","*Brunello Admin"
2017-11-28,"Adam Hoyle",0.5,"review notes, organize todos, plan day",,,"Brunello, Inc.","*Brunello Admin"
2017-11-27,"Adam Hoyle",2.0,"research and order heat press",,,"Brunello, Inc.","*Brunello Admin"
2017-11-27,"Adam Hoyle",0.5,"review Lexia proposal",,,"Brunello, Inc.","*Brunello Admin"
2017-11-27,"Adam Hoyle",0.5,"review notes, organize todos, plan day",,,"Brunello, Inc.","*Brunello Admin"
2017-11-27,"Adam Hoyle",0.5,"scrum",,,"Brunello, Inc.","*Brunello Admin"
2017-11-22,"Adam Hoyle",0.75,"weed proposal",,,"Brunello, Inc.","*Brunello Admin"
2017-11-21,"Adam Hoyle",0.25,"followup w/ Lauren",,,"Brunello, Inc.","*Brunello Admin"
2017-11-21,"Adam Hoyle",4.5,"weed proposal",,,"Brunello, Inc.","*Brunello Admin"
2017-11-20,"Adam Hoyle",0.5,"review notes, organize todos, plan day",,,"Brunello, Inc.","*Brunello Admin"
2017-11-20,"Adam Hoyle",1.25,"order weed research and organization for proposal",,,"Brunello, Inc.","*Brunello Admin"
2017-11-20,"Adam Hoyle",0.75,"scrum",,,"Brunello, Inc.","*Brunello Admin"
2017-11-17,"Adam Hoyle",6.0,"fit life proposal",,,"Brunello, Inc.","*Brunello Admin"
2017-11-15,"Adam Hoyle",0.5,"review notes, organize todos, plan day",,,"Brunello, Inc.","*Brunello Admin"
2017-11-14,"Adam Hoyle",0.75,"Call w/ Ben from Lexia",,,"Brunello, Inc.","*Brunello Admin"
2017-11-14,"Adam Hoyle",0.5,"call w/ Joel and Aine re: new site in 2018",,,"Brunello, Inc.","*Brunello Admin"
2017-11-14,"Adam Hoyle",0.5,"review notes, organize todos, plan day",,,"Brunello, Inc.","*Brunello Admin"
2017-11-13,"Adam Hoyle",0.5,"review notes, organize todos, plan day",,,"Brunello, Inc.","*Brunello Admin"
2017-11-10,"Adam Hoyle",0.5,"weed research",,,"Brunello, Inc.","*Brunello Admin"
2017-11-10,"Adam Hoyle",0.25,"new biz followups",,,"Brunello, Inc.","*Brunello Admin"
2017-11-10,"Adam Hoyle",0.5,"review notes, organize todos, plan day",,,"Brunello, Inc.","*Brunello Admin"
2017-11-09,"Adam Hoyle",0.5,"review notes, organize todos, plan day",,,"Brunello, Inc.","*Brunello Admin"
2017-11-08,"Adam Hoyle",0.25,"fix invoice",,,"Brunello, Inc.","*Brunello Admin"
2017-11-07,"Adam Hoyle",0.5,"draft email to Mick",,,"Brunello, Inc.","*Brunello Admin"
2017-11-07,"Adam Hoyle",1.5,"call w/ Mick re: new biz, notes, followup email",,,"Brunello, Inc.","*Brunello Admin"
2017-11-06,"Adam Hoyle",1.0,"billing",,,"Brunello, Inc.","*Brunello Admin"
2017-11-03,"Adam Hoyle",0.5,"review notes, organize todos, plan day",,,"Brunello, Inc.","*Brunello Admin"
2017-11-03,"Adam Hoyle",0.5,"setup dev store for Lianne",,,"Brunello, Inc.","*Brunello Admin"
2017-11-03,"Adam Hoyle",2.0,"billing",,,"Brunello, Inc.","*Brunello Admin"
2017-11-02,"Adam Hoyle",1.0,"billing",,,"Brunello, Inc.","*Brunello Admin"
2017-11-01,"Adam Hoyle",0.5,"review notes, organize todos, plan day",,,"Brunello, Inc.","*Brunello Admin"
2017-11-01,"Adam Hoyle",0.5,"scrum",,,"Brunello, Inc.","*Brunello Admin"
2017-10-30,"Adam Hoyle",0.5,"review notes, organize todos, plan day",,,"Brunello, Inc.","*Brunello Admin"
2017-10-27,"Adam Hoyle",0.5,"t-shirt vinyl tests, dabbing skeletons",,,"Brunello, Inc.","*Brunello Admin"
2017-10-27,"Adam Hoyle",0.5,"review notes, organize todos, plan day",,,"Brunello, Inc.","*Brunello Admin"
2017-10-26,"Adam Hoyle",0.5,"review notes, organize todos, plan day",,,"Brunello, Inc.","*Brunello Admin"
2017-10-25,"Adam Hoyle",0.5,"review notes, organize todos, plan day",,,"Brunello, Inc.","*Brunello Admin"
2017-10-24,"Adam Hoyle",0.5,"scrum",,,"Brunello, Inc.","*Brunello Admin"
2017-10-24,"Adam Hoyle",0.5,"review notes, organize todos, plan day",,,"Brunello, Inc.","*Brunello Admin"
2017-10-20,"Adam Hoyle",1.25,"BAM proposal and email",,,"Brunello, Inc.","*Brunello Admin"
2017-10-20,"Adam Hoyle",0.5,"review notes, organize todos, plan day",,,"Brunello, Inc.","*Brunello Admin"
2017-10-19,"Adam Hoyle",0.75,"work on proposal for Collette",,,"Brunello, Inc.","*Brunello Admin"
2017-10-19,"Adam Hoyle",0.5,"review notes, organize todos, plan day",,,"Brunello, Inc.","*Brunello Admin"
2017-10-18,"Adam Hoyle",0.5,"review notes, organize todos, plan day",,,"Brunello, Inc.","*Brunello Admin"
2017-10-16,"Adam Hoyle",0.5,"scrum",,,"Brunello, Inc.","*Brunello Admin"
2017-10-16,"Adam Hoyle",0.5,"review notes, organize todos, plan day",,,"Brunello, Inc.","*Brunello Admin"
2017-10-13,"Adam Hoyle",2.0,"QB deposits and followups",,,"Brunello, Inc.","*Brunello Admin"
2017-10-13,"Adam Hoyle",0.5,"review notes, organize todos, plan day",,,"Brunello, Inc.","*Brunello Admin"
2017-10-12,"Adam Hoyle",0.5,"review notes, organize todos, plan day",,,"Brunello, Inc.","*Brunello Admin"
2017-10-12,"Adam Hoyle",0.5,"scrum",,,"Brunello, Inc.","*Brunello Admin"
2017-10-11,"Adam Hoyle",0.5,"scrum",,,"Brunello, Inc.","*Brunello Admin"
2017-10-11,"Adam Hoyle",0.5,"review notes, organize todos, plan day",,,"Brunello, Inc.","*Brunello Admin"
2017-10-10,"Adam Hoyle",0.5,"review notes, organize todos, plan day",,,"Brunello, Inc.","*Brunello Admin"
2017-10-05,"Adam Hoyle",0.5,"scrum",,,"Brunello, Inc.","*Brunello Admin"
2017-10-05,"Adam Hoyle",0.5,"review notes, organize todos, plan day",,,"Brunello, Inc.","*Brunello Admin"
2017-10-03,"Adam Hoyle",1.5,"billing and QB",,,"Brunello, Inc.","*Brunello Admin"
2017-10-02,"Adam Hoyle",0.5,"scrum",,,"Brunello, Inc.","*Brunello Admin"
2017-10-02,"Adam Hoyle",0.5,"review notes, organize todos, plan day",,,"Brunello, Inc.","*Brunello Admin"
2017-09-28,"Adam Hoyle",0.5,"scrum",,,"Brunello, Inc.","*Brunello Admin"
2017-09-28,"Adam Hoyle",0.5,"review notes, organize todos, plan day",,,"Brunello, Inc.","*Brunello Admin"
2017-09-27,"Adam Hoyle",0.75,"process and respond to misc. emails, coordination/organization",,,"Brunello, Inc.","*Brunello Admin"
2017-09-27,"Adam Hoyle",0.5,"review notes, organize todos, plan day",,,"Brunello, Inc.","*Brunello Admin"
2017-09-26,"Adam Hoyle",0.5,"scrum",,,"Brunello, Inc.","*Brunello Admin"
2017-09-26,"Adam Hoyle",0.5,"review notes, organize todos, plan day",,,"Brunello, Inc.","*Brunello Admin"
2017-09-25,"Adam Hoyle",0.5,"review notes, organize todos, plan day",,,"Brunello, Inc.","*Brunello Admin"
2017-09-25,"Adam Hoyle",0.75,"scrum",,,"Brunello, Inc.","*Brunello Admin"
2017-09-22,"Adam Hoyle",2.0,"Tufin estimate",,,"Brunello, Inc.","*Brunello Admin"
2017-09-22,"Adam Hoyle",0.5,"review notes, organize todos, plan day",,,"Brunello, Inc.","*Brunello Admin"
2017-09-21,"Adam Hoyle",0.5,"review notes, organize todos, plan day",,,"Brunello, Inc.","*Brunello Admin"
2017-09-20,"Adam Hoyle",0.5,"NR estimate",,,"Brunello, Inc.","*Brunello Admin"
2017-09-18,"Adam Hoyle",0.5,"review notes, organize todos, plan day",,,"Brunello, Inc.","*Brunello Admin"
2017-09-15,"Adam Hoyle",0.5,"review and edit estimate A2a",,,"Brunello, Inc.","*Brunello Admin"
2017-09-14,"Adam Hoyle",0.5,"reply to Gary @ EIM",,,"Brunello, Inc.","*Brunello Admin"
2017-09-14,"Adam Hoyle",0.25,"review and edit estimate A2a",,,"Brunello, Inc.","*Brunello Admin"
2017-09-14,"Adam Hoyle",1.0,"new biz call w/ A2A",,,"Brunello, Inc.","*Brunello Admin"
2017-09-14,"Adam Hoyle",0.5,"review A2a request, prep for call.",,,"Brunello, Inc.","*Brunello Admin"
2017-09-14,"Adam Hoyle",0.5,"review notes, organize todos, plan day",,,"Brunello, Inc.","*Brunello Admin"
2017-09-13,"Adam Hoyle",0.5,"review notes, organize todos, plan day",,,"Brunello, Inc.","*Brunello Admin"
2017-09-12,"Adam Hoyle",0.5,"scrum",,,"Brunello, Inc.","*Brunello Admin"
2017-09-12,"Adam Hoyle",0.5,"review notes, organize todos, plan day",,,"Brunello, Inc.","*Brunello Admin"
2017-09-11,"Adam Hoyle",0.5,"scrum",,,"Brunello, Inc.","*Brunello Admin"
2017-09-11,"Adam Hoyle",0.5,"review notes, organize todos, plan day",,,"Brunello, Inc.","*Brunello Admin"
2017-09-08,"Adam Hoyle",0.5,"review notes, organize todos, plan day",,,"Brunello, Inc.","*Brunello Admin"
2017-09-08,"Adam Hoyle",0.5,"scrum",,,"Brunello, Inc.","*Brunello Admin"
2017-09-07,"Adam Hoyle",0.5,"review notes, organize todos, plan day",,,"Brunello, Inc.","*Brunello Admin"
2017-09-06,"Adam Hoyle",0.5,"review notes, organize todos, plan day",,,"Brunello, Inc.","*Brunello Admin"
2017-09-06,"Adam Hoyle",0.5,"scrum",,,"Brunello, Inc.","*Brunello Admin"
2017-09-05,"Adam Hoyle",1.75,"billing",,,"Brunello, Inc.","*Brunello Admin"
2017-09-05,"Adam Hoyle",0.5,"scrum",,,"Brunello, Inc.","*Brunello Admin"
2017-09-05,"Adam Hoyle",0.5,"review notes, organize todos, plan day",,,"Brunello, Inc.","*Brunello Admin"
2017-08-30,"Adam Hoyle",0.25,"discuss new biz w/ Nicole",,,"Brunello, Inc.","*Brunello Admin"
2017-08-30,"Adam Hoyle",0.5,"review notes, organize todos, plan day",,,"Brunello, Inc.","*Brunello Admin"
2017-08-29,"Adam Hoyle",1.0,"meet w/ Kyle re: Brunello site",,,"Brunello, Inc.","*Brunello Admin"
2017-08-29,"Adam Hoyle",0.5,"scrum",,,"Brunello, Inc.","*Brunello Admin"
2017-08-29,"Adam Hoyle",0.5,"review notes, organize todos, plan day",,,"Brunello, Inc.","*Brunello Admin"
2017-08-28,"Adam Hoyle",0.5,"scrum",,,"Brunello, Inc.","*Brunello Admin"
2017-08-28,"Adam Hoyle",0.5,"review notes, organize todos, plan day",,,"Brunello, Inc.","*Brunello Admin"
2017-08-25,"Adam Hoyle",0.5,"process email and replies",,,"Brunello, Inc.","*Brunello Admin"
2017-08-25,"Adam Hoyle",0.5,"research woodpecker & linkedin integration",,,"Brunello, Inc.","*Brunello Admin"
2017-08-25,"Adam Hoyle",0.25,"review notes, organize todos, plan day",,,"Brunello, Inc.","*Brunello Admin"
2017-08-24,"Adam Hoyle",0.25,"discuss NR response approaches",,,"Brunello, Inc.","*Brunello Admin"
2017-08-24,"Adam Hoyle",0.5,"review notes, organize todos, plan day",,,"Brunello, Inc.","*Brunello Admin"
2017-08-23,"Adam Hoyle",0.5,"review notes, organize todos, plan day",,,"Brunello, Inc.","*Brunello Admin"
2017-08-22,"Adam Hoyle",0.75,"scrum",,,"Brunello, Inc.","*Brunello Admin"
2017-08-22,"Adam Hoyle",0.5,"review notes, organize todos, plan day",,,"Brunello, Inc.","*Brunello Admin"
2017-08-10,"Adam Hoyle",1.0,"investment call",,,"Brunello, Inc.","*Brunello Admin"
2017-08-10,"Adam Hoyle",0.5,"review notes, organize todos, plan day",,,"Brunello, Inc.","*Brunello Admin"
2017-08-09,"Adam Hoyle",0.5,"scrum",,,"Brunello, Inc.","*Brunello Admin"
2017-08-09,"Adam Hoyle",0.5,"review notes, organize todos, plan day",,,"Brunello, Inc.","*Brunello Admin"
2017-08-08,"Adam Hoyle",0.5,"bank deposits and QB",,,"Brunello, Inc.","*Brunello Admin"
2017-08-08,"Adam Hoyle",0.5,"review notes, organize todos, plan day",,,"Brunello, Inc.","*Brunello Admin"
2017-08-07,"Adam Hoyle",0.5,"review notes, organize todos, plan day",,,"Brunello, Inc.","*Brunello Admin"
2017-08-03,"Adam Hoyle",0.25,"billing",,,"Brunello, Inc.","*Brunello Admin"
2017-08-03,"Adam Hoyle",0.5,"scrum",,,"Brunello, Inc.","*Brunello Admin"
2017-08-03,"Adam Hoyle",0.5,"review notes, organize todos, plan day",,,"Brunello, Inc.","*Brunello Admin"
2017-08-02,"Adam Hoyle",1.5,"billing",,,"Brunello, Inc.","*Brunello Admin"
2017-08-02,"Adam Hoyle",0.5,"review notes, organize todos, plan day",,,"Brunello, Inc.","*Brunello Admin"
2017-08-01,"Adam Hoyle",0.5,"bank and QB",,,"Brunello, Inc.","*Brunello Admin"
2017-08-01,"Adam Hoyle",1.0,"process email",,,"Brunello, Inc.","*Brunello Admin"
2017-08-01,"Adam Hoyle",0.5,"review notes, organize todos, plan day",,,"Brunello, Inc.","*Brunello Admin"
2017-07-31,"Adam Hoyle",0.5,"scrum",,,"Brunello, Inc.","*Brunello Admin"
2017-07-31,"Adam Hoyle",0.5,"review notes, organize todos, plan day",,,"Brunello, Inc.","*Brunello Admin"
2017-07-28,"Adam Hoyle",0.5,"review notes, organize todos, plan day",,,"Brunello, Inc.","*Brunello Admin"
2017-07-27,"Adam Hoyle",0.5,"email and new biz followups",,,"Brunello, Inc.","*Brunello Admin"
2017-07-27,"Adam Hoyle",0.75,"Update and send WellBe estimate",,,"Brunello, Inc.","*Brunello Admin"
2017-07-27,"Adam Hoyle",0.5,"review notes, organize todos, plan day",,,"Brunello, Inc.","*Brunello Admin"
2017-07-26,"Adam Hoyle",0.5,"review notes, organize todos, plan day",,,"Brunello, Inc.","*Brunello Admin"
2017-07-25,"Adam Hoyle",2.0,"Brunello site meeting re: components",,,"Brunello, Inc.","*Brunello Admin"
2017-07-25,"Adam Hoyle",0.5,"scrum",,,"Brunello, Inc.","*Brunello Admin"
2017-07-25,"Adam Hoyle",0.5,"review notes, organize todos, plan day",,,"Brunello, Inc.","*Brunello Admin"
2017-07-24,"Adam Hoyle",0.5,"emails and new biz followups",,,"Brunello, Inc.","*Brunello Admin"
2017-07-24,"Adam Hoyle",0.5,"scrum",,,"Brunello, Inc.","*Brunello Admin"
2017-07-24,"Adam Hoyle",0.5,"review notes, organize todos, plan day",,,"Brunello, Inc.","*Brunello Admin"
2017-07-20,"Adam Hoyle",0.5,"new biz emails and followups",,,"Brunello, Inc.","*Brunello Admin"
2017-07-20,"Adam Hoyle",0.5,"review notes, organize todos, plan day",,,"Brunello, Inc.","*Brunello Admin"
2017-07-19,"Adam Hoyle",0.5,"scrum",,,"Brunello, Inc.","*Brunello Admin"
2017-07-19,"Adam Hoyle",0.5,"review notes, organize todos, plan day",,,"Brunello, Inc.","*Brunello Admin"
2017-07-18,"Adam Hoyle",0.5,"bank deposits and QB",,,"Brunello, Inc.","*Brunello Admin"
2017-07-17,"Adam Hoyle",0.5,"scrum",,,"Brunello, Inc.","*Brunello Admin"
2017-07-17,"Adam Hoyle",0.5,"review notes, organize todos, plan day",,,"Brunello, Inc.","*Brunello Admin"
2017-07-17,"Adam Hoyle",0.5,"airport setup",,,"Brunello, Inc.","*Brunello Admin"
2017-07-13,"Adam Hoyle",0.25,"scrum",,,"Brunello, Inc.","*Brunello Admin"
2017-07-13,"Adam Hoyle",0.5,"review notes, organize todos, plan day",,,"Brunello, Inc.","*Brunello Admin"
2017-07-13,"Adam Hoyle",0.25,"DAM statements",,,"Brunello, Inc.","*Brunello Admin"
2017-07-12,"Adam Hoyle",0.5,"review notes, organize todos, plan day",,,"Brunello, Inc.","*Brunello Admin"
2017-07-12,"Adam Hoyle",0.75,"LinkedIn research and re-connecting",,,"Brunello, Inc.","*Brunello Admin"
2017-07-12,"Adam Hoyle",0.5,"scrum",,,"Brunello, Inc.","*Brunello Admin"
2017-07-11,"Adam Hoyle",0.5,"review notes, organize todos, plan day",,,"Brunello, Inc.","*Brunello Admin"
2017-07-11,"Adam Hoyle",1.0,"new biz emails",,,"Brunello, Inc.","*Brunello Admin"
2017-07-11,"Adam Hoyle",1.0,"process snailmail",,,"Brunello, Inc.","*Brunello Admin"
2017-07-11,"Adam Hoyle",0.75,"renew domain for jessalynjarest.com after email and site outage, OpenSRS doesn't renew anymore so this took some investigating",,,"Brunello, Inc.","*Brunello Admin"
2017-07-10,"Adam Hoyle",1.25,"catchup on email",,,"Brunello, Inc.","*Brunello Admin"
2017-07-10,"Adam Hoyle",1.0,"deposits and QB",,,"Brunello, Inc.","*Brunello Admin"
2017-07-10,"Adam Hoyle",0.5,"review notes, organize todos, plan day",,,"Brunello, Inc.","*Brunello Admin"
2017-06-30,"Adam Hoyle",1.75,"billing",,,"Brunello, Inc.","*Brunello Admin"
2017-06-30,"Adam Hoyle",0.5,"process email",,,"Brunello, Inc.","*Brunello Admin"
2017-06-29,"Adam Hoyle",0.5,"complete WW moveout paperwork",,,"Brunello, Inc.","*Brunello Admin"
2017-06-27,"Adam Hoyle",0.5,"review notes, organize todos, plan day",,,"Brunello, Inc.","*Brunello Admin"
2017-06-26,"Adam Hoyle",0.5,"review notes, organize todos, plan day",,,"Brunello, Inc.","*Brunello Admin"
2017-06-26,"Adam Hoyle",0.5,"scrum",,,"Brunello, Inc.","*Brunello Admin"
2017-06-22,"Adam Hoyle",0.5,"scrum",,,"Brunello, Inc.","*Brunello Admin"
2017-06-22,"Adam Hoyle",0.5,"review squareworks LinkedIn lead-gen and content marketing estimate",,,"Brunello, Inc.","*Brunello Admin"
2017-06-22,"Adam Hoyle",0.5,"review notes, organize todos, plan day",,,"Brunello, Inc.","*Brunello Admin"
2017-06-21,"Adam Hoyle",0.5,"review AR and send followups",,,"Brunello, Inc.","*Brunello Admin"
2017-06-21,"Adam Hoyle",0.25,"review domain auto-renewals and cancel unneeded products related to WD and CD",,,"Brunello, Inc.","*Brunello Admin"
2017-06-21,"Adam Hoyle",0.5,"review notes, organize todos, plan day",,,"Brunello, Inc.","*Brunello Admin"
2017-06-20,"Adam Hoyle",0.5,"scrum",,,"Brunello, Inc.","*Brunello Admin"
2017-06-20,"Adam Hoyle",0.5,"review notes, organize todos, plan day",,,"Brunello, Inc.","*Brunello Admin"
2017-06-19,"Adam Hoyle",0.5,"census survey",,,"Brunello, Inc.","*Brunello Admin"
2017-06-19,"Adam Hoyle",0.5,"review notes, organize todos, plan day",,,"Brunello, Inc.","*Brunello Admin"
2017-06-16,"Adam Hoyle",0.5,"review notes, organize todos, plan day",,,"Brunello, Inc.","*Brunello Admin"
2017-06-15,"Adam Hoyle",0.5,"review notes, organize todos, plan day",,,"Brunello, Inc.","*Brunello Admin"
2017-06-14,"Adam Hoyle",0.5,"review notes, organize todos, plan day",,,"Brunello, Inc.","*Brunello Admin"
2017-06-13,"Adam Hoyle",0.5,"scrum",,,"Brunello, Inc.","*Brunello Admin"
2017-06-13,"Adam Hoyle",0.5,"review notes, organize todos, plan day",,,"Brunello, Inc.","*Brunello Admin"
2017-06-12,"Adam Hoyle",0.75,"banking and QB",,,"Brunello, Inc.","*Brunello Admin"
2017-06-12,"Adam Hoyle",0.5,"review notes, organize todos, plan day",,,"Brunello, Inc.","*Brunello Admin"
2017-06-07,"Adam Hoyle",0.5,"review notes, organize todos, plan day",,,"Brunello, Inc.","*Brunello Admin"
2017-06-06,"Adam Hoyle",0.5,"billing and QB",,,"Brunello, Inc.","*Brunello Admin"
2017-06-06,"Adam Hoyle",0.5,"review notes, organize todos, plan day",,,"Brunello, Inc.","*Brunello Admin"
2017-06-05,"Adam Hoyle",1.5,"billing and QB",,,"Brunello, Inc.","*Brunello Admin"
2017-06-05,"Adam Hoyle",1.75,"catch up on emails and replies",,,"Brunello, Inc.","*Brunello Admin"
2017-06-05,"Adam Hoyle",0.5,"scrum",,,"Brunello, Inc.","*Brunello Admin"
2017-06-05,"Adam Hoyle",0.5,"review notes, organize todos, plan day",,,"Brunello, Inc.","*Brunello Admin"
2017-05-22,"Adam Hoyle",0.5,"scrum",,,"Brunello, Inc.","*Brunello Admin"
2017-05-22,"Adam Hoyle",0.5,"review notes, organize todos, plan day",,,"Brunello, Inc.","*Brunello Admin"
2017-05-19,"Adam Hoyle",0.5,"review notes, organize todos, plan day",,,"Brunello, Inc.","*Brunello Admin"
2017-05-18,"Adam Hoyle",0.5,"review notes, organize todos, plan day",,,"Brunello, Inc.","*Brunello Admin"
2017-05-18,"Adam Hoyle",0.25,"scrum",,,"Brunello, Inc.","*Brunello Admin"
2017-05-17,"Adam Hoyle",0.25,"draft email to NewPeaks",,,"Brunello, Inc.","*Brunello Admin"
2017-05-17,"Adam Hoyle",0.5,"eview notes, organize todos, plan day",,,"Brunello, Inc.","*Brunello Admin"
2017-05-16,"Adam Hoyle",1.25,"process and respond to emails, updates to basecamp",,,"Brunello, Inc.","*Brunello Admin"
2017-05-16,"Adam Hoyle",1.0,"call w/ Nikias followed by scrum",,,"Brunello, Inc.","*Brunello Admin"
2017-05-16,"Adam Hoyle",0.25,"review notes, organize todos, plan day",,,"Brunello, Inc.","*Brunello Admin"
2017-05-15,"Adam Hoyle",0.75,"process and respond to emails",,,"Brunello, Inc.","*Brunello Admin"
2017-05-15,"Adam Hoyle",0.5,"update EnerNOC service agreement, sign and email Sara",,,"Brunello, Inc.","*Brunello Admin"
2017-05-15,"Adam Hoyle",0.5,"scrum",,,"Brunello, Inc.","*Brunello Admin"
2017-05-15,"Adam Hoyle",0.5,"review notes, organize todos, plan day",,,"Brunello, Inc.","*Brunello Admin"
2017-05-12,"Adam Hoyle",0.5,"review notes, organize todos, plan day",,,"Brunello, Inc.","*Brunello Admin"
2017-05-11,"Adam Hoyle",0.5,"process and respond to emails",,,"Brunello, Inc.","*Brunello Admin"
2017-05-11,"Adam Hoyle",1.5,"superscrum",,,"Brunello, Inc.","*Brunello Admin"
2017-05-11,"Adam Hoyle",0.5,"review notes, organize todos, plan day",,,"Brunello, Inc.","*Brunello Admin"
2017-05-10,"Adam Hoyle",0.5,"wework tour each floor and get acquinted",,,"Brunello, Inc.","*Brunello Admin"
2017-05-10,"Adam Hoyle",1.0,"process and respond to emails",,,"Brunello, Inc.","*Brunello Admin"
2017-05-10,"Adam Hoyle",0.75,"scrum",,,"Brunello, Inc.","*Brunello Admin"
2017-05-10,"Adam Hoyle",0.5,"review notes, organize todos, plan day",,,"Brunello, Inc.","*Brunello Admin"
2017-05-09,"Adam Hoyle",2.0,"WeWork tour",,,"Brunello, Inc.","*Brunello Admin"
2017-05-09,"Adam Hoyle",0.5,"review notes, organize todos, plan day",,,"Brunello, Inc.","*Brunello Admin"
2017-05-08,"Adam Hoyle",1.25,"process and respond to emails",,,"Brunello, Inc.","*Brunello Admin"
2017-05-08,"Adam Hoyle",0.5,"scrum",,,"Brunello, Inc.","*Brunello Admin"
2017-05-08,"Adam Hoyle",1.0,"WeWork tour",,,"Brunello, Inc.","*Brunello Admin"
2017-05-08,"Adam Hoyle",0.5,"review notes, organize todos, plan day",,,"Brunello, Inc.","*Brunello Admin"
2017-05-04,"Adam Hoyle",0.75,"process and respond to emails",,,"Brunello, Inc.","*Brunello Admin"
2017-05-04,"Adam Hoyle",0.5,"review notes, organize todos, plan day",,,"Brunello, Inc.","*Brunello Admin"
2017-05-03,"Adam Hoyle",0.25,"review notes, organize todos, plan day",,,"Brunello, Inc.","*Brunello Admin"
2017-05-02,"Adam Hoyle",0.5,"review notes, organize todos, plan day",,,"Brunello, Inc.","*Brunello Admin"
2017-05-01,"Adam Hoyle",0.75,"emails",,,"Brunello, Inc.","*Brunello Admin"
2017-05-01,"Adam Hoyle",2.0,"deposits and billing",,,"Brunello, Inc.","*Brunello Admin"
2017-05-01,"Adam Hoyle",0.5,"scrum",,,"Brunello, Inc.","*Brunello Admin"
2017-05-01,"Adam Hoyle",0.5,"review notes, organize todos, plan day",,,"Brunello, Inc.","*Brunello Admin"
2017-04-28,"Adam Hoyle",0.5,"review notes, organize todos, plan day",,,"Brunello, Inc.","*Brunello Admin"
2017-04-27,"Adam Hoyle",1.0,"meet w/ realtor",,,"Brunello, Inc.","*Brunello Admin"
2017-04-27,"Adam Hoyle",0.75,"banking and QB",,,"Brunello, Inc.","*Brunello Admin"
2017-04-26,"Adam Hoyle",0.75,"process emails",,,"Brunello, Inc.","*Brunello Admin"
2017-04-26,"Adam Hoyle",0.5,"review notes, organize todos, plan day",,,"Brunello, Inc.","*Brunello Admin"
2017-04-25,"Adam Hoyle",0.75,"process emails",,,"Brunello, Inc.","*Brunello Admin"
2017-04-25,"Adam Hoyle",0.25,"review notes, organize todos, plan day",,,"Brunello, Inc.","*Brunello Admin"
2017-04-20,"Adam Hoyle",0.75,"misc. emails and communication",,,"Brunello, Inc.","*Brunello Admin"
2017-04-20,"Adam Hoyle",0.5,"review notes, organize todos, plan day",,,"Brunello, Inc.","*Brunello Admin"
2017-04-19,"Adam Hoyle",0.25,"review notes, organize todos, plan day",,,"Brunello, Inc.","*Brunello Admin"
2017-04-19,"Adam Hoyle",0.75,"misc. emails and followups",,,"Brunello, Inc.","*Brunello Admin"
2017-04-18,"Adam Hoyle",0.5,"scrum",,,"Brunello, Inc.","*Brunello Admin"
2017-04-18,"Adam Hoyle",0.5,"review notes, organize todos, plan day",,,"Brunello, Inc.","*Brunello Admin"
2017-04-13,"Adam Hoyle",0.75,"call w/ Piddonkadonk",,,"Brunello, Inc.","*Brunello Admin"
2017-04-13,"Adam Hoyle",0.5,"scrum",,,"Brunello, Inc.","*Brunello Admin"
2017-04-13,"Adam Hoyle",0.5,"review notes, organize todos, plan day",,,"Brunello, Inc.","*Brunello Admin"
2017-04-12,"Adam Hoyle",0.5,"review bicycling notes and estimate each item",,,"Brunello, Inc.","*Brunello Admin"
2017-04-12,"Adam Hoyle",0.5,"scrum",,,"Brunello, Inc.","*Brunello Admin"
2017-04-12,"Adam Hoyle",0.75,"review WeWork options and email Scotty, call w/ Kerry, misc.",,,"Brunello, Inc.","*Brunello Admin"
2017-04-12,"Adam Hoyle",0.5,"review notes, organize todos, plan day, process email",,,"Brunello, Inc.","*Brunello Admin"
2017-04-11,"Adam Hoyle",0.75,"review notes, organize todos, plan day, process email",,,"Brunello, Inc.","*Brunello Admin"
2017-04-10,"Adam Hoyle",0.5,"review, sign and return Boomerang and Brunello tax returns",,,"Brunello, Inc.","*Brunello Admin"
2017-04-10,"Adam Hoyle",0.5,"scrum",,,"Brunello, Inc.","*Brunello Admin"
2017-04-10,"Adam Hoyle",0.5,"process email",,,"Brunello, Inc.","*Brunello Admin"
2017-04-10,"Adam Hoyle",0.75,"review notes, organize todos, plan day",,,"Brunello, Inc.","*Brunello Admin"
2017-04-10,"Adam Hoyle",0.75,"call w/ Bicycling.com",,,"Brunello, Inc.","*Brunello Admin"
2017-04-07,"Adam Hoyle",0.5,"review and organize todos, plan da",,,"Brunello, Inc.","*Brunello Admin"
2017-04-06,"Adam Hoyle",1.0,"meet w/ Simon re: lease",,,"Brunello, Inc.","*Brunello Admin"
2017-04-06,"Adam Hoyle",0.5,"scrum",,,"Brunello, Inc.","*Brunello Admin"
2017-04-06,"Adam Hoyle",0.25,"review and organize todos, plan day",,,"Brunello, Inc.","*Brunello Admin"
2017-04-05,"Adam Hoyle",0.5,"misc. project coordination, emails and discussions",,,"Brunello, Inc.","*Brunello Admin"
2017-04-05,"Adam Hoyle",0.5,"scrum",,,"Brunello, Inc.","*Brunello Admin"
2017-04-05,"Adam Hoyle",0.25,"review and organize todos, plan day",,,"Brunello, Inc.","*Brunello Admin"
2017-04-04,"Adam Hoyle",1.0,"banking and QB review",,,"Brunello, Inc.","*Brunello Admin"
2017-04-03,"Adam Hoyle",2.0,"billing and QB",,,"Brunello, Inc.","*Brunello Admin"
2017-04-03,"Adam Hoyle",0.5,"scrum",,,"Brunello, Inc.","*Brunello Admin"
2017-04-03,"Adam Hoyle",0.5,"review and organize todos, plan day",,,"Brunello, Inc.","*Brunello Admin"
2017-03-30,"Adam Hoyle",0.25,"review and organize todos, plan day",,,"Brunello, Inc.","*Brunello Admin"
2017-03-30,"Adam Hoyle",0.5,"scrum",,,"Brunello, Inc.","*Brunello Admin"
2017-03-29,"Adam Hoyle",0.5,"scrum",,,"Brunello, Inc.","*Brunello Admin"
2017-03-29,"Adam Hoyle",0.25,"review and organize todos, plan day",,,"Brunello, Inc.","*Brunello Admin"
2017-03-29,"Adam Hoyle",0.5,"review proposal",,,"Brunello, Inc.","*Brunello Admin"
2017-03-28,"Adam Hoyle",0.5,"emails",,,"Brunello, Inc.","*Brunello Admin"
2017-03-28,"Adam Hoyle",0.5,"initial read of Elev8d proposal",,,"Brunello, Inc.","*Brunello Admin"
2017-03-28,"Adam Hoyle",0.5,"scrum",,,"Brunello, Inc.","*Brunello Admin"
2017-03-28,"Adam Hoyle",0.5,"review and organize todos, plan day",,,"Brunello, Inc.","*Brunello Admin"
2017-03-27,"Adam Hoyle",1.0,"wework tour",,,"Brunello, Inc.","*Brunello Admin"
2017-03-27,"Adam Hoyle",0.5,"scrum",,,"Brunello, Inc.","*Brunello Admin"
2017-03-27,"Adam Hoyle",0.5,"review and organize todos, plan day",,,"Brunello, Inc.","*Brunello Admin"
2017-03-24,"Adam Hoyle",0.5,"process, delete, unsubscribe and file misc. emails",,,"Brunello, Inc.","*Brunello Admin"
2017-03-22,"Adam Hoyle",0.5,"review and organize todos, plan day",,,"Brunello, Inc.","*Brunello Admin"
2017-03-21,"Adam Hoyle",0.75,"emails",,,"Brunello, Inc.","*Brunello Admin"
2017-03-21,"Adam Hoyle",0.5,"scrum",,,"Brunello, Inc.","*Brunello Admin"
2017-03-21,"Adam Hoyle",0.25,"review and organize todos, plan day",,,"Brunello, Inc.","*Brunello Admin"
2017-03-20,"Adam Hoyle",0.25,"review and organize todos, plan day",,,"Brunello, Inc.","*Brunello Admin"
2017-03-20,"Adam Hoyle",0.5,"scrum",,,"Brunello, Inc.","*Brunello Admin"
2017-03-17,"Adam Hoyle",0.25,"update and resend CE invoice",,,"Brunello, Inc.","*Brunello Admin"
2017-03-16,"Adam Hoyle",1.0,"billing and QB",,,"Brunello, Inc.","*Brunello Admin"
2017-03-16,"Adam Hoyle",0.25,"review and organize todos, plan day",,,"Brunello, Inc.","*Brunello Admin"
2017-03-15,"Adam Hoyle",0.5,"Review RFP for Elev8",,,"Brunello, Inc.","*Brunello Admin"
2017-03-15,"Adam Hoyle",0.25,"review and organize todos, plan day",,,"Brunello, Inc.","*Brunello Admin"
2017-03-13,"Adam Hoyle",0.5,"review and organize todos, plan day",,,"Brunello, Inc.","*Brunello Admin"
2017-03-13,"Adam Hoyle",1.0,"scrum",,,"Brunello, Inc.","*Brunello Admin"
2017-03-08,"Adam Hoyle",0.5,"review and organize todos, plan day",,,"Brunello, Inc.","*Brunello Admin"
2017-03-07,"Adam Hoyle",0.5,"review and organize todos, plan day",,,"Brunello, Inc.","*Brunello Admin"
2017-03-07,"Adam Hoyle",0.5,"scrum",,,"Brunello, Inc.","*Brunello Admin"
2017-03-06,"Adam Hoyle",0.5,"scrum",,,"Brunello, Inc.","*Brunello Admin"
2017-03-06,"Adam Hoyle",0.5,"computer cleanup and maintenance, inbox cleaning",,,"Brunello, Inc.","*Brunello Admin"
2017-03-06,"Adam Hoyle",0.25,"review and organize todos, plan day",,,"Brunello, Inc.","*Brunello Admin"
2017-03-01,"Adam Hoyle",0.25,"coordination for annual report filing for Brunello and Boomerang",,,"Brunello, Inc.","*Brunello Admin"
2017-02-28,"Adam Hoyle",0.5,"email catchup",,,"Brunello, Inc.","*Brunello Admin"
2017-02-28,"Adam Hoyle",0.5,"Research AWS outage and inform clients of potential issues on their sites (Linkwell, NPQ, EnerNOC, Esco, etc)",,,"Brunello, Inc.","*Brunello Admin"
2017-02-28,"Adam Hoyle",0.25,"review and organize todos, plan day",,,"Brunello, Inc.","*Brunello Admin"
2017-02-27,"Adam Hoyle",0.5,"review and organize todos, plan day",,,"Brunello, Inc.","*Brunello Admin"
2017-02-27,"Adam Hoyle",0.25,"scrum",,,"Brunello, Inc.","*Brunello Admin"
2017-02-22,"Adam Hoyle",0.25,"review and organize todos, plan day",,,"Brunello, Inc.","*Brunello Admin"
2017-02-22,"Adam Hoyle",0.25,"scrum",,,"Brunello, Inc.","*Brunello Admin"
2017-02-21,"Adam Hoyle",1.75,"banking and QB",,,"Brunello, Inc.","*Brunello Admin"
2017-02-21,"Adam Hoyle",0.5,"review and organize todos, plan day",,,"Brunello, Inc.","*Brunello Admin"
2017-02-17,"Adam Hoyle",0.5,"email and followups",,,"Brunello, Inc.","*Brunello Admin"
2017-02-16,"Adam Hoyle",0.5,"emails and followups",,,"Brunello, Inc.","*Brunello Admin"
2017-02-15,"Adam Hoyle",0.25,"scrum",,,"Brunello, Inc.","*Brunello Admin"
2017-02-14,"Adam Hoyle",0.25,"scrum",,,"Brunello, Inc.","*Brunello Admin"
2017-02-14,"Adam Hoyle",0.5,"review and organize todos, plan day",,,"Brunello, Inc.","*Brunello Admin"
2017-02-14,"Adam Hoyle",0.5,"investigate malicious files report and delete files from RS Cloud Sites",,,"Brunello, Inc.","*Brunello Admin"
2017-02-13,"Adam Hoyle",0.25,"scrum",,,"Brunello, Inc.","*Brunello Admin"
2017-02-13,"Adam Hoyle",0.5,"review and organize todos, plan day",,,"Brunello, Inc.","*Brunello Admin"
2017-02-10,"Adam Hoyle",0.25,"scrum",,,"Brunello, Inc.","*Brunello Admin"
2017-02-06,"Adam Hoyle",0.75,"process email",,,"Brunello, Inc.","*Brunello Admin"
2017-02-02,"Adam Hoyle",0.5,"computer updates",,,"Brunello, Inc.","*Brunello Admin"
2017-02-02,"Adam Hoyle",0.25,"scrum",,,"Brunello, Inc.","*Brunello Admin"
2017-02-01,"Adam Hoyle",1.5,"Billing and QB",,,"Brunello, Inc.","*Brunello Admin"
2017-01-31,"Adam Hoyle",0.25,"scrum",,,"Brunello, Inc.","*Brunello Admin"
2017-01-31,"Adam Hoyle",0.5,"review and organize todos, plan day",,,"Brunello, Inc.","*Brunello Admin"
2017-01-30,"Adam Hoyle",0.5,"review and organize todos, plan day",,,"Brunello, Inc.","*Brunello Admin"
2017-01-30,"Adam Hoyle",0.5,"scrum",,,"Brunello, Inc.","*Brunello Admin"
2017-01-26,"Adam Hoyle",0.5,"scrum",,,"Brunello, Inc.","*Brunello Admin"
2017-01-23,"Adam Hoyle",0.5,"review and organize todos, plan day",,,"Brunello, Inc.","*Brunello Admin"
2017-01-23,"Adam Hoyle",0.5,"scrum",,,"Brunello, Inc.","*Brunello Admin"
2017-01-20,"Adam Hoyle",1.0,"respond to emails and followups",,,"Brunello, Inc.","*Brunello Admin"
2017-01-19,"Adam Hoyle",1.25,"QB and year-end",,,"Brunello, Inc.","*Brunello Admin"
2017-01-19,"Adam Hoyle",0.5,"review D8 PM experimental site",,,"Brunello, Inc.","*Brunello Admin"
2017-01-19,"Adam Hoyle",0.75,"QB and banking",,,"Brunello, Inc.","*Brunello Admin"
2017-01-18,"Adam Hoyle",0.5,"scrum",,,"Brunello, Inc.","*Brunello Admin"
2017-01-17,"Adam Hoyle",0.5,"scrum",,,"Brunello, Inc.","*Brunello Admin"
2017-01-12,"Adam Hoyle",0.5,"scrum",,,"Brunello, Inc.","*Brunello Admin"
2017-01-04,"Adam Hoyle",0.5,"billing",,,"Brunello, Inc.","*Brunello Admin"
2017-01-04,"Adam Hoyle",0.5,"scrum",,,"Brunello, Inc.","*Brunello Admin"
2017-01-04,"Adam Hoyle",0.5,"review and organize todos, plan day",,,"Brunello, Inc.","*Brunello Admin"
2017-01-03,"Adam Hoyle",0.25,"review and organize todos, plan day",,,"Brunello, Inc.","*Brunello Admin"
2017-01-03,"Adam Hoyle",0.75,"scrum",,,"Brunello, Inc.","*Brunello Admin"
2016-12-19,"Adam Hoyle",0.25,"scrum",,,"Brunello, Inc.","*Brunello Admin"
2016-12-19,"Adam Hoyle",0.25,"review and organize todos, plan day",,,"Brunello, Inc.","*Brunello Admin"
2016-12-15,"Adam Hoyle",0.25,"review and organize todos, plan day",,,"Brunello, Inc.","*Brunello Admin"
2016-12-14,"Adam Hoyle",0.25,"review and organize todos, plan day",,,"Brunello, Inc.","*Brunello Admin"
2016-12-14,"Adam Hoyle",0.25,"catchup with Jay, Kyle, Mike re: projects and todos",,,"Brunello, Inc.","*Brunello Admin"
2016-12-12,"Adam Hoyle",0.25,"scrum",,,"Brunello, Inc.","*Brunello Admin"
2016-12-09,"Adam Hoyle",0.5,"billing/invoices",,,"Brunello, Inc.","*Brunello Admin"
2016-12-08,"Adam Hoyle",0.5,"scrum",,,"Brunello, Inc.","*Brunello Admin"
2016-12-07,"Adam Hoyle",0.5,"Call for Directus referral",,,"Brunello, Inc.","*Brunello Admin"
2016-12-07,"Adam Hoyle",0.25,"scrum",,,"Brunello, Inc.","*Brunello Admin"
2016-12-06,"Adam Hoyle",0.25,"scrum",,,"Brunello, Inc.","*Brunello Admin"
2016-12-05,"Adam Hoyle",0.25,"review and organize todos, plan day",,,"Brunello, Inc.","*Brunello Admin"
2016-12-05,"Adam Hoyle",0.5,"scrum",,,"Brunello, Inc.","*Brunello Admin"
2016-12-01,"Adam Hoyle",0.5,"banking and QB",,,"Brunello, Inc.","*Brunello Admin"
2016-12-01,"Adam Hoyle",0.5,"scrum",,,"Brunello, Inc.","*Brunello Admin"
2016-12-01,"Adam Hoyle",0.5,"review and organize todos, plan day",,,"Brunello, Inc.","*Brunello Admin"
2016-11-30,"Adam Hoyle",0.75,"emails, followups, organization and catchup",,,"Brunello, Inc.","*Brunello Admin"
2016-11-30,"Adam Hoyle",0.5,"scrum",,,"Brunello, Inc.","*Brunello Admin"
2016-11-29,"Adam Hoyle",0.5,"scrum",,,"Brunello, Inc.","*Brunello Admin"
2016-11-29,"Adam Hoyle",1.75,"General catchup: emails, followups, review projects, etc.",,,"Brunello, Inc.","*Brunello Admin"
2016-11-21,"Adam Hoyle",0.25,"scrum",,,"Brunello, Inc.","*Brunello Admin"
2016-11-21,"Adam Hoyle",0.5,"review and organize todos, plan day",,,"Brunello, Inc.","*Brunello Admin"
2016-11-16,"Adam Hoyle",0.5,"Call w/ Doug re: Phase 2 and retainer",,,"Brunello, Inc.","*Brunello Admin"
2016-11-16,"Adam Hoyle",0.5,"Setup and pay Ranger",,,"Brunello, Inc.","*Brunello Admin"
2016-11-15,"Adam Hoyle",0.5,"scrum",,,"Brunello, Inc.","*Brunello Admin"
2016-11-15,"Adam Hoyle",0.25,"review and organize todos, plan day",,,"Brunello, Inc.","*Brunello Admin"
2016-11-14,"Adam Hoyle",0.25,"review and organize todos, plan day",,,"Brunello, Inc.","*Brunello Admin"
2016-11-14,"Adam Hoyle",0.5,"scrum",,,"Brunello, Inc.","*Brunello Admin"
2016-11-11,"Adam Hoyle",0.25,"review and organize todos, plan day",,,"Brunello, Inc.","*Brunello Admin"
2016-11-10,"Adam Hoyle",0.5,"scrum and followups",,,"Brunello, Inc.","*Brunello Admin"
2016-11-10,"Adam Hoyle",0.25,"review and organize todos, plan day",,,"Brunello, Inc.","*Brunello Admin"
2016-11-09,"Adam Hoyle",0.75,"billing, QB and followups",,,"Brunello, Inc.","*Brunello Admin"
2016-11-08,"Adam Hoyle",0.25,"scrum",,,"Brunello, Inc.","*Brunello Admin"
2016-11-08,"Adam Hoyle",0.25,"review and organize todos, plan day",,,"Brunello, Inc.","*Brunello Admin"
2016-11-08,"Adam Hoyle",1.0,"estimate for APOMA",,,"Brunello, Inc.","*Brunello Admin"
2016-11-07,"Adam Hoyle",1.5,"scrum and followups",,,"Brunello, Inc.","*Brunello Admin"
2016-11-07,"Adam Hoyle",0.25,"review and organize todos, plan day",,,"Brunello, Inc.","*Brunello Admin"
2016-11-04,"Adam Hoyle",0.25,"scrum",,,"Brunello, Inc.","*Brunello Admin"
2016-11-04,"Adam Hoyle",0.5,"catch up on emails, review and organize todos, plan day",,,"Brunello, Inc.","*Brunello Admin"
2016-11-03,"Adam Hoyle",0.5,"scrum and followups",,,"Brunello, Inc.","*Brunello Admin"
2016-11-03,"Adam Hoyle",0.25,"review and organize todos, plan day",,,"Brunello, Inc.","*Brunello Admin"
2016-10-31,"Adam Hoyle",0.75,"billing",,,"Brunello, Inc.","*Brunello Admin"
2016-10-28,"Adam Hoyle",0.5,"review and organize todos, plan day",,,"Brunello, Inc.","*Brunello Admin"
2016-10-27,"Adam Hoyle",0.5,"review and organize todos, plan day",,,"Brunello, Inc.","*Brunello Admin"
2016-10-25,"Adam Hoyle",0.25,"scrum",,,"Brunello, Inc.","*Brunello Admin"
2016-10-25,"Adam Hoyle",0.5,"review and organize todos, plan day",,,"Brunello, Inc.","*Brunello Admin"
2016-10-24,"Adam Hoyle",0.5,"billing, bank deposits and QB",,,"Brunello, Inc.","*Brunello Admin"
2016-10-24,"Adam Hoyle",0.5,"scrum",,,"Brunello, Inc.","*Brunello Admin"
2016-10-24,"Adam Hoyle",0.5,"review and organize todos, plan day",,,"Brunello, Inc.","*Brunello Admin"
2016-10-21,"Adam Hoyle",0.25,"research DDOS and troubleshoot",,,"Brunello, Inc.","*Brunello Admin"
2016-10-21,"Adam Hoyle",0.5,"bank and QB",,,"Brunello, Inc.","*Brunello Admin"
2016-10-21,"Adam Hoyle",0.5,"review and organize todos, plan day",,,"Brunello, Inc.","*Brunello Admin"
2016-10-20,"Adam Hoyle",0.5,"review and organize todos, plan day",,,"Brunello, Inc.","*Brunello Admin"
2016-10-18,"Adam Hoyle",2.5,"Learning and setting up email automation",,,"Brunello, Inc.","*Brunello Admin"
2016-10-18,"Adam Hoyle",0.5,"pre-scrum prep and scrum",,,"Brunello, Inc.","*Brunello Admin"
2016-10-17,"Adam Hoyle",0.25,"scrum",,,"Brunello, Inc.","*Brunello Admin"
2016-10-17,"Adam Hoyle",0.25,"review projects and prep/plan for day/week",,,"Brunello, Inc.","*Brunello Admin"
2016-10-14,"Adam Hoyle",0.75,"review projects and organize todos,",,,"Brunello, Inc.","*Brunello Admin"
2016-10-13,"Adam Hoyle",0.75,"review projects, todos, priorities, misc. email comm. with clients and team",,,"Brunello, Inc.","*Brunello Admin"
2016-10-12,"Adam Hoyle",0.5,"review project and todos",,,"Brunello, Inc.","*Brunello Admin"
2016-10-12,"Adam Hoyle",0.25,"scrum",,,"Brunello, Inc.","*Brunello Admin"
2016-10-11,"Adam Hoyle",0.25,"scrum",,,"Brunello, Inc.","*Brunello Admin"
2016-10-11,"Adam Hoyle",0.5,"review projects and todos, prep for week",,,"Brunello, Inc.","*Brunello Admin"
2016-10-06,"Adam Hoyle",0.5,"billing",,,"Brunello, Inc.","*Brunello Admin"
2016-10-06,"Adam Hoyle",0.5,"morning prep + scrum",,,"Brunello, Inc.","*Brunello Admin"
2016-10-05,"Adam Hoyle",0.5,"Office cleanup",,,"Brunello, Inc.","*Brunello Admin"
2016-10-03,"Adam Hoyle",1.75,"billing, banking, QB and followups for past due invoices",,,"Brunello, Inc.","*Brunello Admin"
2016-10-03,"Adam Hoyle",0.5,"scrum",,,"Brunello, Inc.","*Brunello Admin"
2016-09-30,"Adam Hoyle",0.25,"miniscrum",,,"Brunello, Inc.","*Brunello Admin"
2016-09-28,"Adam Hoyle",0.25,"email response to Sara re: EnerNOC layoffs",,,"Brunello, Inc.","*Brunello Admin"
2016-09-28,"Adam Hoyle",0.25,"scrum",,,"Brunello, Inc.","*Brunello Admin"
2016-09-27,"Adam Hoyle",0.25,"scrum",,,"Brunello, Inc.","*Brunello Admin"
2016-09-26,"Adam Hoyle",1.25,"respond to misc. emails and followup on new projects",,,"Brunello, Inc.","*Brunello Admin"
2016-09-23,"Adam Hoyle",0.75,"emails and BC",,,"Brunello, Inc.","*Brunello Admin"
2016-09-23,"Adam Hoyle",0.5,"completed required gov census survey",,,"Brunello, Inc.","*Brunello Admin"
2016-09-23,"Adam Hoyle",0.5,"scrum",,,"Brunello, Inc.","*Brunello Admin"
2016-09-22,"Adam Hoyle",0.75,"emails",,,"Brunello, Inc.","*Brunello Admin"
2016-09-21,"Adam Hoyle",0.75,"Esco SEO contract",,,"Brunello, Inc.","*Brunello Admin"
2016-09-20,"Adam Hoyle",0.25,"scrum",,,"Brunello, Inc.","*Brunello Admin"
2016-09-19,"Adam Hoyle",0.25,"followup w/ Kyle re: Sasaki and EnerNOC",,,"Brunello, Inc.","*Brunello Admin"
2016-09-19,"Adam Hoyle",0.75,"scrum",,,"Brunello, Inc.","*Brunello Admin"
2016-09-16,"Adam Hoyle",0.5,"meet w/ Mike to review open projects",,,"Brunello, Inc.","*Brunello Admin"
2016-09-15,"Adam Hoyle",0.75,"misc. email and client comm.",,,"Brunello, Inc.","*Brunello Admin"
2016-09-14,"Adam Hoyle",0.25,"scrum",,,"Brunello, Inc.","*Brunello Admin"
2016-09-13,"Adam Hoyle",0.5,"scrum",,,"Brunello, Inc.","*Brunello Admin"
2016-09-12,"Adam Hoyle",0.5,"bank and QB",,,"Brunello, Inc.","*Brunello Admin"
2016-09-12,"Adam Hoyle",0.5,"scrum",,,"Brunello, Inc.","*Brunello Admin"
2016-09-08,"Adam Hoyle",0.5,"scrum",,,"Brunello, Inc.","*Brunello Admin"
2016-09-06,"Adam Hoyle",1.0,"billing and QB",,,"Brunello, Inc.","*Brunello Admin"
2016-09-06,"Adam Hoyle",0.5,"process email",,,"Brunello, Inc.","*Brunello Admin"
2016-09-06,"Adam Hoyle",0.5,"scrum",,,"Brunello, Inc.","*Brunello Admin"
2016-09-01,"Adam Hoyle",0.5,"scrum",,,"Brunello, Inc.","*Brunello Admin"
2016-08-31,"Adam Hoyle",0.5,"scrum",,,"Brunello, Inc.","*Brunello Admin"
2016-08-30,"Adam Hoyle",0.5,"scrum",,,"Brunello, Inc.","*Brunello Admin"
2016-08-29,"Adam Hoyle",0.5,"emails",,,"Brunello, Inc.","*Brunello Admin"
2016-08-29,"Adam Hoyle",0.5,"scrum and followup with Mike and Kyle",,,"Brunello, Inc.","*Brunello Admin"
2016-08-25,"Adam Hoyle",0.5,"scrum",,,"Brunello, Inc.","*Brunello Admin"
2016-08-24,"Adam Hoyle",0.5,"scrum",,,"Brunello, Inc.","*Brunello Admin"
2016-08-23,"Adam Hoyle",0.5,"scrum",,,"Brunello, Inc.","*Brunello Admin"
2016-08-22,"Adam Hoyle",0.5,"banking and QB",,,"Brunello, Inc.","*Brunello Admin"
2016-08-22,"Adam Hoyle",1.0,"process email",,,"Brunello, Inc.","*Brunello Admin"
2016-08-22,"Adam Hoyle",0.5,"scrum",,,"Brunello, Inc.","*Brunello Admin"
2016-08-16,"Adam Hoyle",1.0,"emails and prep for vaca",,,"Brunello, Inc.","*Brunello Admin"
2016-08-15,"Adam Hoyle",0.5,"scrum",,,"Brunello, Inc.","*Brunello Admin"
2016-08-15,"Adam Hoyle",0.5,"review projects and to-dos, prep for week",,,"Brunello, Inc.","*Brunello Admin"
2016-08-12,"Adam Hoyle",0.5,"scrum",,,"Brunello, Inc.","*Brunello Admin"
2016-08-11,"Adam Hoyle",0.75,"emails and misc. client communication",,,"Brunello, Inc.","*Brunello Admin"
2016-08-10,"Adam Hoyle",0.5,"billing",,,"Brunello, Inc.","*Brunello Admin"
2016-08-10,"Adam Hoyle",0.5,"scrum",,,"Brunello, Inc.","*Brunello Admin"
2016-08-09,"Adam Hoyle",0.5,"scrum",,,"Brunello, Inc.","*Brunello Admin"
2016-08-08,"Adam Hoyle",0.5,"scrum",,,"Brunello, Inc.","*Brunello Admin"
2016-08-05,"Adam Hoyle",0.25,"process email",,,"Brunello, Inc.","*Brunello Admin"
2016-08-05,"Adam Hoyle",0.25,"scrum",,,"Brunello, Inc.","*Brunello Admin"
2016-08-03,"Adam Hoyle",0.5,"scrum",,,"Brunello, Inc.","*Brunello Admin"
2016-08-02,"Adam Hoyle",1.0,"payroll setup for Shaun, troubleshoot issues with scanner and front computer",,,"Brunello, Inc.","*Brunello Admin"
2016-08-02,"Adam Hoyle",0.5,"scrum",,,"Brunello, Inc.","*Brunello Admin"
2016-08-01,"Adam Hoyle",1.25,"billing and QB",,,"Brunello, Inc.","*Brunello Admin"
2016-08-01,"Adam Hoyle",0.5,"scrum",,,"Brunello, Inc.","*Brunello Admin"
2016-07-29,"Adam Hoyle",1.0,"retrospective",,,"Brunello, Inc.","*Brunello Admin"
2016-07-29,"Adam Hoyle",0.5,"scrum",,,"Brunello, Inc.","*Brunello Admin"
2016-07-28,"Adam Hoyle",0.5,"misc. emails and client communication",,,"Brunello, Inc.","*Brunello Admin"
2016-07-27,"Adam Hoyle",0.5,"scrum",,,"Brunello, Inc.","*Brunello Admin"
2016-07-26,"Adam Hoyle",0.5,"misc. emails and client communication",,,"Brunello, Inc.","*Brunello Admin"
2016-07-26,"Adam Hoyle",0.25,"logo stuff for Shaun",,,"Brunello, Inc.","*Brunello Admin"
2016-07-25,"Adam Hoyle",0.5,"banking and QB",,,"Brunello, Inc.","*Brunello Admin"
2016-07-25,"Adam Hoyle",0.5,"scrum",,,"Brunello, Inc.","*Brunello Admin"
2016-07-21,"Adam Hoyle",0.5,"bank and QB",,,"Brunello, Inc.","*Brunello Admin"
2016-07-21,"Adam Hoyle",0.5,"scrum",,,"Brunello, Inc.","*Brunello Admin"
2016-07-20,"Adam Hoyle",0.75,"email followups, basecamp review projects and upcoming todos",,,"Brunello, Inc.","*Brunello Admin"
2016-07-20,"Adam Hoyle",0.5,"bank and QB",,,"Brunello, Inc.","*Brunello Admin"
2016-07-19,"Adam Hoyle",0.75,"billing and QB",,,"Brunello, Inc.","*Brunello Admin"
2016-07-19,"Adam Hoyle",1.0,"scrum",,,"Brunello, Inc.","*Brunello Admin"
2016-07-13,"Adam Hoyle",0.25,"scrum",,,"Brunello, Inc.","*Brunello Admin"
2016-07-12,"Adam Hoyle",0.75,"banking and QB",,,"Brunello, Inc.","*Brunello Admin"
2016-07-12,"Adam Hoyle",0.75,"finish and send Sasaki estimate",,,"Brunello, Inc.","*Brunello Admin"
2016-07-12,"Adam Hoyle",0.5,"process email",,,"Brunello, Inc.","*Brunello Admin"
2016-07-11,"Adam Hoyle",0.5,"scrum",,,"Brunello, Inc.","*Brunello Admin"
2016-07-07,"Adam Hoyle",0.5,"internal discussion re: website",,,"Brunello, Inc.","*Brunello Admin"
2016-07-07,"Adam Hoyle",0.25,"Billing and QB",,,"Brunello, Inc.","*Brunello Admin"
2016-07-07,"Adam Hoyle",0.5,"scrum",,,"Brunello, Inc.","*Brunello Admin"
2016-07-06,"Adam Hoyle",0.5,"scrum",,,"Brunello, Inc.","*Brunello Admin"
2016-06-30,"Adam Hoyle",0.75,"billing, QB and AR followups",,,"Brunello, Inc.","*Brunello Admin"
2016-06-30,"Adam Hoyle",0.5,"scrum",,,"Brunello, Inc.","*Brunello Admin"
2016-06-29,"Adam Hoyle",0.5,"billing",,,"Brunello, Inc.","*Brunello Admin"
2016-06-29,"Adam Hoyle",0.5,"scrum",,,"Brunello, Inc.","*Brunello Admin"
2016-06-28,"Adam Hoyle",0.5,"scrum",,,"Brunello, Inc.","*Brunello Admin"
2016-06-27,"Adam Hoyle",0.5,"scrum",,,"Brunello, Inc.","*Brunello Admin"
2016-06-23,"Adam Hoyle",0.75,"scrum",,,"Brunello, Inc.","*Brunello Admin"
2016-06-22,"Adam Hoyle",0.75,"review to-dos",,,"Brunello, Inc.","*Brunello Admin"
2016-06-20,"Adam Hoyle",0.75,"deposits and QB",,,"Brunello, Inc.","*Brunello Admin"
2016-06-15,"Adam Hoyle",0.5,"scrum",,,"Brunello, Inc.","*Brunello Admin"
2016-06-14,"Adam Hoyle",0.5,"scrum",,,"Brunello, Inc.","*Brunello Admin"
2016-06-13,"Adam Hoyle",0.75,"billing and QB",,,"Brunello, Inc.","*Brunello Admin"
2016-06-13,"Adam Hoyle",1.0,"process emails",,,"Brunello, Inc.","*Brunello Admin"
2016-06-13,"Adam Hoyle",0.5,"scrum",,,"Brunello, Inc.","*Brunello Admin"
2016-06-09,"Adam Hoyle",0.25,"billing",,,"Brunello, Inc.","*Brunello Admin"
2016-06-09,"Adam Hoyle",0.25,"call w/ Bernardo",,,"Brunello, Inc.","*Brunello Admin"
2016-06-09,"Adam Hoyle",0.5,"scrum",,,"Brunello, Inc.","*Brunello Admin"
2016-06-08,"Adam Hoyle",0.5,"review squareworks estimate",,,"Brunello, Inc.","*Brunello Admin"
2016-06-08,"Adam Hoyle",1.0,"meeting w/ CSMi",,,"Brunello, Inc.","*Brunello Admin"
2016-06-08,"Adam Hoyle",0.5,"scrum",,,"Brunello, Inc.","*Brunello Admin"
2016-06-07,"Adam Hoyle",0.5,"misc. client emails",,,"Brunello, Inc.","*Brunello Admin"
2016-06-07,"Adam Hoyle",0.5,"scan docs and get Tony setup with payroll",,,"Brunello, Inc.","*Brunello Admin"
2016-06-07,"Adam Hoyle",0.5,"scrum",,,"Brunello, Inc.","*Brunello Admin"
2016-06-03,"Adam Hoyle",0.5,"review projects and todos, scrum planning",,,"Brunello, Inc.","*Brunello Admin"
2016-06-03,"Adam Hoyle",0.5,"scrum",,,"Brunello, Inc.","*Brunello Admin"
2016-06-02,"Adam Hoyle",0.5,"datanyze demo",,,"Brunello, Inc.","*Brunello Admin"
2016-06-01,"Adam Hoyle",1.5,"billing and QB",,,"Brunello, Inc.","*Brunello Admin"
2016-06-01,"Adam Hoyle",0.5,"process email",,,"Brunello, Inc.","*Brunello Admin"
2016-06-01,"Adam Hoyle",0.5,"computer setup, troubleshooting, new employee docs for Tony",,,"Brunello, Inc.","*Brunello Admin"
2016-06-01,"Adam Hoyle",0.5,"scrum",,,"Brunello, Inc.","*Brunello Admin"
2016-05-31,"Adam Hoyle",0.5,"scrum",,,"Brunello, Inc.","*Brunello Admin"
2016-05-25,"Adam Hoyle",0.5,"scrum",,,"Brunello, Inc.","*Brunello Admin"
2016-05-24,"Adam Hoyle",0.5,"draft cold pitch support email",,,"Brunello, Inc.","*Brunello Admin"
2016-05-23,"Adam Hoyle",0.75,"setup BuiltWith",,,"Brunello, Inc.","*Brunello Admin"
2016-05-23,"Adam Hoyle",0.75,"scrum",,,"Brunello, Inc.","*Brunello Admin"
2016-05-20,"Adam Hoyle",0.5,"scrum",,,"Brunello, Inc.","*Brunello Admin"
2016-05-19,"Adam Hoyle",1.0,"scrum",,,"Brunello, Inc.","*Brunello Admin"
2016-05-17,"Adam Hoyle",0.5,"DNS discussions",,,"Brunello, Inc.","*Brunello Admin"
2016-05-17,"Adam Hoyle",0.25,"sasaki estimate and email",,,"Brunello, Inc.","*Brunello Admin"
2016-05-17,"Adam Hoyle",1.0,"scrum",,,"Brunello, Inc.","*Brunello Admin"
2016-05-06,"Adam Hoyle",0.5,"scrum",,,"Brunello, Inc.","*Brunello Admin"
2016-05-05,"Adam Hoyle",0.25,"scrum",,,"Brunello, Inc.","*Brunello Admin"
2016-05-04,"Adam Hoyle",0.5,"scrum",,,"Brunello, Inc.","*Brunello Admin"
2016-05-02,"Adam Hoyle",0.5,"call w/ Acquia",,,"Brunello, Inc.","*Brunello Admin"
2016-05-02,"Adam Hoyle",1.75,"billing and QB",,,"Brunello, Inc.","*Brunello Admin"
2016-05-02,"Adam Hoyle",1.0,"process email",,,"Brunello, Inc.","*Brunello Admin"
2016-05-02,"Adam Hoyle",0.5,"scrum",,,"Brunello, Inc.","*Brunello Admin"
2016-04-29,"Adam Hoyle",0.75,"weekly retrospective / lunch",,,"Brunello, Inc.","*Brunello Admin"
2016-04-29,"Adam Hoyle",0.75,"scrum",,,"Brunello, Inc.","*Brunello Admin"
2016-04-28,"Adam Hoyle",0.75,"process email and review status on projects and todos",,,"Brunello, Inc.","*Brunello Admin"
2016-04-27,"Adam Hoyle",0.5,"process email",,,"Brunello, Inc.","*Brunello Admin"
2016-04-27,"Adam Hoyle",0.75,"scrum",,,"Brunello, Inc.","*Brunello Admin"
2016-04-26,"Adam Hoyle",0.5,"scrum",,,"Brunello, Inc.","*Brunello Admin"
2016-04-25,"Adam Hoyle",0.25,"scrum",,,"Brunello, Inc.","*Brunello Admin"
2016-04-25,"Adam Hoyle",1.0,"review and update to-dos, assignments and dates -- sprint planning",,,"Brunello, Inc.","*Brunello Admin"
2016-04-22,"Adam Hoyle",0.5,"scrum",,,"Brunello, Inc.","*Brunello Admin"
2016-04-21,"Adam Hoyle",0.75,"Billing and QB",,,"Brunello, Inc.","*Brunello Admin"
2016-04-21,"Adam Hoyle",0.5,"scrum",,,"Brunello, Inc.","*Brunello Admin"
2016-04-21,"Adam Hoyle",0.25,"review and organize todos and plan for scrum",,,"Brunello, Inc.","*Brunello Admin"
2016-04-20,"Adam Hoyle",0.5,"troubleshoot macmini",,,"Brunello, Inc.","*Brunello Admin"
2016-04-20,"Adam Hoyle",0.25,"bank deposits and QB",,,"Brunello, Inc.","*Brunello Admin"
2016-04-20,"Adam Hoyle",0.25,"review and check off todos assigned to me",,,"Brunello, Inc.","*Brunello Admin"
2016-04-20,"Adam Hoyle",0.5,"scrum",,,"Brunello, Inc.","*Brunello Admin"
2016-04-19,"Adam Hoyle",1.0,"review projects and todos, update basecamp, send client emails",,,"Brunello, Inc.","*Brunello Admin"
2016-04-14,"Adam Hoyle",0.5,"scrum",,,"Brunello, Inc.","*Brunello Admin"
2016-04-13,"Adam Hoyle",0.25,"call w/ Lee re: APOMA",,,"Brunello, Inc.","*Brunello Admin"
2016-04-13,"Adam Hoyle",0.25,"call w/ Dave Edis",,,"Brunello, Inc.","*Brunello Admin"
2016-04-13,"Adam Hoyle",0.25,"scrum",,,"Brunello, Inc.","*Brunello Admin"
2016-04-12,"Adam Hoyle",0.75,"bank and QB, emails with CTO",,,"Brunello, Inc.","*Brunello Admin"
2016-04-12,"Adam Hoyle",1.25,"email and inbox cleanup",,,"Brunello, Inc.","*Brunello Admin"
2016-04-12,"Adam Hoyle",0.25,"call w/ Lindsey @ BMD",,,"Brunello, Inc.","*Brunello Admin"
2016-04-12,"Adam Hoyle",0.5,"Reply to Lindsey @ BMD",,,"Brunello, Inc.","*Brunello Admin"
2016-04-12,"Adam Hoyle",0.5,"scrum and followups",,,"Brunello, Inc.","*Brunello Admin"
2016-04-08,"Adam Hoyle",0.75,"scrum retrospective",,,"Brunello, Inc.","*Brunello Admin"
2016-04-08,"Adam Hoyle",0.5,"call w/ Sasaki",,,"Brunello, Inc.","*Brunello Admin"
2016-04-08,"Adam Hoyle",0.25,"scrum",,,"Brunello, Inc.","*Brunello Admin"
2016-04-08,"Adam Hoyle",0.5,"sprint planning and review of todos and dates",,,"Brunello, Inc.","*Brunello Admin"
2016-04-07,"Adam Hoyle",0.5,"scrum",,,"Brunello, Inc.","*Brunello Admin"
2016-04-06,"Adam Hoyle",0.5,"scrum",,,"Brunello, Inc.","*Brunello Admin"
2016-04-05,"Adam Hoyle",0.75,"emails, project coordination, ticket reviews",,,"Brunello, Inc.","*Brunello Admin"
2016-04-05,"Adam Hoyle",0.5,"scrum",,,"Brunello, Inc.","*Brunello Admin"
2016-04-04,"Adam Hoyle",0.5,"process email",,,"Brunello, Inc.","*Brunello Admin"
2016-04-04,"Adam Hoyle",0.25,"troubleshoot u/p for Feather and Ink",,,"Brunello, Inc.","*Brunello Admin"
2016-04-04,"Adam Hoyle",2.0,"Billing and QB",,,"Brunello, Inc.","*Brunello Admin"
2016-04-04,"Adam Hoyle",0.75,"Review and update EnerNOC SOW/Retainer agreement, send to Peter, Update HR",,,"Brunello, Inc.","*Brunello Admin"
2016-04-04,"Adam Hoyle",0.5,"remove OW and WGC dev domains from Brunello server and DNS and remove other old subdomains.",,,"Brunello, Inc.","*Brunello Admin"
2016-04-04,"Adam Hoyle",1.0,"weekly sprint planning, group meeting, post-meeting followups",,,"Brunello, Inc.","*Brunello Admin"
2016-04-01,"Adam Hoyle",3.0,"week in review, sprint planning",,,"Brunello, Inc.","*Brunello Admin"
2016-04-01,"Adam Hoyle",0.5,"review and finalize wristouch agreement w/ Jay",,,"Brunello, Inc.","*Brunello Admin"
2016-03-31,"Adam Hoyle",0.5,"call w/ bruce mau",,,"Brunello, Inc.","*Brunello Admin"
2016-03-31,"Adam Hoyle",0.25,"scrum",,,"Brunello, Inc.","*Brunello Admin"
2016-03-30,"Adam Hoyle",0.5,"review and edit wristouch agreement",,,"Brunello, Inc.","*Brunello Admin"
2016-03-29,"Adam Hoyle",0.5,"scrum",,,"Brunello, Inc.","*Brunello Admin"
2016-03-28,"Adam Hoyle",1.0,"Morning meeting",,,"Brunello, Inc.","*Brunello Admin"
2016-03-28,"Adam Hoyle",0.75,"misc. emails, banking and QB, project review and billing",,,"Brunello, Inc.","*Brunello Admin"
2016-03-25,"Adam Hoyle",0.5,"banking and QB",,,"Brunello, Inc.","*Brunello Admin"
2016-03-23,"Adam Hoyle",2.0,"Meeting w/ Coverys",,,"Brunello, Inc.","*Brunello Admin"
2016-03-23,"Adam Hoyle",0.5,"Call w/ Sasaki and BMD re: ""Requirements Gathering""",,,"Brunello, Inc.","*Brunello Admin"
2016-03-23,"Adam Hoyle",0.25,"Imaginatik estimate updates and send",,,"Brunello, Inc.","*Brunello Admin"
2016-03-22,"Adam Hoyle",0.5,"call w/ Tom Trainer",,,"Brunello, Inc.","*Brunello Admin"
2016-03-22,"Adam Hoyle",0.5,"review lease and statements, call w/ Simon re: rent escalations",,,"Brunello, Inc.","*Brunello Admin"
2016-03-21,"Adam Hoyle",0.75,"process and respond to emails",,,"Brunello, Inc.","*Brunello Admin"
2016-03-21,"Adam Hoyle",0.5,"call w/ Tom Trainer from MB",,,"Brunello, Inc.","*Brunello Admin"
2016-03-18,"Adam Hoyle",0.5,"banking and QB",,,"Brunello, Inc.","*Brunello Admin"
2016-03-18,"Adam Hoyle",0.75,"imaginatik homepage estimate",,,"Brunello, Inc.","*Brunello Admin"
2016-03-16,"Adam Hoyle",0.5,"billing and invoices",,,"Brunello, Inc.","*Brunello Admin"
2016-03-16,"Adam Hoyle",0.75,"review hours and billing, client emails",,,"Brunello, Inc.","*Brunello Admin"
2016-03-16,"Adam Hoyle",1.0,"finalize estimate for sasaki discovery",,,"Brunello, Inc.","*Brunello Admin"
2016-03-16,"Adam Hoyle",1.0,"meeting at Imaginatik",,,"Brunello, Inc.","*Brunello Admin"
2016-03-15,"Adam Hoyle",1.25,"billing and QB",,,"Brunello, Inc.","*Brunello Admin"
2016-03-15,"Adam Hoyle",0.25,"review proposals and put together notes for Sasaki requirements gathering",,,"Brunello, Inc.","*Brunello Admin"
2016-03-15,"Adam Hoyle",0.75,"review and organize projects, priorities and to-dos, meet with team",,,"Brunello, Inc.","*Brunello Admin"
2016-03-11,"Adam Hoyle",1.0,"new biz email and followups",,,"Brunello, Inc.","*Brunello Admin"
2016-03-11,"Adam Hoyle",0.75,"banking",,,"Brunello, Inc.","*Brunello Admin"
2016-03-11,"Adam Hoyle",0.25,"call w/ Will re: requirements gathering for Sasaki website updates",,,"Brunello, Inc.","*Brunello Admin"
2016-03-04,"Adam Hoyle",0.75,"emails",,,"Brunello, Inc.","*Brunello Admin"
2016-03-03,"Adam Hoyle",0.5,"emails to Castro",,,"Brunello, Inc.","*Brunello Admin"
2016-03-01,"Adam Hoyle",0.5,"process email",,,"Brunello, Inc.","*Brunello Admin"
2016-02-29,"Adam Hoyle",1.0,"Billing",,,"Brunello, Inc.","*Brunello Admin"
2016-02-29,"Adam Hoyle",0.75,"review projects and put noted together, quick team meeting",,,"Brunello, Inc.","*Brunello Admin"
2016-02-29,"Adam Hoyle",0.5,"call w/ Will re: RFP",,,"Brunello, Inc.","*Brunello Admin"
2016-02-26,"Adam Hoyle",1.0,"esco retainer and SLA estimate",,,"Brunello, Inc.","*Brunello Admin"
2016-02-25,"Adam Hoyle",1.0,"MB meeting",,,"Brunello, Inc.","*Brunello Admin"
2016-02-23,"Adam Hoyle",1.5,"MB meeting",,,"Brunello, Inc.","*Brunello Admin"
2016-02-15,"Adam Hoyle",0.75,"Billing, deposits and QB",,,"Brunello, Inc.","*Brunello Admin"
2016-02-04,"Adam Hoyle",1.5,"MB meeting",,,"Brunello, Inc.","*Brunello Admin"
2016-02-02,"Adam Hoyle",0.5,"call w/ Lisa Jones from CSMi re: 2016 plans",,,"Brunello, Inc.","*Brunello Admin"
2016-02-01,"Adam Hoyle",0.5,"prep and organize, Monday meeting",,,"Brunello, Inc.","*Brunello Admin"
2016-01-29,"Adam Hoyle",1.0,"call w/ CTO",,,"Brunello, Inc.","*Brunello Admin"
2016-01-28,"Adam Hoyle",0.5,"email comm w/ CTO",,,"Brunello, Inc.","*Brunello Admin"
2016-01-26,"Adam Hoyle",1.5,"Finalize and send estimate for Joel Nagy BBD",,,"Brunello, Inc.","*Brunello Admin"
2016-01-25,"Adam Hoyle",0.5,"troubleshoot QB bank connection",,,"Brunello, Inc.","*Brunello Admin"
2016-01-25,"Adam Hoyle",1.5,"estimate for Joel Nagy BBD",,,"Brunello, Inc.","*Brunello Admin"
2016-01-25,"Adam Hoyle",0.75,"review Sasaki retainers and projects and respond to Tyler re: Chinese request",,,"Brunello, Inc.","*Brunello Admin"
2016-01-19,"Adam Hoyle",1.0,"project updates with Mike, Kyle, Jay",,,"Brunello, Inc.","*Brunello Admin"
2016-01-14,"Adam Hoyle",2.5,"banking and QB",,,"Brunello, Inc.","*Brunello Admin"
2016-01-13,"Adam Hoyle",5.0,"business review",,,"Brunello, Inc.","*Brunello Admin"
2016-01-12,"Adam Hoyle",0.75,"basecamp review and project cleanup",,,"Brunello, Inc.","*Brunello Admin"
2016-01-11,"Adam Hoyle",0.75,"process emails and followups",,,"Brunello, Inc.","*Brunello Admin"
2016-01-06,"Adam Hoyle",0.5,"billing corrections with Linkwell, call Matt",,,"Brunello, Inc.","*Brunello Admin"
2016-01-05,"Adam Hoyle",1.5,"chasing AR",,,"Brunello, Inc.","*Brunello Admin"
2016-01-04,"Adam Hoyle",1.5,"Billing and QB",,,"Brunello, Inc.","*Brunello Admin"
2016-01-04,"Adam Hoyle",2.0,"process email, mail, catch up, replies, etc.",,,"Brunello, Inc.","*Brunello Admin"
2015-12-09,"Adam Hoyle",0.5,"call w/ Esco",,,"Brunello, Inc.","*Brunello Admin"
2015-12-08,"Adam Hoyle",0.75,"call w/ Ron from Esco. Shopify/Magento research.",,,"Brunello, Inc.","*Brunello Admin"
2015-12-07,"Adam Hoyle",2.0,"esco proposal signoff and review site, research shopify as a solution",,,"Brunello, Inc.","*Brunello Admin"
2015-12-04,"Adam Hoyle",1.5,"create ESCO proposal",,,"Brunello, Inc.","*Brunello Admin"
2015-12-03,"Adam Hoyle",0.75,"Review and edit ESCO proposal",,,"Brunello, Inc.","*Brunello Admin"
2015-11-24,"Adam Hoyle",1.25,"email communication with Chris at Imaginatik, provide backup for invoices, estimates, etc.",,,"Brunello, Inc.","*Brunello Admin"
2015-11-23,"Adam Hoyle",2.5,"banking and QB, invoices and chase AR",,,"Brunello, Inc.","*Brunello Admin"
2015-11-23,"Adam Hoyle",0.5,"new employee payroll setup",,,"Brunello, Inc.","*Brunello Admin"
2015-11-23,"Adam Hoyle",0.5,"weekly status meeting",,,"Brunello, Inc.","*Brunello Admin"
2015-11-04,"Adam Hoyle",3.5,"email",,,"Brunello, Inc.","*Brunello Admin"
2015-11-02,"Adam Hoyle",0.75,"misc. client followups and outreach",,,"Brunello, Inc.","*Brunello Admin"
2015-10-22,"Adam Hoyle",0.5,"Call w/ Marcus from Jobsity re: outsourcing",,,"Brunello, Inc.","*Brunello Admin"
2015-10-20,"Adam Hoyle",0.5,"draft and send outreach emails",,,"Brunello, Inc.","*Brunello Admin"
2015-10-19,"Adam Hoyle",0.75,"monday morning meeting",,,"Brunello, Inc.","*Brunello Admin"
2015-10-15,"Adam Hoyle",1.25,"emails and new biz followups",,,"Brunello, Inc.","*Brunello Admin"
2015-10-15,"Adam Hoyle",1.0,"interview",,,"Brunello, Inc.","*Brunello Admin"
2015-10-14,"Adam Hoyle",2.5,"Drupal dev recruiting",,,"Brunello, Inc.","*Brunello Admin"
2015-10-07,"Adam Hoyle",6.5,"workshop",,,"Brunello, Inc.","*Brunello Admin"
2015-09-30,"Adam Hoyle",0.5,"backup and wipe old computer for disposal",,,"Brunello, Inc.","*Brunello Admin"
2015-09-30,"Adam Hoyle",0.5,"check all sites on Cloud Sites hosting for PHP error issues. Only site impacted was Feather and Ink. Emailed Edis.",,,"Brunello, Inc.","*Brunello Admin"
2015-09-29,"Adam Hoyle",0.75,"QB and billing, review open projects",,,"Brunello, Inc.","*Brunello Admin"
2015-09-14,"Adam Hoyle",0.5,"estimate for Imaginatik",,,"Brunello, Inc.","*Brunello Admin"
2015-09-14,"Adam Hoyle",0.75,"weekly status meeting",,,"Brunello, Inc.","*Brunello Admin"
2015-09-10,"Adam Hoyle",1.0,"emails and QB",,,"Brunello, Inc.","*Brunello Admin"
2015-09-08,"Adam Hoyle",2.0,"process email",,,"Brunello, Inc.","*Brunello Admin"
2015-08-19,"Adam Hoyle",0.75,"Reference call for Balsam",,,"Brunello, Inc.","*Brunello Admin"
2015-08-18,"Adam Hoyle",0.75,"QB and deposits",,,"Brunello, Inc.","*Brunello Admin"
2015-08-17,"Adam Hoyle",0.75,"client followups and new biz",,,"Brunello, Inc.","*Brunello Admin"
2015-08-17,"Adam Hoyle",0.5,"weekly status meeting",,,"Brunello, Inc.","*Brunello Admin"
2015-08-13,"Adam Hoyle",1.0,"project followups, send out initial invoices for CE and Corp. Rewards, setup projects in BC",,,"Brunello, Inc.","*Brunello Admin"
2015-08-10,"Adam Hoyle",1.0,"Estimate for Citizens",,,"Brunello, Inc.","*Brunello Admin"
2015-08-06,"Adam Hoyle",0.5,"A/R followups",,,"Brunello, Inc.","*Brunello Admin"
2015-08-06,"Adam Hoyle",0.5,"Billing and QB",,,"Brunello, Inc.","*Brunello Admin"
2015-08-06,"Adam Hoyle",0.75,"Call w/ Carina re: new work (interactive maps)",,,"Brunello, Inc.","*Brunello Admin"
2015-08-05,"Adam Hoyle",0.5,"billing and QB",,,"Brunello, Inc.","*Brunello Admin"
2015-07-27,"Adam Hoyle",0.75,"followups and email",,,"Brunello, Inc.","*Brunello Admin"
2015-07-24,"Adam Hoyle",2.0,"FB advertising research",,,"Brunello, Inc.","*Brunello Admin"
2015-07-20,"Adam Hoyle",1.75,"billing review and chasing AR (imaginatik)",,,"Brunello, Inc.","*Brunello Admin"
2015-07-20,"Adam Hoyle",0.5,"weekly status meeting",,,"Brunello, Inc.","*Brunello Admin"
2015-07-17,"Adam Hoyle",0.5,"billing and QB review",,,"Brunello, Inc.","*Brunello Admin"
2015-07-16,"Adam Hoyle",1.0,"harddrive issues",,,"Brunello, Inc.","*Brunello Admin"
2015-07-15,"Adam Hoyle",0.5,"review Mint Energy proposal and email",,,"Brunello, Inc.","*Brunello Admin"
2015-07-14,"Adam Hoyle",0.75,"more billing and AR followups",,,"Brunello, Inc.","*Brunello Admin"
2015-07-13,"Adam Hoyle",0.75,"billing and AR followups",,,"Brunello, Inc.","*Brunello Admin"
2015-07-13,"Adam Hoyle",0.5,"jessalynjarest domain troubleshoot and renewal",,,"Brunello, Inc.","*Brunello Admin"
2015-07-13,"Adam Hoyle",0.5,"MSCYPAA domain redirect troubleshooting",,,"Brunello, Inc.","*Brunello Admin"
2015-07-09,"Adam Hoyle",1.5,"review BCF/Timbers work, call w/ Jessica",,,"Brunello, Inc.","*Brunello Admin"
2015-07-09,"Adam Hoyle",0.5,"call w/ Mint Energy",,,"Brunello, Inc.","*Brunello Admin"
2015-07-08,"Adam Hoyle",1.75,"WatchPlate.com / Shopify estimate",,,"Brunello, Inc.","*Brunello Admin"
2015-07-06,"Adam Hoyle",0.5,"review enernoc proposal",,,"Brunello, Inc.","*Brunello Admin"
2015-07-06,"Adam Hoyle",1.0,"deposits and QB, respond to Rodale A/R questions",,,"Brunello, Inc.","*Brunello Admin"
2015-06-25,"Adam Hoyle",0.75,"client emails and followups",,,"Brunello, Inc.","*Brunello Admin"
2015-06-24,"Adam Hoyle",0.75,"email followups",,,"Brunello, Inc.","*Brunello Admin"
2015-06-15,"Adam Hoyle",0.75,"review priorities and organize, monday meeting",,,"Brunello, Inc.","*Brunello Admin"
2015-06-04,"Adam Hoyle",1.25,"billing and QB",,,"Brunello, Inc.","*Brunello Admin"
2015-06-03,"Adam Hoyle",1.0,"billing and QB",,,"Brunello, Inc.","*Brunello Admin"
2015-05-26,"Adam Hoyle",0.75,"billing and QB",,,"Brunello, Inc.","*Brunello Admin"
2015-05-26,"Adam Hoyle",1.0,"weekly status meeting",,,"Brunello, Inc.","*Brunello Admin"
2015-05-21,"Adam Hoyle",0.5,"review proposal",,,"Brunello, Inc.","*Brunello Admin"
2015-05-05,"Adam Hoyle",0.5,"imaginatik estimate",,,"Brunello, Inc.","*Brunello Admin"
2015-05-04,"Adam Hoyle",1.0,"billing and QB",,,"Brunello, Inc.","*Brunello Admin"
2015-05-04,"Adam Hoyle",0.25,"review projects, plan, organize priorities",,,"Brunello, Inc.","*Brunello Admin"
2015-05-04,"Adam Hoyle",0.5,"weekly status meeting",,,"Brunello, Inc.","*Brunello Admin"
2015-04-20,"Adam Hoyle",1.0,"Monday morning meeting",,,"Brunello, Inc.","*Brunello Admin"
2015-04-16,"Adam Hoyle",0.25,"review GP email estimate",,,"Brunello, Inc.","*Brunello Admin"
2015-04-15,"Adam Hoyle",0.75,"banking and QB",,,"Brunello, Inc.","*Brunello Admin"
2015-04-13,"Adam Hoyle",0.5,"backstate form removal again",,,"Brunello, Inc.","*Brunello Admin"
2015-04-13,"Adam Hoyle",0.75,"monday morning meeting",,,"Brunello, Inc.","*Brunello Admin"
2015-04-09,"Adam Hoyle",0.75,"emails and new biz followups",,,"Brunello, Inc.","*Brunello Admin"
2015-04-09,"Adam Hoyle",0.25,"remove contact form from BayState site per Lisa and Kevin.",,,"Brunello, Inc.","*Brunello Admin"
2015-04-09,"Adam Hoyle",0.25,"Emails and review Bay State Equip...",,,"Brunello, Inc.","*Brunello Admin"
2015-04-09,"Adam Hoyle",0.25,"initial project setup for Career Place. Email Dave Edis.",,,"Brunello, Inc.","*Brunello Admin"
2015-04-09,"Adam Hoyle",0.25,"PAW client setup in QB and invoice",,,"Brunello, Inc.","*Brunello Admin"
2015-04-07,"Adam Hoyle",1.5,"project boomerang: stamps.com, paypal research and setup",,,"Brunello, Inc.","*Brunello Admin"
2015-04-07,"Adam Hoyle",0.75,"baystate emails",,,"Brunello, Inc.","*Brunello Admin"
2015-04-07,"Adam Hoyle",0.25,"process email",,,"Brunello, Inc.","*Brunello Admin"
2015-04-06,"Adam Hoyle",0.75,"weekly meeting",,,"Brunello, Inc.","*Brunello Admin"
2015-04-01,"Adam Hoyle",0.5,"process email",,,"Brunello, Inc.","*Brunello Admin"
2015-04-01,"Adam Hoyle",1.25,"review and finalize estimates for CPC and Crown",,,"Brunello, Inc.","*Brunello Admin"
2015-04-01,"Adam Hoyle",0.25,"process email",,,"Brunello, Inc.","*Brunello Admin"
2015-03-31,"Adam Hoyle",0.5,"process emails, review projects and prioritize",,,"Brunello, Inc.","*Brunello Admin"
2015-03-30,"Adam Hoyle",1.0,"review accounts and charges",,,"Brunello, Inc.","*Brunello Admin"
2015-03-30,"Adam Hoyle",0.5,"call w/ Eloy re: corporate rewards front-end dev",,,"Brunello, Inc.","*Brunello Admin"
2015-03-30,"Adam Hoyle",0.75,"weekly kickoff meeting",,,"Brunello, Inc.","*Brunello Admin"
2015-03-27,"Adam Hoyle",0.5,"review BC projects and to-dos",,,"Brunello, Inc.","*Brunello Admin"
2015-03-27,"Adam Hoyle",0.5,"call w/ Community Preservation Coalition",,,"Brunello, Inc.","*Brunello Admin"
2015-03-26,"Adam Hoyle",0.5,"process email and followups",,,"Brunello, Inc.","*Brunello Admin"
2015-03-25,"Adam Hoyle",0.5,"call w/ Dan re: flex mods and interactive infographics",,,"Brunello, Inc.","*Brunello Admin"
2015-03-25,"Adam Hoyle",1.0,"updated estimate for careerplace database",,,"Brunello, Inc.","*Brunello Admin"
2015-03-24,"Adam Hoyle",0.5,"point jessalyn's domain",,,"Brunello, Inc.","*Brunello Admin"
2015-03-23,"Adam Hoyle",0.5,"weekly kickoff",,,"Brunello, Inc.","*Brunello Admin"
2015-03-19,"Adam Hoyle",0.5,"QB and billing",,,"Brunello, Inc.","*Brunello Admin"
2015-03-18,"Adam Hoyle",0.75,"process email",,,"Brunello, Inc.","*Brunello Admin"
2015-03-18,"Adam Hoyle",0.5,"review proposal",,,"Brunello, Inc.","*Brunello Admin"
2015-03-17,"Adam Hoyle",0.75,"brunello team meeting",,,"Brunello, Inc.","*Brunello Admin"
2015-03-12,"Adam Hoyle",0.75,"review projects and to-dos, organize and plan day",,,"Brunello, Inc.","*Brunello Admin"
2015-03-11,"Adam Hoyle",2.0,"project boomerang",,,"Brunello, Inc.","*Brunello Admin"
2015-03-09,"Adam Hoyle",1.5,"Apple Event",,,"Brunello, Inc.","*Brunello Admin"
2015-03-09,"Adam Hoyle",0.5,"emails and followups",,,"Brunello, Inc.","*Brunello Admin"
2015-03-09,"Adam Hoyle",0.75,"weekly kickoff",,,"Brunello, Inc.","*Brunello Admin"
2015-03-05,"Adam Hoyle",0.5,"PAW call re: migration",,,"Brunello, Inc.","*Brunello Admin"
2015-03-04,"Adam Hoyle",0.5,"bank deposit and send out invoices",,,"Brunello, Inc.","*Brunello Admin"
2015-03-04,"Adam Hoyle",0.25,"remove self from IMGTK form submission notififications",,,"Brunello, Inc.","*Brunello Admin"
2015-03-03,"Adam Hoyle",0.5,"point MSCYPAA sites",,,"Brunello, Inc.","*Brunello Admin"
2015-03-03,"Adam Hoyle",0.25,"account review",,,"Brunello, Inc.","*Brunello Admin"
2015-03-03,"Adam Hoyle",1.25,"deposits and QB, billing",,,"Brunello, Inc.","*Brunello Admin"
2015-03-02,"Adam Hoyle",0.5,"The Lion - CMS tech support",,,"Brunello, Inc.","*Brunello Admin"
2015-03-02,"Adam Hoyle",2.75,"catchup, process email, followups, basecamp updates",,,"Brunello, Inc.","*Brunello Admin"
2015-02-18,"Adam Hoyle",0.25,"review and organize to-dos",,,"Brunello, Inc.","*Brunello Admin"
2015-02-18,"Adam Hoyle",0.5,"call w/ Joel re: vine project",,,"Brunello, Inc.","*Brunello Admin"
2015-02-18,"Adam Hoyle",0.5,"install CMSB for Dang-Nam",,,"Brunello, Inc.","*Brunello Admin"
2015-02-18,"Adam Hoyle",0.5,"create SOW for MSCYPAA",,,"Brunello, Inc.","*Brunello Admin"
2015-02-17,"Adam Hoyle",1.5,"PAW call",,,"Brunello, Inc.","*Brunello Admin"
2015-02-16,"Adam Hoyle",1.5,"review princeton RFP and proposal, review ECS RFP",,,"Brunello, Inc.","*Brunello Admin"
2015-02-16,"Adam Hoyle",0.25,"complete domain transfers",,,"Brunello, Inc.","*Brunello Admin"
2015-02-16,"Adam Hoyle",0.25,"wrote brunello intro",,,"Brunello, Inc.","*Brunello Admin"
2015-02-13,"Adam Hoyle",0.75,"call w/ Velir",,,"Brunello, Inc.","*Brunello Admin"
2015-02-13,"Adam Hoyle",0.25,"review projects, todos, organize day",,,"Brunello, Inc.","*Brunello Admin"
2015-02-12,"Adam Hoyle",0.5,"call w/ Coach",,,"Brunello, Inc.","*Brunello Admin"
2015-02-11,"Adam Hoyle",1.0,"QB, invoicing and deposits",,,"Brunello, Inc.","*Brunello Admin"
2015-02-11,"Adam Hoyle",0.5,"fix spam settings and update whitelists. Linkwell is going to spam.",,,"Brunello, Inc.","*Brunello Admin"
2015-02-11,"Adam Hoyle",1.5,"review projects, priorities, status, update notes and todos and bc",,,"Brunello, Inc.","*Brunello Admin"
2015-02-10,"Adam Hoyle",0.75,"call w/ velir",,,"Brunello, Inc.","*Brunello Admin"
2015-02-10,"Adam Hoyle",0.75,"pricing breakdown for Boston Ballet",,,"Brunello, Inc.","*Brunello Admin"
2015-02-10,"Adam Hoyle",0.5,"email and new biz followups",,,"Brunello, Inc.","*Brunello Admin"
2015-02-10,"Adam Hoyle",2.25,"review boston ballet rfp",,,"Brunello, Inc.","*Brunello Admin"
2015-02-10,"Adam Hoyle",0.5,"prep and plan day, review projects todos and basecamp",,,"Brunello, Inc.","*Brunello Admin"
2015-02-09,"Adam Hoyle",0.75,"call w/ velir",,,"Brunello, Inc.","*Brunello Admin"
2015-02-09,"Adam Hoyle",0.25,"emails, followups, basecamp updates",,,"Brunello, Inc.","*Brunello Admin"
2015-02-06,"Adam Hoyle",3.75,"estimate for imaginatik homepage redesign",,,"Brunello, Inc.","*Brunello Admin"
2015-02-05,"Adam Hoyle",1.25,"meeting with imaginatik",,,"Brunello, Inc.","*Brunello Admin"
2015-02-03,"Adam Hoyle",1.25,"billing",,,"Brunello, Inc.","*Brunello Admin"
2015-02-03,"Adam Hoyle",0.75,"weekly kickoff meeting",,,"Brunello, Inc.","*Brunello Admin"
2015-01-30,"Adam Hoyle",0.5,"Review GP estimate, highrise updates",,,"Brunello, Inc.","*Brunello Admin"
2015-01-29,"Adam Hoyle",1.0,"call with Cynthia re: D6 to D7 upgrade",,,"Brunello, Inc.","*Brunello Admin"
2015-01-29,"Adam Hoyle",0.5,"call w/ Kristine",,,"Brunello, Inc.","*Brunello Admin"
2015-01-29,"Adam Hoyle",0.5,"review and prep for GP call",,,"Brunello, Inc.","*Brunello Admin"
2015-01-28,"Adam Hoyle",0.5,"review and cleanup basecamp todos",,,"Brunello, Inc.","*Brunello Admin"
2015-01-28,"Adam Hoyle",0.75,"review IBX 6-day, update basecamp",,,"Brunello, Inc.","*Brunello Admin"
2015-01-28,"Adam Hoyle",0.5,"review GP requests, update highrise",,,"Brunello, Inc.","*Brunello Admin"
2015-01-28,"Adam Hoyle",0.75,"organize todos, migrate lists",,,"Brunello, Inc.","*Brunello Admin"
2015-01-26,"Adam Hoyle",0.75,"weekly meeting",,,"Brunello, Inc.","*Brunello Admin"
2015-01-23,"Adam Hoyle",1.25,"basecamp review and cleanup",,,"Brunello, Inc.","*Brunello Admin"
2015-01-23,"Adam Hoyle",1.5,"review OW/WGC estimates",,,"Brunello, Inc.","*Brunello Admin"
2015-01-23,"Adam Hoyle",0.5,"process email, update basecamp",,,"Brunello, Inc.","*Brunello Admin"
2015-01-21,"Adam Hoyle",0.5,"review projects, organize todos, cleanup basecamp",,,"Brunello, Inc.","*Brunello Admin"
2015-01-21,"Adam Hoyle",1.0,"Meet w/ John and Nicole for OW/WGC estimate",,,"Brunello, Inc.","*Brunello Admin"
2015-01-20,"Adam Hoyle",0.75,"csmi estimate",,,"Brunello, Inc.","*Brunello Admin"
2015-01-20,"Adam Hoyle",0.5,"get Dang-Nam setup with PayChex",,,"Brunello, Inc.","*Brunello Admin"
2015-01-14,"Adam Hoyle",0.25,"review QB, invoicing, cleanup basecamp",,,"Brunello, Inc.","*Brunello Admin"
2015-01-14,"Adam Hoyle",0.75,"email and new biz followups",,,"Brunello, Inc.","*Brunello Admin"
2015-01-12,"Adam Hoyle",1.0,"kickoff meeting",,,"Brunello, Inc.","*Brunello Admin"
2015-01-12,"Adam Hoyle",0.5,"setup computer, email, accounts and paperwork for dang-nam",,,"Brunello, Inc.","*Brunello Admin"
2015-01-09,"Adam Hoyle",1.75,"review and organize todos, review basecamp todos and projects, send new biz emails and followups",,,"Brunello, Inc.","*Brunello Admin"
2015-01-08,"Adam Hoyle",0.75,"banking and QB",,,"Brunello, Inc.","*Brunello Admin"
2015-01-06,"Adam Hoyle",0.25,"project setup for CSMi",,,"Brunello, Inc.","*Brunello Admin"
2015-01-05,"Adam Hoyle",2.0,"catch up on emails, review projects, review accounts, quickbooks, etc.",,,"Brunello, Inc.","*Brunello Admin"
2017-12-14,"Adam Hoyle",0.75,"research",,,"Brunello, Inc.","Bit"
2016-07-20,"Adam Hoyle",0.25,"review evergreen posts",,,"Brunello, Inc.","Brunello Website"
2017-09-18,"Adam Hoyle",0.5,"cut dots",,,"Brunello, Inc.","WatchDots"
2017-09-15,"Adam Hoyle",0.75,"support",,,"Brunello, Inc.","WatchDots"
2017-09-13,"Adam Hoyle",0.5,"email comm w/ Nikias",,,"Brunello, Inc.","WatchDots"
2017-09-08,"Adam Hoyle",0.5,"address updates to Terms and Conditions, Privacy Policy, Contact page, etc.",,,"Brunello, Inc.","WatchDots"
2017-09-01,"Adam Hoyle",0.5,"track down DNS info (LW RS, GD, etc.), review notes, make backups, update records","DNS updates for G-Suite","WatchDots Ownership Transfer","Brunello, Inc.","WatchDots"
2017-09-01,"Adam Hoyle",0.5,"store ownership transfer",,,"Brunello, Inc.","WatchDots"
2017-08-31,"Adam Hoyle",0.75,"call w/ Nikias and Danielle",,,"Brunello, Inc.","WatchDots"
2017-07-28,"Adam Hoyle",1.0,"organize account info and other assets for delivery to Nikias",,,"Brunello, Inc.","WatchDots"
2017-07-27,"Adam Hoyle",0.25,"misc. assistance to pack and ship physical assets",,,"Brunello, Inc.","WatchDots"
2017-07-21,"Adam Hoyle",3.0,"print and cut inserts, organize assets for transfer to Nikias",,,"Brunello, Inc.","WatchDots"
2017-07-14,"Adam Hoyle",0.5,"cut inserts, fill orders",,,"Brunello, Inc.","WatchDots"
2017-07-13,"Adam Hoyle",1.0,"research and organize transfer info",,,"Brunello, Inc.","WatchDots"
2017-05-03,"Adam Hoyle",2.5,"research website sales agreements, draft agreement for WD sale.",,,"Brunello, Inc.","WatchDots"
2016-09-01,"Adam Hoyle",0.75,"10k giveaway emails and posts",,,"Brunello, Inc.","WatchDots"
2016-08-25,"Adam Hoyle",0.5,"review social posts and discuss with Jay and Tony",,,"Brunello, Inc.","WatchDots"
2016-08-10,"Adam Hoyle",0.5,"get Tony setup and working on 10k landing page",,,"Brunello, Inc.","WatchDots"
2016-08-10,"Adam Hoyle",0.75,"meet to discuss 10k plan and olympics",,,"Brunello, Inc.","WatchDots"
2016-08-08,"Adam Hoyle",0.5,"10k meeting",,,"Brunello, Inc.","WatchDots"
2016-08-03,"Adam Hoyle",0.25,"Insta story research, video w/ Tony, image reviews...",,,"Brunello, Inc.","WatchDots"
2016-05-05,"Adam Hoyle",0.5,"update homepage with new colors",,,"Brunello, Inc.","WatchDots"
2016-03-18,"Adam Hoyle",0.5,"annual report filing",,,"Brunello, Inc.","WatchDots"
2016-03-03,"Adam Hoyle",0.5,"WristTouch notes/email",,,"Brunello, Inc.","WatchDots"
2016-01-27,"Adam Hoyle",0.75,"call w/ LuxeDip",,,"Brunello, Inc.","WatchDots"
2015-12-28,"Adam Hoyle",0.5,"print pack and ship",,,"Brunello, Inc.","WatchDots"
2015-11-23,"Adam Hoyle",1.5,"cut monograms and take photos for launch",,,"Brunello, Inc.","WatchDots"
2015-11-18,"Adam Hoyle",1.0,"wholesale followups, create spreadsheet",,,"Brunello, Inc.","WatchDots"
2015-11-02,"Adam Hoyle",1.0,"packaging design updates, J dots, insta",,,"Brunello, Inc.","WatchDots"
2015-10-26,"Adam Hoyle",1.5,"pack t-mobile order",,,"Brunello, Inc.","WatchDots"
2015-10-15,"Adam Hoyle",0.5,"wholesale order work",,,"Brunello, Inc.","WatchDots"
2015-10-13,"Adam Hoyle",0.5,"cut pink watchdots: machine time",,,"Brunello, Inc.","WatchDots"
2015-10-06,"Adam Hoyle",1.0,"finalize t-mobile package and send",,,"Brunello, Inc.","WatchDots"
2015-10-01,"Adam Hoyle",2.0,"followups and updates (t-mobile, wristouch)",,,"Brunello, Inc.","WatchDots"
2015-09-30,"Adam Hoyle",0.5,"homepage tweaks",,,"Brunello, Inc.","WatchDots"
2015-09-28,"Adam Hoyle",0.75,"followup emails and packaging for wholesale customers",,,"Brunello, Inc.","WatchDots"
2015-09-21,"Adam Hoyle",1.25,"install, configure and test ""Infinite Options"" app, update product templates, email templates and cart templates",,,"Brunello, Inc.","WatchDots"
2015-09-16,"Adam Hoyle",0.5,"color research",,,"Brunello, Inc.","WatchDots"
2015-09-16,"Adam Hoyle",1.0,"quote for T-Mobile",,,"Brunello, Inc.","WatchDots"
2015-09-14,"Adam Hoyle",0.5,"color and transfer research",,,"Brunello, Inc.","WatchDots"
2015-09-10,"Adam Hoyle",1.25,"Finalize GS1 application, create UPC",,,"Brunello, Inc.","WatchDots"
2015-09-09,"Adam Hoyle",0.75,"UPC research and application, packaging research and purchase, pull copy for translation",,,"Brunello, Inc.","WatchDots"
2015-09-08,"Adam Hoyle",0.75,"wholesale pricing for iStore",,,"Brunello, Inc.","WatchDots"
2015-08-19,"Adam Hoyle",1.25,"Create costs worksheet",,,"Brunello, Inc.","WatchDots"
2015-08-19,"Adam Hoyle",0.25,"block referral spam",,,"Brunello, Inc.","WatchDots"
2015-07-31,"Adam Hoyle",1.0,"watchdots combo pack email blast",,,"Brunello, Inc.","WatchDots"
2015-07-30,"Adam Hoyle",0.5,"watchdots combo pack product creation",,,"Brunello, Inc.","WatchDots"
2015-07-27,"Adam Hoyle",0.25,"photos to feed the instagram machine",,,"Brunello, Inc.","WatchDots"
2015-07-27,"Adam Hoyle",1.25,"FB and Google ads",,,"Brunello, Inc.","WatchDots"
2015-07-27,"Adam Hoyle",0.25,"review promo cards",,,"Brunello, Inc.","WatchDots"
2015-07-22,"Adam Hoyle",0.75,"watchdots copy meeting",,,"Brunello, Inc.","WatchDots"
2015-07-06,"Adam Hoyle",0.5,"Insta post and fill orders",,,"Brunello, Inc.","WatchDots"
2015-06-24,"Adam Hoyle",0.25,"call with fashion photographer",,,"Brunello, Inc.","WatchDots"
2015-05-26,"Adam Hoyle",0.5,"Pack and ship orders",,,"Brunello, Inc.","WatchDots"
2015-05-20,"Adam Hoyle",7.0,"FIRST SHIPMENT",,,"Brunello, Inc.","WatchDots"
2015-05-11,"Adam Hoyle",0.25,"install CMS",,,"Brunello, Inc.","WatchDots"
2015-05-06,"Adam Hoyle",1.0,"social strategy",,,"Brunello, Inc.","WatchDots"
2017-09-01,"Adam Hoyle",0.5,"screenshot and shut down store",,,"Brunello, Inc.","Wristouch"
2017-08-30,"Adam Hoyle",0.75,"pack and get shipping quote",,,"Brunello, Inc.","Wristouch"
2017-08-29,"Adam Hoyle",1.0,"inventory and packing",,,"Brunello, Inc.","Wristouch"
2017-08-24,"Adam Hoyle",0.75,"personalized email campaign",,,"Brunello, Inc.","Wristouch"
2017-08-23,"Adam Hoyle",0.25,"sale email blast",,,"Brunello, Inc.","Wristouch"
2017-08-10,"Adam Hoyle",0.75,"mailchimp + social posts for 30% sale",,,"Brunello, Inc.","Wristouch"
2017-08-08,"Adam Hoyle",1.0,"update sale pricing, create and send email",,,"Brunello, Inc.","Wristouch"
2017-06-14,"Adam Hoyle",0.25,"review","April / May payout reports","Monthly Reports","Brunello, Inc.","Wristouch"
2017-04-25,"Adam Hoyle",0.25,"Lux sale email",,,"Brunello, Inc.","Wristouch"
2017-03-16,"Adam Hoyle",0.25,"review billing and apps",,,"Brunello, Inc.","Wristouch"
2017-02-07,"Adam Hoyle",0.5,"nylon last chance email",,,"Brunello, Inc.","Wristouch"
2017-02-01,"Adam Hoyle",0.25,"fill orders",,,"Brunello, Inc.","Wristouch"
2017-01-31,"Adam Hoyle",0.5,"nylon email blast",,,"Brunello, Inc.","Wristouch"
2016-12-15,"Adam Hoyle",0.5,"fil orders",,,"Brunello, Inc.","Wristouch"
2016-12-01,"Adam Hoyle",0.25,"lug followups",,,"Brunello, Inc.","Wristouch"
2016-11-30,"Adam Hoyle",1.5,"lug research and wholesale inquiries",,,"Brunello, Inc.","Wristouch"
2016-11-29,"Adam Hoyle",1.0,"modal window updates, resizing and hardware",,,"Brunello, Inc.","Wristouch"
2016-11-22,"Adam Hoyle",5.0,"leather emails, holiday emails, hellobars",,,"Brunello, Inc.","Wristouch"
2016-11-16,"Adam Hoyle",0.75,"Return Magic setup",,,"Brunello, Inc.","Wristouch"
2016-11-11,"Adam Hoyle",1.0,"All Black Everything email blast",,,"Brunello, Inc.","Wristouch"
2016-11-09,"Adam Hoyle",0.75,"leather features page and photo search",,,"Brunello, Inc.","Wristouch"
2016-11-09,"Adam Hoyle",0.75,"Upsell and product options config and testing",,,"Brunello, Inc.","Wristouch"
2016-11-04,"Adam Hoyle",0.25,"create Lux ""Series 1"" insert",,,"Brunello, Inc.","Wristouch"
2016-10-31,"Adam Hoyle",1.0,"fb ad account setup and tracking pixel installation and troubleshooting",,,"Brunello, Inc.","Wristouch"
2016-10-28,"Adam Hoyle",0.25,"template updates per Jay",,,"Brunello, Inc.","Wristouch"
2016-10-26,"Adam Hoyle",0.25,"","Install Hello Bar","Website Marketing","Brunello, Inc.","Wristouch"
2016-10-26,"Adam Hoyle",0.25,"","Create customer satisfaction survey","Email Marketing","Brunello, Inc.","Wristouch"
2016-10-25,"Adam Hoyle",2.0,"Red sport band announcement email",,,"Brunello, Inc.","Wristouch"
2016-10-25,"Adam Hoyle",0.25,"research custom fields for shopify products",,,"Brunello, Inc.","Wristouch"
2016-10-25,"Adam Hoyle",0.75,"finish adding dates to todos",,,"Brunello, Inc.","Wristouch"
2016-10-24,"Adam Hoyle",2.0,"Add Wristouch todos to BC",,,"Brunello, Inc.","Wristouch"
2016-10-19,"Adam Hoyle",0.5,"Link Shopify to FB and curate collections.",,,"Brunello, Inc.","Wristouch"
2016-10-19,"Adam Hoyle",1.25,"Create second email for automation 10%",,,"Brunello, Inc.","Wristouch"
2016-10-18,"Adam Hoyle",0.75,"design updates to first automation email",,,"Brunello, Inc.","Wristouch"
2016-10-16,"Adam Hoyle",0.5,"create privy segment for automated 10% followup",,,"Brunello, Inc.","Wristouch"
2016-10-15,"Adam Hoyle",0.75,"upsell customization",,,"Brunello, Inc.","Wristouch"
2016-10-12,"Adam Hoyle",1.5,"product upsell",,,"Brunello, Inc.","Wristouch"
2016-10-12,"Adam Hoyle",0.75,"call w/ Hong Konk",,,"Brunello, Inc.","Wristouch"
2016-10-07,"Adam Hoyle",0.25,"leaflet updates",,,"Brunello, Inc.","Wristouch"
2016-10-04,"Adam Hoyle",1.0,"Wristouch email sub review, sales and payout reporting",,,"Brunello, Inc.","Wristouch"
2016-09-28,"Adam Hoyle",0.25,"update collection and product page titles",,,"Brunello, Inc.","Wristouch"
2016-09-27,"Adam Hoyle",0.25,"orders",,,"Brunello, Inc.","Wristouch"
2016-09-27,"Adam Hoyle",0.75,"research and setup Privy",,,"Brunello, Inc.","Wristouch"
2016-09-23,"Adam Hoyle",0.75,"email to WD subscribers",,,"Brunello, Inc.","Wristouch"
2016-09-21,"Adam Hoyle",0.25,"boxes",,,"Brunello, Inc.","Wristouch"
2016-09-15,"Adam Hoyle",0.5,"301s",,,"Brunello, Inc.","Wristouch"
2016-09-13,"Adam Hoyle",0.5,"setup email addresses and move account to sub-account",,,"Brunello, Inc.","Wristouch"
2016-08-31,"Adam Hoyle",1.0,"banking",,,"Brunello, Inc.","Wristouch"
2015-11-04,"Adam Hoyle",0.25,"pin adjustments on transmission page",,,"Citizens Energy","BILLED: Interactive Maps"
2015-11-02,"Adam Hoyle",0.5,"deployment",,,"Citizens Energy","BILLED: Interactive Maps"
2015-10-30,"Adam Hoyle",0.75,"transmission map dropin",,,"Citizens Energy","BILLED: Interactive Maps"
2015-10-30,"Adam Hoyle",0.5,"Ce coordination",,,"Citizens Energy","BILLED: Interactive Maps"
2015-10-29,"Adam Hoyle",0.75,"dig up and test CE credentials",,,"Citizens Energy","BILLED: Interactive Maps"
2015-10-26,"Adam Hoyle",1.75,"maps integration",,,"Citizens Energy","BILLED: Interactive Maps"
2015-10-19,"Adam Hoyle",1.5,"process map content, begin updates, troubleshoot redirects",,,"Citizens Energy","BILLED: Interactive Maps"
2015-08-18,"Adam Hoyle",0.5,"review comps",,,"Citizens Energy","BILLED: Interactive Maps"
2017-05-17,"Adam Hoyle",0.5,"finish maps demo",,,"Citizens Energy","Dev./Misc. Support"
2017-05-16,"Adam Hoyle",0.5,"start putting together Maps demo",,,"Citizens Energy","Dev./Misc. Support"
2017-02-23,"Adam Hoyle",0.75,"Respond and research www redirect incident, recap w/ Kyle, email client.",,,"Citizens Energy","Dev./Misc. Support"
2015-12-08,"Adam Hoyle",0.5,"assistance with link formatting for Carina",,,"Citizens Energy","Dev./Misc. Support"
2015-02-03,"Adam Hoyle",0.25,"investigate outage",,,"Citizens Energy","Dev./Misc. Support"
2015-02-03,"Adam Hoyle",0.25,"daily checkin",,,"Corporate Rewards","BILLED: Front-end Development Retainer"
2015-01-26,"Adam Hoyle",1.0,"meet with John and Kyle.",,,"Corporate Rewards","BILLED: Front-end Development Retainer"
2015-01-20,"Adam Hoyle",0.25,"Daily call w/ Eloy",,,"Corporate Rewards","BILLED: Front-end Development Retainer"
2015-01-15,"Adam Hoyle",0.25,"look for assets (Earn More > Share, Earn More > E-Learning, Ranking, FAQs)",,,"Corporate Rewards","BILLED: Front-end Development Retainer"
2015-01-09,"Adam Hoyle",0.5,"review tickets",,,"Corporate Rewards","BILLED: Front-end Development Retainer"
2015-01-05,"Adam Hoyle",0.5,"review site, call with Eloy",,,"Corporate Rewards","BILLED: Front-end Development Retainer"
2015-03-31,"Adam Hoyle",0.5,"kickoff call w/ Eloy",,,"Corporate Rewards","BILLED: Front-end Development Retainer (2.0)"
2015-03-31,"Adam Hoyle",0.15,"review and print designs",,,"Corporate Rewards","BILLED: Front-end Development Retainer (2.0)"
2015-08-19,"Adam Hoyle",0.25,"kick-off call w/ Don and Eloy",,,"Corporate Rewards","Palladium - Responsive Dev."
2015-08-17,"Adam Hoyle",0.25,"kick-off call w/ Eloy",,,"Corporate Rewards","Palladium - Responsive Dev."
2015-04-23,"Adam Hoyle",0.25,"post Mother's Day menu",,,"Crown Group","The Lion: Dev./Misc. Support"
2015-04-20,"Adam Hoyle",0.25,"remove easter menu from website",,,"Crown Group","The Lion: Dev./Misc. Support"
2015-03-31,"Adam Hoyle",0.25,"update new Easter menu per Allie",,,"Crown Group","The Lion: Dev./Misc. Support"
2015-03-26,"Adam Hoyle",0.25,"look into open table list export/import",,,"Crown Group","The Lion: Dev./Misc. Support"
2015-03-18,"Adam Hoyle",0.75,"investigate crown website ownership",,,"Crown Group","The Lion: Dev./Misc. Support"
2015-03-18,"Adam Hoyle",0.5,"review JS mobile site redirect",,,"Crown Group","The Lion: Dev./Misc. Support"
2015-03-18,"Adam Hoyle",0.25,"investigate mobile site and respond to Allie",,,"Crown Group","The Lion: Dev./Misc. Support"
2015-03-09,"Adam Hoyle",0.25,"Update wine menu link",,,"Crown Group","The Lion: Dev./Misc. Support"
2015-03-05,"Adam Hoyle",0.25,"add easter menu to homepage",,,"Crown Group","The Lion: Dev./Misc. Support"
2015-03-04,"Adam Hoyle",0.5,"Support for Allie - CMS and FTP access",,,"Crown Group","The Lion: Dev./Misc. Support"
2015-03-04,"Adam Hoyle",0.5,"Remove Valentine's Day Menu from homepage, fix Menu Page code to output the correct PDF as uploaded in the CMS.",,,"Crown Group","The Lion: Dev./Misc. Support"
2015-06-15,"Adam Hoyle",0.5,"review Josh Getman's emails and questions about lead forms and reports, respond via email",,,"CSMi","BILLED: Blogs & Lead Generation Landing Pages"
2015-06-08,"Adam Hoyle",0.25,"fix sort order for blog post views, email Josh",,,"CSMi","BILLED: Blogs & Lead Generation Landing Pages"
2015-06-08,"Adam Hoyle",0.5,"coordinate block updating issues reported by Josh, review, email Josh.",,,"CSMi","BILLED: Blogs & Lead Generation Landing Pages"
2015-06-03,"Adam Hoyle",1.0,"project coordination, QA, review, client emails",,,"CSMi","BILLED: Blogs & Lead Generation Landing Pages"
2015-06-01,"Adam Hoyle",1.0,"","Add initial content...","QA","CSMi","BILLED: Blogs & Lead Generation Landing Pages"
2015-05-28,"Adam Hoyle",0.25,"review final updates and send to CSMi",,,"CSMi","BILLED: Blogs & Lead Generation Landing Pages"
2015-04-29,"Adam Hoyle",0.5,"review feedback and respond to Josh",,,"CSMi","BILLED: Blogs & Lead Generation Landing Pages"
2015-04-01,"Adam Hoyle",0.25,"add privacy policy",,,"CSMi","BILLED: Blogs & Lead Generation Landing Pages"
2015-03-23,"Adam Hoyle",1.25,"review, QA, prep content, draft email to Josh",,,"CSMi","BILLED: Blogs & Lead Generation Landing Pages"
2015-03-12,"Adam Hoyle",1.0,"QA and test",,,"CSMi","BILLED: Blogs & Lead Generation Landing Pages"
2015-03-09,"Adam Hoyle",0.75,"review dev and test download user-flow",,,"CSMi","BILLED: Blogs & Lead Generation Landing Pages"
2015-01-20,"Adam Hoyle",1.75,"review questions from Josh and draft replies. Process notes and update basecamp.",,,"CSMi","BILLED: Blogs & Lead Generation Landing Pages"
2015-01-16,"Adam Hoyle",0.5,"review designs, email Josh Getman",,,"CSMi","BILLED: Blogs & Lead Generation Landing Pages"
2015-01-16,"Adam Hoyle",0.25,"review second round designs",,,"CSMi","BILLED: Blogs & Lead Generation Landing Pages"
2015-01-14,"Adam Hoyle",0.75,"review designs",,,"CSMi","BILLED: Blogs & Lead Generation Landing Pages"
2015-01-07,"Adam Hoyle",0.25,"type user flow notes, email Josh, update basecamp",,,"CSMi","BILLED: Blogs & Lead Generation Landing Pages"
2015-01-07,"Adam Hoyle",1.75,"update basecamp, kickoff project with Jay and John",,,"CSMi","BILLED: Blogs & Lead Generation Landing Pages"
2015-01-30,"Adam Hoyle",0.25,"review and send round 2",,,"CSMi","BILLED: Homepage Updates"
2015-01-30,"Adam Hoyle",0.25,"review and send",,,"CSMi","BILLED: Homepage Updates"
2015-01-28,"Adam Hoyle",0.5,"review designs and update basecamp with feedback",,,"CSMi","BILLED: Homepage Updates"
2016-03-25,"Adam Hoyle",0.5,"Update sportsware order PDF",,,"CSMi","Dev./Misc. Support"
2016-03-25,"Adam Hoyle",0.5,"archived file recovery for Lisa",,,"CSMi","Dev./Misc. Support"
2016-02-15,"Adam Hoyle",0.75,"support and email responses to Lisa re: broken links and 404s",,,"CSMi","Dev./Misc. Support"
2015-11-17,"Adam Hoyle",1.25,"troubleshoot and fix site outage (missing modules directory)",,,"CSMi","Dev./Misc. Support"
2015-11-11,"Adam Hoyle",0.5,"support for Josh, changing Service buttons to link to FreshDesk",,,"CSMi","Dev./Misc. Support"
2015-11-04,"Adam Hoyle",0.5,"respond to Getman re: tracking and URLs",,,"CSMi","Dev./Misc. Support"
2015-10-26,"Adam Hoyle",0.75,"investigate taxonomy term page, change URL, respond to Josh",,,"CSMi","Dev./Misc. Support"
2015-09-24,"Adam Hoyle",0.75,"testing landing pages and downloads, respond to Josh about 404s",,,"CSMi","Dev./Misc. Support"
2015-09-16,"Adam Hoyle",0.25,"fix typo on software activation form",,,"CSMi","Dev./Misc. Support"
2015-09-14,"Adam Hoyle",0.25,"investigate site outage",,,"CSMi","Dev./Misc. Support"
2015-09-10,"Adam Hoyle",0.5,"troubleshoot 404 download links",,,"CSMi","Dev./Misc. Support"
2015-08-12,"Adam Hoyle",0.25,"respond to Josh, add requests for service form updates to BC",,,"CSMi","Dev./Misc. Support"
2015-03-31,"Adam Hoyle",0.25,"Send Patterns Poster to CSMi vendor",,,"CSMi","Dev./Misc. Support"
2015-03-26,"Adam Hoyle",0.25,"add HUNMAC 2015 to Software Activation form",,,"CSMi","Dev./Misc. Support"
2015-03-12,"Adam Hoyle",0.25,"update service request form to accept years prior to 2013, per Sue via Rob",,,"CSMi","Dev./Misc. Support"
2015-03-02,"Adam Hoyle",0.25,"locate CSMI HUMAC NORM posted from backups and send to Josh",,,"CSMi","Dev./Misc. Support"
2015-01-12,"Adam Hoyle",0.25,"webform submission support for Josh",,,"CSMi","Dev./Misc. Support"
2017-10-16,"Adam Hoyle",0.25,"","Switch DNS","Deployment","Dartmouth College","BILLED DAM 2.0 Web Updates"
2017-10-06,"Adam Hoyle",0.25,"create server restart documentation",,,"Dartmouth College","Dev./Misc. Support"
2016-10-03,"Adam Hoyle",0.25,"investigate and hide error messages on DAM homepage",,,"Dartmouth College","Dev./Misc. Support"
2016-09-21,"Adam Hoyle",0.5,"reset server time after Mollon errors",,,"Dartmouth College","Dev./Misc. Support"
2016-09-13,"Adam Hoyle",0.25,"Find and test server credentials for Mike",,,"Dartmouth College","Dev./Misc. Support"
2016-09-07,"Adam Hoyle",0.5,"call w/ Bondi",,,"Dartmouth College","Dev./Misc. Support"
2015-10-21,"Adam Hoyle",0.25,"update RS payment CC",,,"Dartmouth College","Dev./Misc. Support"
2017-12-21,"Adam Hoyle",2.0,"prep for meeting",,,"DR Strikers","DR Strikers Logo"
2017-11-28,"Adam Hoyle",0.25,"review and send","Refine Strikers logo and create 1, 2, 3 color vector versions","Logo","DR Strikers","DR Strikers Logo"
2016-10-27,"Adam Hoyle",0.25,"Research Mandrill",,,"Enel NA","EnergySMART Blog"
2017-12-12,"Adam Hoyle",2.75,"fix responsive issues","Build and test new blog template in MailChimp","Misc.","Enel NA","Retainer"
2017-12-11,"Adam Hoyle",0.5,"review feed to confirm new items are included, check first email","Build and test new blog template in MailChimp","Misc.","Enel NA","Retainer"
2017-12-07,"Adam Hoyle",0.5,"call w/ Sara re: upcoming work",,,"Enel NA","Retainer"
2017-12-07,"Adam Hoyle",1.0,"Changes from Sara and Litmus testing","Build and test new blog template in MailChimp","Misc.","Enel NA","Retainer"
2017-12-07,"Adam Hoyle",0.75,"","Build and test new blog template in MailChimp","Misc.","Enel NA","Retainer"
2017-12-06,"Adam Hoyle",2.0,"","Build and test new blog template in MailChimp","Misc.","Enel NA","Retainer"
2017-11-30,"Adam Hoyle",1.0,"BC correspondence with Sara re: That Company reports, SEO redirect report, Tech report, fix redirects from SEMrush",,,"Enel NA","Retainer"
2017-10-31,"Adam Hoyle",0.5,"add blog post to site, test, troubleshoot, email Sara",,,"Enel NA","Retainer"
2017-10-12,"Adam Hoyle",0.25,"review performance issues","Hotjar Heatmapping & User Tracking","Misc. 2018","Enel NA","Retainer"
2017-09-22,"Adam Hoyle",0.75,"research sharepoint integration w/ Drupal, respond to Sara re: brand guide",,,"Enel NA","Retainer"
2017-09-14,"Adam Hoyle",0.5,"call w/ Sara and Mike Knorr (That Company) re: SEO",,,"Enel NA","Retainer"
2017-08-31,"Adam Hoyle",0.25,"test IE 11 scaling on stage",,,"Enel NA","Retainer"
2017-08-31,"Adam Hoyle",0.25,"test IE 11 scaling",,,"Enel NA","Retainer"
2017-08-07,"Adam Hoyle",0.5,"","Brand Updates for 8/8","Misc. 2018","Enel NA","Retainer"
2017-08-02,"Adam Hoyle",1.0,"outage response, opened ticket w/ Acquia.",,,"Enel NA","Retainer"
2017-07-11,"Adam Hoyle",0.5,"project coordination and emails re: RSS template redo",,,"Enel NA","Retainer"
2017-07-10,"Adam Hoyle",0.25,"project coordination and emails",,,"Enel NA","Retainer"
2017-07-10,"Adam Hoyle",0.25,"review Poland redirect request and add to BC, respond to Peter",,,"Enel NA","Retainer"
2017-07-10,"Adam Hoyle",0.5,"review EnergySmart email template issue, add to BC, respond to Sara",,,"Enel NA","Retainer"
2017-05-22,"Adam Hoyle",0.25,"review, test, update BC","Encode (or fix some other way) special characters in feed title (see screenshot)","Misc. 2018","Enel NA","Retainer"
2017-05-03,"Adam Hoyle",1.0,"review and respond to Basecamp messages and questions from Sara",,,"Enel NA","Retainer"
2017-04-12,"Adam Hoyle",0.5,"review open todos and responses",,,"Enel NA","Retainer"
2017-04-11,"Adam Hoyle",0.5,"troubleshoot Poland Pure Content overlapping titles...",,,"Enel NA","Retainer"
2017-04-11,"Adam Hoyle",0.25,"look into webmaster tools access for Sara, respond to her BC ticket",,,"Enel NA","Retainer"
2017-04-07,"Adam Hoyle",1.0,"tweaks and adjustments to Poland page",,,"Enel NA","Retainer"
2017-04-05,"Adam Hoyle",0.5,"review polish page",,,"Enel NA","Retainer"
2017-03-28,"Adam Hoyle",0.75,"call w/ Sara (noshow)",,,"Enel NA","Retainer"
2017-02-28,"Adam Hoyle",1.0,"email daily email subject, look into images and social sharing, misc. project coordination, emails and BC updates",,,"Enel NA","Retainer"
2017-02-21,"Adam Hoyle",0.25,"call w/ Bill re: blog graphics",,,"Enel NA","Retainer"
2017-02-17,"Adam Hoyle",0.5,"Look into MailChimp email sends, list status, daily send timestamps, etc. reply to Sara",,,"Enel NA","Retainer"
2017-02-16,"Adam Hoyle",1.25,"troubleshoot mailchimp issues, recreate form, create new list, reimport list, update website, test, email sara",,,"Enel NA","Retainer"
2017-02-15,"Adam Hoyle",0.75,"enernoc email list import troubleshooting",,,"Enel NA","Retainer"
2017-02-14,"Adam Hoyle",1.25,"misc. coordination, post-launch bug fixes, email communication with sara",,,"Enel NA","Retainer"
2017-02-13,"Adam Hoyle",2.0,"post-launch bug fixes (mailchimp, SSL, missing images, etc.), email communication with client",,,"Enel NA","Retainer"
2017-02-13,"Adam Hoyle",0.75,"research history of SSL coverage and domains, respond to Acquia ticket",,,"Enel NA","Retainer"
2017-02-13,"Adam Hoyle",0.5,"troubleshoot and fix IMCE/CKEditor permissions for ESmart editor",,,"Enel NA","Retainer"
2017-02-10,"Adam Hoyle",1.25,"misc. post-launch to-dos, emails and coordination",,,"Enel NA","Retainer"
2017-02-10,"Adam Hoyle",0.75,"Mailchimp bounce investigation and email",,,"Enel NA","Retainer"
2017-02-09,"Adam Hoyle",4.0,"post-launch todos",,,"Enel NA","Retainer"
2017-02-08,"Adam Hoyle",3.0,"domain access deployment, testing and coordination",,,"Enel NA","Retainer"
2017-02-08,"Adam Hoyle",1.25,"301s",,,"Enel NA","Retainer"
2017-02-08,"Adam Hoyle",0.5,"call w/ Sara",,,"Enel NA","Retainer"
2017-02-06,"Adam Hoyle",0.5,"misc. project coordination and emails, review outstanding to-dos",,,"Enel NA","Retainer"
2017-02-02,"Adam Hoyle",0.5,"Weekly status call w/ Sara",,,"Enel NA","Retainer"
2017-02-02,"Adam Hoyle",2.75,"update content to match prod since content freeze",,,"Enel NA","Retainer"
2017-02-01,"Adam Hoyle",0.5,"Work on 301 lists for EnergySMART and University",,,"Enel NA","Retainer"
2017-01-31,"Adam Hoyle",1.75,"Updates and testing for daily, weekly, monthly RSS email campaigns",,,"Enel NA","Retainer"
2017-01-31,"Adam Hoyle",0.75,"Create 301 lists for EnergySMART and University",,,"Enel NA","Retainer"
2017-01-30,"Adam Hoyle",0.75,"misc. project coordination and emails",,,"Enel NA","Retainer"
2017-01-26,"Adam Hoyle",1.75,"Review University site",,,"Enel NA","Retainer"
2017-01-23,"Adam Hoyle",3.5,"replicate corp site restructure on staging",,,"Enel NA","Retainer"
2017-01-19,"Adam Hoyle",0.5,"Weekly checkin call w/ Sara",,,"Enel NA","Retainer"
2017-01-05,"Adam Hoyle",0.5,"weekly checking w/ Sara",,,"Enel NA","Retainer"
2017-01-05,"Adam Hoyle",0.75,"Review and close todos",,,"Enel NA","Retainer"
2017-01-04,"Adam Hoyle",0.5,"Type notes and create todos from call",,,"Enel NA","Retainer"
2017-01-04,"Adam Hoyle",1.5,"EnerNOC blog pre-meeting w/ Mike, call w/ Sara and Colin",,,"Enel NA","Retainer"
2016-12-20,"Adam Hoyle",2.5,"create auto-segments for email and update template based on Sara's feedback",,,"Enel NA","Retainer"
2016-12-15,"Adam Hoyle",1.0,"weekly call w/ Sara",,,"Enel NA","Retainer"
2016-12-13,"Adam Hoyle",2.0,"finish first pass for Courses",,,"Enel NA","Retainer"
2016-12-12,"Adam Hoyle",4.5,"content entry for courses",,,"Enel NA","Retainer"
2016-12-08,"Adam Hoyle",0.5,"followup discussions w/ Mike and Kyle",,,"Enel NA","Retainer"
2016-12-08,"Adam Hoyle",1.0,"weekly checkin call w/ Sara, discuss deployment plan",,,"Enel NA","Retainer"
2016-12-07,"Adam Hoyle",0.5,"Discuss high-level deployment plan, review all open todos",,,"Enel NA","Retainer"
2016-12-06,"Adam Hoyle",0.75,"RSS email campaign testing and troubleshooting",,,"Enel NA","Retainer"
2016-12-05,"Adam Hoyle",0.5,"Discuss deployment plan and email Sara",,,"Enel NA","Retainer"
2016-12-01,"Adam Hoyle",3.0,"review University and EnergySMART pages, review paragraph bundles, recreate test pages on each site to test paragraph bundles",,,"Enel NA","Retainer"
2016-11-30,"Adam Hoyle",1.0,"review energysmart site",,,"Enel NA","Retainer"
2016-11-17,"Adam Hoyle",1.0,"weekly checking call w/ Sara, review domain access site",,,"Enel NA","Retainer"
2016-11-17,"Adam Hoyle",1.0,"Prep for EnerNOC call to review PDF downloads with Sara and Jeanne, call and post-call followups",,,"Enel NA","Retainer"
2016-11-15,"Adam Hoyle",0.5,"Discuss domain access with Mike and Kyle, update Sara",,,"Enel NA","Retainer"
2016-11-14,"Adam Hoyle",0.5,"update Korean footer",,,"Enel NA","Retainer"
2016-11-11,"Adam Hoyle",0.5,"Test assessment tool with hidden form fields, create redirect, email Jeanne",,,"Enel NA","Retainer"
2016-11-10,"Adam Hoyle",0.5,"checkin call w/ Sara",,,"Enel NA","Retainer"
2016-11-10,"Adam Hoyle",1.0,"Misc. check-in call w/ Sara",,,"Enel NA","Retainer"
2016-11-09,"Adam Hoyle",1.5,"research and troubleshoot IMCE image upload issues",,,"Enel NA","Retainer"
2016-11-09,"Adam Hoyle",0.25,"Review .htaccess file for PDF noindex, resubmit 2 URLs to Webmaster Tools",,,"Enel NA","Retainer"
2016-11-07,"Adam Hoyle",0.75,"discuss issue of PDFs appearing in Google results and call w/ Sara, add PDFs to Google Webmaster removal request",,,"Enel NA","Retainer"
2016-11-04,"Adam Hoyle",3.0,"email template building and testing for EnergySMART RSS campaign",,,"Enel NA","Retainer"
2016-11-03,"Adam Hoyle",0.25,"misc. project coordination and client comm.",,,"Enel NA","Retainer"
2016-10-27,"Adam Hoyle",0.5,"Discuss blog progress and game plan with Mike and Kyle",,,"Enel NA","Retainer"
2016-10-21,"Adam Hoyle",0.25,"Blog update to Sara",,,"Enel NA","Retainer"
2016-10-04,"Adam Hoyle",0.75,"call w/ Sara and Mike re: blogs, personalization and other outstanding todos",,,"Enel NA","Retainer"
2016-10-04,"Adam Hoyle",0.5,"prep for call w/ Sara",,,"Enel NA","Retainer"
2016-10-03,"Adam Hoyle",1.5,"remove access for Kristine, Sunnya, Chris F. from all dev, staging, prod, lift sites per Sara due to layoffs",,,"Enel NA","Retainer"
2016-09-28,"Adam Hoyle",0.5,"call w/ EnerNOC security",,,"Enel NA","Retainer"
2016-09-28,"Adam Hoyle",0.25,"refresh on pen test issues and prep for call w/ EnerNOC",,,"Enel NA","Retainer"
2016-09-22,"Adam Hoyle",1.25,"Misc. project coordination and client comm.",,,"Enel NA","Retainer"
2016-09-20,"Adam Hoyle",0.5,"disable user reg on University site",,,"Enel NA","Retainer"
2016-09-19,"Adam Hoyle",1.5,"troubleshoot lift video",,,"Enel NA","Retainer"
2016-09-19,"Adam Hoyle",0.5,"troubleshoot video",,,"Enel NA","Retainer"
2016-09-19,"Adam Hoyle",0.75,"troubleshoot password protection, re-enable Shield, write to Sara",,,"Enel NA","Retainer"
2016-09-16,"Adam Hoyle",0.25,"troubleshoot homepage video",,,"Enel NA","Retainer"
2016-09-12,"Adam Hoyle",0.25,"test taiwan redirect",,,"Enel NA","Retainer"
2016-09-12,"Adam Hoyle",0.5,"test pen test/404 fix",,,"Enel NA","Retainer"
2016-09-07,"Adam Hoyle",0.5,"security call w/ Acquia, EnerNOC",,,"Enel NA","Retainer"
2016-09-07,"Adam Hoyle",0.25,"prep for security call",,,"Enel NA","Retainer"
2016-08-30,"Adam Hoyle",0.25,"review LIFT hero CSS ticket and look into JS",,,"Enel NA","Retainer"
2016-08-29,"Adam Hoyle",0.5,"misc. emails and client comm.",,,"Enel NA","Retainer"
2016-08-22,"Adam Hoyle",0.25,"review Live Agent request and catch up on other todos",,,"Enel NA","Retainer"
2016-08-16,"Adam Hoyle",0.75,"testing and email coordination for benchmark tool",,,"Enel NA","Retainer"
2016-08-15,"Adam Hoyle",0.5,"review updates, email Sara for approval",,,"Enel NA","Retainer"
2016-08-15,"Adam Hoyle",0.5,"review benchmark tool, make notes on outstanding items, call w/ Kyle and Mike",,,"Enel NA","Retainer"
2016-08-12,"Adam Hoyle",0.5,"Review benchmark survey, update Sara",,,"Enel NA","Retainer"
2016-08-10,"Adam Hoyle",0.5,"recap notes and post to BC",,,"Enel NA","Retainer"
2016-08-10,"Adam Hoyle",1.0,"Call w/ Sara to checkin on survey",,,"Enel NA","Retainer"
2016-08-09,"Adam Hoyle",0.5,"Status update to Sara",,,"Enel NA","Retainer"
2016-08-09,"Adam Hoyle",1.0,"meet w/ Mike and Kyle for status update on Benchmark, type up reply to Sara",,,"Enel NA","Retainer"
2016-08-02,"Adam Hoyle",1.0,"call w/ Sara re: LIFT, blogs and benchmark",,,"Enel NA","Retainer"
2016-08-02,"Adam Hoyle",0.5,"prep for call w/ EnerNOC, review Sara's responses to blog questions",,,"Enel NA","Retainer"
2016-08-01,"Adam Hoyle",1.0,"Troubleshooting for EnerNOC video playback -- testing, calls, coordination, emails, etc.",,,"Enel NA","Retainer"
2016-07-28,"Adam Hoyle",0.5,"coordination and client comm.",,,"Enel NA","Retainer"
2016-07-27,"Adam Hoyle",0.25,"review and post Mike's notes about LIFT and Workflow issues",,,"Enel NA","Retainer"
2016-07-25,"Adam Hoyle",0.5,"Look into Google Analytics questions for Chris re: referrals and filters/segments",,,"Enel NA","Retainer"
2016-07-21,"Adam Hoyle",1.0,"call w/ Acquia re: LIFT",,,"Enel NA","Retainer"
2016-07-20,"Adam Hoyle",0.5,"review blog reqs and send questions to Sara",,,"Enel NA","Retainer"
2016-07-19,"Adam Hoyle",0.75,"call w/ Kristine re: Acquia lift",,,"Enel NA","Retainer"
2016-07-19,"Adam Hoyle",0.25,"prep for call re: Lift, review notes",,,"Enel NA","Retainer"
2016-07-19,"Adam Hoyle",0.5,"meet w/ Mike re: misc. updates",,,"Enel NA","Retainer"
2016-07-14,"Adam Hoyle",2.25,"deployment prep, deployment, post-launch testing",,,"Enel NA","Retainer"
2016-07-13,"Adam Hoyle",0.5,"misc. coordination re: dropdown, client communication and basecamp updates.",,,"Enel NA","Retainer"
2016-07-13,"Adam Hoyle",0.5,"meet w/ Mike and Kyle to review outstanding EnerNOC todos and respond/close tickets",,,"Enel NA","Retainer"
2016-07-11,"Adam Hoyle",0.75,"misc. project coordination and client emails",,,"Enel NA","Retainer"
2016-07-11,"Adam Hoyle",1.0,"Monthly website update call",,,"Enel NA","Retainer"
2016-06-28,"Adam Hoyle",0.25,"syn staging with prod, clear caches, test",,,"Enel NA","Retainer"
2016-06-28,"Adam Hoyle",0.5,"email and call w/ Kristine re: deploying from stage to prod",,,"Enel NA","Retainer"
2016-06-28,"Adam Hoyle",0.5,"review, test and send job board",,,"Enel NA","Retainer"
2016-06-16,"Adam Hoyle",0.5,"greenhouse research and notes",,,"Enel NA","Retainer"
2016-06-15,"Adam Hoyle",0.75,"acquia lift call w/ EnerNOC re: taxonomy",,,"Enel NA","Retainer"
2016-06-15,"Adam Hoyle",0.5,"greenhouse.io research",,,"Enel NA","Retainer"
2016-06-14,"Adam Hoyle",0.75,"call w/ Sara for benchmark demo",,,"Enel NA","Retainer"
2016-06-14,"Adam Hoyle",0.5,"test Okta login, review Greenhouse FAQs and getting started guide",,,"Enel NA","Retainer"
2016-06-13,"Adam Hoyle",0.5,"call w/ Sara, troubleshoot taxonomy changes",,,"Enel NA","Retainer"
2016-06-13,"Adam Hoyle",0.25,"try to get into greenhouse and okta, email Peter",,,"Enel NA","Retainer"
2016-06-10,"Adam Hoyle",0.5,"deploy and test vidyard",,,"Enel NA","Retainer"
2016-06-09,"Adam Hoyle",0.5,"testing and coordination for energysmart vidyard updates",,,"Enel NA","Retainer"
2016-06-08,"Adam Hoyle",0.25,"review CSS updates w/ Mike",,,"Enel NA","Retainer"
2016-06-07,"Adam Hoyle",0.5,"Review EnerNOC benchmark survey, email Sara followup questions",,,"Enel NA","Retainer"
2016-06-07,"Adam Hoyle",0.75,"review CSS changes on dev/stage/prod",,,"Enel NA","Retainer"
2016-06-07,"Adam Hoyle",0.25,"discuss greenhouse job board integration with Mike",,,"Enel NA","Retainer"
2016-06-02,"Adam Hoyle",0.25,"create and test new PDF redirect",,,"Enel NA","Retainer"
2016-06-01,"Adam Hoyle",0.75,"testing and coordination of CSS injector updates, respond to Peter re: server sizing",,,"Enel NA","Retainer"
2016-05-25,"Adam Hoyle",0.25,"review progress on benchmarking tool",,,"Enel NA","Retainer"
2016-05-23,"Adam Hoyle",0.75,"call w/ Sara and Mike re: benchmarking tool",,,"Enel NA","Retainer"
2016-05-23,"Adam Hoyle",0.25,"prep for call w/ EnerNOC re: assessment tool",,,"Enel NA","Retainer"
2016-05-18,"Adam Hoyle",2.5,"Acquia Lift Training",,,"Enel NA","Retainer"
2016-05-04,"Adam Hoyle",1.0,"multi-lingual prep/planning call",,,"Enel NA","Retainer"
2016-05-04,"Adam Hoyle",0.75,"coordinate domain redirects, test, email client and close todos.",,,"Enel NA","Retainer"
2016-05-04,"Adam Hoyle",0.5,"LIFT call w/ Acquia",,,"Enel NA","Retainer"
2016-04-28,"Adam Hoyle",0.5,"test and check master/slave db config, communicate with client",,,"Enel NA","Retainer"
2016-04-28,"Adam Hoyle",0.25,"research sender authentication and send info to Peter",,,"Enel NA","Retainer"
2016-04-27,"Adam Hoyle",0.5,"project coordination and testing, email comm. w/ client",,,"Enel NA","Retainer"
2016-04-26,"Adam Hoyle",1.0,"research master/slave db solutions for WP sites",,,"Enel NA","Retainer"
2016-04-26,"Adam Hoyle",0.25,"create redirects for Eloqua pages",,,"Enel NA","Retainer"
2016-04-26,"Adam Hoyle",2.754,"troubleshoot redirect loop, site availability issues, communicate with client, investigate missing page and create redirect",,,"Enel NA","Retainer"
2016-04-25,"Adam Hoyle",0.75,"troubleshoot WP redirect issue",,,"Enel NA","Retainer"
2016-04-25,"Adam Hoyle",0.75,"CSS fix for mobile nav cutoff... test and tweak, test and tweak, varnish clears, etc",,,"Enel NA","Retainer"
2016-04-25,"Adam Hoyle",0.5,"test all redirects",,,"Enel NA","Retainer"
2016-04-25,"Adam Hoyle",0.25,"call w/ Dan from infra to discuss DNS",,,"Enel NA","Retainer"
2016-04-25,"Adam Hoyle",1.0,"DEPLOYMENT TESTING, coordination and client communication",,,"Enel NA","Retainer"
2016-04-22,"Adam Hoyle",3.0,"prep and testing",,,"Enel NA","Retainer"
2016-04-22,"Adam Hoyle",0.25,"nav configuration with Kyle",,,"Enel NA","Retainer"
2016-04-22,"Adam Hoyle",0.5,"discuss status and plan",,,"Enel NA","Retainer"
2016-04-21,"Adam Hoyle",2.0,"review test plan and deployment plan",,,"Enel NA","Retainer"
2016-04-20,"Adam Hoyle",0.5,"discuss deployment plans and lists with Kyle and Mike",,,"Enel NA","Retainer"
2016-04-20,"Adam Hoyle",1.0,"add domains to Acquia and discuss redirect plan with Mike, post BC updates re: domains, submit ticket to acquia and respond to emails",,,"Enel NA","Retainer"
2016-04-20,"Adam Hoyle",0.5,"review open todos and organize deployment items for 4/25",,,"Enel NA","Retainer"
2016-04-14,"Adam Hoyle",0.25,"call w/ Sara re: deployment plans and scheduling",,,"Enel NA","Retainer"
2016-04-14,"Adam Hoyle",0.25,"Deployment notification to EnerNOC team",,,"Enel NA","Retainer"
2016-04-14,"Adam Hoyle",0.5,"research Google Webmaster issue with CSS and JS files re: robots.txt",,,"Enel NA","Retainer"
2016-04-14,"Adam Hoyle",0.25,"RS --> Acquia planning call w/ Peter",,,"Enel NA","Retainer"
2016-04-13,"Adam Hoyle",0.75,"research and respond to Sara re: Google indexing fulfillment pages",,,"Enel NA","Retainer"
2016-04-13,"Adam Hoyle",0.25,"Investigate IMCE upload error per Sara",,,"Enel NA","Retainer"
2016-04-01,"Adam Hoyle",0.75,"look into image replacement for comcast and respond to Sara re: folder structure for IMCE uploads, troubleshoot and replace logo",,,"Enel NA","Retainer"
2016-03-30,"Adam Hoyle",0.25,"client updates re: Lift and check open Acquia tickets",,,"Enel NA","Retainer"
2016-03-28,"Adam Hoyle",1.25,"misc. project coordination, review mobile nav and checkbox, test, email comm. w/ client",,,"Enel NA","Retainer"
2016-03-25,"Adam Hoyle",0.5,"postmortem on Eloqua issues, review outstanding to-dos and add new",,,"Enel NA","Retainer"
2016-03-24,"Adam Hoyle",1.5,"Eloqua post-launch firedrill",,,"Enel NA","Retainer"
2016-03-24,"Adam Hoyle",1.0,"Acquia Lift demo",,,"Enel NA","Retainer"
2016-03-24,"Adam Hoyle",2.5,"Site review deployment and post-launch firedrills re: Eloqua, misc. project coordination and emails",,,"Enel NA","Retainer"
2016-03-23,"Adam Hoyle",0.5,"project coordination, discuss todos with Mike",,,"Enel NA","Retainer"
2016-03-23,"Adam Hoyle",1.25,"followup on bare domain SSL and DNS, investigate GA tracking subdomains",,,"Enel NA","Retainer"
2016-03-23,"Adam Hoyle",1.5,"Update GA tags on University. Update Demo Video to Product Video in footer nav and taxonomy. Troubleshoot site outage, open Acquia ticket, nav and taxonomy changes for Product Videos. Contact NASDAQ re: stickynav",,,"Enel NA","Retainer"
2016-03-22,"Adam Hoyle",3.0,"coordination for load testing, site review updates, and misc. todos",,,"Enel NA","Retainer"
2016-03-22,"Adam Hoyle",0.5,"review and troubleshoot dropdown on NASDAQ site, respond to James with CSS change",,,"Enel NA","Retainer"
2016-03-21,"Adam Hoyle",0.5,"Add option to open links in new window to promo blocks per Kristine",,,"Enel NA","Retainer"
2016-03-21,"Adam Hoyle",0.5,"investigate crashed DB table and response to RS ticket and Peter",,,"Enel NA","Retainer"
2016-03-18,"Adam Hoyle",0.5,"Cleanup Admin and Editor accounts",,,"Enel NA","Retainer"
2016-03-18,"Adam Hoyle",0.25,"call w/ Jim at NASDAQ, followup email",,,"Enel NA","Retainer"
2016-03-18,"Adam Hoyle",0.75,"misc. project coordination and replies",,,"Enel NA","Retainer"
2016-03-17,"Adam Hoyle",4.0,"misc. email communication, research NASA feeds, research and troubleshoot comment notifications from EnergySMART, troubleshoot mandrill FROM email, Remove Eloqua scripts from stay connected form, Review load test plan, respond to Acquia tickets re: timeframe",,,"Enel NA","Retainer"
2016-03-16,"Adam Hoyle",0.5,"review site review",,,"Enel NA","Retainer"
2016-03-16,"Adam Hoyle",2.0,"investigate EnergySmart new post notification ""FROM"" address and create/troubleshoot redirect for university/resource library",,,"Enel NA","Retainer"
2016-03-16,"Adam Hoyle",0.5,"review and respond to misc. support to-dos, edit Tim's bio, check /businesses/ URLs and search indexing of quotes",,,"Enel NA","Retainer"
2016-03-16,"Adam Hoyle",0.25,"test and coordinate deployment of updated header and dropdown",,,"Enel NA","Retainer"
2016-03-16,"Adam Hoyle",0.25,"redirect update per Kristine",,,"Enel NA","Retainer"
2016-03-15,"Adam Hoyle",1.0,"misc. to-dos, create redirect, coordinate load testing and site reviews, followup on SSL",,,"Enel NA","Retainer"
2016-03-14,"Adam Hoyle",0.75,"Update WP energysmart emails and hide Developer Test from subscribe modal",,,"Enel NA","Retainer"
2016-03-14,"Adam Hoyle",3.0,"misc. emails, followups and coordination for Load Testing, SSL issues, Security Scan, etc.",,,"Enel NA","Retainer"
2016-03-14,"Adam Hoyle",0.5,"Call w/ Sara to discuss Workflow goals",,,"Enel NA","Retainer"
2016-03-11,"Adam Hoyle",2.75,"misc. post-launch support, emails, redirects, etc.",,,"Enel NA","Retainer"
2016-03-11,"Adam Hoyle",2.0,"SSL troubleshooting, updates and coordination",,,"Enel NA","Retainer"
2016-03-10,"Adam Hoyle",1.0,"launch party",,,"Enel NA","Retainer"
2016-03-10,"Adam Hoyle",4.0,"SSL troubleshooting, updates and coordination",,,"Enel NA","Retainer"
2016-03-10,"Adam Hoyle",0.75,"add favicon and fix dropdown z-index issue",,,"Enel NA","Retainer"
2016-03-09,"Adam Hoyle",1.0,"pre-launch coordination, University redirects and testing, etc.",,,"Enel NA","Retainer"
2016-03-09,"Adam Hoyle",0.75,"site outage troubleshooting and coordination",,,"Enel NA","Retainer"
2016-03-09,"Adam Hoyle",0.75,"call w/ Enernoc team re: URL aliases changing",,,"Enel NA","Retainer"
2016-03-08,"Adam Hoyle",2.75,"monitor sites for cut-over, misc. client communication and coordination",,,"Enel NA","Retainer"
2016-03-07,"Adam Hoyle",3.25,"misc. coordination and client emails re: launch prep and cut-over plan",,,"Enel NA","Retainer"
2016-03-04,"Adam Hoyle",2.0,"misc. emails and client communication, and launch prep",,,"Enel NA","Retainer"
2016-03-03,"Adam Hoyle",3.0,"column layouts per Kristine",,,"Enel NA","Retainer"
2016-03-02,"Adam Hoyle",2.5,"add RR and missing AD/FR blocks",,,"Enel NA","Retainer"
2016-03-01,"Adam Hoyle",0.5,"load test coordination",,,"Enel NA","Retainer"
2016-03-01,"Adam Hoyle",4.0,"complete all remaining to-dos for block assignments and creation, call w/ BI re: Acquia plan, misc. project coordination and emails",,,"Enel NA","Retainer"
2016-02-29,"Adam Hoyle",0.5,"daily scum call",,,"Enel NA","Retainer"
2016-02-29,"Adam Hoyle",0.5,"Review Sarah's requests/comments on homepage, update block",,,"Enel NA","Retainer"
2016-02-29,"Adam Hoyle",0.25,"Review PDF Download page creation w/ Jay",,,"Enel NA","Retainer"
2016-02-26,"Adam Hoyle",0.5,"call w/ Sara re: webform blocks",,,"Enel NA","Retainer"
2016-02-26,"Adam Hoyle",1.0,"finish FAQs",,,"Enel NA","Retainer"
2016-02-25,"Adam Hoyle",2.0,"format FAQ pages",,,"Enel NA","Retainer"
2016-02-25,"Adam Hoyle",0.5,"identify FAQ pages and post URLs",,,"Enel NA","Retainer"
2016-02-25,"Adam Hoyle",3.0,"Block creation and assignments",,,"Enel NA","Retainer"
2016-02-24,"Adam Hoyle",2.0,"Block creation and assignments",,,"Enel NA","Retainer"
2016-02-24,"Adam Hoyle",0.5,"Daily scrum",,,"Enel NA","Retainer"
2016-02-24,"Adam Hoyle",0.75,"misc. project coordination",,,"Enel NA","Retainer"
2016-02-24,"Adam Hoyle",0.5,"Review creation of Case Studies w/ Jay",,,"Enel NA","Retainer"
2016-02-23,"Adam Hoyle",2.0,"create case studies",,,"Enel NA","Retainer"
2016-02-23,"Adam Hoyle",1.0,"Review Gather and Drupal and try to make sense of blocks and related content, type and organize notes and questions",,,"Enel NA","Retainer"
2016-02-23,"Adam Hoyle",0.5,"daily scrum w/ BI",,,"Enel NA","Retainer"
2016-02-23,"Adam Hoyle",0.75,"call w/ Sara and Sarah re: naming conventions and blocks",,,"Enel NA","Retainer"
2016-02-23,"Adam Hoyle",0.5,"review Gather content, organize and discuss with Jay",,,"Enel NA","Retainer"
2016-02-22,"Adam Hoyle",0.5,"daily scrum",,,"Enel NA","Retainer"
2016-02-18,"Adam Hoyle",1.25,"daily scrum",,,"Enel NA","Retainer"
2016-02-18,"Adam Hoyle",1.0,"misc. project coordination on page creation for the new site",,,"Enel NA","Retainer"
2016-02-17,"Adam Hoyle",0.75,"review basecamp messages and respond to Sara and Kristine",,,"Enel NA","Retainer"
2016-02-17,"Adam Hoyle",0.25,"daily scrum",,,"Enel NA","Retainer"
2016-02-16,"Adam Hoyle",0.5,"daily SCRUM",,,"Enel NA","Retainer"
2016-02-15,"Adam Hoyle",1.75,"CMS training and prep",,,"Enel NA","Retainer"
2016-02-05,"Adam Hoyle",1.0,"Create full screenshots of cheat sheet pages, review bug list, type up notes on content entry",,,"Enel NA","Retainer"
2016-02-04,"Adam Hoyle",0.5,"call w/ Sara and Kristine",,,"Enel NA","Retainer"
2016-02-04,"Adam Hoyle",1.0,"Products page creation",,,"Enel NA","Retainer"
2016-02-03,"Adam Hoyle",1.0,"call w/ Acquia for Tech Review",,,"Enel NA","Retainer"
2016-02-01,"Adam Hoyle",3.5,"meeting @ Enernoc for CMS training",,,"Enel NA","Retainer"
2016-01-29,"Adam Hoyle",0.5,"review greenhouse job board integration and respond to Sara",,,"Enel NA","Retainer"
2016-01-28,"Adam Hoyle",0.5,"call w/ Enernoc to discuss page creation plan for new site, followup and notes",,,"Enel NA","Retainer"
2016-01-28,"Adam Hoyle",0.25,"discuss remaining tasks for finishing migration to Acquia dev",,,"Enel NA","Retainer"
2016-01-26,"Adam Hoyle",1.25,"QA, email Peter",,,"Enel NA","Retainer"
2016-01-15,"Adam Hoyle",0.25,"test domain pointing, update basecamp.",,,"Enel NA","Retainer"
2016-01-11,"Adam Hoyle",1.25,"Review and followup on Acquia domains, discuss with Mike, review options and respond to Peter re: temporary fix for German domain",,,"Enel NA","Retainer"
2016-01-11,"Adam Hoyle",0.5,"discuss plan for german domain redirection, respond to Peter, followup on domain names",,,"Enel NA","Retainer"
2016-01-07,"Adam Hoyle",1.0,"research and respond to Peter's request for resources count",,,"Enel NA","Retainer"
2015-12-23,"Adam Hoyle",1.0,"troubleshoot and communicate re: site outage and expired domain for enernoc.de",,,"Enel NA","Retainer"
2015-12-22,"Adam Hoyle",0.5,"create new dev, stage, prod domains in Acquia, send request to Peter for domain pointing",,,"Enel NA","Retainer"
2015-12-22,"Adam Hoyle",0.75,"call w/ Peter, troubleshoot SSH, log into dev blog server, pull blog RSS plugin per Kristine, followup for credentials",,,"Enel NA","Retainer"
2015-12-08,"Adam Hoyle",0.5,"call w/ Acquia",,,"Enel NA","Retainer"
2015-11-23,"Adam Hoyle",0.75,"Eloqua call w/ Jeanne",,,"Enel NA","Retainer"
2015-11-20,"Adam Hoyle",0.5,"Project coronation and review Elequa Sales form with Mike",,,"Enel NA","Retainer"
2015-11-19,"Adam Hoyle",0.25,"look into form action per enernoc",,,"Enel NA","Retainer"
2015-11-19,"Adam Hoyle",0.5,"look into sales form submission to Eloqua and respond to ticket in BC",,,"Enel NA","Retainer"
2015-11-10,"Adam Hoyle",3.5,"troubleshoot email issues on support webform, retrigger emails, email communications with client",,,"Enel NA","Retainer"
2015-11-10,"Adam Hoyle",1.0,"local site setup and troubleshoot database connections",,,"Enel NA","Retainer"
2015-10-20,"Adam Hoyle",0.25,"investigate and respond to Peter re: persistent and session based cookies on EnerNOC.com",,,"Enel NA","Retainer"
2015-10-06,"Adam Hoyle",0.5,"weekly status call w/ Peter",,,"Enel NA","Retainer"
2015-08-20,"Adam Hoyle",1.25,"site outage for university, check monitoring, asses, email client",,,"Enel NA","Retainer"
2015-08-18,"Adam Hoyle",0.5,"enernoc status call",,,"Enel NA","Retainer"
2015-08-04,"Adam Hoyle",0.5,"call prep, and weekly status call",,,"Enel NA","Retainer"
2015-07-30,"Adam Hoyle",0.25,"RS registration",,,"Enel NA","Retainer"
2015-06-24,"Adam Hoyle",0.5,"kickoff dev investigation and research with Kyle, John",,,"Enel NA","Retainer"
2015-06-23,"Adam Hoyle",0.5,"weekly checkin call",,,"Enel NA","Retainer"
2015-06-16,"Adam Hoyle",1.5,"review audit, meet with team, call w/ Peter",,,"Enel NA","Retainer"
2015-06-15,"Adam Hoyle",0.5,"test credentials, email followup questions to Peter",,,"Enel NA","Retainer"
2015-06-10,"Adam Hoyle",1.0,"meet and greet at enernoc",,,"Enel NA","Retainer"
2016-03-09,"Adam Hoyle",1.0,"call w/ Lee, Ron and Joe re: retainer and mass email",,,"Esco Optics","BILLED: Ecommerce Website Design & Development"
2016-03-08,"Adam Hoyle",1.25,"client emails, look into bulk emailing users for account activation, email and phone call w/ Joe",,,"Esco Optics","BILLED: Ecommerce Website Design & Development"
2016-03-07,"Adam Hoyle",0.25,"coordination and client emails, slider image, etc.",,,"Esco Optics","BILLED: Ecommerce Website Design & Development"
2016-03-07,"Adam Hoyle",0.5,"confirm DNS transfers, emall Don to shut down HostMySite",,,"Esco Optics","BILLED: Ecommerce Website Design & Development"
2016-03-04,"Adam Hoyle",1.25,"DNS transfer to NetSol",,,"Esco Optics","BILLED: Ecommerce Website Design & Development"
2016-03-03,"Adam Hoyle",0.75,"plan for DNS cutover, emails to client",,,"Esco Optics","BILLED: Ecommerce Website Design & Development"
2016-03-02,"Adam Hoyle",0.75,"call w/ Ron to review proposal and catchup",,,"Esco Optics","BILLED: Ecommerce Website Design & Development"
2016-02-29,"Adam Hoyle",1.0,"try to pull accounts from Magento DB, backup db, respond re: DNS cut-over plan, investigate searchanise for redirects",,,"Esco Optics","BILLED: Ecommerce Website Design & Development"
2016-02-28,"Adam Hoyle",0.5,"import new product weights",,,"Esco Optics","BILLED: Ecommerce Website Design & Development"
2016-02-26,"Adam Hoyle",0.5,"spreadsheet updates for weights",,,"Esco Optics","BILLED: Ecommerce Website Design & Development"
2016-02-26,"Adam Hoyle",0.75,"search updates and email correspondence",,,"Esco Optics","BILLED: Ecommerce Website Design & Development"
2016-02-25,"Adam Hoyle",0.75,"Support for Linn with accounts and password creation, test and edit account activation notifications, update template with password requirements.",,,"Esco Optics","BILLED: Ecommerce Website Design & Development"
2016-02-24,"Adam Hoyle",3.0,"Call w/ Amanda re: shipping, remove shipping services, update email templates with PO note, misc. client communication",,,"Esco Optics","BILLED: Ecommerce Website Design & Development"
2016-02-24,"Adam Hoyle",0.5,"call w/ Joe re: part weights and old site email",,,"Esco Optics","BILLED: Ecommerce Website Design & Development"
2016-02-24,"Adam Hoyle",0.5,"catchup call w/ Ron",,,"Esco Optics","BILLED: Ecommerce Website Design & Development"
2016-02-19,"Adam Hoyle",1.5,"","Display in-stock or out-of-stock message on product pages","Out of Scope","Esco Optics","BILLED: Ecommerce Website Design & Development"
2016-02-19,"Adam Hoyle",0.75,"","Update site and templates with disclaimer on VAT, duties, customs, etc.","Out of Scope","Esco Optics","BILLED: Ecommerce Website Design & Development"
2016-02-19,"Adam Hoyle",0.25,"","Update site with message about orders placed after 5pm will be processed the following day","Out of Scope","Esco Optics","BILLED: Ecommerce Website Design & Development"
2016-02-19,"Adam Hoyle",1.0,"test inventory updating via StockSync",,,"Esco Optics","BILLED: Ecommerce Website Design & Development"
2016-02-18,"Adam Hoyle",2.0,"research site updates based on call w/ Scott, email team",,,"Esco Optics","BILLED: Ecommerce Website Design & Development"
2016-02-18,"Adam Hoyle",2.0,"call w/ Scott and Diana re: shipping, variant weights, POs, shipping accounts, etc.",,,"Esco Optics","BILLED: Ecommerce Website Design & Development"
2016-02-17,"Adam Hoyle",1.0,"troubleshoot escoproducts.com site domain and DNS, remove domain forwarding and point to RS, redirect from RS",,,"Esco Optics","BILLED: Ecommerce Website Design & Development"
2016-02-17,"Adam Hoyle",3.25,"Updates to PO and shipping methods and corresponding templates, misc. post launch support and emails to Linn and Amanda",,,"Esco Optics","BILLED: Ecommerce Website Design & Development"
2016-02-16,"Adam Hoyle",0.75,"search of 2mm parts ending in 078 and disable selling.",,,"Esco Optics","BILLED: Ecommerce Website Design & Development"
2016-02-16,"Adam Hoyle",2.75,"look into shipping and payment options",,,"Esco Optics","BILLED: Ecommerce Website Design & Development"
2016-02-16,"Adam Hoyle",1.0,"Shopify walkthrough with Amanda, Linn and Scott",,,"Esco Optics","BILLED: Ecommerce Website Design & Development"
2016-02-16,"Adam Hoyle",0.5,"call w/ Linn, change SKU to PN",,,"Esco Optics","BILLED: Ecommerce Website Design & Development"
2016-02-15,"Adam Hoyle",0.75,"add variant SKU to product detail page, cart page and email confirmation",,,"Esco Optics","BILLED: Ecommerce Website Design & Development"
2016-02-15,"Adam Hoyle",3.0,"post-launch loose ends and cleanup, add new user accounts, monitor site performance",,,"Esco Optics","BILLED: Ecommerce Website Design & Development"
2016-02-14,"Adam Hoyle",4.0,"final pre-launch loose ends",,,"Esco Optics","BILLED: Ecommerce Website Design & Development"
2016-02-05,"Adam Hoyle",0.25,"301s",,,"Esco Optics","BILLED: Ecommerce Website Design & Development"
2016-02-05,"Adam Hoyle",0.75,"setup shipping box sizes and update all weights for every product",,,"Esco Optics","BILLED: Ecommerce Website Design & Development"
2016-02-04,"Adam Hoyle",0.75,"call w/ ron re: outstanding items",,,"Esco Optics","BILLED: Ecommerce Website Design & Development"
2016-02-04,"Adam Hoyle",1.0,"collection subnavs",,,"Esco Optics","BILLED: Ecommerce Website Design & Development"
2016-02-04,"Adam Hoyle",0.5,"research and initial setup","Configure shipping settings","Implementation","Esco Optics","BILLED: Ecommerce Website Design & Development"
2016-02-03,"Adam Hoyle",5.75,"301s, page nav, meta updates, content updates, forms and other testing",,,"Esco Optics","BILLED: Ecommerce Website Design & Development"
2016-02-02,"Adam Hoyle",1.0,"update page titles and meta descriptions for all pages","Add product meta fields","Implementation","Esco Optics","BILLED: Ecommerce Website Design & Development"
2016-02-02,"Adam Hoyle",2.0,"create 301 list","Implement 301 redirects","Implementation","Esco Optics","BILLED: Ecommerce Website Design & Development"
2016-02-01,"Adam Hoyle",0.25,"call w/ Mike","Calculator App - design, development and support","Out of Scope","Esco Optics","BILLED: Ecommerce Website Design & Development"
2016-02-01,"Adam Hoyle",0.5,"internal meeting","Calculator App - design, development and support","Out of Scope","Esco Optics","BILLED: Ecommerce Website Design & Development"
2016-01-26,"Adam Hoyle",0.5,"Take Authorize.net and Shopify out of test mode. Complete test transaction. Email client.","Internal QA","QA & Testing","Esco Optics","BILLED: Ecommerce Website Design & Development"
2016-01-26,"Adam Hoyle",0.5,"bulk import of SKU->variant redirects, testing","Create SKU to Variant redirects","Out of Scope","Esco Optics","BILLED: Ecommerce Website Design & Development"
2016-01-26,"Adam Hoyle",0.5,"document notes, discuss w/ Mike","Create SKU to Variant redirects","Out of Scope","Esco Optics","BILLED: Ecommerce Website Design & Development"
2016-01-22,"Adam Hoyle",0.75,"link mailchimp, install GA, improve mailchimp forms and update profile","3rd Party Integrations (Google Analytics, MailChimp, etc.)","Implementation","Esco Optics","BILLED: Ecommerce Website Design & Development"
2016-01-22,"Adam Hoyle",1.5,"research variant IDs and conversion to CSV or MySQL for use with SKU redirects","Calculator App - design, development and support","Out of Scope","Esco Optics","BILLED: Ecommerce Website Design & Development"
2016-01-21,"Adam Hoyle",5.5,"sidebar menus, breadcrumbs, misc. style updates and them tweaks","Implement theme customizations","Implementation","Esco Optics","BILLED: Ecommerce Website Design & Development"
2016-01-20,"Adam Hoyle",3.0,"add secondary menu and basic styling, research breadcrumbs and test, misc. content updates to collections, products and blog","Implement theme customizations","Implementation","Esco Optics","BILLED: Ecommerce Website Design & Development"
2016-01-20,"Adam Hoyle",0.25,"Setup redirect for /calculator and respond to Ron","Calculator App - design, development and support","Out of Scope","Esco Optics","BILLED: Ecommerce Website Design & Development"
2016-01-20,"Adam Hoyle",0.25,"Call w/ Scott re: Shopify and Authorize CC rates",,,"Esco Optics","BILLED: Ecommerce Website Design & Development"
2016-01-20,"Adam Hoyle",0.5,"authorize.net setup",,,"Esco Optics","BILLED: Ecommerce Website Design & Development"
2016-01-20,"Adam Hoyle",0.5,"call w/ Lee and Ron re: status checks and app discussion",,,"Esco Optics","BILLED: Ecommerce Website Design & Development"
2016-01-19,"Adam Hoyle",0.5,"call w/ Martin and Gina to review scope",,,"Esco Optics","BILLED: Ecommerce Website Design & Development"
2016-01-18,"Adam Hoyle",1.25,"review homepage comps, send feedback and notes for additional page designs",,,"Esco Optics","BILLED: Ecommerce Website Design & Development"
2016-01-18,"Adam Hoyle",1.0,"assemble moodboard elements, fonts, colors, icon links on CDN, email link format for Mike","Calculator App - design, development and support","Out of Scope","Esco Optics","BILLED: Ecommerce Website Design & Development"
2016-01-15,"Adam Hoyle",4.75,"create and link collections and sub collections","Build product organization/taxonomy","Implementation","Esco Optics","BILLED: Ecommerce Website Design & Development"
2016-01-15,"Adam Hoyle",0.5,"general status update w/ Ron",,,"Esco Optics","BILLED: Ecommerce Website Design & Development"
2016-01-15,"Adam Hoyle",0.5,"call w/ Mike and Ron","Calculator App - design, development and support","Out of Scope","Esco Optics","BILLED: Ecommerce Website Design & Development"
2016-01-11,"Adam Hoyle",0.75,"review product content import, respond to Ron re: icons and graphics",,,"Esco Optics","BILLED: Ecommerce Website Design & Development"
2016-01-07,"Adam Hoyle",2.0,"","Migrate remaining site content","Implementation","Esco Optics","BILLED: Ecommerce Website Design & Development"
2016-01-07,"Adam Hoyle",0.5,"Convert to paid plan and setup basic site details","General site and CMS setup & configuration","Implementation","Esco Optics","BILLED: Ecommerce Website Design & Development"
2016-01-07,"Adam Hoyle",0.25,"setup and configure search","General site and CMS setup & configuration","Implementation","Esco Optics","BILLED: Ecommerce Website Design & Development"
2016-01-07,"Adam Hoyle",0.25,"Customize search","Implement theme customizations","Implementation","Esco Optics","BILLED: Ecommerce Website Design & Development"
2016-01-06,"Adam Hoyle",1.75,"","Migrate remaining site content","Implementation","Esco Optics","BILLED: Ecommerce Website Design & Development"
2016-01-06,"Adam Hoyle",0.5,"","Migrate Blog","Implementation","Esco Optics","BILLED: Ecommerce Website Design & Development"
2016-01-06,"Adam Hoyle",0.25,"call w/ Mike re: Google Charts","Calculator App - design, development and support","Out of Scope","Esco Optics","BILLED: Ecommerce Website Design & Development"
2016-01-06,"Adam Hoyle",0.25,"","Generate and get approval on: Privacy Policy, Return Policy, Terms of Service","Required Content","Esco Optics","BILLED: Ecommerce Website Design & Development"
2016-01-06,"Adam Hoyle",1.0,"pull list of top 250 URLs from past 6 months, created bulk 301 redirect function","Develop 301 redirect strategy","Site Architecture & Planning","Esco Optics","BILLED: Ecommerce Website Design & Development"
2016-01-05,"Adam Hoyle",1.0,"Call w/ Esco and followup email","Calculator App - design, development and support","Out of Scope","Esco Optics","BILLED: Ecommerce Website Design & Development"
2016-01-05,"Adam Hoyle",2.0,"review shopify API and compile notes for calc dev","Calculator App - design, development and support","Out of Scope","Esco Optics","BILLED: Ecommerce Website Design & Development"
2016-01-04,"Adam Hoyle",0.5,"database export for Don",,,"Esco Optics","BILLED: Ecommerce Website Design & Development"
2015-12-30,"Adam Hoyle",0.75,"Call w/ Ron and Jason",,,"Esco Optics","BILLED: Ecommerce Website Design & Development"
2015-12-29,"Adam Hoyle",0.25,"Create smart collections",,,"Esco Optics","BILLED: Ecommerce Website Design & Development"
2015-12-29,"Adam Hoyle",2.0,"Review and update product spreadsheet, import, test, reset theme to base, create restricted user accounts",,,"Esco Optics","BILLED: Ecommerce Website Design & Development"
2015-12-23,"Adam Hoyle",0.5,"review moodboards, sketch wires, pull images",,,"Esco Optics","BILLED: Ecommerce Website Design & Development"
2015-12-23,"Adam Hoyle",1.0,"call w/ Ron re: products, spreadsheet, variants, options, etc.",,,"Esco Optics","BILLED: Ecommerce Website Design & Development"
2015-12-23,"Adam Hoyle",0.5,"call w/ 3five",,,"Esco Optics","BILLED: Ecommerce Website Design & Development"
2015-12-21,"Adam Hoyle",6.0,"finalize CSV template for import, test, type up notes and send to Esco",,,"Esco Optics","BILLED: Ecommerce Website Design & Development"
2015-12-21,"Adam Hoyle",1.0,"call w/ Ron and Jason",,,"Esco Optics","BILLED: Ecommerce Website Design & Development"
2015-12-18,"Adam Hoyle",7.0,"query Magento DB and built CSV for import tests, customization tests",,,"Esco Optics","BILLED: Ecommerce Website Design & Development"
2015-12-17,"Adam Hoyle",6.0,"product and categories",,,"Esco Optics","BILLED: Ecommerce Website Design & Development"
2015-12-17,"Adam Hoyle",0.5,"create sandbox sites for Jay to theme for moodboard","Design moodboard based on selected theme(s)","Design","Esco Optics","BILLED: Ecommerce Website Design & Development"
2015-12-16,"Adam Hoyle",6.0,"Product categorization testing and research, install searchanise, configure and test",,,"Esco Optics","BILLED: Ecommerce Website Design & Development"
2015-12-16,"Adam Hoyle",1.0,"Work with Jason W. and coordinate with Mike for product export script, work on Magento export",,,"Esco Optics","BILLED: Ecommerce Website Design & Development"
2015-12-16,"Adam Hoyle",0.5,"review sitemap, send notes to Jay","Create sitemap outlining current site","Site Architecture & Planning","Esco Optics","BILLED: Ecommerce Website Design & Development"
2015-12-16,"Adam Hoyle",0.5,"compile final sitemap document and send to client","Create sitemap outlining current site","Site Architecture & Planning","Esco Optics","BILLED: Ecommerce Website Design & Development"
2015-12-16,"Adam Hoyle",1.0,"install and configure product options app",,,"Esco Optics","BILLED: Ecommerce Website Design & Development"
2015-12-15,"Adam Hoyle",0.5,"call w/ Ron re: Magento product edits",,,"Esco Optics","BILLED: Ecommerce Website Design & Development"
2015-12-15,"Adam Hoyle",0.5,"test addition of new menus to theme",,,"Esco Optics","BILLED: Ecommerce Website Design & Development"
2015-12-15,"Adam Hoyle",0.25,"","General site and CMS setup & configuration","Implementation","Esco Optics","BILLED: Ecommerce Website Design & Development"
2015-12-15,"Adam Hoyle",1.0,"","Research and select base theme(s)","Design","Esco Optics","BILLED: Ecommerce Website Design & Development"
2015-12-15,"Adam Hoyle",7.75,"research, mapping and testing of different approaches, product imports","Develop product categorization strategy","Site Architecture & Planning","Esco Optics","BILLED: Ecommerce Website Design & Development"
2015-12-14,"Adam Hoyle",5.0,"project schedule and create to-dos",,,"Esco Optics","BILLED: Ecommerce Website Design & Development"
2015-12-11,"Adam Hoyle",2.0,"store research and setup",,,"Esco Optics","BILLED: Ecommerce Website Design & Development"
2015-12-09,"Adam Hoyle",8.0,"Project setup, initial research, theme exploration, testing",,,"Esco Optics","BILLED: Ecommerce Website Design & Development"
2015-12-08,"Adam Hoyle",1.5,"review calc dev's questions and setup hosting environment","Calculator App - design, development and support","Out of Scope","Esco Optics","BILLED: Ecommerce Website Design & Development"
2017-12-29,"Adam Hoyle",0.25,"Respond to Dena re: bad inventory import",,,"Esco Optics","Esco Marketing"
2017-12-27,"Adam Hoyle",0.5,"respond to Steve re: Analytics question about Nasa page",,,"Esco Optics","Esco Marketing"
2017-12-14,"Adam Hoyle",0.5,"Call w/ Steve to setup signature","Esco standard email signature- help with embedding the logo.","November Goals","Esco Optics","Esco Marketing"
2017-12-13,"Adam Hoyle",0.5,"research and test solutions for Apple","Esco standard email signature- help with embedding the logo.","November Goals","Esco Optics","Esco Marketing"
2017-12-05,"Adam Hoyle",0.5,"look into arrow repositioning","Create ""Sale/Overrun/Overstock/Discount"" section (see comment)","September Goals","Esco Optics","Esco Marketing"
2017-12-04,"Adam Hoyle",0.5,"review template and schedule campaign","November Updates email","November Goals","Esco Optics","Esco Marketing"
2017-12-01,"Adam Hoyle",0.5,"","November Updates email","November Goals","Esco Optics","Esco Marketing"
2017-12-01,"Adam Hoyle",0.5,"gmail access and notes for Steve",,,"Esco Optics","Esco Marketing"
2017-11-27,"Adam Hoyle",0.5,"review email, send notes to Steve","November Updates email","November Goals","Esco Optics","Esco Marketing"
2017-11-27,"Adam Hoyle",0.5,"check clearance pages, respond to Steve","Create ""Sale/Overrun/Overstock/Discount"" section (see comment)","September Goals","Esco Optics","Esco Marketing"
2017-11-17,"Adam Hoyle",0.5,"setup 3rd and final campaign","Need some assistance with a plain text email distribution going from Dave Patton","November Goals","Esco Optics","Esco Marketing"
2017-11-15,"Adam Hoyle",0.5,"create 3 additional signatures, litmus test","Esco standard email signature- help with embedding the logo.","November Goals","Esco Optics","Esco Marketing"
2017-11-14,"Adam Hoyle",1.0,"coding and testing sig, researching HTML sigs","Esco standard email signature- help with embedding the logo.","November Goals","Esco Optics","Esco Marketing"
2017-11-14,"Adam Hoyle",0.75,"setup email #2, test, schedule","Need some assistance with a plain text email distribution going from Dave Patton","November Goals","Esco Optics","Esco Marketing"
2017-11-14,"Adam Hoyle",0.25,"review email analytics","Need some assistance with a plain text email distribution going from Dave Patton","November Goals","Esco Optics","Esco Marketing"
2017-11-13,"Adam Hoyle",0.5,"setup and send first campaign","Need some assistance with a plain text email distribution going from Dave Patton","November Goals","Esco Optics","Esco Marketing"
2017-11-13,"Adam Hoyle",0.5,"setup list segments and schedule emails","Need some assistance with a plain text email distribution going from Dave Patton","November Goals","Esco Optics","Esco Marketing"
2017-11-13,"Adam Hoyle",0.5,"research","Esco standard email signature- help with embedding the logo.","November Goals","Esco Optics","Esco Marketing"
2017-11-10,"Adam Hoyle",0.5,"research and reply","TLS website credit payment update","November Goals","Esco Optics","Esco Marketing"
2017-11-09,"Adam Hoyle",0.25,"email instructions for Steve to update ipsum on branding page",,,"Esco Optics","Esco Marketing"
2017-11-09,"Adam Hoyle",0.5,"update email, propose automation flow, send new test","Need some assistance with a plain text email distribution going from Dave Patton","November Goals","Esco Optics","Esco Marketing"
2017-11-08,"Adam Hoyle",0.75,"create list segment, email template and campaign","Need some assistance with a plain text email distribution going from Dave Patton","November Goals","Esco Optics","Esco Marketing"
2017-11-07,"Adam Hoyle",0.5,"review and respond","Need some assistance with a plain text email distribution going from Dave Patton","November Goals","Esco Optics","Esco Marketing"
2017-11-07,"Adam Hoyle",0.5,"misc. project coordination and emails, blog research",,,"Esco Optics","Esco Marketing"
2017-11-03,"Adam Hoyle",0.5,"troubleshoot windows csv, remove extra characters, test","Create ""Sale/Overrun/Overstock/Discount"" section (see comment)","September Goals","Esco Optics","Esco Marketing"
2017-11-02,"Adam Hoyle",0.5,"Look into issues with the parts-windows.csv file after update errors reported by Steve","Create ""Sale/Overrun/Overstock/Discount"" section (see comment)","September Goals","Esco Optics","Esco Marketing"
2017-10-25,"Adam Hoyle",0.75,"updates to overrun page form and templates","Create ""Sale/Overrun/Overstock/Discount"" section (see comment)","September Goals","Esco Optics","Esco Marketing"
2017-10-24,"Adam Hoyle",0.5,"add Order Now button and adjust CSS for breakpoints","Create ""Sale/Overrun/Overstock/Discount"" section (see comment)","September Goals","Esco Optics","Esco Marketing"
2017-10-24,"Adam Hoyle",0.5,"create parts test page","Create ""Sale/Overrun/Overstock/Discount"" section (see comment)","September Goals","Esco Optics","Esco Marketing"
2017-10-24,"Adam Hoyle",0.25,"check iphone background image, send to client","Design & implement custom landing page for NASA ad (see comment)","September Goals","Esco Optics","Esco Marketing"
2017-10-23,"Adam Hoyle",0.75,"implement cachebuster for JS and CSV","Create ""Sale/Overrun/Overstock/Discount"" section (see comment)","September Goals","Esco Optics","Esco Marketing"
2017-10-20,"Adam Hoyle",1.25,"troubleshoot and fix broken tables, add nav link, setup email campaign","Create ""Sale/Overrun/Overstock/Discount"" section (see comment)","September Goals","Esco Optics","Esco Marketing"
2017-10-19,"Adam Hoyle",4.0,"scrap Google Sheets, implement CSV table","Create ""Sale/Overrun/Overstock/Discount"" section (see comment)","September Goals","Esco Optics","Esco Marketing"
2017-10-19,"Adam Hoyle",3.5,"updates to overruns page","Create ""Sale/Overrun/Overstock/Discount"" section (see comment)","September Goals","Esco Optics","Esco Marketing"
2017-10-19,"Adam Hoyle",0.5,"call w/ Steve","Create ""Sale/Overrun/Overstock/Discount"" section (see comment)","September Goals","Esco Optics","Esco Marketing"
2017-10-18,"Adam Hoyle",0.75,"adjustments and tweaks","Create ""Sale/Overrun/Overstock/Discount"" section (see comment)","September Goals","Esco Optics","Esco Marketing"
2017-10-18,"Adam Hoyle",2.5,"build first pass","Create ""Sale/Overrun/Overstock/Discount"" section (see comment)","September Goals","Esco Optics","Esco Marketing"
2017-10-06,"Adam Hoyle",1.0,"call w/ Steve re: misc updates and support, SEO, Blogs, etc.",,,"Esco Optics","Esco Marketing"
2017-10-05,"Adam Hoyle",0.5,"respond to Steve re: Blog Meta Desc. and Social Media info",,,"Esco Optics","Esco Marketing"
2017-10-03,"Adam Hoyle",0.75,"test page, signup, create list segment, fix form action, add button link","Design & implement custom landing page for NASA ad (see comment)","September Goals","Esco Optics","Esco Marketing"
2017-10-02,"Adam Hoyle",0.25,"create vanity URL, review, email Steve","Create logo/branding guidelines page","September Goals","Esco Optics","Esco Marketing"
2017-10-02,"Adam Hoyle",0.5,"update list to track signup source, add form to template","Design & implement custom landing page for NASA ad (see comment)","September Goals","Esco Optics","Esco Marketing"
2017-09-28,"Adam Hoyle",0.75,"call w/ Steve re: analytics, nasa page, homepage slider, file hosting, etc.",,,"Esco Optics","Esco Marketing"
2017-09-27,"Adam Hoyle",0.25,"","Add asphere homepage slider to replace ""slider 1 - catalog""","September Goals","Esco Optics","Esco Marketing"
2017-09-27,"Adam Hoyle",0.5,"project coordination, emails","Design & implement custom landing page for NASA ad (see comment)","September Goals","Esco Optics","Esco Marketing"
2017-09-14,"Adam Hoyle",0.5,"research shopify hiding out of stock products and linking options, respond to Steve","Create ""Sale/Overrun/Overstock/Discount"" section (see comment)","September Goals","Esco Optics","Esco Marketing"
2017-09-13,"Adam Hoyle",0.5,"type notes and instructions for product spreadsheet for bulk import","Create ""Sale/Overrun/Overstock/Discount"" section (see comment)","September Goals","Esco Optics","Esco Marketing"
2017-12-13,"Adam Hoyle",1.5,"call w/ Steve",,,"Esco Optics","Esco Monthly"
2017-11-02,"Adam Hoyle",0.75,"review November clearance email campaign and schedule A/B test send",,,"Esco Optics","Esco Monthly"
2017-10-27,"Adam Hoyle",0.75,"call w/ Steve",,,"Esco Optics","Esco Monthly"
2017-10-24,"Adam Hoyle",0.5,"call w/ Steve re: updating clearance tables and checking analytics",,,"Esco Optics","Esco Monthly"
2017-10-23,"Adam Hoyle",0.5,"Troubleshoot access to ""Apps"" and ""Edit Order"" for Dena, check permissions, update app",,,"Esco Optics","Esco Monthly"
2017-10-17,"Adam Hoyle",0.25,"Update email FROM name from Lee to Esco Optics per Steve",,,"Esco Optics","Esco Monthly"
2017-10-17,"Adam Hoyle",0.5,"Updates to NASA page per Steve (headline update, add link to blog, remove top and bottom padding from main-content)",,,"Esco Optics","Esco Monthly"
2017-10-16,"Adam Hoyle",0.5,"investigate and respond to Dena re: StockSync uploads, notifications and history",,,"Esco Optics","Esco Monthly"
2017-10-13,"Adam Hoyle",0.25,"call w/ Steve re: overruns",,,"Esco Optics","Esco Monthly"
2017-10-13,"Adam Hoyle",0.25,"testing","Investigate issue with taxes and implement override","Misc.","Esco Optics","Esco Monthly"
2017-10-13,"Adam Hoyle",0.5,"Research and implement tax exemption","Investigate issue with taxes and implement override","Misc.","Esco Optics","Esco Monthly"
2017-10-13,"Adam Hoyle",0.25,"call w/ Amanda","Investigate issue with taxes and implement override","Misc.","Esco Optics","Esco Monthly"
2017-10-13,"Adam Hoyle",0.25,"add permissions for apps","Add dena@escooptics.com to order notifications","Misc.","Esco Optics","Esco Monthly"
2017-10-10,"Adam Hoyle",0.25,"","Add dena@escooptics.com to order notifications","Misc.","Esco Optics","Esco Monthly"
2017-09-26,"Adam Hoyle",0.75,"call w/ Steve",,,"Esco Optics","Esco Monthly"
2017-09-13,"Adam Hoyle",0.5,"respond to Amanda re: Shopify part substitutions",,,"Esco Optics","Esco Monthly"
2017-09-12,"Adam Hoyle",0.5,"call w/ Steve re: discounts",,,"Esco Optics","Esco Monthly"
2017-09-12,"Adam Hoyle",0.5,"review and type notes for overruns/discount section",,,"Esco Optics","Esco Monthly"
2017-09-11,"Adam Hoyle",0.25,"look at order 2060, respond to Amanda","Investigate shipping discrepancy between E2 and Shopify (see comment)","Misc.","Esco Optics","Esco Monthly"
2017-09-08,"Adam Hoyle",0.5,"check order 2058 and respond to Amanda","Investigate shipping discrepancy between E2 and Shopify (see comment)","Misc.","Esco Optics","Esco Monthly"
2017-09-08,"Adam Hoyle",0.5,"call w/ Jason Wickersham discussing E2 and ShipRush","Investigate shipping discrepancy between E2 and Shopify (see comment)","Misc.","Esco Optics","Esco Monthly"
2017-09-07,"Adam Hoyle",4.0,"monthly meeting w/ Steve",,,"Esco Optics","Esco Monthly"
2017-09-07,"Adam Hoyle",1.0,"","Investigate shipping discrepancy between E2 and Shopify (see comment)","Misc.","Esco Optics","Esco Monthly"
2017-09-05,"Adam Hoyle",0.5,"review and add to BC, respond to Amanda","Investigate shipping discrepancy between E2 and Shopify (see comment)","Misc.","Esco Optics","Esco Monthly"
2017-08-30,"Adam Hoyle",0.25,"","Create new user account for Dena Holling (dena@escooptics.com) per Amanda","Misc.","Esco Optics","Esco Monthly"
2017-08-29,"Adam Hoyle",0.25,"update and schedule","Code .gov email in MailChimp","Design & Dev","Esco Optics","Esco Monthly"
2017-08-25,"Adam Hoyle",0.5,"Optics U logo review and design experimentation",,,"Esco Optics","Esco Monthly"
2017-08-24,"Adam Hoyle",0.75,"mil / gov email setup and testing",,,"Esco Optics","Esco Monthly"
2017-08-14,"Adam Hoyle",1.0,"troubleshoot tax issue and respond to amanda",,,"Esco Optics","Esco Monthly"
2017-08-09,"Adam Hoyle",0.75,"update email template with F35, run litmus tests and tweak",,,"Esco Optics","Esco Monthly"
2017-08-09,"Adam Hoyle",0.25,"update F35 image",,,"Esco Optics","Esco Monthly"
2017-08-09,"Adam Hoyle",0.75,"review and plan for coatings updates",,,"Esco Optics","Esco Monthly"
2017-08-09,"Adam Hoyle",0.25,"review header, test, email Steve",,,"Esco Optics","Esco Monthly"
2017-08-08,"Adam Hoyle",0.5,"update and publish Marketing Director announcement, post to social networks",,,"Esco Optics","Esco Monthly"
2017-08-08,"Adam Hoyle",1.0,"","Customers can't select any paid shipping options (see comment)","Misc.","Esco Optics","Esco Monthly"
2017-08-07,"Adam Hoyle",0.5,"call w/ Steve Rowe",,,"Esco Optics","Esco Monthly"
2017-08-03,"Adam Hoyle",0.5,"post to social, add PDF download","August '17 Tech Series Blog post and email","Blog & Email Marketing","Esco Optics","Esco Monthly"
2017-08-02,"Adam Hoyle",0.25,"schedule for send","August '17 Tech Series Blog post and email","Blog & Email Marketing","Esco Optics","Esco Monthly"
2017-08-02,"Adam Hoyle",0.25,"email tweaks","August '17 Tech Series Blog post and email","Blog & Email Marketing","Esco Optics","Esco Monthly"
2017-08-02,"Adam Hoyle",1.0,"tweak blog post, create email template, send tests","August '17 Tech Series Blog post and email","Blog & Email Marketing","Esco Optics","Esco Monthly"
2017-08-02,"Adam Hoyle",1.0,"call w/ Steve",,,"Esco Optics","Esco Monthly"
2017-08-01,"Adam Hoyle",1.0,"add post to BC, format, test, create graphics","August '17 Tech Series Blog post and email","Blog & Email Marketing","Esco Optics","Esco Monthly"
2017-08-01,"Adam Hoyle",0.5,"add Steve's new-hire announcement to blog, respond to Steve",,,"Esco Optics","Esco Monthly"
2017-07-31,"Adam Hoyle",0.5,"troubleshoot stock sync, check file, email support,",,,"Esco Optics","Esco Monthly"
2017-07-28,"Adam Hoyle",1.5,"weekly call w/ Ron, Bill and Steve","Meetings and Phone Calls","Misc.","Esco Optics","Esco Monthly"
2017-07-28,"Adam Hoyle",0.5,"troubleshoot and fix materials section subnav (was not showing in sidebar, needed template edit due to name change on menu item ""materials vs. materials data""",,,"Esco Optics","Esco Monthly"
2017-07-26,"Adam Hoyle",3.0,"meeting w/ Steve Rowe",,,"Esco Optics","Esco Monthly"
2017-07-24,"Adam Hoyle",0.5,"prelim notes for Esco meeting on Wednesday",,,"Esco Optics","Esco Monthly"
2017-07-24,"Adam Hoyle",0.25,"read/review post, update BC","August '17 Tech Series Blog post and email","Blog & Email Marketing","Esco Optics","Esco Monthly"
2017-07-19,"Adam Hoyle",1.0,"format latest tech series post, work on graphics",,,"Esco Optics","Esco Monthly"
2017-07-18,"Adam Hoyle",0.25,"edit blog and social posts to fix typo","July email / blog","Blog & Email Marketing","Esco Optics","Esco Monthly"
2017-07-18,"Adam Hoyle",1.0,"social posts and email blast","July email / blog","Blog & Email Marketing","Esco Optics","Esco Monthly"
2017-07-18,"Adam Hoyle",0.5,"review, add blog post to site, email comm to clarify content for email blast","July email / blog","Blog & Email Marketing","Esco Optics","Esco Monthly"
2017-07-14,"Adam Hoyle",0.75,"status and update call w/ Steve, Bill, Ron",,,"Esco Optics","Esco Monthly"
2017-07-13,"Adam Hoyle",0.5,"call w/ Steve Rowe re: going forward",,,"Esco Optics","Esco Monthly"
2017-07-13,"Adam Hoyle",0.75,"call w/ Amanda troubleshooing stocksync",,,"Esco Optics","Esco Monthly"
2017-07-13,"Adam Hoyle",0.5,"testing for stock sync and prep for call w/ Amanda",,,"Esco Optics","Esco Monthly"
2017-07-12,"Adam Hoyle",0.75,"assistance and troubleshooting, explanation and testing of stocksync inventory file",,,"Esco Optics","Esco Monthly"
2017-07-12,"Adam Hoyle",0.25,"investigate mismatched SKUs for Shopify inventory sync per Amanda",,,"Esco Optics","Esco Monthly"
2017-07-12,"Adam Hoyle",0.25,"remove Katie from order notifications and StockSync, add Amanda to order notifications",,,"Esco Optics","Esco Monthly"
2017-07-11,"Adam Hoyle",0.5,"support and email comm. re: customer shipping options per Amanda",,,"Esco Optics","Esco Monthly"
2017-07-10,"Adam Hoyle",0.25,"Remove Katie Burke from Shopify per Amanda",,,"Esco Optics","Esco Monthly"
2017-07-10,"Adam Hoyle",0.5,"type up notes for Steve Rowe...",,,"Esco Optics","Esco Monthly"
2017-06-27,"Adam Hoyle",0.25,"create new user account for Kristopher accounting@escooptics.com",,,"Esco Optics","Esco Monthly"
2017-06-27,"Adam Hoyle",0.25,"add Amanda to stock sync notifications and order notifications",,,"Esco Optics","Esco Monthly"
2017-06-26,"Adam Hoyle",0.25,"call w Amanda re: CC and international orders",,,"Esco Optics","Esco Monthly"
2017-06-26,"Adam Hoyle",0.25,"create new user account for Katie Burke",,,"Esco Optics","Esco Monthly"
2017-06-21,"Adam Hoyle",1.25,"add blog post, create email, test, get approval, schedule","June email blast","Misc.","Esco Optics","Esco Monthly"
2017-06-19,"Adam Hoyle",0.25,"test stock sync, email Amanda",,,"Esco Optics","Esco Monthly"
2017-06-16,"Adam Hoyle",0.5,"review Esco work, type notes, prep for call, quick call w/ Bill",,,"Esco Optics","Esco Monthly"
2017-06-14,"Adam Hoyle",1.0,"call w/ Amanda, Ron, Bill re: inventory and checkout options...",,,"Esco Optics","Esco Monthly"
2017-06-13,"Adam Hoyle",1.25,"took me a while to find this and went through some trial and error","Add decimal places to regular price (see comment)","Design & Dev","Esco Optics","Esco Monthly"
2017-06-13,"Adam Hoyle",0.75,"check inventory sync, respond to stocksync support, email comm. w/ Amanda and Bill",,,"Esco Optics","Esco Monthly"
2017-06-12,"Adam Hoyle",0.25,"create new account for Cindy",,,"Esco Optics","Esco Monthly"
2017-06-12,"Adam Hoyle",1.0,"troubleshoot stock sync, setup new processor, email support",,,"Esco Optics","Esco Monthly"
2017-06-12,"Adam Hoyle",0.75,"update menus and CSS","Change ""Products"" to ""Catalog Optics"" in main navigation.","Misc.","Esco Optics","Esco Monthly"
2017-06-09,"Adam Hoyle",0.75,"weekly update call w/ Bill",,,"Esco Optics","Esco Monthly"
2017-06-09,"Adam Hoyle",0.5,"LinkedIn, Twitter and FB posts","Add new blog post ""Concepts in Light and Optics – Lenses – Part 2"" to site and create email blast (see comment)","Misc.","Esco Optics","Esco Monthly"
2017-05-29,"Adam Hoyle",0.5,"create and schedule email","Add new blog post ""Concepts in Light and Optics – Lenses – Part 2"" to site and create email blast (see comment)","Misc.","Esco Optics","Esco Monthly"
2017-05-23,"Adam Hoyle",0.25,"text changes per Bill","Re-think the design and purpose of the ""Custom Optics"" page (see comment)","Design & Dev","Esco Optics","Esco Monthly"
2017-05-23,"Adam Hoyle",0.25,"add final graphics","Add new blog post ""Concepts in Light and Optics – Lenses – Part 2"" to site and create email blast (see comment)","Misc.","Esco Optics","Esco Monthly"
2017-05-22,"Adam Hoyle",0.25,"content updates from Ron","Re-think the design and purpose of the ""Custom Optics"" page (see comment)","Design & Dev","Esco Optics","Esco Monthly"
2017-05-22,"Adam Hoyle",0.25,"call w/ Bill to discuss graphics","Prep graphics for ""Concepts in Light and Optics – Lenses – Part 2"" blog post (see comments)","Misc.","Esco Optics","Esco Monthly"
2017-05-22,"Adam Hoyle",0.5,"text updates, publish page, update navigation, create 301 for previous page","Re-think the design and purpose of the ""Custom Optics"" page (see comment)","Design & Dev","Esco Optics","Esco Monthly"
2017-05-22,"Adam Hoyle",0.5,"add Dave Patton post to blog, share on LinkedIn","Add new blog post ""Concepts in Light and Optics – Lenses – Part 2"" to site and create email blast (see comment)","Misc.","Esco Optics","Esco Monthly"
2017-05-22,"Adam Hoyle",0.25,"update image, email Ron for Approval","Re-think the design and purpose of the ""Custom Optics"" page (see comment)","Design & Dev","Esco Optics","Esco Monthly"
2017-05-19,"Adam Hoyle",0.25,"copy updates from Ron","Re-think the design and purpose of the ""Custom Optics"" page (see comment)","Design & Dev","Esco Optics","Esco Monthly"
2017-05-19,"Adam Hoyle",0.75,"call w/ Ron, update notes in BC",,,"Esco Optics","Esco Monthly"
2017-05-18,"Adam Hoyle",0.25,"quick chat w/ Kyle to get him up to speed","Coding for new Optics University section","Design & Dev","Esco Optics","Esco Monthly"
2017-05-18,"Adam Hoyle",0.75,"update links, tweak, test, send to client","Re-think the design and purpose of the ""Custom Optics"" page (see comment)","Design & Dev","Esco Optics","Esco Monthly"
2017-05-18,"Adam Hoyle",0.25,"review graphics","Prep graphics for ""Concepts in Light and Optics – Lenses – Part 2"" blog post (see comments)","Misc.","Esco Optics","Esco Monthly"
2017-05-17,"Adam Hoyle",0.5,"review page, add images","Re-think the design and purpose of the ""Custom Optics"" page (see comment)","Design & Dev","Esco Optics","Esco Monthly"
2017-05-16,"Adam Hoyle",0.5,"review, update site","Updates to Glass Reference chart in print catalog (see comment)","Misc.","Esco Optics","Esco Monthly"
2017-05-16,"Adam Hoyle",0.5,"review updates, email to Esco","Updates to Glass Reference chart in print catalog (see comment)","Misc.","Esco Optics","Esco Monthly"
2017-05-15,"Adam Hoyle",0.5,"initial formatting and review","Add new blog post ""Concepts in Light and Optics – Lenses – Part 2"" to site and create email blast (see comment)","Misc.","Esco Optics","Esco Monthly"
2017-05-15,"Adam Hoyle",0.25,"","Add Ron's photo to bio section","Design & Dev","Esco Optics","Esco Monthly"
2017-05-15,"Adam Hoyle",0.5,"process to-dos, update Basecamp",,,"Esco Optics","Esco Monthly"
2017-05-12,"Adam Hoyle",0.25,"create segment and email Bill and Ron","Create an email targeted toward .edu email list segment","Design & Dev","Esco Optics","Esco Monthly"
2017-05-12,"Adam Hoyle",0.75,"weekly status call w/ Bill and Ron",,,"Esco Optics","Esco Monthly"
2017-05-11,"Adam Hoyle",0.75,"","Blog, email and social message from Lee (see comment)","Misc.","Esco Optics","Esco Monthly"
2017-05-09,"Adam Hoyle",0.5,"research and create .gov list segment",,,"Esco Optics","Esco Monthly"
2017-05-08,"Adam Hoyle",0.25,"checkin call w/ Ron",,,"Esco Optics","Esco Monthly"
2017-05-08,"Adam Hoyle",0.25,"checkin call w/ Bill",,,"Esco Optics","Esco Monthly"
2017-05-05,"Adam Hoyle",0.5,"review Custom Optics page, weekly status call w/ Bill",,,"Esco Optics","Esco Monthly"
2017-05-04,"Adam Hoyle",1.25,"Investigate inventory mismatch, update StockSync script based on new quantity column heading.",,,"Esco Optics","Esco Monthly"
2017-05-04,"Adam Hoyle",0.5,"Investigate whether Shopify supports/uses TLS 1.2 since TLS 1.0 and 1.1 are disabled by Authorize.net, respond to Scott",,,"Esco Optics","Esco Monthly"
2017-04-28,"Adam Hoyle",0.5,"call w/Bill to review Optics University",,,"Esco Optics","Esco Monthly"
2017-04-24,"Adam Hoyle",0.25,"Upload and add new images to blog post and upload and link new PDF",,,"Esco Optics","Esco Monthly"
2017-04-21,"Adam Hoyle",0.25,"email Bill for clarification on plano-convex graphic",,,"Esco Optics","Esco Monthly"
2017-04-20,"Adam Hoyle",1.0,"review analytics report, prep for call, call with Ron, Bill, Lee",,,"Esco Optics","Esco Monthly"
2017-04-19,"Adam Hoyle",1.0,"graphics redraw for plano-convex",,,"Esco Optics","Esco Monthly"
2017-04-19,"Adam Hoyle",0.5,"social posts for LinkedIn, FB, Twitter",,,"Esco Optics","Esco Monthly"
2017-04-19,"Adam Hoyle",1.5,"review analytics for annual report, communicate with Jay",,,"Esco Optics","Esco Monthly"
2017-04-19,"Adam Hoyle",0.5,"finalize and schedule email send","Add April tech series post to Shopify and build newsletter","Design & Dev","Esco Optics","Esco Monthly"
2017-04-18,"Adam Hoyle",0.25,"replace stock photo, resend test","Add April tech series post to Shopify and build newsletter","Design & Dev","Esco Optics","Esco Monthly"
2017-04-18,"Adam Hoyle",1.25,"create and test email, followup with client for approval","Add April tech series post to Shopify and build newsletter","Design & Dev","Esco Optics","Esco Monthly"
2017-04-18,"Adam Hoyle",1.0,"STOCK PHOTO PURCHASES",,,"Esco Optics","Esco Monthly"
2017-04-18,"Adam Hoyle",0.25,"stock photo search for camera lens cross section","Add April tech series post to Shopify and build newsletter","Design & Dev","Esco Optics","Esco Monthly"
2017-04-18,"Adam Hoyle",0.25,"update PDF","Add April tech series post to Shopify and build newsletter","Design & Dev","Esco Optics","Esco Monthly"
2017-04-13,"Adam Hoyle",0.75,"update diagram labels per Ron, add PDF and CTA to site.","Create PDF and CTA for April tech series post (see comment)","Design & Dev","Esco Optics","Esco Monthly"
2017-04-11,"Adam Hoyle",0.5,"slice and save images","Add April tech series post to Shopify and build newsletter","Design & Dev","Esco Optics","Esco Monthly"
2017-04-11,"Adam Hoyle",3.0,"Pass-though cost.... JEFF GROSSMAN: Illustrations for Blog Post",,,"Esco Optics","Esco Monthly"
2017-04-11,"Adam Hoyle",0.25,"coordinate re-drawing of graphics with Jeff","Add April tech series post to Shopify and build newsletter","Design & Dev","Esco Optics","Esco Monthly"
2017-04-10,"Adam Hoyle",0.75,"","Add April tech series post to Shopify and build newsletter","Design & Dev","Esco Optics","Esco Monthly"
2017-04-07,"Adam Hoyle",1.0,"call w/ Ron, Lee, Bill",,,"Esco Optics","Esco Monthly"
2017-04-07,"Adam Hoyle",0.75,"review esco report and prep for call",,,"Esco Optics","Esco Monthly"
2017-04-06,"Adam Hoyle",0.5,"Add CTAs and PDF links to blog posts","Design a CTA for the end of blog posts inviting the user to download as a PDF","Design & Dev","Esco Optics","Esco Monthly"
2017-04-06,"Adam Hoyle",3.0,"review research for esco report",,,"Esco Optics","Esco Monthly"
2017-04-05,"Adam Hoyle",0.25,"discuss report and plan with Jay","Create March performance report","Reporting","Esco Optics","Esco Monthly"
2017-04-05,"Adam Hoyle",0.75,"review report, make notes, review analytics","Create March performance report","Reporting","Esco Optics","Esco Monthly"
2017-03-31,"Adam Hoyle",0.25,"fix bio page for Amanda",,,"Esco Optics","Esco Monthly"
2017-03-31,"Adam Hoyle",0.5,"weekly checkin call w/ Bill",,,"Esco Optics","Esco Monthly"
2017-03-31,"Adam Hoyle",0.5,"add tech series blogs to ""Optics University"" section and update template","Add new ""Technical Series"" category for blog","Design & Dev","Esco Optics","Esco Monthly"
2017-03-30,"Adam Hoyle",0.25,"quick review of where things left off, notes for Jay","Convert Tech Series to PDFs","Design & Dev","Esco Optics","Esco Monthly"
2017-03-30,"Adam Hoyle",0.75,"research and testing of categories and tags for blog","Add new ""Technical Series"" category for blog","Design & Dev","Esco Optics","Esco Monthly"
2017-03-27,"Adam Hoyle",1.5,"implement and test new bio page, update navigation, etc.","Bio updates (see comment)","Design & Dev","Esco Optics","Esco Monthly"
2017-03-24,"Adam Hoyle",0.5,"Analytics preview",,,"Esco Optics","Esco Monthly"
2017-03-21,"Adam Hoyle",0.5,"Misc. project coordination",,,"Esco Optics","Esco Monthly"
2017-03-20,"Adam Hoyle",0.25,"review tech series PDF, research other white paper layouts",,,"Esco Optics","Esco Monthly"
2017-03-17,"Adam Hoyle",0.75,"weekly update call w/ Bill and Ron",,,"Esco Optics","Esco Monthly"
2017-03-16,"Adam Hoyle",0.5,"social posts for tech series",,,"Esco Optics","Esco Monthly"
2017-03-16,"Adam Hoyle",0.75,"update sharebar to AddThis",,,"Esco Optics","Esco Monthly"
2017-03-15,"Adam Hoyle",0.25,"social posts for Got Power?!",,,"Esco Optics","Esco Monthly"
2017-03-14,"Adam Hoyle",1.5,"blog edits, email campaign build and test",,,"Esco Optics","Esco Monthly"
2017-03-14,"Adam Hoyle",1.0,"add blogs to site","March email blast","Blog & Email Marketing","Esco Optics","Esco Monthly"
2017-03-10,"Adam Hoyle",0.75,"weekly update call w/ Bill and Ron",,,"Esco Optics","Esco Monthly"
2017-03-09,"Adam Hoyle",0.75,"Add company blog post to site",,,"Esco Optics","Esco Monthly"
2017-03-08,"Adam Hoyle",0.5,"package up calc source code and send to Frank",,,"Esco Optics","Esco Monthly"
2017-03-06,"Adam Hoyle",0.25,"call w/ Amanda re: staff bios and photos",,,"Esco Optics","Esco Monthly"
2017-03-03,"Adam Hoyle",0.75,"weekly call w/ Ron and Bill",,,"Esco Optics","Esco Monthly"
2017-03-01,"Adam Hoyle",0.75,"implement tax hack for surcharge and create screenshots.",,,"Esco Optics","Esco Monthly"
2017-03-01,"Adam Hoyle",0.5,"call w/ Scott and Amanda",,,"Esco Optics","Esco Monthly"
2017-03-01,"Adam Hoyle",0.25,"finalize and schedule email",,,"Esco Optics","Esco Monthly"
2017-03-01,"Adam Hoyle",0.5,"research Shopify Plus, call w/ ""solution architect""",,,"Esco Optics","Esco Monthly"
2017-03-01,"Adam Hoyle",1.5,"work on demo for surcharge options",,,"Esco Optics","Esco Monthly"
2017-02-28,"Adam Hoyle",2.0,"Research overlay/page take-over solutions, configure HelloBar and targeting rules","Add a surcharge for CC orders","Design & Dev","Esco Optics","Esco Monthly"
2017-02-28,"Adam Hoyle",1.0,"Create email",,,"Esco Optics","Esco Monthly"
2017-02-28,"Adam Hoyle",1.0,"Finalize blog post, call w/ Bill",,,"Esco Optics","Esco Monthly"
2017-02-27,"Adam Hoyle",1.25,"create blog post graphics and format post",,,"Esco Optics","Esco Monthly"
2017-02-27,"Adam Hoyle",0.25,"Call w/ Bill re: blog post",,,"Esco Optics","Esco Monthly"
2017-02-22,"Adam Hoyle",1.0,"call w/ Amanda and Scott","Add a surcharge for CC orders","Design & Dev","Esco Optics","Esco Monthly"
2017-02-17,"Adam Hoyle",0.5,"weekly status call",,,"Esco Optics","Esco Monthly"
2017-02-15,"Adam Hoyle",0.75,"Add golf Save the Date post, finalize and test email, get approval, schedule send.",,,"Esco Optics","Esco Monthly"
2017-02-14,"Adam Hoyle",1.5,"Finalize blog post for Photonics recap, build February email",,,"Esco Optics","Esco Monthly"
2017-02-14,"Adam Hoyle",0.75,"weekly status call w/ Ron and Bill",,,"Esco Optics","Esco Monthly"
2017-02-07,"Adam Hoyle",0.75,"test stock sync, review logs, email Amanda and Crystal",,,"Esco Optics","Esco Monthly"
2017-02-06,"Adam Hoyle",0.75,"troubleshoot stock sync and respond to Amanda",,,"Esco Optics","Esco Monthly"
2017-02-06,"Adam Hoyle",1.25,"Research surcharge solutions, install customer pricing app and review code changes, email Scott",,,"Esco Optics","Esco Monthly"
2017-01-31,"Adam Hoyle",0.5,"Research and testing for ""unavailable/custom order""",,,"Esco Optics","Esco Monthly"
2017-01-31,"Adam Hoyle",0.5,"Update homepage slide and link brochure download to email",,,"Esco Optics","Esco Monthly"
2017-01-27,"Adam Hoyle",0.75,"Weekly update call w/ Bill and Ron",,,"Esco Optics","Esco Monthly"
2017-01-18,"Adam Hoyle",1.0,"Build January email",,,"Esco Optics","Esco Monthly"
2017-01-18,"Adam Hoyle",2.0,"Create graphics for blog post, create catalog renderings, update site",,,"Esco Optics","Esco Monthly"
2017-01-17,"Adam Hoyle",0.5,"format and publish blog post for Light and Optics",,,"Esco Optics","Esco Monthly"
2017-01-12,"Adam Hoyle",0.25,"review catalog change status w/ Jay",,,"Esco Optics","Esco Monthly"
2017-01-06,"Adam Hoyle",0.25,"review catalog feedback",,,"Esco Optics","Esco Monthly"
2017-01-06,"Adam Hoyle",1.0,"catalog review w/ Esco team",,,"Esco Optics","Esco Monthly"
2017-01-05,"Adam Hoyle",0.25,"Turn off 10% custom lens promotion window",,,"Esco Optics","Esco Monthly"
2017-01-03,"Adam Hoyle",8.0,"layout work for last 10 pages and formula page over holiday break","Complete all page layouts w/ copy, graphs, photos, renderings","Print Catalog Redesign","Esco Optics","Esco Monthly"
2016-12-16,"Adam Hoyle",0.75,"weekly status call w/ Ron and Bill",,,"Esco Optics","Esco Monthly"
2016-12-15,"Adam Hoyle",2.25,"Add two new blog posts and create December email",,,"Esco Optics","Esco Monthly"
2016-12-09,"Adam Hoyle",0.25,"weekly status call w/ Bill",,,"Esco Optics","Esco Monthly"
2016-12-05,"Adam Hoyle",0.5,"Review and respond to Ron re: product renderings",,,"Esco Optics","Esco Monthly"
2016-12-05,"Adam Hoyle",0.25,"research email delivery issues, respond to Jason and call w/ SPF record info",,,"Esco Optics","Esco Monthly"
2016-12-05,"Adam Hoyle",0.25,"review and send","Create November performance report","Reporting","Esco Optics","Esco Monthly"
2016-12-02,"Adam Hoyle",0.25,"logo update on site",,,"Esco Optics","Esco Monthly"
2016-12-02,"Adam Hoyle",0.75,"weekly call w/ Ron and Bill",,,"Esco Optics","Esco Monthly"
2016-11-30,"Adam Hoyle",0.5,"Review and organize new product renderings",,,"Esco Optics","Esco Monthly"
2016-11-17,"Adam Hoyle",0.25,"weekly checking call w/ Bill",,,"Esco Optics","Esco Monthly"
2016-11-17,"Adam Hoyle",0.25,"call w/ Ron",,,"Esco Optics","Esco Monthly"
2016-11-16,"Adam Hoyle",0.25,"APOMA posts to Twitter, LinkedIn, FB",,,"Esco Optics","Esco Monthly"
2016-11-15,"Adam Hoyle",0.5,"add all windows","Global: Update all product images on the site with new renderings","Design & Dev","Esco Optics","Esco Monthly"
2016-11-15,"Adam Hoyle",2.5,"Design email, write and publish blog post, image search, setup HelloBar, post to LinkedIn","November Email Blast","Blog & Email Marketing","Esco Optics","Esco Monthly"
2016-11-14,"Adam Hoyle",1.5,"Quick edits for drone video",,,"Esco Optics","Esco Monthly"
2016-11-14,"Adam Hoyle",0.75,"Test and enter all remaining part number redirects for Equilateral",,,"Esco Optics","Esco Monthly"
2016-11-14,"Adam Hoyle",0.5,"Check Equilateral parts and add redirects for L450500, L550500",,,"Esco Optics","Esco Monthly"
2016-11-14,"Adam Hoyle",0.5,"review files, organize task and create mockup","Global: Update all product images on the site with new renderings","Design & Dev","Esco Optics","Esco Monthly"
2016-11-11,"Adam Hoyle",0.25,"Checkin call w/ Ron",,,"Esco Optics","Esco Monthly"
2016-11-11,"Adam Hoyle",0.5,"Weekly status call and followup",,,"Esco Optics","Esco Monthly"
2016-11-09,"Adam Hoyle",0.5,"Review and send October performance report",,,"Esco Optics","Esco Monthly"
2016-11-02,"Adam Hoyle",6.0,"Esco onsite",,,"Esco Optics","Esco Monthly"
2016-11-01,"Adam Hoyle",3.0,"Esco onsite",,,"Esco Optics","Esco Monthly"
2016-10-28,"Adam Hoyle",1.0,"Add cart page slide-out with PO# and shipping account# reminders",,,"Esco Optics","Esco Monthly"
2016-10-28,"Adam Hoyle",0.25,"Investigate and respond to Linn re: Bridget",,,"Esco Optics","Esco Monthly"
2016-10-28,"Adam Hoyle",0.25,"weekly status call w/ Ron and Bill",,,"Esco Optics","Esco Monthly"
2016-10-27,"Adam Hoyle",0.5,"call with esco to discuss catalog photography and renderings",,,"Esco Optics","Esco Monthly"
2016-10-26,"Adam Hoyle",0.5,"Go live, update nav","Materials Section: Add Optical Glass PDFs","Design & Dev","Esco Optics","Esco Monthly"
2016-10-26,"Adam Hoyle",0.25,"Save blog images for Bill",,,"Esco Optics","Esco Monthly"
2016-10-24,"Adam Hoyle",0.5,"tweaks and adjustments","Materials Section: Add Optical Glass PDFs","Design & Dev","Esco Optics","Esco Monthly"
2016-10-24,"Adam Hoyle",0.25,"update copy","Materials Section: Add Colored Filter Glass PDFs","Design & Dev","Esco Optics","Esco Monthly"
2016-10-24,"Adam Hoyle",1.25,"Build CDGM list and update copy on pages","Materials Section: Add Optical Glass PDFs","Design & Dev","Esco Optics","Esco Monthly"
2016-10-21,"Adam Hoyle",1.0,"Weekly call w/ Ron and Bill",,,"Esco Optics","Esco Monthly"
2016-10-20,"Adam Hoyle",2.25,"Initial page build, still needs copy and graphics","Materials Section: Add Colored Filter Glass PDFs","Design & Dev","Esco Optics","Esco Monthly"
2016-10-20,"Adam Hoyle",0.75,"Update Basecamp with Esco action items list and set dates","Project Management","Misc.","Esco Optics","Esco Monthly"
2016-10-18,"Adam Hoyle",0.25,"finalize and schedule email blast",,,"Esco Optics","Esco Monthly"
2016-10-17,"Adam Hoyle",0.5,"update Blog with Ron's edits, update email","October Email Blast - New Product Annoucement","Design & Dev","Esco Optics","Esco Monthly"
2016-10-17,"Adam Hoyle",2.0,"edit post, add graphs, create email template","October Email Blast - New Product Annoucement","Design & Dev","Esco Optics","Esco Monthly"
2016-10-17,"Adam Hoyle",0.75,"finish setup of search redirects based on updated PNs, test, coordinate graph drawings","Create part number redirects for new Precision Quality Flat Mirrors","Design & Dev","Esco Optics","Esco Monthly"
2016-10-14,"Adam Hoyle",0.5,"update search index for new mirror products, publish new products and press release blog post",,,"Esco Optics","Esco Monthly"
2016-10-14,"Adam Hoyle",0.5,"weekly checkin call",,,"Esco Optics","Esco Monthly"
2016-10-05,"Adam Hoyle",3.0,"Onsite meeting w/ Esco",,,"Esco Optics","Esco Monthly"
2016-10-04,"Adam Hoyle",0.5,"prep for meeting, pull hourly report",,,"Esco Optics","Esco Monthly"
2016-10-03,"Adam Hoyle",0.25,"initial review of analytics report",,,"Esco Optics","Esco Monthly"
2016-09-27,"Adam Hoyle",0.5,"call w/ Steve and Ron",,,"Esco Optics","Esco Monthly"
2016-09-27,"Adam Hoyle",1.5,"Build Optical Glass page and update Precision Mirrors page, email Bill w/ questions",,,"Esco Optics","Esco Monthly"
2016-09-26,"Adam Hoyle",2.0,"","Create September email blast template","September","Esco Optics","Esco Monthly"
2016-09-23,"Adam Hoyle",1.25,"weekly status call",,,"Esco Optics","Esco Monthly"
2016-09-20,"Adam Hoyle",0.75,"Finish Fused Quartz/Silica page, update navigation, create redirects, email client for clarification on remaining materials pages",,,"Esco Optics","Esco Monthly"
2016-09-19,"Adam Hoyle",0.25,"review and send catalog text extraction",,,"Esco Optics","Esco Monthly"
2016-09-16,"Adam Hoyle",0.5,"prep for call and send status update email",,,"Esco Optics","Esco Monthly"
2016-09-15,"Adam Hoyle",1.5,"finish Fused Silica/Quartz page -- add and style accordion, update PDF lists, etc. and email Bill for approval",,,"Esco Optics","Esco Monthly"
2016-09-13,"Adam Hoyle",1.0,"work on materials page",,,"Esco Optics","Esco Monthly"
2016-09-13,"Adam Hoyle",1.0,"finish first pass on materials page for Fused Silica/Quartz and email Ron/Bill",,,"Esco Optics","Esco Monthly"
2016-09-12,"Adam Hoyle",0.75,"work on materials page",,,"Esco Optics","Esco Monthly"
2016-09-09,"Adam Hoyle",0.75,"call w/ Esco re: catalog design and other misc. updates",,,"Esco Optics","Esco Monthly"
2016-09-09,"Adam Hoyle",1.25,"blog post updates, email communication, work on materials page for Fused Quartz/Silica",,,"Esco Optics","Esco Monthly"
2016-09-09,"Adam Hoyle",0.25,"followup on order change / cc auth",,,"Esco Optics","Esco Monthly"
2016-09-08,"Adam Hoyle",0.5,"investigate order changes and how to charge for a remaining balance after CC authorization, respond to Crystal",,,"Esco Optics","Esco Monthly"
2016-09-07,"Adam Hoyle",0.75,"review notes and prep for call w/ Esco",,,"Esco Optics","Esco Monthly"
2016-09-07,"Adam Hoyle",1.0,"call w/ Esco to review SEO IAR",,,"Esco Optics","Esco Monthly"
2016-09-07,"Adam Hoyle",1.5,"SEO IAR review",,,"Esco Optics","Esco Monthly"
2016-09-06,"Adam Hoyle",0.5,"Weekly status call w/ Bill and Ron",,,"Esco Optics","Esco Monthly"
2016-08-31,"Adam Hoyle",0.5,"discuss brochure layouts and material page design updates",,,"Esco Optics","Esco Monthly"
2016-08-30,"Adam Hoyle",1.0,"gather and organize material PDFs",,,"Esco Optics","Esco Monthly"
2016-08-26,"Adam Hoyle",0.75,"Weekly status call w/ Bill and Ron",,,"Esco Optics","Esco Monthly"
2016-08-24,"Adam Hoyle",1.0,"review Meta updates, review materials spreadsheet, review LinkedIn comm, email Tony feedback, email update to Esco",,,"Esco Optics","Esco Monthly"
2016-08-22,"Adam Hoyle",0.25,"look into LinkedIn page admin, email Lee",,,"Esco Optics","Esco Monthly"
2016-08-15,"Adam Hoyle",1.0,"onboarding call w/ That Company",,,"Esco Optics","Esco Monthly"
2016-08-15,"Adam Hoyle",0.25,"review SEO IAR contract, sign and return",,,"Esco Optics","Esco Monthly"
2016-08-12,"Adam Hoyle",1.0,"Review SEO agreements, call w/ Mike Knorr, Sign and return initial contract",,,"Esco Optics","Esco Monthly"
2016-08-10,"Adam Hoyle",0.5,"Call w/ THAT COMPANY",,,"Esco Optics","Esco Monthly"
2016-08-09,"Adam Hoyle",0.5,"confirm email send, check analytics, send Glass Cartel list.",,,"Esco Optics","Esco Monthly"
2016-08-08,"Adam Hoyle",0.25,"LinkedIn page sluething",,,"Esco Optics","Esco Monthly"
2016-08-08,"Adam Hoyle",0.75,"tweak blog posts, update, test, proof and schedule email",,,"Esco Optics","Esco Monthly"
2016-08-08,"Adam Hoyle",1.0,"weekly status call w/ Bill and Ron",,,"Esco Optics","Esco Monthly"
2016-08-05,"Adam Hoyle",0.25,"review and send monthly performance report",,,"Esco Optics","Esco Monthly"
2016-08-05,"Adam Hoyle",0.5,"review blog post and press release schedule",,,"Esco Optics","Esco Monthly"
2016-08-05,"Adam Hoyle",0.5,"update email template with tourney update and bill's announcement. Proof and test",,,"Esco Optics","Esco Monthly"
2016-08-05,"Adam Hoyle",0.75,"meet w/ Tony re: blog posts and meta tags, update basecamp",,,"Esco Optics","Esco Monthly"
2016-08-03,"Adam Hoyle",1.25,"Re-import missing Color Filter Glass products to shopify, create redirects and update search index. Test.",,,"Esco Optics","Esco Monthly"
2016-08-03,"Adam Hoyle",1.0,"list wrangling and client communication","Update MailChimp subscriber list with Esco customer list from Vista","August","Esco Optics","Esco Monthly"
2016-08-02,"Adam Hoyle",0.5,"Investigate missing colored filter glass products per Ron",,,"Esco Optics","Esco Monthly"
2016-08-02,"Adam Hoyle",0.25,"call w/ Bill re: Meta Tags",,,"Esco Optics","Esco Monthly"
2016-07-29,"Adam Hoyle",0.5,"call w/ Esco re: meta tags",,,"Esco Optics","Esco Monthly"
2016-07-27,"Adam Hoyle",0.25,"export mailchimp susbscriber lists and send to Ron, send email recapping next steps from our call",,,"Esco Optics","Esco Monthly"
2016-07-27,"Adam Hoyle",0.25,"remove quantity # from in stock items",,,"Esco Optics","Esco Monthly"
2016-07-27,"Adam Hoyle",0.5,"Investigate site outage, contact Shopify support",,,"Esco Optics","Esco Monthly"
2016-07-27,"Adam Hoyle",0.75,"weekly status call",,,"Esco Optics","Esco Monthly"
2016-07-22,"Adam Hoyle",0.5,"Weekly call... send email update",,,"Esco Optics","Esco Monthly"
2016-07-07,"Adam Hoyle",0.5,"update homepage slide, email Lee answers to analytics questions",,,"Esco Optics","Esco Monthly"
2016-07-06,"Adam Hoyle",1.5,"meet w/ Jay and Tony for monthly analytics report",,,"Esco Optics","Esco Monthly"
2016-07-06,"Adam Hoyle",1.0,"weekly status call w/ Ron and Bill",,,"Esco Optics","Esco Monthly"
2016-06-27,"Adam Hoyle",0.75,"create new part number and variant redirects",,,"Esco Optics","Esco Monthly"
2016-06-27,"Adam Hoyle",0.5,"add .25"" thick square S1 to site",,,"Esco Optics","Esco Monthly"
2016-06-24,"Adam Hoyle",0.5,"Review and add Optics and Light blog post",,,"Esco Optics","Esco Monthly"
2016-06-24,"Adam Hoyle",0.75,"weekly status call",,,"Esco Optics","Esco Monthly"
2016-06-23,"Adam Hoyle",0.25,"","Add new ""Short-run Custom Optics"" blog post to site","June 2016","Esco Optics","Esco Monthly"
2016-06-22,"Adam Hoyle",0.5,"update meta titles",,,"Esco Optics","Esco Monthly"
2016-06-21,"Adam Hoyle",0.5,"review update and send meta doc to Esco",,,"Esco Optics","Esco Monthly"
2016-06-20,"Adam Hoyle",0.25,"update HelloBar to orange",,,"Esco Optics","Esco Monthly"
2016-06-17,"Adam Hoyle",0.5,"weekly checking call w/ Esco",,,"Esco Optics","Esco Monthly"
2016-06-16,"Adam Hoyle",0.75,"review, test and schedule June email",,,"Esco Optics","Esco Monthly"
2016-06-14,"Adam Hoyle",0.5,"add glossary and blog post",,,"Esco Optics","Esco Monthly"
2016-06-10,"Adam Hoyle",1.0,"weekly call w/ Esco to review performance and discuss SEO, email, blogging and social",,,"Esco Optics","Esco Monthly"
2016-06-08,"Adam Hoyle",0.5,"review webmaster tools and work through updating duplicate meta tags",,,"Esco Optics","Esco Monthly"
2016-06-08,"Adam Hoyle",0.5,"review social marketing plan",,,"Esco Optics","Esco Monthly"
2016-06-07,"Adam Hoyle",0.25,"investigate shopify billing options, respond to Ron",,,"Esco Optics","Esco Monthly"
2016-06-01,"Adam Hoyle",0.5,"SEO planning meeting",,,"Esco Optics","Esco Monthly"
2016-06-01,"Adam Hoyle",0.5,"Troubleshoot, fix, text, deploy update.","Search Results template is displaying the ""Reg. Price"" box and needs to be updated (see screenshot)","May 2016","Esco Optics","Esco Monthly"
2016-05-31,"Adam Hoyle",0.5,"review social strategy doc, post to FB and TWTR",,,"Esco Optics","Esco Monthly"
2016-05-25,"Adam Hoyle",1.75,"website performance report 4/24-5/24",,,"Esco Optics","Esco Monthly"
2016-05-25,"Adam Hoyle",0.75,"investigate missing email template, contact Shopify support, recreate template, respond to Linn",,,"Esco Optics","Esco Monthly"
2016-05-24,"Adam Hoyle",0.75,"investigate search issues re: variants and part numbers, check advanced search results page, respond to Linn re: instant search and variant IDs",,,"Esco Optics","Esco Monthly"
2016-05-04,"Adam Hoyle",0.75,"Create ""May Announcement"" campaign and verify Esco email and domain",,,"Esco Optics","Esco Monthly"
2016-05-02,"Adam Hoyle",0.25,"review and tweak blog posts",,,"Esco Optics","Esco Monthly"
2016-04-29,"Adam Hoyle",0.75,"review Epicor pricing vs. Shopify pricing and build comparison spreadsheet, call w/ Jason Wickersham to review",,,"Esco Optics","Esco Monthly"
2016-04-29,"Adam Hoyle",0.75,"","Recreate SKU --> Variant redirects (see comment)","May 2016","Esco Optics","Esco Monthly"
2016-04-29,"Adam Hoyle",0.25,"fix typo on site, look up customer account and re-send account invite email",,,"Esco Optics","Esco Monthly"
2016-04-28,"Adam Hoyle",0.75,"organize spreadsheets and look for inconsistencies between price list and product export, add header bar, update homepage slider",,,"Esco Optics","Esco Monthly"
2016-04-28,"Adam Hoyle",0.75,"checkin call w/ Ron, Steve, Lee",,,"Esco Optics","Esco Monthly"
2016-04-27,"Adam Hoyle",0.5,"spot-check pricing and fix errors for extreme highs",,,"Esco Optics","Esco Monthly"
2016-04-27,"Adam Hoyle",0.25,"revert","Implement modal window with 10% off discount, revert ""compare at price"" changes","May 2016","Esco Optics","Esco Monthly"
2016-04-27,"Adam Hoyle",1.25,"","Implement modal window with 10% off discount, revert ""compare at price"" changes","May 2016","Esco Optics","Esco Monthly"
2016-04-27,"Adam Hoyle",0.5,"Email comm. re: price changes and discounts, research decimal places on prices",,,"Esco Optics","Esco Monthly"
2016-04-13,"Adam Hoyle",0.25,"send Shopify invoices to Ron",,,"Esco Optics","Esco Monthly"
2016-04-13,"Adam Hoyle",0.5,"Status update call w/ Ron",,,"Esco Optics","Esco Monthly"
2016-04-11,"Adam Hoyle",0.5,"","(1) Add Google Analytics to calculator","May 2016","Esco Optics","Esco Monthly"
2016-04-08,"Adam Hoyle",0.25,"troubleshoot stock sync",,,"Esco Optics","Esco Monthly"
2016-04-07,"Adam Hoyle",4.25,"Enter all redirects and spotcheck","(6) Implement part number redirects for search","May 2016","Esco Optics","Esco Monthly"
2016-04-07,"Adam Hoyle",0.75,"Create redirect template and add initial batch for testing.","(6) Implement part number redirects for search","May 2016","Esco Optics","Esco Monthly"
2016-04-07,"Adam Hoyle",1.5,"Export pricing, increase by 10% and move to compare column, re-import, implement template updates and JS, deploy, test","(3) Increase price on all products by 10%, add 10% discount to all online orders.","May 2016","Esco Optics","Esco Monthly"
2016-04-04,"Adam Hoyle",0.25,"followup on inventory syncing, confirm and email client",,,"Esco Optics","Esco Monthly"
2016-04-01,"Adam Hoyle",0.25,"troubleshoot and fix inventory syncing",,,"Esco Optics","Esco Monthly"
2016-04-01,"Adam Hoyle",1.0,"Call w/ Ron re: images, pricing updates, and blog post, etc.",,,"Esco Optics","Esco Monthly"
2016-03-31,"Adam Hoyle",0.5,"Create comps showing discount code application, respond to Ron re: strikethrough and $25+ discount","(3) Increase price on all products by 10%, add 10% discount to all online orders.","May 2016","Esco Optics","Esco Monthly"
2016-03-30,"Adam Hoyle",0.5,"Setup goal tracking in GA","Develop monthly analytics reporting template and KPIs","May 2016","Esco Optics","Esco Monthly"
2016-03-30,"Adam Hoyle",0.25,"Review Network Solutions pending expirations and update settings",,,"Esco Optics","Esco Monthly"
2016-03-29,"Adam Hoyle",4.0,"Research and create initial report template","Develop monthly analytics reporting template and KPIs","May 2016","Esco Optics","Esco Monthly"
2016-03-28,"Adam Hoyle",0.5,"Project coordination, email Jason W. re: FROM email address, update SPAM footers in MailChimp","Design and develop 2 email templates in MailChimp","May 2016","Esco Optics","Esco Monthly"
2016-03-28,"Adam Hoyle",1.0,"research potential solutions, email Lee and Ron","(3) Increase price on all products by 10%, add 10% discount to all online orders.","May 2016","Esco Optics","Esco Monthly"
2016-03-23,"Adam Hoyle",0.5,"Check social account logins from Don, meet with Jay to kickoff email template design",,,"Esco Optics","Esco Monthly"
2016-03-22,"Adam Hoyle",0.5,"Enable advanced ecommerce tracking in Shopify and Google Analytics, add site to Google Webmaster Tools and verify site via Network Solutions TXT record and meta tag in site header, submit XML sitemap",,,"Esco Optics","Esco Monthly"
2016-03-22,"Adam Hoyle",0.25,"Research social media account access, email Don for access.",,,"Esco Optics","Esco Monthly"
2016-03-22,"Adam Hoyle",0.25,"Planning call w/ Ron and Lee",,,"Esco Optics","Esco Monthly"
2016-03-21,"Adam Hoyle",0.25,"support for Amanda re: box sizes and shipping cost questions",,,"Esco Optics","Esco Monthly"
2016-03-18,"Adam Hoyle",0.25,"call w/ Jason Wickersham re: MX records and email delays, update MX records at Network Solutions",,,"Esco Optics","Esco Monthly"
2016-03-18,"Adam Hoyle",0.25,"Update customer contact info Loye Haskins per Joe",,,"Esco Optics","Esco Monthly"
2016-03-16,"Adam Hoyle",0.75,"Email communication w/ Joe, Ron and Steve, edits, updates, testing and send.","Send account activation email to customer list.","May 2016","Esco Optics","Esco Monthly"
2016-03-15,"Adam Hoyle",0.25,"","Configure Pingdom automatic site monitoring","May 2016","Esco Optics","Esco Monthly"
2016-03-15,"Adam Hoyle",0.5,"Misc. support and research for Amanda re: authorization expirations, followup email.",,,"Esco Optics","Esco Monthly"
2016-03-15,"Adam Hoyle",1.0,"Coordination with Steve and Joe, code template, recommend copy edits, test send, coordinate for approval.","Send account activation email to customer list.","May 2016","Esco Optics","Esco Monthly"
2017-11-08,"Adam Hoyle",0.5,"read emails, check access, update BC, respond to email",,,"Fit Life Tea","Onboarding"
2015-02-18,"Adam Hoyle",0.25,"project coordination, client emails",,,"Guideposts","BILLED: 40-Day Prayer Challenge"
2015-02-18,"Adam Hoyle",0.5,"Review feedback from John",,,"Guideposts","BILLED: 40-Day Prayer Challenge"
2015-02-17,"Adam Hoyle",1.5,"coordinate launch, email communication with Sabra.",,,"Guideposts","BILLED: 40-Day Prayer Challenge"
2015-02-17,"Adam Hoyle",1.0,"project coordination",,,"Guideposts","BILLED: 40-Day Prayer Challenge"
2015-02-04,"Adam Hoyle",0.25,"obtain database info and test connection to dev server",,,"Guideposts","BILLED: 40-Day Prayer Challenge"
2015-02-04,"Adam Hoyle",0.25,"review designs",,,"Guideposts","BILLED: 40-Day Prayer Challenge"
2015-02-04,"Adam Hoyle",0.25,"review timeline and notes, emails",,,"Guideposts","BILLED: 40-Day Prayer Challenge"
2015-02-17,"Adam Hoyle",0.25,"review comps",,,"Guideposts","BILLED: GP Interstitial"
2015-03-05,"Adam Hoyle",0.5,"screenshare w/ Brooke to troubleshoot refresh issue",,,"Guideposts","BILLED: GP Slideshow"
2015-03-04,"Adam Hoyle",0.5,"review slideshow status with Jess",,,"Guideposts","BILLED: GP Slideshow"
2015-03-02,"Adam Hoyle",0.25,"slideshow pageview question",,,"Guideposts","BILLED: GP Slideshow"
2015-03-04,"Adam Hoyle",1.25,"prep for internal kickoff for GP QA",,,"Guideposts","BILLED: QA Testing"
2015-03-03,"Adam Hoyle",0.75,"kickoff call w/ Madonna",,,"Guideposts","BILLED: QA Testing"
2015-01-06,"Adam Hoyle",0.25,"imaginatik db updates",,,"Imaginatik","BILLED: Clients & Resources Updates"
2015-09-24,"Adam Hoyle",0.25,"Review emails and respond to Chris re: launch plan",,,"Imaginatik","BILLED: Homepage Blocks"
2015-10-21,"Adam Hoyle",0.5,"browser test font issues",,,"Imaginatik","BILLED: Homepage Redesign, Nav Updates, Style Refresh"
2015-10-20,"Adam Hoyle",0.75,"test staging updates and deployment prep, troubleshoot user registration flow",,,"Imaginatik","BILLED: Homepage Redesign, Nav Updates, Style Refresh"
2015-10-19,"Adam Hoyle",0.5,"review staging db reconciliation, update blog authors, email Chris",,,"Imaginatik","BILLED: Homepage Redesign, Nav Updates, Style Refresh"
2015-10-14,"Adam Hoyle",0.5,"Review imaginatik updates",,,"Imaginatik","BILLED: Homepage Redesign, Nav Updates, Style Refresh"
2015-10-13,"Adam Hoyle",0.5,"review notes and updates and remaining to-dos and QA from Chris, troubleshoot missing images, discuss with Kyle",,,"Imaginatik","BILLED: Homepage Redesign, Nav Updates, Style Refresh"
2015-07-08,"Adam Hoyle",0.5,"review imaginatik, quick browser check, email client",,,"Imaginatik","BILLED: Homepage Redesign, Nav Updates, Style Refresh"
2015-07-07,"Adam Hoyle",0.5,"review updates w/ Kyle",,,"Imaginatik","BILLED: Homepage Redesign, Nav Updates, Style Refresh"
2015-06-17,"Adam Hoyle",2.0,"MEETING W/ IMAGINATIK",,,"Imaginatik","BILLED: Homepage Redesign, Nav Updates, Style Refresh"
2015-03-30,"Adam Hoyle",0.75,"respond to Chris about designs and coding..",,,"Imaginatik","BILLED: Homepage Redesign, Nav Updates, Style Refresh"
2015-03-27,"Adam Hoyle",1.0,"review, organize and send comps",,,"Imaginatik","BILLED: Homepage Redesign, Nav Updates, Style Refresh"
2015-03-27,"Adam Hoyle",0.25,"status update for Michael",,,"Imaginatik","BILLED: Homepage Redesign, Nav Updates, Style Refresh"
2015-03-19,"Adam Hoyle",0.5,"review imaginatik designs with Kyle and Jay",,,"Imaginatik","BILLED: Homepage Redesign, Nav Updates, Style Refresh"
2015-03-18,"Adam Hoyle",0.5,"respond to Imaginatik re: mobile/responsive",,,"Imaginatik","BILLED: Homepage Redesign, Nav Updates, Style Refresh"
2015-03-06,"Adam Hoyle",0.5,"review designs and feedback",,,"Imaginatik","BILLED: Homepage Redesign, Nav Updates, Style Refresh"
2015-02-18,"Adam Hoyle",0.75,"meeting with Michael to review wires",,,"Imaginatik","BILLED: Homepage Redesign, Nav Updates, Style Refresh"
2015-02-13,"Adam Hoyle",0.5,"review feedback, update basecamp",,,"Imaginatik","BILLED: Homepage Redesign, Nav Updates, Style Refresh"
2015-02-11,"Adam Hoyle",0.5,"review wires with Jay and Kyle",,,"Imaginatik","BILLED: Homepage Redesign, Nav Updates, Style Refresh"
2016-05-19,"Adam Hoyle",0.25,"update images, email Chris",,,"Imaginatik","BILLED: Static Homepage Design & Dev"
2016-05-04,"Adam Hoyle",0.25,"email reply and followup with Chris",,,"Imaginatik","BILLED: Static Homepage Design & Dev"
2016-05-02,"Adam Hoyle",0.5,"meet w/ Jay and Kyle re: images and feedback from Chris and email response",,,"Imaginatik","BILLED: Static Homepage Design & Dev"
2016-04-22,"Adam Hoyle",0.25,"discuss animations and build with Kyle and Jay",,,"Imaginatik","BILLED: Static Homepage Design & Dev"
2016-04-20,"Adam Hoyle",0.25,"review and send comps",,,"Imaginatik","BILLED: Static Homepage Design & Dev"
2016-04-08,"Adam Hoyle",0.25,"","(2) Review comps, finalize selections","Design","Imaginatik","BILLED: Static Homepage Design & Dev"
2017-04-11,"Adam Hoyle",0.25,"backup database, review support ticket",,,"Imaginatik","Dev./Misc. Support"
2017-04-11,"Adam Hoyle",0.5,"respond and investigate to site outage",,,"Imaginatik","Dev./Misc. Support"
2016-09-16,"Adam Hoyle",0.25,"deployment for EIM",,,"Imaginatik","Dev./Misc. Support"
2016-09-12,"Adam Hoyle",0.75,"update feature-eim with conditional for GTM on stage, update Rules permissions, deploy branch to stage for EIM",,,"Imaginatik","Dev./Misc. Support"
2016-09-06,"Adam Hoyle",0.25,"Update permissions for Matt Sexton at EIM",,,"Imaginatik","Dev./Misc. Support"
2016-08-30,"Adam Hoyle",0.5,"investigate and reply to Lisa re: author David Bridgeland",,,"Imaginatik","Dev./Misc. Support"
2016-08-10,"Adam Hoyle",0.5,"support for Lisa re: blog posts and inline images",,,"Imaginatik","Dev./Misc. Support"
2016-07-07,"Adam Hoyle",0.5,"call w/ Matt Sexton from EIP",,,"Imaginatik","Dev./Misc. Support"
2016-06-29,"Adam Hoyle",0.75,"call w/ Lisa Falcone re: HelloBar",,,"Imaginatik","Dev./Misc. Support"
2016-06-28,"Adam Hoyle",0.5,"followup re: HelloBar and git access for marketing company",,,"Imaginatik","Dev./Misc. Support"
2016-06-24,"Adam Hoyle",0.25,"review request and email recommendation for HelloBar",,,"Imaginatik","Dev./Misc. Support"
2016-06-01,"Adam Hoyle",0.25,"homepage updates and coordination",,,"Imaginatik","Dev./Misc. Support"
2016-04-13,"Adam Hoyle",0.75,"troubleshoot site outage",,,"Imaginatik","Dev./Misc. Support"
2016-03-22,"Adam Hoyle",0.25,"remove imaginatik@brunellocreative.com from all form submissions per Chris",,,"Imaginatik","Dev./Misc. Support"
2016-02-14,"Adam Hoyle",0.5,"support for Chris re: resource tags",,,"Imaginatik","Dev./Misc. Support"
2016-01-15,"Adam Hoyle",0.75,"troubleshoot and fix broken icon issue per Chris",,,"Imaginatik","Dev./Misc. Support"
2015-12-29,"Adam Hoyle",0.25,"homepage teaser updates",,,"Imaginatik","Dev./Misc. Support"
2015-11-29,"Adam Hoyle",1.0,"site outage response",,,"Imaginatik","Dev./Misc. Support"
2015-10-28,"Adam Hoyle",1.0,"investigate user account creation workflow",,,"Imaginatik","Dev./Misc. Support"
2015-10-05,"Adam Hoyle",0.5,"generate code, add blog tracking widget to sidebar per Tony Karrer, add to staging.",,,"Imaginatik","Dev./Misc. Support"
2015-06-23,"Adam Hoyle",0.75,"troubleshoot server connectivity issues, call support, provide DB backup for Kyle",,,"Imaginatik","Dev./Misc. Support"
2015-06-01,"Adam Hoyle",1.25,"site outages, emails and support calls - hardware failure",,,"Imaginatik","Dev./Misc. Support"
2015-06-01,"Adam Hoyle",1.0,"troubleshoot site outage, restart server",,,"Imaginatik","Dev./Misc. Support"
2015-05-31,"Adam Hoyle",2.0,"troubleshoot site outage, restart server",,,"Imaginatik","Dev./Misc. Support"
2015-05-05,"Adam Hoyle",0.5,"investigate browser issue reported by Phil. Issue not reproducible. Phil using dev release of chrome or could be local settings.",,,"Imaginatik","Dev./Misc. Support"
2015-03-24,"Adam Hoyle",1.0,"respond to Chris and Patrick",,,"Imaginatik","Dev./Misc. Support"
2015-02-04,"Adam Hoyle",0.25,"support and instructions for Dale uploading new files (SLA)",,,"Imaginatik","Dev./Misc. Support"
2016-08-05,"Adam Hoyle",0.5,"setup new hosting instance",,,"InteractiveTools.com","CSMB Open Source Site"
2016-07-07,"Adam Hoyle",0.5,"call w/ Dave",,,"InteractiveTools.com","CSMB Open Source Site"
2016-06-03,"Adam Hoyle",0.5,"kickoff call w/ Dave",,,"InteractiveTools.com","CSMB Open Source Site"
2015-03-23,"Adam Hoyle",0.5,"test BFY ET integration",,,"Linkwell Health","03. BFY.com"
2015-01-08,"Adam Hoyle",1.0,,"Troubleshoot BFY email issues for Katie (see comment)","Misc.","Linkwell Health","03. BFY.com"
2015-06-30,"Adam Hoyle",0.5,"test performance on feed site, check cache settings, enable, re-test, email Linkwell",,,"Linkwell Health","09. Convert LMS to SaaS platform"
2015-06-12,"Adam Hoyle",0.75,"review RVS deployment notes, respond to emails from Katie and RVS",,,"Linkwell Health","09. Convert LMS to SaaS platform"
2015-06-11,"Adam Hoyle",0.75,"review and respond to RVS requests and questions",,,"Linkwell Health","09. Convert LMS to SaaS platform"
2015-06-04,"Adam Hoyle",0.5,"investigate feed ordering",,,"Linkwell Health","09. Convert LMS to SaaS platform"
2015-06-02,"Adam Hoyle",0.5,"call w/ RVS re: feeds",,,"Linkwell Health","09. Convert LMS to SaaS platform"
2015-06-01,"Adam Hoyle",1.25,"respond to Katie re: feed questions from RVS",,,"Linkwell Health","09. Convert LMS to SaaS platform"
2015-05-19,"Adam Hoyle",1.0,"call w/ steve to review ""feeder""",,,"Linkwell Health","09. Convert LMS to SaaS platform"
2015-04-21,"Adam Hoyle",1.25,"call w/ Steve and Arun re: SaaS demo site",,,"Linkwell Health","09. Convert LMS to SaaS platform"
2015-04-16,"Adam Hoyle",0.5,"Project coordination w/ John",,,"Linkwell Health","09. Convert LMS to SaaS platform"
2015-01-16,"Adam Hoyle",1.0,"Create timeline for Steve",,,"Linkwell Health","09. Convert LMS to SaaS platform"
2016-06-24,"Adam Hoyle",0.25,"assist Eileen with gaining access to ET",,,"Linkwell Health","10. Exact Target Migration"
2015-03-13,"Adam Hoyle",1.5,"test BFY ET",,,"Linkwell Health","10. Exact Target Migration"
2015-02-12,"Adam Hoyle",1.25,"finish BFY template",,,"Linkwell Health","10. Exact Target Migration"
2015-02-05,"Adam Hoyle",3.75,"read template documentation, build template",,,"Linkwell Health","10. Exact Target Migration"
2015-02-04,"Adam Hoyle",2.5,"review template builder, cleanup BFY HTML, move to ET and begin bulding template","Re-create BFY email template in Exact Target","Misc.","Linkwell Health","10. Exact Target Migration"
2015-04-23,"Adam Hoyle",0.5,"review email updates, send to Linkwell, move to Linkwell server",,,"Linkwell Health","11. IBX 60-Day Welcome Kit"
2015-04-21,"Adam Hoyle",2.25,"review emails and make updates per Arun",,,"Linkwell Health","11. IBX 60-Day Welcome Kit"
2015-04-21,"Adam Hoyle",0.25,"process feedback update basecamp",,,"Linkwell Health","11. IBX 60-Day Welcome Kit"
2015-04-20,"Adam Hoyle",0.5,"process email and update basecamp with email feedbackl",,,"Linkwell Health","11. IBX 60-Day Welcome Kit"
2015-04-16,"Adam Hoyle",1.0,"email updates",,,"Linkwell Health","11. IBX 60-Day Welcome Kit"
2015-03-19,"Adam Hoyle",0.25,"test email send with default commercial profile",,,"Linkwell Health","11. IBX 60-Day Welcome Kit"
2015-03-10,"Adam Hoyle",0.5,"finish sidebar",,,"Linkwell Health","11. IBX 60-Day Welcome Kit"
2015-03-06,"Adam Hoyle",0.5,"add sidebar block",,,"Linkwell Health","11. IBX 60-Day Welcome Kit"
2015-03-06,"Adam Hoyle",0.25,"lp tweaks",,,"Linkwell Health","11. IBX 60-Day Welcome Kit"
2015-03-06,"Adam Hoyle",0.25,"misc. project coordination and questions",,,"Linkwell Health","11. IBX 60-Day Welcome Kit"
2015-03-06,"Adam Hoyle",0.25,"setup new redirects",,,"Linkwell Health","11. IBX 60-Day Welcome Kit"
2015-03-06,"Adam Hoyle",0.75,"review and discuss landing pages w. Lyle",,,"Linkwell Health","11. IBX 60-Day Welcome Kit"
2015-03-04,"Adam Hoyle",0.75,"project coordination",,,"Linkwell Health","11. IBX 60-Day Welcome Kit"
2015-03-02,"Adam Hoyle",0.75,"review and send updates to Arun, move to Linkwell server",,,"Linkwell Health","11. IBX 60-Day Welcome Kit"
2015-02-17,"Adam Hoyle",0.5,"review comps",,,"Linkwell Health","11. IBX 60-Day Welcome Kit"
2015-02-13,"Adam Hoyle",0.5,"process feedback, update basecamp",,,"Linkwell Health","11. IBX 60-Day Welcome Kit"
2015-02-13,"Adam Hoyle",0.25,"review designs, coordinate final updates and click-through",,,"Linkwell Health","11. IBX 60-Day Welcome Kit"
2015-02-12,"Adam Hoyle",0.5,"start IBX template in ET",,,"Linkwell Health","11. IBX 60-Day Welcome Kit"
2015-02-12,"Adam Hoyle",0.75,"process feedback, update basecamp, discuss with dangnam",,,"Linkwell Health","11. IBX 60-Day Welcome Kit"
2015-02-04,"Adam Hoyle",0.25,"review designs",,,"Linkwell Health","11. IBX 60-Day Welcome Kit"
2015-02-03,"Adam Hoyle",2.5,"finalize redirects for IBX","Finalize IBX domain redirects (see comment)","Misc.","Linkwell Health","11. IBX 60-Day Welcome Kit"
2015-01-30,"Adam Hoyle",1.5,"test registration in iFrame",,,"Linkwell Health","11. IBX 60-Day Welcome Kit"
2015-01-29,"Adam Hoyle",1.5,"Review specs, email and coordinaton.",,,"Linkwell Health","11. IBX 60-Day Welcome Kit"
2016-01-18,"Adam Hoyle",0.5,"update coupons and redirects for first slot",,,"Linkwell Health","16. Healthy Woman - Fall 2015"
2016-01-11,"Adam Hoyle",0.25,"update coupons and redirects for third slot",,,"Linkwell Health","16. Healthy Woman - Fall 2015"
2016-01-11,"Adam Hoyle",1.0,"update coupons and redirects",,,"Linkwell Health","16. Healthy Woman - Fall 2015"
2016-01-08,"Adam Hoyle",1.0,"update incentive copy for two formnums",,,"Linkwell Health","16. Healthy Woman - Fall 2015"
2015-12-30,"Adam Hoyle",1.0,"update coupons and redirects",,,"Linkwell Health","16. Healthy Woman - Fall 2015"
2015-12-17,"Adam Hoyle",0.75,"update coupons and redirects",,,"Linkwell Health","16. Healthy Woman - Fall 2015"
2015-12-08,"Adam Hoyle",0.75,"update coupons and redirects",,,"Linkwell Health","16. Healthy Woman - Fall 2015"
2015-10-11,"Adam Hoyle",1.5,"update formnums and troubleshoot deployment, push live, clear cache, import definitions and test",,,"Linkwell Health","16. Healthy Woman - Fall 2015"
2015-10-11,"Adam Hoyle",0.75,"Update MM article image per Angela",,,"Linkwell Health","16. Healthy Woman - Fall 2015"
2015-10-10,"Adam Hoyle",1.0,"prep backup coupons for HW in case of expiration",,,"Linkwell Health","16. Healthy Woman - Fall 2015"
2015-10-08,"Adam Hoyle",0.5,"replace expired coupon for HW email and update redirect",,,"Linkwell Health","16. Healthy Woman - Fall 2015"
2015-10-07,"Adam Hoyle",1.25,"update healthy woman definitions from client review and changes, test and deploy",,,"Linkwell Health","16. Healthy Woman - Fall 2015"
2015-10-06,"Adam Hoyle",2.75,"update HW definitions, import, test, troubleshoot, deploy, email Katie",,,"Linkwell Health","16. Healthy Woman - Fall 2015"
2015-09-30,"Adam Hoyle",1.25,"update definitions and modules with HR and LR node IDs, deploy code, import definitions, clear caches, test, email Linkwell",,,"Linkwell Health","16. Healthy Woman - Fall 2015"
2015-09-29,"Adam Hoyle",1.0,"update HW modules with HR and LR node IDs. deploy, test.",,,"Linkwell Health","16. Healthy Woman - Fall 2015"
2015-09-16,"Adam Hoyle",2.25,"misc. project coordination, review content entry updates, review design comps, cut email image assets, email Arun",,,"Linkwell Health","16. Healthy Woman - Fall 2015"
2015-09-15,"Adam Hoyle",1.25,"review spreadsheet content",,,"Linkwell Health","16. Healthy Woman - Fall 2015"
2015-11-16,"Adam Hoyle",0.75,"update expired coupons and redirects",,,"Linkwell Health","17. Disease Management - Winter 2015"
2015-11-11,"Adam Hoyle",0.75,"update expired coupons - rush before email blast",,,"Linkwell Health","17. Disease Management - Winter 2015"
2015-11-10,"Adam Hoyle",0.74,"look into changing social links for each plan. Not possible unless we create hard-coded blocks and use the visibility to display them on the landing pages",,,"Linkwell Health","17. Disease Management - Winter 2015"
2015-11-05,"Adam Hoyle",1.0,"emails with Kim, logo updates for Empire",,,"Linkwell Health","17. Disease Management - Winter 2015"
2015-11-04,"Adam Hoyle",1.0,"update offers and redirects",,,"Linkwell Health","17. Disease Management - Winter 2015"
2015-10-22,"Adam Hoyle",2.0,"investigate and troubleshoot Katie and Kims report of pages not displaying buttons or proper content, respond",,,"Linkwell Health","17. Disease Management - Winter 2015"
2015-10-21,"Adam Hoyle",1.0,"Update offer images and redirects",,,"Linkwell Health","17. Disease Management - Winter 2015"
2015-10-19,"Adam Hoyle",1.75,"misc. project coordination, update HR varblock copy, add HR NIDs to module, deploy, clear caches, test",,,"Linkwell Health","17. Disease Management - Winter 2015"
2015-10-07,"Adam Hoyle",0.5,"review landing pages, email Linkwell",,,"Linkwell Health","17. Disease Management - Winter 2015"
2015-10-01,"Adam Hoyle",0.75,"Create landing page nodes and generate URLs, update spreadsheet, email Arun",,,"Linkwell Health","17. Disease Management - Winter 2015"
2015-09-30,"Adam Hoyle",0.75,"review designs, cut and save email image assets",,,"Linkwell Health","17. Disease Management - Winter 2015"
2015-09-29,"Adam Hoyle",0.5,"review content list, send to Arun, create landing page URLs",,,"Linkwell Health","17. Disease Management - Winter 2015"
2015-09-21,"Adam Hoyle",0.25,"project setup in BC",,,"Linkwell Health","17. Disease Management - Winter 2015"
2017-12-20,"Adam Hoyle",1.5,"register domain, setup site","Create new plan site for Amerihealth NJ (see comment)","Misc.","Linkwell Health","AmeriHealth NJ"
2017-10-30,"Adam Hoyle",0.5,"image update for Omo",,,"Linkwell Health","Anthem Disease Management - Fall 2017"
2017-06-26,"Adam Hoyle",0.75,"check that nids are in module per Kim's report of banners not displaying, check and respond to Kim","Add HR node ids to the DM module so the varblock displays the appropriate callout copy (long vs. short version)","Misc.","Linkwell Health","Anthem Disease Management - Fall 2017"
2017-06-26,"Adam Hoyle",0.5,"review program name mappings, followup with Kim and send code, confirm request to add ""the"" where appropriate",,,"Linkwell Health","Anthem Disease Management - Fall 2017"
2017-06-12,"Adam Hoyle",0.75,"add new form nums to module, deploy to stage, test, deploy to prod, clear caches, test, email Kim","Add additional VZ formnums","Misc.","Linkwell Health","Anthem Disease Management - Fall 2017"
2017-06-12,"Adam Hoyle",0.5,"update associated articles and read more links on two landing pages","Code landing pages","Misc.","Linkwell Health","Anthem Disease Management - Fall 2017"
2017-06-09,"Adam Hoyle",0.75,"investigate VZ tout, test, email Kim","Update HR varblock copy if necessary","Misc.","Linkwell Health","Anthem Disease Management - Fall 2017"
2017-06-09,"Adam Hoyle",1.0,"Update module, deploy to stage, test, deploy to prod, clear caches and varnish, test, email Kim","Add HR node ids to the DM module so the varblock displays the appropriate callout copy (long vs. short version)","Misc.","Linkwell Health","Anthem Disease Management - Fall 2017"
2017-06-09,"Adam Hoyle",2.25,"create shells, cut and upload images, add heds, deks and links, test","Code landing pages","Misc.","Linkwell Health","Anthem Disease Management - Fall 2017"
2017-06-09,"Adam Hoyle",0.5,"recheck, rename spreadsheet and send to Kim, move to correct BC message","Add all content to LMS and update spreadsheet (Use Obscure URLs! – SEE NOTE)","Misc.","Linkwell Health","Anthem Disease Management - Fall 2017"
2017-06-08,"Adam Hoyle",1.0,"create placeholder landing pages and add nids to spreadsheet","Add all content to LMS and update spreadsheet (Use Obscure URLs! – SEE NOTE)","Misc.","Linkwell Health","Anthem Disease Management - Fall 2017"
2017-05-24,"Adam Hoyle",0.25,"quick check of spreadsheet and email to Kim","Add all content to LMS and update spreadsheet (Use Obscure URLs! – SEE NOTE)","Misc.","Linkwell Health","Anthem Disease Management - Fall 2017"
2017-05-24,"Adam Hoyle",0.25,"check and send","Cut email image assets and send to Linkwell","Misc.","Linkwell Health","Anthem Disease Management - Fall 2017"
2017-05-17,"Adam Hoyle",0.75,"project setup and email communication re: dates",,,"Linkwell Health","Anthem Disease Management - Fall 2017"
2017-08-04,"Adam Hoyle",0.5,"review, upload, deliver","Create screenshot archive of Mandated 2017 emails, landing pages and articles (see comment)","Misc.","Linkwell Health","Anthem Mandated 2017"
2017-07-27,"Adam Hoyle",0.75,"review previous year's archive, organize emails and URLs, post notes to BC","Create screenshot archive of Mandated 2017 emails, landing pages and articles (see comment)","Misc.","Linkwell Health","Anthem Mandated 2017"
2017-06-30,"Adam Hoyle",4.0,"monitor site analytics, uptime and speed",,,"Linkwell Health","Anthem Mandated 2017"
2017-06-27,"Adam Hoyle",0.5,"update fep2017 redirect per Will, clear caches, test",,,"Linkwell Health","Anthem Mandated 2017"
2017-06-27,"Adam Hoyle",6.25,"test planning, analytics research, test creation and config, run tests, monitor tests, review results, send reports","Load testing","Misc.","Linkwell Health","Anthem Mandated 2017"
2017-06-19,"Adam Hoyle",0.25,"respond to Acquia ticket","Load testing","Misc.","Linkwell Health","Anthem Mandated 2017"
2017-06-16,"Adam Hoyle",0.5,"review previous test scripts, open ticket with Acquia","Load testing","Misc.","Linkwell Health","Anthem Mandated 2017"
2017-06-16,"Adam Hoyle",0.5,"create new commset, test, create redirect, email Linkwell","Create new commset and landing page for FEP","Misc.","Linkwell Health","Anthem Mandated 2017"
2017-06-15,"Adam Hoyle",0.5,"review steps and email client for clarification on new commset ID","Create new commset and landing page for FEP","Misc.","Linkwell Health","Anthem Mandated 2017"
2017-06-05,"Adam Hoyle",0.25,"review notes and emails from Angela, update BC",,,"Linkwell Health","Anthem Mandated 2017"
2017-05-10,"Adam Hoyle",0.25,"superscript the ®","Update disclaimer copy for https://info.anthem.com/2/ (see comment)","Misc.","Linkwell Health","Anthem Mandated 2017"
2017-05-09,"Adam Hoyle",0.5,"","Update disclaimer copy for https://info.anthem.com/2/ (see comment)","Misc.","Linkwell Health","Anthem Mandated 2017"
2017-05-02,"Adam Hoyle",3.5,"","Update language articles","Misc.","Linkwell Health","Anthem Mandated 2017"
2017-04-28,"Adam Hoyle",0.75,"review notes and update BC",,,"Linkwell Health","Anthem Mandated 2017"
2017-03-28,"Adam Hoyle",0.25,"review landing page and ToC design updates with Kyle",,,"Linkwell Health","Anthem Mandated 2017"
2017-03-01,"Adam Hoyle",0.5,"updates per Steve","Update Mandated email design and landing page to look more like DM","Misc.","Linkwell Health","Anthem Mandated 2017"
2017-02-23,"Adam Hoyle",0.75,"Review comps, project coordination and emails",,,"Linkwell Health","Anthem Mandated 2017"
2017-02-22,"Adam Hoyle",0.5,"Project coordination and emails",,,"Linkwell Health","Anthem Mandated 2017"
2017-11-09,"Adam Hoyle",1.75,"Upload videos, create landing pages, get embed codes, organize and email Omo","Create landing pages for 4 Anthem videos","Misc.","Linkwell Health","Anthem Misc."
2017-11-08,"Adam Hoyle",0.75,"email w/ Omo, update BC with notes, download videos","Create landing pages for 4 Anthem videos","Misc.","Linkwell Health","Anthem Misc."
2017-10-31,"Adam Hoyle",1.25,"review, push, test, test, email Omo","Add support for THREE concurrent DM programs (see comment)","Misc.","Linkwell Health","Anthem: Disease Management - Summer 2017"
2017-10-30,"Adam Hoyle",2.0,"implement module updates by adding additional arrays for each season, add node ids","Add support for THREE concurrent DM programs (see comment)","Misc.","Linkwell Health","Anthem: Disease Management - Summer 2017"
2017-10-30,"Adam Hoyle",0.75,"review code, plan approach, add notes to BC","Add support for THREE concurrent DM programs (see comment)","Misc.","Linkwell Health","Anthem: Disease Management - Summer 2017"
2017-06-29,"Adam Hoyle",0.75,"update, push, clear caches, test","Update program names per Kim (see comment)","Misc.","Linkwell Health","Anthem: Disease Management - Summer 2017"
2017-06-05,"Adam Hoyle",0.75,"update expired offers","Create FINAL offer images and update redirects","Misc.","Linkwell Health","Anthem: Disease Management - Summer 2017"
2017-04-16,"Adam Hoyle",0.75,"update VAR012 in varblock.module per Kim",,,"Linkwell Health","Anthem: Disease Management - Summer 2017"
2017-03-30,"Adam Hoyle",0.5,"","Add HR node ids to the DM module so the varblock displays the appropriate callout copy (long vs. short version)","Misc.","Linkwell Health","Anthem: Disease Management - Summer 2017"
2017-03-28,"Adam Hoyle",1.0,"call w/ Kim, meet with Mike about VZ customization",,,"Linkwell Health","Anthem: Disease Management - Summer 2017"
2017-03-20,"Adam Hoyle",2.0,"back and forth explanations and communication with Kim re: tout customization",,,"Linkwell Health","Anthem: Disease Management - Summer 2017"
2017-03-20,"Adam Hoyle",0.75,"Review code from last year and respond re: Verizon request",,,"Linkwell Health","Anthem: Disease Management - Summer 2017"
2017-03-16,"Adam Hoyle",0.5,"investigate Living Well tab URL and respond to Kim w/ details on cookies",,,"Linkwell Health","Anthem: Disease Management - Summer 2017"
2017-03-16,"Adam Hoyle",0.25,"recipe updates (duplicate step numbers)",,,"Linkwell Health","Anthem: Disease Management - Summer 2017"
2017-03-15,"Adam Hoyle",2.0,"update landing page feature content, test, send notes to Kim",,,"Linkwell Health","Anthem: Disease Management - Summer 2017"
2017-03-15,"Adam Hoyle",0.5,"create landing page shells and add article node list","Code landing pages","Misc.","Linkwell Health","Anthem: Disease Management - Summer 2017"
2017-03-08,"Adam Hoyle",0.5,"project setup",,,"Linkwell Health","Anthem: Disease Management - Summer 2017"
2017-12-12,"Adam Hoyle",1.0,"respond to Omo re: double coupon params in URL",,,"Linkwell Health","Anthem: Disease Management - Winter 2017"
2017-12-05,"Adam Hoyle",0.5,"respond to Omo re: Travel article not appearing in lists and coupons not displaying on HR (due to VAR084=0)",,,"Linkwell Health","Anthem: Disease Management - Winter 2017"
2017-11-22,"Adam Hoyle",2.5,"troubleshooting winter DM issues",,,"Linkwell Health","Anthem: Disease Management - Winter 2017"
2017-11-21,"Adam Hoyle",2.0,"troubleshoot PHP code for VZ iframe and COPD to Asthma per Omo",,,"Linkwell Health","Anthem: Disease Management - Winter 2017"
2017-11-20,"Adam Hoyle",0.5,"troubleshoot PHP code for VZ content blockquote on Travel Tips article page",,,"Linkwell Health","Anthem: Disease Management - Winter 2017"
2017-11-15,"Adam Hoyle",0.75,"select coupons, create and upload graphics, update redirects, test","Create FINAL offer images and update redirects","Misc.","Linkwell Health","Anthem: Disease Management - Winter 2017"
2017-11-09,"Adam Hoyle",0.75,"review, open files, begin to make changes, test, email Omo for clarification","Update DM varblock copy (see comment for details)","Misc.","Linkwell Health","Anthem: Disease Management - Winter 2017"
2017-11-08,"Adam Hoyle",0.25,"","Update DM varblock copy (see comment for details)","Misc.","Linkwell Health","Anthem: Disease Management - Winter 2017"
2017-11-02,"Adam Hoyle",1.0,"research, notes and email","DM Videos (see comment)","Misc.","Linkwell Health","Anthem: Disease Management - Winter 2017"
2017-11-01,"Adam Hoyle",1.0,"updates to varblock hours of operation and adjust copy in HR version for third bullet, deploy, test","Update DM varblock copy (see comment for details)","Misc.","Linkwell Health","Anthem: Disease Management - Winter 2017"
2017-10-31,"Adam Hoyle",3.0,"Add VZ conditionals to hours of operation per new requirement from Omo, test, deploy","Create custom feature article for VZ and OATH members","Misc.","Linkwell Health","Anthem: Disease Management - Winter 2017"
2017-10-27,"Adam Hoyle",0.75,"misc. email comm., updates, checks we/ Omo","Create custom feature article for VZ and OATH members","Misc.","Linkwell Health","Anthem: Disease Management - Winter 2017"
2017-10-27,"Adam Hoyle",0.5,"look into supporting THREE programs at a time so we can send the Summer campaign in the winter",,,"Linkwell Health","Anthem: Disease Management - Winter 2017"
2017-10-27,"Adam Hoyle",1.5,"implement, troubleshoot, test","Create custom feature article for VZ and OATH members","Misc.","Linkwell Health","Anthem: Disease Management - Winter 2017"
2017-10-26,"Adam Hoyle",2.0,"research and testing","Create custom feature article for VZ and OATH members","Misc.","Linkwell Health","Anthem: Disease Management - Winter 2017"
2017-10-24,"Adam Hoyle",0.75,"","Update DM varblock copy (see comment for details)","Misc.","Linkwell Health","Anthem: Disease Management - Winter 2017"
2017-10-23,"Adam Hoyle",0.5,"update offers again","Create FINAL offer images and update redirects","Misc.","Linkwell Health","Anthem: Disease Management - Winter 2017"
2017-10-02,"Adam Hoyle",0.5,"offer updates and clear caches","Create FINAL offer images and update redirects","Misc.","Linkwell Health","Anthem: Disease Management - Winter 2017"
2017-09-29,"Adam Hoyle",0.5,"update, push, test","Update VAR012 with new program names (see comment)","Misc.","Linkwell Health","Anthem: Disease Management - Winter 2017"
2017-09-27,"Adam Hoyle",0.75,"","Create FINAL offer images and update redirects","Misc.","Linkwell Health","Anthem: Disease Management - Winter 2017"
2017-09-26,"Adam Hoyle",1.25,"update, deploy, test","Update VAR012 with new program names (see comment)","Misc.","Linkwell Health","Anthem: Disease Management - Winter 2017"
2017-09-26,"Adam Hoyle",0.25,"","Create FINAL offer images and update redirects","Misc.","Linkwell Health","Anthem: Disease Management - Winter 2017"
2017-09-26,"Adam Hoyle",0.25,"review, add to BC, respond to Omo","Update VAR012 with new program names (see comment)","Misc.","Linkwell Health","Anthem: Disease Management - Winter 2017"
2017-09-25,"Adam Hoyle",0.5,"Send values for VAR012 to Omo",,,"Linkwell Health","Anthem: Disease Management - Winter 2017"
2017-09-18,"Adam Hoyle",0.5,"typo updates for all Master your Medication articles per Omo, clear caches",,,"Linkwell Health","Anthem: Disease Management - Winter 2017"
2017-09-18,"Adam Hoyle",0.5,"fix typo per Omo, clear cache",,,"Linkwell Health","Anthem: Disease Management - Winter 2017"
2017-09-18,"Adam Hoyle",0.5,"call w/ Omo to clarify issues with Fall DM - slot #2 of COPD LR/HR emails",,,"Linkwell Health","Anthem: Disease Management - Winter 2017"
2017-09-18,"Adam Hoyle",1.25,"investigate issue reported by Omo with incorrect link in slot #2 of COPD LR/HR emails, respond with findings and fix",,,"Linkwell Health","Anthem: Disease Management - Winter 2017"
2017-09-11,"Adam Hoyle",1.25,"add to BC, update, push, clear, test, inform","update VZ formnums per Omo","Misc.","Linkwell Health","Anthem: Disease Management - Winter 2017"
2017-08-24,"Adam Hoyle",0.75,"call w/ Omo to discuss DM email images and clarify explain some things",,,"Linkwell Health","Anthem: Disease Management - Winter 2017"
2017-08-22,"Adam Hoyle",1.25,"update varblock module, deploy to stage, test","Add HR node ids to the DM module so the varblock displays the appropriate callout copy (long vs. short version)","Misc.","Linkwell Health","Anthem: Disease Management - Winter 2017"
2017-08-22,"Adam Hoyle",0.25,"review and update","Add additional VZ formnums","Misc.","Linkwell Health","Anthem: Disease Management - Winter 2017"
2017-08-22,"Adam Hoyle",1.5,"update content, links and add images to landing pages, test","Code landing pages","Misc.","Linkwell Health","Anthem: Disease Management - Winter 2017"
2017-08-22,"Adam Hoyle",1.0,"update spreadsheet w/ landing page URLs and nids, create landing page placeholders and add articles to each","Add all content to LMS and update spreadsheet (Use Obscure URLs! – SEE NOTE)","Misc.","Linkwell Health","Anthem: Disease Management - Winter 2017"
2017-12-07,"Adam Hoyle",0.5,"tweak font sizes on quick tips",,,"Linkwell Health","Anthem: DM Monthly Emails"
2017-11-28,"Adam Hoyle",0.75,"cut new images, add anchors to blocks, test, send","Create articles, code custom blocks, create email images (see comment)","DM Monthly - December","Linkwell Health","Anthem: DM Monthly Emails"
2017-11-28,"Adam Hoyle",4.75,"","Create articles, code custom blocks, create email images (see comment)","DM Monthly - December","Linkwell Health","Anthem: DM Monthly Emails"
2017-11-20,"Adam Hoyle",0.75,"review notes, refresh on requirements, update BC, start planning attack",,,"Linkwell Health","Anthem: DM Monthly Emails"
2017-09-08,"Adam Hoyle",0.5,"call w/ Omo re: coupons link and Living Well link in templates and ability to hide",,,"Linkwell Health","Anthem: DM Monthly Emails"
2017-08-30,"Adam Hoyle",0.25,"review and send updates","Design for email and article page (see comment)","Design...","Linkwell Health","Anthem: DM Monthly Emails"
2017-08-30,"Adam Hoyle",0.25,"call w/ Omo re: feedback","Design for email and article page (see comment)","Design...","Linkwell Health","Anthem: DM Monthly Emails"
2017-08-30,"Adam Hoyle",0.25,"review and send","Design for email and article page (see comment)","Design...","Linkwell Health","Anthem: DM Monthly Emails"
2017-08-30,"Adam Hoyle",0.5,"call w/ Omo to clarify, add notes to BC",,,"Linkwell Health","Anthem: DM Monthly Emails"
2017-08-28,"Adam Hoyle",0.25,"call w/ Omo",,,"Linkwell Health","Anthem: DM Monthly Emails"
2017-08-28,"Adam Hoyle",0.5,"review notes, add to BC",,,"Linkwell Health","Anthem: DM Monthly Emails"
2017-10-26,"Adam Hoyle",0.25,"review and send","Design comps showing HLE with AvMed branding","Misc.","Linkwell Health","AvMed"
2017-10-25,"Adam Hoyle",0.25,"review and send","Design comps showing HLE with AvMed branding","Misc.","Linkwell Health","AvMed"
2017-11-10,"Adam Hoyle",0.5,"review Omo's notes, email reply, update BC",,,"Linkwell Health","B'link Alaska"
2017-12-22,"Adam Hoyle",0.5,"troubleshoot and reply to Omo about missing topics",,,"Linkwell Health","B'link Dev./Misc."
2017-10-24,"Adam Hoyle",0.5,"investigate issue reported by Omo re: links and orphans, respond to emai;",,,"Linkwell Health","B'link Dev./Misc."
2017-09-26,"Adam Hoyle",0.25,"confirm IP exclusions, respond to Omo",,,"Linkwell Health","B'link Dev./Misc."
2017-08-31,"Adam Hoyle",0.5,"check reports, update schedule to monthly, add Omo and Steve","Setup automatic monthly email analytics reports","Misc.","Linkwell Health","B'link Dev./Misc."
2017-08-30,"Adam Hoyle",0.75,"update all reports with date ""previous month"" range and tweak some of the parameters","Setup automatic monthly email analytics reports","Misc.","Linkwell Health","B'link Dev./Misc."
2017-08-29,"Adam Hoyle",0.5,"edit Esco report, send as example to Omo w/ notes","Setup automatic monthly email analytics reports","Misc.","Linkwell Health","B'link Dev./Misc."
2017-08-29,"Adam Hoyle",0.25,"review reports and note tweaks for next test","Setup automatic monthly email analytics reports","Misc.","Linkwell Health","B'link Dev./Misc."
2017-08-28,"Adam Hoyle",1.25,"first pass on report setup, set to daily for testing, added all reports from Omo's notes","Setup automatic monthly email analytics reports","Misc.","Linkwell Health","B'link Dev./Misc."
2017-08-25,"Adam Hoyle",1.25,"begin report creation and email notification setup for first batch","Setup automatic monthly email analytics reports","Misc.","Linkwell Health","B'link Dev./Misc."
2017-08-23,"Adam Hoyle",0.5,"review notes from Omo and update BC","Setup automatic monthly email analytics reports","Misc.","Linkwell Health","B'link Dev./Misc."
2017-07-12,"Adam Hoyle",0.25,"tested GA conditional deployment on prod",,,"Linkwell Health","B'link Dev./Misc."
2017-06-29,"Adam Hoyle",1.25,"cache clears and emails w/ Kim",,,"Linkwell Health","B'link Dev./Misc."
2017-06-27,"Adam Hoyle",0.5,"test B'link for asset preview loading in own window, reported by Kim. Cleared cache. Unable to reproduce.",,,"Linkwell Health","B'link Dev./Misc."
2017-06-26,"Adam Hoyle",0.25,"cache clears for Kim",,,"Linkwell Health","B'link Dev./Misc."
2017-06-26,"Adam Hoyle",0.5,"support for Kim re: access to ""topics on dev"", review permissions on prod and compare to dev, email Kim for clarification",,,"Linkwell Health","B'link Dev./Misc."
2017-06-22,"Adam Hoyle",0.25,"create new user account for Kim Jones",,,"Linkwell Health","B'link Dev./Misc."
2017-06-19,"Adam Hoyle",0.25,"disable/block ""hr-manager"" user account per Steve",,,"Linkwell Health","B'link Dev./Misc."
2017-06-07,"Adam Hoyle",0.25,"cache clears and email to Kim",,,"Linkwell Health","B'link Dev./Misc."
2017-05-22,"Adam Hoyle",0.5,"create screen recording to show Kim unpublished and published content",,,"Linkwell Health","B'link Dev./Misc."
2017-05-22,"Adam Hoyle",0.25,"respond to Kim re: unpublishing and clearing cache",,,"Linkwell Health","B'link Dev./Misc."
2017-05-22,"Adam Hoyle",0.5,"sync dev, stage, prod for Kim",,,"Linkwell Health","B'link Dev./Misc."
2017-05-22,"Adam Hoyle",0.5,"adjust permissions and respond to Kim about unpublishing nodes",,,"Linkwell Health","B'link Dev./Misc."
2017-05-19,"Adam Hoyle",0.5,"testing on stage and prod, check permissions, email Kim","Implement publishing/unpublishing feature for Categories, Topics and Assets.","Misc.","Linkwell Health","B'link Dev./Misc."
2017-05-17,"Adam Hoyle",0.75,"implement on staging","Implement publishing/unpublishing feature for Categories, Topics and Assets.","Misc.","Linkwell Health","B'link Dev./Misc."
2017-05-17,"Adam Hoyle",0.25,"email Kim, update BC with notes","Implement publishing/unpublishing feature for Categories, Topics and Assets.","Misc.","Linkwell Health","B'link Dev./Misc."
2017-05-15,"Adam Hoyle",0.75,"add components, research sharing options, stylize","Setup automatic monthly email analytics reports","Misc.","Linkwell Health","B'link Dev./Misc."
2017-05-12,"Adam Hoyle",1.25,"initial report setup, adding dashboard components","Setup automatic monthly email analytics reports","Misc.","Linkwell Health","B'link Dev./Misc."
2017-05-11,"Adam Hoyle",0.5,"document notes, attempt to reproduce, followups","Investigate search bug reported by Kim related to searching on titles","Misc.","Linkwell Health","B'link Dev./Misc."
2017-05-10,"Adam Hoyle",0.75,"research and experiment with Data Studio","Setup automatic monthly email analytics reports","Misc.","Linkwell Health","B'link Dev./Misc."
2017-03-14,"Adam Hoyle",4.25,"QA and misc. project coordination, todos, image previews, emails with Kim",,,"Linkwell Health","B'link Dev./Misc."
2017-03-13,"Adam Hoyle",4.25,"misc. project coordination, QA and emails",,,"Linkwell Health","B'link Dev./Misc."
2017-03-10,"Adam Hoyle",0.75,"browser and OS testing via browserstack",,,"Linkwell Health","B'link Dev./Misc."
2017-03-08,"Adam Hoyle",0.5,"","Roles and Permissiosn","Development","Linkwell Health","B'link Dev./Misc."
2017-03-08,"Adam Hoyle",0.75,"site review and QA handoff call w/ Kim, Katie and Steve",,,"Linkwell Health","B'link Dev./Misc."
2017-03-08,"Adam Hoyle",0.5,"update image previews for Kim",,,"Linkwell Health","B'link Dev./Misc."
2017-03-07,"Adam Hoyle",3.25,"project coordination, content review, asset preview comps and communication with client",,,"Linkwell Health","B'link Dev./Misc."
2017-03-07,"Adam Hoyle",0.5,"review remaining todos w/ Kyle, Jay, Nicole",,,"Linkwell Health","B'link Dev./Misc."
2017-03-01,"Adam Hoyle",1.0,"call w/ Katie and Kim re: HRIAB progress and questions",,,"Linkwell Health","B'link Dev./Misc."
2017-02-24,"Adam Hoyle",0.75,"call w/ Katie re: HTML emails and HRIAB content, deadlines, changes, etc.",,,"Linkwell Health","B'link Dev./Misc."
2017-02-03,"Adam Hoyle",0.5,"review notes and feedback, update BC",,,"Linkwell Health","B'link Dev./Misc."
2017-01-24,"Adam Hoyle",0.25,"review HRIAB heirarchy and taxonomy to prep for call",,,"Linkwell Health","B'link Dev./Misc."
2017-01-24,"Adam Hoyle",0.75,"call w/ Katie re: HRIAB heirarchy and taxonomy",,,"Linkwell Health","B'link Dev./Misc."
2017-01-05,"Adam Hoyle",0.75,"review taxonomy/card sort from Katie, call w/ Katie",,,"Linkwell Health","B'link Dev./Misc."
2017-01-04,"Adam Hoyle",0.5,"call w/ Steve, Katie, followup notes",,,"Linkwell Health","B'link Dev./Misc."
2017-01-04,"Adam Hoyle",0.75,"review design specs and dev site",,,"Linkwell Health","B'link Dev./Misc."
2016-12-20,"Adam Hoyle",1.0,"call w/ Steve and Katie to review designs",,,"Linkwell Health","B'link Dev./Misc."
2016-12-08,"Adam Hoyle",1.0,"call w/ Katie and Steve re: user stories",,,"Linkwell Health","B'link Dev./Misc."
2016-12-05,"Adam Hoyle",0.5,"discuss asset list page and sketch wires",,,"Linkwell Health","B'link Dev./Misc."
2016-10-28,"Adam Hoyle",0.25,"updates","Create a sitemap based on their design","Design","Linkwell Health","B'link Dev./Misc."
2016-10-27,"Adam Hoyle",1.0,"Updates to sitemap and send to Steve",,,"Linkwell Health","B'link Dev./Misc."
2016-10-12,"Adam Hoyle",1.5,"kickoff call w/ Steve and team",,,"Linkwell Health","B'link Dev./Misc."
2016-08-23,"Adam Hoyle",0.25,"review and send comps",,,"Linkwell Health","B'link Dev./Misc."
2016-08-22,"Adam Hoyle",1.0,"meet w/ Jay to review comps, call w/ Steve",,,"Linkwell Health","B'link Dev./Misc."
2016-08-22,"Adam Hoyle",0.25,"review emails and attachments/notes from Steve",,,"Linkwell Health","B'link Dev./Misc."
2016-08-03,"Adam Hoyle",0.25,"review and send HR in a Box",,,"Linkwell Health","B'link Dev./Misc."
2016-08-02,"Adam Hoyle",0.5,"call w/ Steve to review direction",,,"Linkwell Health","B'link Dev./Misc."
2016-08-01,"Adam Hoyle",0.75,"kickoff with Jay",,,"Linkwell Health","B'link Dev./Misc."
2017-12-08,"Adam Hoyle",1.0,"","Review and fix email OFT line break issues per Omo","Misc.","Linkwell Health","B'link Phase 2"
2017-12-07,"Adam Hoyle",1.0,"test and deploy site speed improvements",,,"Linkwell Health","B'link Phase 2"
2017-12-05,"Adam Hoyle",0.5,"review and test speed issues and Kyle",,,"Linkwell Health","B'link Phase 2"
2017-12-05,"Adam Hoyle",0.75,"research timing and doc ready vs. load","Implement ""deep links"" for categories and topics (est. 50 hours)","Dev.","Linkwell Health","B'link Phase 2"
2017-12-05,"Adam Hoyle",1.25,"","Google Analytics Adjustments (see comment)","Dev.","Linkwell Health","B'link Phase 2"
2017-12-05,"Adam Hoyle",0.5,"check lag reported by omo, enable cache, respond to email",,,"Linkwell Health","B'link Phase 2"
2017-12-05,"Adam Hoyle",0.5,"review and send","Design a temporary pop-up survey (see comment for details)","Dev.","Linkwell Health","B'link Phase 2"
2017-12-04,"Adam Hoyle",0.5,"review w/ Mike, Kyle, Jay","Design a temporary pop-up survey (see comment for details)","Dev.","Linkwell Health","B'link Phase 2"
2017-12-01,"Adam Hoyle",0.25,"","Reduce the height of the hero image so that the gradient box looks more like a box than a rectangle (see comment)","B'link Styling QA","Linkwell Health","B'link Phase 2"
2017-12-01,"Adam Hoyle",0.25,"","Adjust the line break on the homepage to avoid the widow in the sentence under ""Your easy guide"".","B'link Styling QA","Linkwell Health","B'link Phase 2"
2017-11-30,"Adam Hoyle",0.5,"review client's QA/feedback and add to BC",,,"Linkwell Health","B'link Phase 2"
2017-11-22,"Adam Hoyle",0.5,"QA styling updates",,,"Linkwell Health","B'link Phase 2"
2017-11-16,"Adam Hoyle",0.25,"firedrill with new topics not appearing on prod (just needed to wait for Varnish clear to complete)",,,"Linkwell Health","B'link Phase 2"
2017-11-15,"Adam Hoyle",0.25,"review new categories added to staging",,,"Linkwell Health","B'link Phase 2"
2017-11-15,"Adam Hoyle",0.75,"review notes, test and recreate, troubleshoot, add to BC","Deep links for newly added categories and topics don't work (see comment)","Deep Linking QA","Linkwell Health","B'link Phase 2"
2017-11-14,"Adam Hoyle",0.25,"","Implement design updates to align with new branding (see comment)","Dev.","Linkwell Health","B'link Phase 2"
2017-11-13,"Adam Hoyle",0.25,"test back button per Omo and respond",,,"Linkwell Health","B'link Phase 2"
2017-11-09,"Adam Hoyle",0.5,"BrowserStack testing","Implement ""deep links"" for categories and topics (est. 50 hours)","Dev.","Linkwell Health","B'link Phase 2"
2017-11-09,"Adam Hoyle",0.75,"QA","Implement ""deep links"" for categories and topics (est. 50 hours)","Dev.","Linkwell Health","B'link Phase 2"
2017-11-08,"Adam Hoyle",0.25,"","Implement design updates to align with new branding (see comment)","Dev.","Linkwell Health","B'link Phase 2"
2017-11-07,"Adam Hoyle",0.25,"review designs, email Omo","Implement design updates to align with new branding (see comment)","Dev.","Linkwell Health","B'link Phase 2"
2017-11-07,"Adam Hoyle",0.5,"review comps, update BC, respond to Omo","Implement design updates to align with new branding (see comment)","Dev.","Linkwell Health","B'link Phase 2"
2017-11-07,"Adam Hoyle",1.25,"research analytics and respond to Omo re: Event questions","Implement Google Analytics Event Tracking (est. 8 hours)","Dev.","Linkwell Health","B'link Phase 2"
2017-11-03,"Adam Hoyle",0.25,"","Add display:none; to the Share button so it's not visible but we can still inspect to get the topic deep links","Deep Linking QA","Linkwell Health","B'link Phase 2"
2017-11-02,"Adam Hoyle",1.0,"research survey popup options, estimate, draft email response to omo",,,"Linkwell Health","B'link Phase 2"
2017-11-01,"Adam Hoyle",2.0,"QA",,,"Linkwell Health","B'link Phase 2"
2017-11-01,"Adam Hoyle",0.25,"review, update and send estimate to Omo","Design comps for B'link Blog (See comment)","Misc.","Linkwell Health","B'link Phase 2"
2017-10-20,"Adam Hoyle",0.25,"test orphan opening in new window","Implement ""Orphan Link"" file download field and toggle (est. 8 hours)","Dev.","Linkwell Health","B'link Phase 2"
2017-10-16,"Adam Hoyle",0.5,"respond to Omo's questions about user research for icons and link placement","Implement ""deep links"" for categories and topics (est. 50 hours)","Dev.","Linkwell Health","B'link Phase 2"
2017-10-13,"Adam Hoyle",0.5,"review notes, update BC","Implement design updates to align with new branding (see comment)","Dev.","Linkwell Health","B'link Phase 2"
2017-10-12,"Adam Hoyle",0.5,"discuss comps w/ Kyle, review and send to Omo with email explaination","Implement ""deep links"" for categories and topics (est. 50 hours)","Dev.","Linkwell Health","B'link Phase 2"
2017-10-05,"Adam Hoyle",0.75,"troubleshoot non-clicking assets",,,"Linkwell Health","B'link Phase 2"
2017-10-03,"Adam Hoyle",0.5,"review click-through, email Omo","Implement ""deep links"" for categories and topics (est. 50 hours)","Dev.","Linkwell Health","B'link Phase 2"
2017-09-28,"Adam Hoyle",0.5,"update to add share to all topics","Implement ""deep links"" for categories and topics (est. 50 hours)","Dev.","Linkwell Health","B'link Phase 2"
2017-09-28,"Adam Hoyle",1.75,"design comps for deep linking","Implement ""deep links"" for categories and topics (est. 50 hours)","Dev.","Linkwell Health","B'link Phase 2"
2017-09-28,"Adam Hoyle",0.75,"meet w/ Kyle and Mike, email comm. and updates to Omo","Implement ""deep links"" for categories and topics (est. 50 hours)","Dev.","Linkwell Health","B'link Phase 2"
2017-09-27,"Adam Hoyle",0.25,"test and send","Update ""Flyer/Poster"" with TWO download CTAs - one for instructions, one for the asset (see comment for notes) (est. 16 hours)","Dev.","Linkwell Health","B'link Phase 2"
2017-09-27,"Adam Hoyle",0.5,"type notes to Omo","Implement ""deep links"" for categories and topics (est. 50 hours)","Dev.","Linkwell Health","B'link Phase 2"
2017-09-27,"Adam Hoyle",0.5,"discuss deep linking w/ Mike and Kyle","Implement ""deep links"" for categories and topics (est. 50 hours)","Dev.","Linkwell Health","B'link Phase 2"
2017-09-15,"Adam Hoyle",0.25,"test on prod, email omo","Implement ""Orphan Link"" file download field and toggle (est. 8 hours)","Dev.","Linkwell Health","B'link Phase 2"
2017-09-13,"Adam Hoyle",1.0,"QA stage","Implement ""Orphan Link"" file download field and toggle (est. 8 hours)","Dev.","Linkwell Health","B'link Phase 2"
2017-09-13,"Adam Hoyle",0.5,"review notes from Omo, update BC, respond to email","Implement ""deep links"" for categories and topics (est. 50 hours)","Dev.","Linkwell Health","B'link Phase 2"
2017-09-07,"Adam Hoyle",0.5,"BC updates",,,"Linkwell Health","B'link Phase 2"
2017-09-06,"Adam Hoyle",0.25,"call w/ Omo re: fallback",,,"Linkwell Health","B'link Phase 2"
2017-09-06,"Adam Hoyle",0.25,"meet w/ Mike and Kyle to kickoff",,,"Linkwell Health","B'link Phase 2"
2017-09-05,"Adam Hoyle",0.75,"review notes from Omo, update BC, respond to her email",,,"Linkwell Health","B'link Phase 2"
2017-06-26,"Adam Hoyle",0.5,"troubleshoot and research issues with flyouts related to GA and domains, add to BC","Implement Google Analytics Event Tracking (est. 8 hours)","Dev.","Linkwell Health","B'link Phase 2"
2017-06-26,"Adam Hoyle",0.5,"","Setup Pingdom daily report for B'link","Misc.","Linkwell Health","B'link Phase 2"
2017-06-22,"Adam Hoyle",0.25,"check code and email client","Add Marketo tracking code","Dev.","Linkwell Health","B'link Phase 2"
2017-06-21,"Adam Hoyle",0.75,"call w/ Steve to review","Implement Google Analytics Event Tracking (est. 8 hours)","Dev.","Linkwell Health","B'link Phase 2"
2017-06-21,"Adam Hoyle",0.75,"setup pingdom check and configure daily email reporting","Setup Pingdom daily report for B'link","Misc.","Linkwell Health","B'link Phase 2"
2017-06-19,"Adam Hoyle",0.5,"test, email Linkwell","Implement Google Analytics Event Tracking (est. 8 hours)","Dev.","Linkwell Health","B'link Phase 2"
2017-06-19,"Adam Hoyle",0.25,"review","Implement Google Analytics Event Tracking (est. 8 hours)","Dev.","Linkwell Health","B'link Phase 2"
2017-06-09,"Adam Hoyle",0.5,"create 4th category to confirm horizontal scrollbar, test, respond to Steve and Kim",,,"Linkwell Health","B'link Phase 2"
2017-05-17,"Adam Hoyle",0.25,"research LoE for publishing/unpublish categories, topics and assets",,,"Linkwell Health","B'link Phase 2"
2017-05-15,"Adam Hoyle",0.75,"review and adjust timeline, respond to Kim, add to BC","Calendarize Phase 2 work (see comment)","Misc.","Linkwell Health","B'link Phase 2"
2017-05-10,"Adam Hoyle",0.5,"review hours and estimates and respond to Steve",,,"Linkwell Health","B'link Phase 2"
2017-04-25,"Adam Hoyle",1.5,"call with Jay, Steve, and Kim regarding phase 2 requirements",,,"Linkwell Health","B'link Phase 2"
2017-04-18,"Adam Hoyle",0.5,"Look into Kim's B'link analytics question and respond via email",,,"Linkwell Health","B'link QA"
2017-04-07,"Adam Hoyle",0.25,"Look into adding Premera as a GA user, email Steve and Kim",,,"Linkwell Health","B'link QA"
2017-04-06,"Adam Hoyle",0.75,"QA firedrill with empty search fix",,,"Linkwell Health","B'link QA"
2017-03-29,"Adam Hoyle",0.25,"","Replace Guide PDF","Linkwell QA","Linkwell Health","B'link QA"
2017-03-28,"Adam Hoyle",0.25,"Deploy code from dev to prod, clear caches and varnish, check analytics, email Kim",,,"Linkwell Health","B'link QA"
2017-03-28,"Adam Hoyle",0.25,"Deploy code from dev to prod, clear caches and varnish, enable production mode.",,,"Linkwell Health","B'link QA"
2017-03-27,"Adam Hoyle",0.75,"misc. QA and email comm. w/ Kim",,,"Linkwell Health","B'link QA"
2017-03-24,"Adam Hoyle",0.5,"Setup and troubleshooting","Set up Google Analytics property under LWH account when domain is finalized","Linkwell QA","Linkwell Health","B'link QA"
2017-03-24,"Adam Hoyle",0.5,"update email test, review other todos, send status update to Kim",,,"Linkwell Health","B'link QA"
2017-03-24,"Adam Hoyle",0.75,"add final domains to Acquia, check DNS, email Kim about them pointing to the wrong IP",,,"Linkwell Health","B'link QA"
2017-03-24,"Adam Hoyle",0.25,"","New download guide - previous one had a type","Linkwell QA","Linkwell Health","B'link QA"
2017-03-23,"Adam Hoyle",7.25,"QA, load testing, call w/ Premera",,,"Linkwell Health","B'link QA"
2017-03-22,"Adam Hoyle",4.0,"adjusting test settings for 1000vu, reviewing stack view, adjusting cache settings, rerunning tests","Load Testing","Linkwell QA","Linkwell Health","B'link QA"
2017-03-22,"Adam Hoyle",2.5,"Configure, run, tweak load tests","Load Testing","Linkwell QA","Linkwell Health","B'link QA"
2017-03-22,"Adam Hoyle",3.0,"review QA items with Kyle, update to-dos and respond to emails",,,"Linkwell Health","B'link QA"
2017-03-21,"Adam Hoyle",2.0,"Emails, QA and client communication",,,"Linkwell Health","B'link QA"
2017-03-21,"Adam Hoyle",0.75,"Reviewing and responding to QA todos, project coordination and emails",,,"Linkwell Health","B'link QA"
2017-03-20,"Adam Hoyle",0.5,"Review new todos, respond to Kim",,,"Linkwell Health","B'link QA"
2017-03-20,"Adam Hoyle",1.25,"emailing re: image dimensions w/ Kim jones, investigate OFT file download in IE11",,,"Linkwell Health","B'link QA"
2017-03-20,"Adam Hoyle",2.0,"QA todos, project coordination and emails, image dimensions and responses to Kim",,,"Linkwell Health","B'link QA"
2017-03-16,"Adam Hoyle",1.25,"QA todos, project coordination and emails",,,"Linkwell Health","B'link QA"
2017-03-15,"Adam Hoyle",1.5,"review new todos and QA, client emails, update footer link, investigate button styles",,,"Linkwell Health","B'link QA"
2017-03-14,"Adam Hoyle",3.0,"qa, todos and client emails",,,"Linkwell Health","B'link QA"
2017-03-10,"Adam Hoyle",0.75,"Project coordination and QA",,,"Linkwell Health","B'link QA"
2017-04-18,"Adam Hoyle",0.75,"take 2... disucss w/ Mike, test, transfer redirects, email steve","Switch to running the site at GetGoodLiving.com","Misc.","Linkwell Health","Baby Blue Prints"
2017-04-18,"Adam Hoyle",0.5,"test and add QA note re: articles being the homepage with custom domains","Switch to running the site at GetGoodLiving.com","Misc.","Linkwell Health","Baby Blue Prints"
2017-04-12,"Adam Hoyle",0.75,"","Switch to running the site at GetGoodLiving.com","Misc.","Linkwell Health","Baby Blue Prints"
2017-03-28,"Adam Hoyle",0.25,"add coupons and test headings, clear cache, email client","Coding for approved landing page","Misc.","Linkwell Health","Baby Blue Prints"
2017-03-28,"Adam Hoyle",0.5,"convert blog post to article, update landing page with new image, update copy, add articles to page",,,"Linkwell Health","Baby Blue Prints"
2017-03-28,"Adam Hoyle",0.25,"Update copy, sidebar nav title","Coding for approved landing page","Misc.","Linkwell Health","Baby Blue Prints"
2017-03-28,"Adam Hoyle",0.25,"","Set up redirect for getgoodliving.com/baby --> baby blues landing page","Misc.","Linkwell Health","Baby Blue Prints"
2017-02-07,"Adam Hoyle",0.5,"get schedule from Katie, review, update BC",,,"Linkwell Health","Baby Blue Prints"
2017-12-27,"Adam Hoyle",0.25,"respond to Jennifer re: feed vs. site",,,"Linkwell Health","BCBS Michigan"
2017-12-19,"Adam Hoyle",0.75,"assign articles, troubleshoot, test","Create JSON feed for BCBS Michigan","Misc.","Linkwell Health","BCBS Michigan"
2017-12-19,"Adam Hoyle",1.5,"","Create new plan site for BCBS Michigan","Misc.","Linkwell Health","BCBS Michigan"
2017-04-03,"Adam Hoyle",1.0,"call w/ Steve and Jay re: deliverables...",,,"Linkwell Health","Change Healthcare"
2017-02-27,"Adam Hoyle",0.75,"type notes for slide deck process",,,"Linkwell Health","Change Healthcare"
2017-02-24,"Adam Hoyle",1.0,"call w/ Toni, Steve re: plan and deliverables",,,"Linkwell Health","Change Healthcare"
2017-02-23,"Adam Hoyle",0.5,"Review notes, edit deliverables list, email Steve",,,"Linkwell Health","Change Healthcare"
2016-01-26,"Adam Hoyle",1.75,"Review and edit outline, discuss w/ Mike, email Steve",,,"Linkwell Health","Client-Facing LMS"
2016-01-25,"Adam Hoyle",0.5,"discuss issues w/ Mike",,,"Linkwell Health","Client-Facing LMS"
2016-01-20,"Adam Hoyle",0.75,"call w/ Steve to discuss misc. items and proposed plan for IBX MVP",,,"Linkwell Health","Client-Facing LMS"
2016-01-19,"Adam Hoyle",1.0,"Planning meeting w/ Mike",,,"Linkwell Health","Client-Facing LMS"
2016-09-16,"Adam Hoyle",0.5,"Test GA event tracking",,,"Linkwell Health","Digital Activation Campaign"
2016-09-09,"Adam Hoyle",0.75,"troubleshoot and fix GA goal tracking",,,"Linkwell Health","Digital Activation Campaign"
2016-08-30,"Adam Hoyle",0.25,"call w/ Katie",,,"Linkwell Health","Digital Activation Campaign"
2016-08-30,"Adam Hoyle",1.5,"setup goal URLs for DAC, test and review pages on prod",,,"Linkwell Health","Digital Activation Campaign"
2016-08-29,"Adam Hoyle",1.25,"Test DAC and assemble list of test URLs, update email image",,,"Linkwell Health","Digital Activation Campaign"
2016-08-25,"Adam Hoyle",2.5,"QA",,,"Linkwell Health","Digital Activation Campaign"
2016-08-23,"Adam Hoyle",0.75,"organize copy and disclaimers for sites, review designs, update notes, emails w/ Katie",,,"Linkwell Health","Digital Activation Campaign"
2016-08-22,"Adam Hoyle",0.5,"organize specs, meet w/ Mike",,,"Linkwell Health","Digital Activation Campaign"
2016-08-22,"Adam Hoyle",0.5,"review emails and notes, update basecamp",,,"Linkwell Health","Digital Activation Campaign"
2017-01-12,"Adam Hoyle",1.0,"coupon updates",,,"Linkwell Health","Disease Management - Fall 2016"
2016-10-03,"Adam Hoyle",0.5,"offer image and redirect updates",,,"Linkwell Health","Disease Management - Fall 2016"
2016-09-29,"Adam Hoyle",0.75,"update tout text copy per Katie (add period), had to re-install xcode because Sierra broke Git)",,,"Linkwell Health","Disease Management - Fall 2016"
2016-09-28,"Adam Hoyle",0.5,"offer image and redirect updates",,,"Linkwell Health","Disease Management - Fall 2016"
2016-09-08,"Adam Hoyle",0.5,"find and fix missing fall DM landing page images",,,"Linkwell Health","Disease Management - Fall 2016"
2016-09-06,"Adam Hoyle",0.5,"","Cut email image assets and send to Linkwell","General","Linkwell Health","Disease Management - Fall 2016"
2016-09-01,"Adam Hoyle",3.0,"finalize DM landing pages, check all articles, map HR/LP nids",,,"Linkwell Health","Disease Management - Fall 2016"
2016-08-31,"Adam Hoyle",0.5,"email comm. w/ Katie",,,"Linkwell Health","Disease Management - Fall 2016"
2016-08-31,"Adam Hoyle",0.75,"review DM content",,,"Linkwell Health","Disease Management - Fall 2016"
2016-08-30,"Adam Hoyle",0.5,"review landing page images and copy",,,"Linkwell Health","Disease Management - Fall 2016"
2016-08-30,"Adam Hoyle",0.25,"tokenize the Living Well email image",,,"Linkwell Health","Disease Management - Fall 2016"
2016-08-29,"Adam Hoyle",0.5,"Review updated comps and send to Linkwell",,,"Linkwell Health","Disease Management - Fall 2016"
2016-08-29,"Adam Hoyle",0.25,"cut and send Living Well email image to Katie",,,"Linkwell Health","Disease Management - Fall 2016"
2016-08-24,"Adam Hoyle",0.5,"review and send revised DM comps",,,"Linkwell Health","Disease Management - Fall 2016"
2016-08-23,"Adam Hoyle",0.5,"review comps and type notes",,,"Linkwell Health","Disease Management - Fall 2016"
2016-08-12,"Adam Hoyle",0.25,"review and send comps",,,"Linkwell Health","Disease Management - Fall 2016"
2016-08-11,"Adam Hoyle",0.5,"review DM comps and post feedback",,,"Linkwell Health","Disease Management - Fall 2016"
2016-08-10,"Adam Hoyle",0.5,"project setup",,,"Linkwell Health","Disease Management - Fall 2016"
2016-09-02,"Adam Hoyle",0.5,"coupon and redirect update",,,"Linkwell Health","Disease Management - Q2/Summer - 2016"
2016-08-18,"Adam Hoyle",0.5,"coupon and redirect update",,,"Linkwell Health","Disease Management - Q2/Summer - 2016"
2016-08-09,"Adam Hoyle",0.5,"update, deploy, test copy edit on DM tout",,,"Linkwell Health","Disease Management - Q2/Summer - 2016"
2016-08-03,"Adam Hoyle",0.25,"coupon and redirect update",,,"Linkwell Health","Disease Management - Q2/Summer - 2016"
2016-07-21,"Adam Hoyle",0.5,"update coupon images and redirects AGAIN",,,"Linkwell Health","Disease Management - Q2/Summer - 2016"
2016-07-19,"Adam Hoyle",0.5,"update coupon images and redirects",,,"Linkwell Health","Disease Management - Q2/Summer - 2016"
2016-07-11,"Adam Hoyle",0.5,"coupon update",,,"Linkwell Health","Disease Management - Q2/Summer - 2016"
2016-07-06,"Adam Hoyle",0.5,"coupon update",,,"Linkwell Health","Disease Management - Q2/Summer - 2016"
2016-07-06,"Adam Hoyle",0.75,"add new program number 22 for Personal Health Coach",,,"Linkwell Health","Disease Management - Q2/Summer - 2016"
2016-06-29,"Adam Hoyle",0.75,"create DAC placeholder landing page, confirmation page, and email image assets",,,"Linkwell Health","Disease Management - Q2/Summer - 2016"
2016-06-29,"Adam Hoyle",0.25,"discuss DAC with Mike and Kyle",,,"Linkwell Health","Disease Management - Q2/Summer - 2016"
2016-06-22,"Adam Hoyle",1.25,"review blueprint doc and take notes",,,"Linkwell Health","Disease Management - Q2/Summer - 2016"
2016-06-10,"Adam Hoyle",0.25,"troubleshoot and respond re: DM issue per Katie",,,"Linkwell Health","Disease Management - Q2/Summer - 2016"
2016-06-10,"Adam Hoyle",0.75,"review, test and delivery DM updates",,,"Linkwell Health","Disease Management - Q2/Summer - 2016"
2016-06-09,"Adam Hoyle",0.5,"test prod deployment",,,"Linkwell Health","Disease Management - Q2/Summer - 2016"
2016-06-07,"Adam Hoyle",1.5,"final testing on staging, re-test MMO and HW, create test link list, review code, email Katie",,,"Linkwell Health","Disease Management - Q2/Summer - 2016"
2016-06-07,"Adam Hoyle",0.5,"test DM blocks w/ Kyle",,,"Linkwell Health","Disease Management - Q2/Summer - 2016"
2016-06-03,"Adam Hoyle",0.25,"review DM blocks w/ Kyle",,,"Linkwell Health","Disease Management - Q2/Summer - 2016"
2016-06-02,"Adam Hoyle",0.75,"prep, then call w/ Katie and meet w/ Kyle re: DM blocks",,,"Linkwell Health","Disease Management - Q2/Summer - 2016"
2016-05-31,"Adam Hoyle",0.5,"review current state, check to-dos on what's remaining",,,"Linkwell Health","Disease Management - Q2/Summer - 2016"
2016-05-06,"Adam Hoyle",1.0,"update module with nids",,,"Linkwell Health","Disease Management - Q2/Summer - 2016"
2016-04-13,"Adam Hoyle",0.75,"print DM/HW comps, meet w/ Kyle to review changes.",,,"Linkwell Health","Disease Management - Q2/Summer - 2016"
2016-04-08,"Adam Hoyle",0.25,"look into program names per Steve (use of ""The"")",,,"Linkwell Health","Disease Management - Q2/Summer - 2016"
2016-04-08,"Adam Hoyle",2.0,"","(4) Cut email image assets and send to Linkwell","General Dev","Linkwell Health","Disease Management - Q2/Summer - 2016"
2016-04-06,"Adam Hoyle",0.25,"review feedback and comps, send to Steve",,,"Linkwell Health","Disease Management - Q2/Summer - 2016"
2016-04-05,"Adam Hoyle",1.5,"create placeholder images and redirects for DM and HW test send for SMC, call w/ Katie to review",,,"Linkwell Health","Disease Management - Q2/Summer - 2016"
2016-04-01,"Adam Hoyle",0.5,"call w/ Steve to review content matrix and URL params",,,"Linkwell Health","Disease Management - Q2/Summer - 2016"
2016-03-30,"Adam Hoyle",0.25,"review feedback",,,"Linkwell Health","Disease Management - Q2/Summer - 2016"
2016-03-18,"Adam Hoyle",1.0,"review content, create landing pages, send to LW",,,"Linkwell Health","Disease Management - Q2/Summer - 2016"
2016-02-22,"Adam Hoyle",0.5,"project review and setup",,,"Linkwell Health","Disease Management - Q2/Summer - 2016"
2016-11-11,"Adam Hoyle",0.25,"landing page updates",,,"Linkwell Health","Disease Management - Winter 2016"
2016-10-26,"Adam Hoyle",1.75,"finalize landing pages, update module with node IDs, tweak articles, QA",,,"Linkwell Health","Disease Management - Winter 2016"
2016-10-25,"Adam Hoyle",1.25,"Cut images, code and test pages","Code landing pages","General","Linkwell Health","Disease Management - Winter 2016"
2016-10-24,"Adam Hoyle",0.25,"review email designs",,,"Linkwell Health","Disease Management - Winter 2016"
2016-10-21,"Adam Hoyle",0.5,"review spreadsheet, create LPIDs and send back to Katie...",,,"Linkwell Health","Disease Management - Winter 2016"
2015-08-20,"Adam Hoyle",0.5,"change program name for VAR012=13, test, push live",,,"Linkwell Health","DONE: 12. Healthy Woman - Q2 2015"
2015-08-20,"Adam Hoyle",0.5,"update HW incentives, test and push live",,,"Linkwell Health","DONE: 12. Healthy Woman - Q2 2015"
2015-08-20,"Adam Hoyle",0.5,"Coupon image updates to replace expired FiberOne coupon, update redirects, test, email linkwell",,,"Linkwell Health","DONE: 12. Healthy Woman - Q2 2015"
2015-08-20,"Adam Hoyle",1.0,"incentive copy updates, deploy, test, add break, re-deploy, re-test, email",,,"Linkwell Health","DONE: 12. Healthy Woman - Q2 2015"
2015-08-19,"Adam Hoyle",1.0,"incentive copy updates, deploy, test",,,"Linkwell Health","DONE: 12. Healthy Woman - Q2 2015"
2015-08-17,"Adam Hoyle",0.75,"update incentive block copy HW definitions for 4 formnums, deploy, test",,,"Linkwell Health","DONE: 12. Healthy Woman - Q2 2015"
2015-08-10,"Adam Hoyle",2.75,"complete QA items and misc. update requests from Arun",,,"Linkwell Health","DONE: 12. Healthy Woman - Q2 2015"
2015-07-07,"Adam Hoyle",0.75,"QA",,,"Linkwell Health","DONE: 12. Healthy Woman - Q2 2015"
2015-07-07,"Adam Hoyle",1.5,"","Obscure ALL Healthy Woman URLs, not just email links.","General","Linkwell Health","DONE: 12. Healthy Woman - Q2 2015"
2015-06-11,"Adam Hoyle",0.25,"obscure secondary email article URLs",,,"Linkwell Health","DONE: 12. Healthy Woman - Q2 2015"
2015-06-11,"Adam Hoyle",0.5,"Obscure coupon images, email images and redirect URLs",,,"Linkwell Health","DONE: 12. Healthy Woman - Q2 2015"
2015-06-11,"Adam Hoyle",0.5,"initial checks for HW tokenization",,,"Linkwell Health","DONE: 12. Healthy Woman - Q2 2015"
2015-06-08,"Adam Hoyle",2.0,"type up summary of notes and required updates for tokenization",,,"Linkwell Health","DONE: 12. Healthy Woman - Q2 2015"
2015-06-08,"Adam Hoyle",0.75,"update landing page URLs to more obscure (tokenized) names, email Arun explanation...",,,"Linkwell Health","DONE: 12. Healthy Woman - Q2 2015"
2015-05-27,"Adam Hoyle",0.5,"review schedule and update basecamp",,,"Linkwell Health","DONE: 12. Healthy Woman - Q2 2015"
2015-05-11,"Adam Hoyle",0.5,"call w/ Steve",,,"Linkwell Health","DONE: 12. Healthy Woman - Q2 2015"
2015-04-22,"Adam Hoyle",0.25,"review and send email assets for HW",,,"Linkwell Health","DONE: 12. Healthy Woman - Q2 2015"
2015-04-15,"Adam Hoyle",0.5,"review and send designs",,,"Linkwell Health","DONE: 12. Healthy Woman - Q2 2015"
2015-04-09,"Adam Hoyle",0.25,"review and updated schedules and respond to Arun",,,"Linkwell Health","DONE: 12. Healthy Woman - Q2 2015"
2015-04-07,"Adam Hoyle",1.0,"review PDF, update basecamp with notes...",,,"Linkwell Health","DONE: 12. Healthy Woman - Q2 2015"
2015-08-05,"Adam Hoyle",3.0,"DM blast monitoring, cache and cache exclude adjustments",,,"Linkwell Health","DONE: 13. Disease Management - Q2 2015"
2015-08-04,"Adam Hoyle",0.5,"update yoplait coupon images per Katie",,,"Linkwell Health","DONE: 13. Disease Management - Q2 2015"
2015-08-04,"Adam Hoyle",1.25,"troubleshoot and fix broken image on landing pages, update all ""See All Coupons"" links per Katie",,,"Linkwell Health","DONE: 13. Disease Management - Q2 2015"
2015-08-03,"Adam Hoyle",1.5,"replace images for COPD HR and LR on landing pages and articles per Katie",,,"Linkwell Health","DONE: 13. Disease Management - Q2 2015"
2015-07-07,"Adam Hoyle",0.75,"QA",,,"Linkwell Health","DONE: 13. Disease Management - Q2 2015"
2015-07-07,"Adam Hoyle",1.5,"","Obscure ALL Disease Management URLs (not just email links)","Linkwell QA","Linkwell Health","DONE: 13. Disease Management - Q2 2015"
2015-06-11,"Adam Hoyle",0.75,"obscure remaining secondary email article URLs",,,"Linkwell Health","DONE: 13. Disease Management - Q2 2015"
2015-06-11,"Adam Hoyle",0.25,"obscure secondary email article URLs",,,"Linkwell Health","DONE: 13. Disease Management - Q2 2015"
2015-06-11,"Adam Hoyle",1.5,"Obscure coupon images, email images and redirect URLs",,,"Linkwell Health","DONE: 13. Disease Management - Q2 2015"
2015-06-08,"Adam Hoyle",0.75,"update landing page URLs to more obscure (tokenized) names, email Arun explanation...",,,"Linkwell Health","DONE: 13. Disease Management - Q2 2015"
2015-05-27,"Adam Hoyle",0.5,"review schedule and update basecamp",,,"Linkwell Health","DONE: 13. Disease Management - Q2 2015"
2015-05-08,"Adam Hoyle",0.25,"coordinate updates to email subject lines, review, send to Linkwell",,,"Linkwell Health","DONE: 13. Disease Management - Q2 2015"
2015-05-01,"Adam Hoyle",0.25,"review tokenization and process",,,"Linkwell Health","DONE: 13. Disease Management - Q2 2015"
2015-04-30,"Adam Hoyle",1.0,"call w/ Linkwell to discuss ""tokenization""",,,"Linkwell Health","DONE: 13. Disease Management - Q2 2015"
2015-04-20,"Adam Hoyle",0.5,"coupon placeholder images and URLs",,,"Linkwell Health","DONE: 13. Disease Management - Q2 2015"
2015-04-20,"Adam Hoyle",0.5,"review DM email image assets and send to Arun",,,"Linkwell Health","DONE: 13. Disease Management - Q2 2015"
2015-04-16,"Adam Hoyle",0.25,"review udpates, move to Linkwell server and send.",,,"Linkwell Health","DONE: 13. Disease Management - Q2 2015"
2015-04-14,"Adam Hoyle",0.25,"review comps and move to Linkwell server",,,"Linkwell Health","DONE: 13. Disease Management - Q2 2015"
2015-04-09,"Adam Hoyle",0.5,"weekly checkin call with Arun",,,"Linkwell Health","DONE: 13. Disease Management - Q2 2015"
2015-04-09,"Adam Hoyle",0.75,"review and send DM content URL spreadsheet to Linkwell",,,"Linkwell Health","DONE: 13. Disease Management - Q2 2015"
2015-04-09,"Adam Hoyle",0.25,"review DM comps and send.",,,"Linkwell Health","DONE: 13. Disease Management - Q2 2015"
2015-04-08,"Adam Hoyle",0.5,"call w/ Arun",,,"Linkwell Health","DONE: 13. Disease Management - Q2 2015"
2015-04-08,"Adam Hoyle",0.75,"discuss dev updates with John",,,"Linkwell Health","DONE: 13. Disease Management - Q2 2015"
2015-04-06,"Adam Hoyle",0.25,"review and process email copy for DM",,,"Linkwell Health","DONE: 13. Disease Management - Q2 2015"
2015-04-06,"Adam Hoyle",1.75,"project coordination",,,"Linkwell Health","DONE: 13. Disease Management - Q2 2015"
2015-04-01,"Adam Hoyle",0.5,"review and send updated clickthrough, move to Linkwell server",,,"Linkwell Health","DONE: 13. Disease Management - Q2 2015"
2015-04-01,"Adam Hoyle",0.5,"project coordination, clickthrough updates per Arun",,,"Linkwell Health","DONE: 13. Disease Management - Q2 2015"
2015-03-31,"Adam Hoyle",0.5,"final review and send comps",,,"Linkwell Health","DONE: 13. Disease Management - Q2 2015"
2015-03-31,"Adam Hoyle",0.75,"review designs",,,"Linkwell Health","DONE: 13. Disease Management - Q2 2015"
2015-03-26,"Adam Hoyle",0.5,"add notes and PDFs to BC for DM",,,"Linkwell Health","DONE: 13. Disease Management - Q2 2015"
2015-06-03,"Adam Hoyle",1.25,"monitoring and standby for second email drop, followups and emails",,,"Linkwell Health","DONE: 14. Mandated Q3 2015"
2015-06-01,"Adam Hoyle",2.75,"monitoring and standby for email drop, followups and emails",,,"Linkwell Health","DONE: 14. Mandated Q3 2015"
2015-05-29,"Adam Hoyle",0.5,"review comps for UHC, post, email",,,"Linkwell Health","DONE: 14. Mandated Q3 2015"
2015-05-28,"Adam Hoyle",0.5,"Update commset, clear caches, test, email Linkwell",,,"Linkwell Health","DONE: 14. Mandated Q3 2015"
2015-05-27,"Adam Hoyle",2.75,"mandated caching, testing, troubleshooting and client emails",,,"Linkwell Health","DONE: 14. Mandated Q3 2015"
2015-05-21,"Adam Hoyle",1.25,"project coordination, call with Jayme, call w/ Steve, client emails",,,"Linkwell Health","DONE: 14. Mandated Q3 2015"
2015-05-19,"Adam Hoyle",1.5,"respond to emails re: mandated",,,"Linkwell Health","DONE: 14. Mandated Q3 2015"
2015-05-18,"Adam Hoyle",2.0,"Mandated QA, review, coordination and emails",,,"Linkwell Health","DONE: 14. Mandated Q3 2015"
2015-05-14,"Adam Hoyle",2.0,"review feedback, update basecamp, troubleshoot display order of articles",,,"Linkwell Health","DONE: 14. Mandated Q3 2015"
2015-05-11,"Adam Hoyle",0.5,"troubleshoot and respond to Jayme re: Mandated URL testing",,,"Linkwell Health","DONE: 14. Mandated Q3 2015"
2015-05-08,"Adam Hoyle",0.25,"spot-check commsets, send to Linkwell",,,"Linkwell Health","DONE: 14. Mandated Q3 2015"
2015-05-08,"Adam Hoyle",0.5,"mandated call w/ Jayme",,,"Linkwell Health","DONE: 14. Mandated Q3 2015"
2015-05-08,"Adam Hoyle",1.5,"get jess started on commset creation, test additional links and draft email",,,"Linkwell Health","DONE: 14. Mandated Q3 2015"
2015-05-07,"Adam Hoyle",6.0,"QA and finalize",,,"Linkwell Health","DONE: 14. Mandated Q3 2015"
2015-05-05,"Adam Hoyle",0.25,"review mandated updates with John",,,"Linkwell Health","DONE: 14. Mandated Q3 2015"
2015-05-05,"Adam Hoyle",0.25,"review updated comps, move to Linkwell server",,,"Linkwell Health","DONE: 14. Mandated Q3 2015"
2015-05-05,"Adam Hoyle",1.5,"review commsets, respond to emails.",,,"Linkwell Health","DONE: 14. Mandated Q3 2015"
2015-05-04,"Adam Hoyle",3.25,"misc. email communication with client, update nodes with content changes from Jayme, review and send revised designs, project coordination",,,"Linkwell Health","DONE: 14. Mandated Q3 2015"
2015-05-01,"Adam Hoyle",0.25,"review mobile comps, send to linkwell",,,"Linkwell Health","DONE: 14. Mandated Q3 2015"
2015-05-01,"Adam Hoyle",0.75,"review mandated dev with john",,,"Linkwell Health","DONE: 14. Mandated Q3 2015"
2015-05-01,"Adam Hoyle",1.0,"download and organize mandated archiving screenshots. Spot-check and get Jess up to speed on full review.",,,"Linkwell Health","DONE: 14. Mandated Q3 2015"
2015-04-30,"Adam Hoyle",0.75,"status call",,,"Linkwell Health","DONE: 14. Mandated Q3 2015"
2015-04-29,"Adam Hoyle",0.5,"review updated article designs and post to basecamp",,,"Linkwell Health","DONE: 14. Mandated Q3 2015"
2015-04-29,"Adam Hoyle",0.25,"review article page updates and send to client",,,"Linkwell Health","DONE: 14. Mandated Q3 2015"
2015-04-29,"Adam Hoyle",2.0,"load testing prod clone",,,"Linkwell Health","DONE: 14. Mandated Q3 2015"
2015-04-28,"Adam Hoyle",2.75,"meet w/ John to review Mandated, misc. project coordination and client emails",,,"Linkwell Health","DONE: 14. Mandated Q3 2015"
2015-04-24,"Adam Hoyle",1.25,"status call",,,"Linkwell Health","DONE: 14. Mandated Q3 2015"
2015-04-24,"Adam Hoyle",0.5,"duplicate content",,,"Linkwell Health","DONE: 14. Mandated Q3 2015"
2015-04-23,"Adam Hoyle",0.75,"create value added article pages",,,"Linkwell Health","DONE: 14. Mandated Q3 2015"
2015-04-22,"Adam Hoyle",0.25,"troubleshoot load environment",,,"Linkwell Health","DONE: 14. Mandated Q3 2015"
2015-04-22,"Adam Hoyle",0.5,"run mandated load tests on cloned production environment, open ticket with Acquia",,,"Linkwell Health","DONE: 14. Mandated Q3 2015"
2015-04-22,"Adam Hoyle",0.5,"create landing page and update Linkwell",,,"Linkwell Health","DONE: 14. Mandated Q3 2015"
2015-04-21,"Adam Hoyle",0.5,"archival process",,,"Linkwell Health","DONE: 14. Mandated Q3 2015"
2015-04-21,"Adam Hoyle",1.0,"finalize and send email",,,"Linkwell Health","DONE: 14. Mandated Q3 2015"
2015-04-21,"Adam Hoyle",0.25,"review mandated spreadsheet",,,"Linkwell Health","DONE: 14. Mandated Q3 2015"
2015-04-20,"Adam Hoyle",1.0,"call re: URLs",,,"Linkwell Health","DONE: 14. Mandated Q3 2015"
2015-04-17,"Adam Hoyle",1.25,,,,"Linkwell Health","DONE: 14. Mandated Q3 2015"
2015-04-16,"Adam Hoyle",0.75,"slice and send email image assets",,,"Linkwell Health","DONE: 14. Mandated Q3 2015"
2015-04-16,"Adam Hoyle",1.0,"review schedule and update basecamp, respond to email and coordinate",,,"Linkwell Health","DONE: 14. Mandated Q3 2015"
2015-04-14,"Adam Hoyle",1.0,"HTML content matrix",,,"Linkwell Health","DONE: 14. Mandated Q3 2015"
2015-04-14,"Adam Hoyle",0.25,"update email wireframes",,,"Linkwell Health","DONE: 14. Mandated Q3 2015"
2015-04-13,"Adam Hoyle",1.0,"email wireframes w/ notes",,,"Linkwell Health","DONE: 14. Mandated Q3 2015"
2015-04-13,"Adam Hoyle",1.0,"review designs, project coorindation, create wireframe for email",,,"Linkwell Health","DONE: 14. Mandated Q3 2015"
2015-04-09,"Adam Hoyle",0.5,"review mandated and move to Linkwell server, email client.",,,"Linkwell Health","DONE: 14. Mandated Q3 2015"
2015-04-08,"Adam Hoyle",0.5,"project coordination w/ John",,,"Linkwell Health","DONE: 14. Mandated Q3 2015"
2015-04-08,"Adam Hoyle",0.5,"discuss mandated w/ Jay, review and send updated comps.",,,"Linkwell Health","DONE: 14. Mandated Q3 2015"
2015-04-07,"Adam Hoyle",0.75,"review second round designs...",,,"Linkwell Health","DONE: 14. Mandated Q3 2015"
2015-04-07,"Adam Hoyle",1.0,"review second round designs...",,,"Linkwell Health","DONE: 14. Mandated Q3 2015"
2015-04-07,"Adam Hoyle",0.25,"review and send updated Mandated designs",,,"Linkwell Health","DONE: 14. Mandated Q3 2015"
2015-04-06,"Adam Hoyle",1.0,"call to review Mandated...",,,"Linkwell Health","DONE: 14. Mandated Q3 2015"
2015-04-03,"Adam Hoyle",1.25,"review final comps and send to linkwell",,,"Linkwell Health","DONE: 14. Mandated Q3 2015"
2015-04-03,"Adam Hoyle",0.75,"review emails and notes from Jayme, update basecamo",,,"Linkwell Health","DONE: 14. Mandated Q3 2015"
2015-03-31,"Adam Hoyle",0.75,"meet w/ Jay",,,"Linkwell Health","DONE: 14. Mandated Q3 2015"
2015-03-31,"Adam Hoyle",0.5,"respond to Jayme, project coordination",,,"Linkwell Health","DONE: 14. Mandated Q3 2015"
2015-03-31,"Adam Hoyle",1.0,"respond to Jayme, project coordination",,,"Linkwell Health","DONE: 14. Mandated Q3 2015"
2015-03-23,"Adam Hoyle",2.0,"load testing",,,"Linkwell Health","DONE: 14. Mandated Q3 2015"
2015-03-19,"Adam Hoyle",2.0,"prep load testing scripts without GS and Coupons",,,"Linkwell Health","DONE: 14. Mandated Q3 2015"
2015-03-19,"Adam Hoyle",0.25,"type up mandated notes and update basecamp",,,"Linkwell Health","DONE: 14. Mandated Q3 2015"
2015-03-17,"Adam Hoyle",1.0,"kickoff call",,,"Linkwell Health","DONE: 14. Mandated Q3 2015"
2015-09-08,"Adam Hoyle",0.75,"DM coupon image and redirect updates",,,"Linkwell Health","DONE: 15. Disease Management - Fall 2015"
2015-09-08,"Adam Hoyle",0.75,"Troubleshoot and update COPD article headlines w/ special character, update node IDs for LR COPD landing page, test, email Katie",,,"Linkwell Health","DONE: 15. Disease Management - Fall 2015"
2015-08-20,"Adam Hoyle",0.5,"add high risk node ids to DM modules, test, push live",,,"Linkwell Health","DONE: 15. Disease Management - Fall 2015"
2015-08-17,"Adam Hoyle",0.75,"Review status, email Arun updates",,,"Linkwell Health","DONE: 15. Disease Management - Fall 2015"
2015-08-13,"Adam Hoyle",1.0,"review landing pages, articles, email Linkwell",,,"Linkwell Health","DONE: 15. Disease Management - Fall 2015"
2015-07-27,"Adam Hoyle",1.25,"review first pass content entry, update spreadsheet",,,"Linkwell Health","DONE: 15. Disease Management - Fall 2015"
2015-07-20,"Adam Hoyle",0.5,"review content entry instructions with Jess and Kyle",,,"Linkwell Health","DONE: 15. Disease Management - Fall 2015"
2015-07-20,"Adam Hoyle",0.5,"add notes on content entry for Jess",,,"Linkwell Health","DONE: 15. Disease Management - Fall 2015"
2015-07-08,"Adam Hoyle",0.5,"review timeline, create milestones and add due dates for to-dos",,,"Linkwell Health","DONE: 15. Disease Management - Fall 2015"
2016-06-23,"Adam Hoyle",0.5,"troubleshoot AJAX error/publishing issues on feed demo site",,,"Linkwell Health","Feeder / SaaS LMS Site"
2016-04-12,"Adam Hoyle",0.5,"discuss feed demo site migration w/ Mike",,,"Linkwell Health","Feeder / SaaS LMS Site"
2016-01-06,"Adam Hoyle",0.5,"research RSS/XML and respond to Steve",,,"Linkwell Health","Feeder / SaaS LMS Site"
2016-01-06,"Adam Hoyle",0.25,"review feed API doc and respond to Steve",,,"Linkwell Health","Feeder / SaaS LMS Site"
2015-10-22,"Adam Hoyle",0.5,"respond to Steve re: API doc questions",,,"Linkwell Health","Feeder / SaaS LMS Site"
2015-08-20,"Adam Hoyle",0.5,"meet w/ John for feeder status update",,,"Linkwell Health","Feeder / SaaS LMS Site"
2015-08-10,"Adam Hoyle",0.5,"respond to Katie's email re: broken links for ""user3""",,,"Linkwell Health","Feeder / SaaS LMS Site"
2015-08-06,"Adam Hoyle",1.5,"brainstorming and planning w/ John",,,"Linkwell Health","Feeder / SaaS LMS Site"
2017-12-22,"Adam Hoyle",3.0,"updates and testing","Code Guidewell email template (see comment)","Misc.","Linkwell Health","GuideWell"
2017-12-21,"Adam Hoyle",1.25,"create litmus template wireframe, post for Laura","Code Guidewell email template (see comment)","Misc.","Linkwell Health","GuideWell"
2017-12-21,"Adam Hoyle",1.5,"cut and upload images, first pass adding content","Code Guidewell email template (see comment)","Misc.","Linkwell Health","GuideWell"
2017-12-21,"Adam Hoyle",1.0,"Review, misc. emails w/ Linkwell, locate IBX template, add to BC","Code Guidewell email template (see comment)","Misc.","Linkwell Health","GuideWell"
2016-11-01,"Adam Hoyle",0.5,"update offers and redirects",,,"Linkwell Health","Healthy Woman - Fall 2016"
2016-10-25,"Adam Hoyle",0.25,"update offers and redirects",,,"Linkwell Health","Healthy Woman - Fall 2016"
2016-10-24,"Adam Hoyle",0.25,"update offers and redirects",,,"Linkwell Health","Healthy Woman - Fall 2016"
2016-10-19,"Adam Hoyle",0.75,"landing page updates and article assignments and testing",,,"Linkwell Health","Healthy Woman - Fall 2016"
2016-10-15,"Adam Hoyle",0.75,"incentive copy updates",,,"Linkwell Health","Healthy Woman - Fall 2016"
2016-10-13,"Adam Hoyle",2.0,"incentive and tout updates",,,"Linkwell Health","Healthy Woman - Fall 2016"
2016-10-11,"Adam Hoyle",1.25,"QA from Katie, incentive updates, tout update, image updates",,,"Linkwell Health","Healthy Woman - Fall 2016"
2016-09-29,"Adam Hoyle",0.5,"troubleshot and fix broken image on HW landing page",,,"Linkwell Health","Healthy Woman - Fall 2016"
2016-09-28,"Adam Hoyle",0.25,"re-send images with better quality pregnant women","Cut and send email images to SMC","General","Linkwell Health","Healthy Woman - Fall 2016"
2016-09-23,"Adam Hoyle",0.25,"","Cut and send email images to SMC","General","Linkwell Health","Healthy Woman - Fall 2016"
2016-09-21,"Adam Hoyle",1.75,"review content entry, add nids to landing pages, update module with nids, test and send to Linkwell",,,"Linkwell Health","Healthy Woman - Fall 2016"
2016-09-19,"Adam Hoyle",0.25,"review and send designs",,,"Linkwell Health","Healthy Woman - Fall 2016"
2016-09-14,"Adam Hoyle",0.25,"","Create placeholder URLs for content and update spreadsheet","General","Linkwell Health","Healthy Woman - Fall 2016"
2016-09-14,"Adam Hoyle",0.25,"project setup, call with Katie re: dates",,,"Linkwell Health","Healthy Woman - Fall 2016"
2016-06-22,"Adam Hoyle",0.75,"updates coupons and redirects",,,"Linkwell Health","Healthy Woman - Summer 2016"
2016-06-08,"Adam Hoyle",0.5,"updates coupons and redirects",,,"Linkwell Health","Healthy Woman - Summer 2016"
2016-05-26,"Adam Hoyle",0.745,"Updates to varblock and incentive copy",,,"Linkwell Health","Healthy Woman - Summer 2016"
2016-05-24,"Adam Hoyle",0.75,"investigate HW logo in email, respond to Katie",,,"Linkwell Health","Healthy Woman - Summer 2016"
2016-05-24,"Adam Hoyle",0.75,"updates to MM article",,,"Linkwell Health","Healthy Woman - Summer 2016"
2016-05-23,"Adam Hoyle",1.5,"QA, formnum updates, etc.",,,"Linkwell Health","Healthy Woman - Summer 2016"
2016-05-20,"Adam Hoyle",5.5,"updates from Katie's testing and QA",,,"Linkwell Health","Healthy Woman - Summer 2016"
2016-05-20,"Adam Hoyle",1.25,"HW copy updates, emails and coordination",,,"Linkwell Health","Healthy Woman - Summer 2016"
2016-05-18,"Adam Hoyle",0.5,"review HW block changes with Kyle",,,"Linkwell Health","Healthy Woman - Summer 2016"
2016-05-17,"Adam Hoyle",2.0,"incentive copy edits and updates",,,"Linkwell Health","Healthy Woman - Summer 2016"
2016-05-16,"Adam Hoyle",0.5,"call w/ Katie, troubleshoot missing variable in HW URLs, discuss landing page changes and block styling",,,"Linkwell Health","Healthy Woman - Summer 2016"
2016-05-06,"Adam Hoyle",3.0,"add NIDs to module, check incentive copy, activate all pages, edit MM article",,,"Linkwell Health","Healthy Woman - Summer 2016"
2016-04-08,"Adam Hoyle",1.0,"","(4) Cut and send email images to SMC","General","Linkwell Health","Healthy Woman - Summer 2016"
2016-04-05,"Adam Hoyle",1.0,"call w/ Katie and Steve re: DM/HW content matrix testing (x2)",,,"Linkwell Health","Healthy Woman - Summer 2016"
2016-03-21,"Adam Hoyle",0.75,"Add landing page notes, update spreadsheet, spot-check articles and recipes, send to Linkwell",,,"Linkwell Health","Healthy Woman - Summer 2016"
2016-03-18,"Adam Hoyle",1.0,"misc. project coordination, email with Steve re: DAC and SMC API",,,"Linkwell Health","Healthy Woman - Summer 2016"
2016-03-07,"Adam Hoyle",0.5,"project setup",,,"Linkwell Health","Healthy Woman - Summer 2016"
2017-12-27,"Adam Hoyle",0.5,"BC updates",,,"Linkwell Health","HLE/CHLE"
2017-12-23,"Adam Hoyle",1.0,"feature review w/ Kyle and Mike",,,"Linkwell Health","HLE/CHLE"
2017-12-20,"Adam Hoyle",1.0,"review stories and features w/ Mike and Kyle",,,"Linkwell Health","HLE/CHLE"
2017-12-20,"Adam Hoyle",0.5,"review progress and notes, prep for call w/ Omo",,,"Linkwell Health","HLE/CHLE"
2017-12-20,"Adam Hoyle",1.0,"weekly status call w/ Omo",,,"Linkwell Health","HLE/CHLE"
2017-12-19,"Adam Hoyle",0.25,"",,,"Linkwell Health","HLE/CHLE"
2017-12-13,"Adam Hoyle",1.0,"weekly status call w/ Omo",,,"Linkwell Health","HLE/CHLE"
2017-12-11,"Adam Hoyle",2.75,"","Create list of all plan sites and customizations (see comment)","Internal / PM","Linkwell Health","HLE/CHLE"
2017-12-08,"Adam Hoyle",0.5,"","Create list of all plan sites and customizations (see comment)","Internal / PM","Linkwell Health","HLE/CHLE"
2017-12-07,"Adam Hoyle",0.75,"","Create list of all plan sites and customizations (see comment)","Internal / PM","Linkwell Health","HLE/CHLE"
2017-12-07,"Adam Hoyle",1.75,"review plan site creation process with Mike and Kyle",,,"Linkwell Health","HLE/CHLE"
2017-12-06,"Adam Hoyle",1.5,"weekly status call w/ Omo and Steve",,,"Linkwell Health","HLE/CHLE"
2017-12-05,"Adam Hoyle",1.75,"review plan site creation process with Mike and Kyle",,,"Linkwell Health","HLE/CHLE"
2017-12-04,"Adam Hoyle",0.75,"meet w/ Mike and Kyle to review dev",,,"Linkwell Health","HLE/CHLE"
2017-11-20,"Adam Hoyle",0.25,"","Research and select a new base domain","Discovery & Planning","Linkwell Health","HLE/CHLE"
2017-11-20,"Adam Hoyle",1.0,"call w/ Omo and Steve re: HLE deadline extension",,,"Linkwell Health","HLE/CHLE"
2017-11-16,"Adam Hoyle",0.75,"meet w/ Mike re: HW, Mandated, DM",,,"Linkwell Health","HLE/CHLE"
2017-11-16,"Adam Hoyle",1.0,"weekly checkin call w/ Omo",,,"Linkwell Health","HLE/CHLE"
2017-11-16,"Adam Hoyle",0.75,"call w/ Steve re: 2018 and budgeting",,,"Linkwell Health","HLE/CHLE"
2017-11-15,"Adam Hoyle",0.25,"review Phase 2 sheet, post to BC, respond to Omo",,,"Linkwell Health","HLE/CHLE"
2017-11-13,"Adam Hoyle",0.75,"configuration management research",,,"Linkwell Health","HLE/CHLE"
2017-11-13,"Adam Hoyle",0.5,"call w/ Mike, Kyle, Acquia re: Cloud CD, Node.js",,,"Linkwell Health","HLE/CHLE"
2017-11-10,"Adam Hoyle",1.5,"Meet w/ Kyle re: navigation",,,"Linkwell Health","HLE/CHLE"
2017-11-10,"Adam Hoyle",0.25,"email Acquia re: Node.js",,,"Linkwell Health","HLE/CHLE"
2017-10-25,"Adam Hoyle",1.0,"weekly call w/ Omo and Steve",,,"Linkwell Health","HLE/CHLE"
2017-10-19,"Adam Hoyle",1.0,"meet w/ Mike and Kyle to discuss HLE functionality",,,"Linkwell Health","HLE/CHLE"
2017-10-19,"Adam Hoyle",0.5,"weekly checkin call w/ Omo",,,"Linkwell Health","HLE/CHLE"
2017-10-17,"Adam Hoyle",0.5,"Email comm. w/ Steve re: Browse App page",,,"Linkwell Health","HLE/CHLE"
2017-10-13,"Adam Hoyle",0.25,"review and email Omo","Front-end (member-facing) Design","7. Theme","Linkwell Health","HLE/CHLE"
2017-10-11,"Adam Hoyle",0.5,"misc. email comm w/ Matt and Omo",,,"Linkwell Health","HLE/CHLE"
2017-10-11,"Adam Hoyle",0.5,"domain research, register domains","Research and select a new base domain","Discovery & Planning","Linkwell Health","HLE/CHLE"
2017-10-11,"Adam Hoyle",1.0,"weekly status call w/ Omo",,,"Linkwell Health","HLE/CHLE"
2017-10-10,"Adam Hoyle",0.75,"misc. project coordination and emails",,,"Linkwell Health","HLE/CHLE"
2017-10-10,"Adam Hoyle",0.25,"review and send","Front-end (member-facing) Design","7. Theme","Linkwell Health","HLE/CHLE"
2017-10-06,"Adam Hoyle",0.25,"review and send","Front-end (member-facing) Design","7. Theme","Linkwell Health","HLE/CHLE"
2017-10-05,"Adam Hoyle",0.5,"discuss HLE content syndication",,,"Linkwell Health","HLE/CHLE"
2017-10-05,"Adam Hoyle",1.0,"weekly status call w/ Omo",,,"Linkwell Health","HLE/CHLE"
2017-10-03,"Adam Hoyle",0.25,"review feedback, post to BC, respond to Omo","Front-end (member-facing) Design","7. Theme","Linkwell Health","HLE/CHLE"
2017-09-27,"Adam Hoyle",0.5,"HLE status updates w/ Omo",,,"Linkwell Health","HLE/CHLE"
2017-09-22,"Adam Hoyle",0.25,"review and send","Front-end (member-facing) Design","7. Theme","Linkwell Health","HLE/CHLE"
2017-09-20,"Adam Hoyle",2.0,"domain research","Research and select a new base domain","Discovery & Planning","Linkwell Health","HLE/CHLE"
2017-09-20,"Adam Hoyle",1.0,"weekly status call w/ Omo and Steve",,,"Linkwell Health","HLE/CHLE"
2017-09-15,"Adam Hoyle",1.0,"user story ranking",,,"Linkwell Health","HLE/CHLE"
2017-09-15,"Adam Hoyle",0.75,"pull domain list and research DNS","Update DNS entries to point to new hardware","Pre-launch","Linkwell Health","HLE/CHLE"
2017-09-13,"Adam Hoyle",0.25,"review notes and prep for weekly call w/ Omo",,,"Linkwell Health","HLE/CHLE"
2017-09-13,"Adam Hoyle",0.5,"weekly status call w/ Omo",,,"Linkwell Health","HLE/CHLE"
2017-09-11,"Adam Hoyle",2.5,"misc. project coordination and emails, replies to Omo",,,"Linkwell Health","HLE/CHLE"
2017-09-06,"Adam Hoyle",0.5,"quick meeting w/ Mike and Kyle re: stories",,,"Linkwell Health","HLE/CHLE"
2017-09-06,"Adam Hoyle",0.25,"","Test new Acquia environment (see comment)","Discovery & Planning","Linkwell Health","HLE/CHLE"
2017-09-06,"Adam Hoyle",1.0,"weekly conference call w/ Steve and Omo",,,"Linkwell Health","HLE/CHLE"
2017-09-05,"Adam Hoyle",0.5,"add sprint milestones and meet w/ Mike",,,"Linkwell Health","HLE/CHLE"
2017-09-05,"Adam Hoyle",2.0,"update calendar, add to BC, add to iCal",,,"Linkwell Health","HLE/CHLE"
2017-08-24,"Adam Hoyle",1.0,"call w/ Steve and Omo",,,"Linkwell Health","HLE/CHLE"
2017-07-25,"Adam Hoyle",1.75,"meet to review stories",,,"Linkwell Health","HLE/CHLE"
2017-07-24,"Adam Hoyle",4.0,"research on user stories, writing user stories","Write user stories","Discovery & Planning","Linkwell Health","HLE/CHLE"
2017-12-22,"Adam Hoyle",0.5,"update offer image and redirects for IBC weekly tips email",,,"Linkwell Health","IBX (Independence Blue Cross)"
2017-12-19,"Adam Hoyle",0.25,"test, email client","Update URL for Independence Live recipe pill (see comment)","Misc.","Linkwell Health","IBX (Independence Blue Cross)"
2017-12-19,"Adam Hoyle",0.25,"review, add to BC","Update URL for Independence Live recipe pill (see comment)","Misc.","Linkwell Health","IBX (Independence Blue Cross)"
2017-12-19,"Adam Hoyle",0.5,"test and suggest workaround for coupon SSL redirects",,,"Linkwell Health","IBX (Independence Blue Cross)"
2017-11-16,"Adam Hoyle",1.0,"update offers and redirects per Will, troubleshoot redirect caching",,,"Linkwell Health","IBX (Independence Blue Cross)"
2017-11-10,"Adam Hoyle",1.0,"","IBX Medicare Monthly Emails","Misc.","Linkwell Health","IBX (Independence Blue Cross)"
2017-11-06,"Adam Hoyle",0.25,"","HLE design comps for IBX/AmeriHealth NJ","Design Comps","Linkwell Health","IBX (Independence Blue Cross)"
2017-11-06,"Adam Hoyle",0.35,"","HLE design comps for IBX/AmeriHealth NJ","Design Comps","Linkwell Health","IBX (Independence Blue Cross)"
2017-11-02,"Adam Hoyle",0.25,"review and send","HLE design comps for IBX/AmeriHealth NJ","Design Comps","Linkwell Health","IBX (Independence Blue Cross)"
2017-11-02,"Adam Hoyle",0.75,"review email, check litmust, respond to Omo","IBX Medicare Monthly Emails","Misc.","Linkwell Health","IBX (Independence Blue Cross)"
2017-10-13,"Adam Hoyle",0.5,"update offers and redirects",,,"Linkwell Health","IBX (Independence Blue Cross)"
2017-10-12,"Adam Hoyle",2.0,"create landing page, publish all articles, test","Create landing page for Medicare UPDATE (October 2017)","Misc.","Linkwell Health","IBX (Independence Blue Cross)"
2017-09-21,"Adam Hoyle",0.75,"call w/ Omo to review coupon updating process",,,"Linkwell Health","IBX (Independence Blue Cross)"
2017-09-21,"Adam Hoyle",1.0,"prep for call w/ Omo re: coupon updates",,,"Linkwell Health","IBX (Independence Blue Cross)"
2017-09-18,"Adam Hoyle",0.5,"Verify that BabyBlueprints link is visible when visiting via /baby and /, email Steve and Omo",,,"Linkwell Health","IBX (Independence Blue Cross)"
2017-09-06,"Adam Hoyle",0.5,"","Update offers for monthly email (see comment)","Misc.","Linkwell Health","IBX (Independence Blue Cross)"
2017-09-01,"Adam Hoyle",0.5,"","Create ""ghost"" site for IBX Fearless (per Jennifer)","Misc.","Linkwell Health","IBX (Independence Blue Cross)"
2017-08-31,"Adam Hoyle",0.5,"remove date from landing page header, clear caches, check recipe links","Create landing page for Medicare UPDATE (August 2017) (see comment)","Misc.","Linkwell Health","IBX (Independence Blue Cross)"
2017-08-30,"Adam Hoyle",0.75,"review articles, add to landing page, test, email Eileen w/ instructions re: recipes and URL list","Create landing page for Medicare UPDATE (August 2017) (see comment)","Misc.","Linkwell Health","IBX (Independence Blue Cross)"
2017-08-30,"Adam Hoyle",0.25,"support for eileen with article entry and sidebars",,,"Linkwell Health","IBX (Independence Blue Cross)"
2017-08-30,"Adam Hoyle",0.75,"cut and save image, create page, update redirect, clear caches, test and email Eileen","Create landing page for Medicare UPDATE (August 2017) (see comment)","Misc.","Linkwell Health","IBX (Independence Blue Cross)"
2017-08-29,"Adam Hoyle",0.25,"review PDF, add to BC","Create landing page for Medicare UPDATE (August 2017) (see comment)","Misc.","Linkwell Health","IBX (Independence Blue Cross)"
2017-08-29,"Adam Hoyle",0.5,"call w/ Eileen re: content entry",,,"Linkwell Health","IBX (Independence Blue Cross)"
2017-08-28,"Adam Hoyle",0.5,"call w/ Will to talk through slides",,,"Linkwell Health","IBX (Independence Blue Cross)"
2017-08-28,"Adam Hoyle",0.25,"review and send slides, post to BC",,,"Linkwell Health","IBX (Independence Blue Cross)"
2017-08-24,"Adam Hoyle",0.25,"discuss slides with Jay",,,"Linkwell Health","IBX (Independence Blue Cross)"
2017-08-23,"Adam Hoyle",0.25,"download PPT from Will, review, upload to BC",,,"Linkwell Health","IBX (Independence Blue Cross)"
2017-08-23,"Adam Hoyle",1.0,"call w/ Steve re: IBX designs",,,"Linkwell Health","IBX (Independence Blue Cross)"
2017-08-23,"Adam Hoyle",0.25,"review and add to BC","Design comps for an update to the Good Living web site (see comment)","Design Comps","Linkwell Health","IBX (Independence Blue Cross)"
2017-08-23,"Adam Hoyle",0.25,"add to BC","Design comps for a ""tablet magazine"" (see comment)","Design Comps","Linkwell Health","IBX (Independence Blue Cross)"
2017-08-23,"Adam Hoyle",0.25,"Add to BC","Design comps for next iteration of mobile app (see comment)","Design Comps","Linkwell Health","IBX (Independence Blue Cross)"
2017-08-14,"Adam Hoyle",1.0,"update offers and redirects for IBX emails...",,,"Linkwell Health","IBX Medicare Digital"
2017-05-12,"Adam Hoyle",0.25,"coordination and emails","For sites running a custom domain (getgoodliving.com), Drupal URL redirects don't seem to be working (see comment)","Misc.","Linkwell Health","IBX Medicare Digital"
2017-05-12,"Adam Hoyle",0.25,"coordination and emails","Can we remove Baby BluePrints from the nav... ONLY on the /lp/update-042017?lpid=84526 landing page?","Misc.","Linkwell Health","IBX Medicare Digital"
2017-05-11,"Adam Hoyle",0.5,"create redirect, troubleshoot and test, open bug ticket for Mike","For sites running a custom domain (getgoodliving.com), Drupal URL redirects don't seem to be working (see comment)","Misc.","Linkwell Health","IBX Medicare Digital"
2017-05-05,"Adam Hoyle",0.5,"update hero","Design and code landing page","Misc.","Linkwell Health","IBX Medicare Digital"
2017-05-05,"Adam Hoyle",0.25,"add non-watermarked images","Design and code landing page","Misc.","Linkwell Health","IBX Medicare Digital"
2017-05-05,"Adam Hoyle",0.5,"misc. emails and project coordination",,,"Linkwell Health","IBX Medicare Digital"
2017-05-05,"Adam Hoyle",0.75,"","Design and code landing page","Misc.","Linkwell Health","IBX Medicare Digital"
2017-05-04,"Adam Hoyle",0.25,"","Add content to LMS","Misc.","Linkwell Health","IBX Medicare Digital"
2017-05-04,"Adam Hoyle",0.5,"","Design and code landing page","Misc.","Linkwell Health","IBX Medicare Digital"
2017-04-28,"Adam Hoyle",0.5,"review notes, setup project in BC, email comm. w/ Dennis",,,"Linkwell Health","IBX Medicare Digital"
2017-12-14,"Adam Hoyle",0.25,"updated","Post Tivity/Silver Sneakers press release","Misc.","Linkwell Health","Linkwell Corporate Site"
2017-12-14,"Adam Hoyle",0.5,"","Post Tivity/Silver Sneakers press release","Misc.","Linkwell Health","Linkwell Corporate Site"
2017-12-05,"Adam Hoyle",0.25,"Update Travis Jackson job title per Kim",,,"Linkwell Health","Linkwell Corporate Site"
2017-12-01,"Adam Hoyle",0.25,"change date to December 1 per Kim","Post to PR section from Kim Sarno","Misc.","Linkwell Health","Linkwell Corporate Site"
2017-11-30,"Adam Hoyle",0.25,"change date to November 30 per Kim","Post to PR section from Kim Sarno","Misc.","Linkwell Health","Linkwell Corporate Site"
2017-11-28,"Adam Hoyle",0.5,"","Post to PR section from Kim Sarno","Misc.","Linkwell Health","Linkwell Corporate Site"
2017-11-17,"Adam Hoyle",0.25,"change Tina's job title",,,"Linkwell Health","Linkwell Corporate Site"
2017-11-02,"Adam Hoyle",0.5,"update ordering of Team per Kim Sarno",,,"Linkwell Health","Linkwell Corporate Site"
2017-10-24,"Adam Hoyle",0.25,"update ordering, emails with Kim","Implement updates to ""Team"" section (see comments)","Misc.","Linkwell Health","Linkwell Corporate Site"
2017-10-24,"Adam Hoyle",0.25,"review and send","Implement updates to ""Team"" section (see comments)","Misc.","Linkwell Health","Linkwell Corporate Site"
2017-10-23,"Adam Hoyle",0.75,"mockups and email comm. w/ Kim Sarno re: Team section tab naming and caps","Implement updates to ""Team"" section (see comments)","Misc.","Linkwell Health","Linkwell Corporate Site"
2017-10-16,"Adam Hoyle",0.75,"updates from Kim","Implement updates to ""Team"" section (see comments)","Misc.","Linkwell Health","Linkwell Corporate Site"
2017-10-16,"Adam Hoyle",0.5,"review latest feedback from Kim, add to BC, respond to email","Implement updates to ""Team"" section (see comments)","Misc.","Linkwell Health","Linkwell Corporate Site"
2017-09-18,"Adam Hoyle",0.5,"","Implement updates to ""Team"" section (see comments)","Misc.","Linkwell Health","Linkwell Corporate Site"
2017-09-14,"Adam Hoyle",0.5,"update BC with new headshots, respond to Kim Sarno re: sizing","Implement updates to ""Team"" section (see comments)","Misc.","Linkwell Health","Linkwell Corporate Site"
2017-08-04,"Adam Hoyle",0.5,"add Chris C, shuffle orders per Jennifer","Implement updates to ""Team"" section (see comments)","Misc.","Linkwell Health","Linkwell Corporate Site"
2017-08-03,"Adam Hoyle",0.25,"add formatting, bold/line-breaks, etc.","Implement updates to ""Team"" section (see comments)","Misc.","Linkwell Health","Linkwell Corporate Site"
2017-08-03,"Adam Hoyle",1.25,"slice images, add content to staging, add QA notes to BC","Implement updates to ""Team"" section (see comments)","Misc.","Linkwell Health","Linkwell Corporate Site"
2017-07-31,"Adam Hoyle",0.5,"review feedback, email comm. w/ Jenn, post to BC","Design updates for ""Team"" section (see comment)","Misc.","Linkwell Health","Linkwell Corporate Site"
2017-07-25,"Adam Hoyle",0.25,"text update, resend","Content update to homepage (see comment)","Misc.","Linkwell Health","Linkwell Corporate Site"
2017-07-25,"Adam Hoyle",0.25,"review and send","Design updates for ""Team"" section (see comment)","Misc.","Linkwell Health","Linkwell Corporate Site"
2017-07-25,"Adam Hoyle",0.5,"review notes, add to BC, make updates, send to Jenn for review","Content update to homepage (see comment)","Misc.","Linkwell Health","Linkwell Corporate Site"
2017-07-25,"Adam Hoyle",0.25,"refresh on site build, update staging site, email Jenn (copy is too long)","Content update to homepage (see comment)","Misc.","Linkwell Health","Linkwell Corporate Site"
2017-07-25,"Adam Hoyle",0.25,"review request, add to BC, respond to Jennifer","Content update to homepage (see comment)","Misc.","Linkwell Health","Linkwell Corporate Site"
2017-07-24,"Adam Hoyle",0.25,"review feedback, update BC","Design updates for ""Team"" section (see comment)","Misc.","Linkwell Health","Linkwell Corporate Site"
2017-07-20,"Adam Hoyle",0.25,"review and send to Jennifer","Design updates for ""Team"" section (see comment)","Misc.","Linkwell Health","Linkwell Corporate Site"
2017-07-18,"Adam Hoyle",1.5,"organize content, create new team member nodes","Content updates to ""Who we are"" section... (see comment)","Misc.","Linkwell Health","Linkwell Corporate Site"
2017-06-27,"Adam Hoyle",0.75,"Begin to cut images, email Jennifer for full size headshots and clarification","Content updates to ""Who we are"" section... (see comment)","Misc.","Linkwell Health","Linkwell Corporate Site"
2017-06-26,"Adam Hoyle",0.5,"review request, add to BC, check status of staging sites, create todo","Content updates to ""Who we are"" section... (see comment)","Misc.","Linkwell Health","Linkwell Corporate Site"
2017-06-14,"Adam Hoyle",0.75,"update and test, create map image","Update address and phone number (see comment)","Misc.","Linkwell Health","Linkwell Corporate Site"
2017-05-04,"Adam Hoyle",0.25,"","Add ""B'link"" press release to website","Internal QA","Linkwell Health","Linkwell Corporate Site"
2017-04-24,"Adam Hoyle",0.25,"","Add IBX press release to site","Internal QA","Linkwell Health","Linkwell Corporate Site"
2017-03-17,"Adam Hoyle",0.5,"call w/ Erica and walkthrough how to add jobs section to site",,,"Linkwell Health","Linkwell Corporate Site"
2016-03-25,"Adam Hoyle",0.5,"save high-res logo variations for Katie",,,"Linkwell Health","Linkwell Corporate Site"
2015-11-02,"Adam Hoyle",0.5,"update address and phone number",,,"Linkwell Health","Linkwell Corporate Site"
2015-04-16,"Adam Hoyle",0.75,"corporate site updates per Katie",,,"Linkwell Health","Linkwell Corporate Site"
2015-01-30,"Adam Hoyle",0.25,"corp site update per Steve, move Ben to BoA section and remove photo, clear cache.",,,"Linkwell Health","Linkwell Corporate Site"
2015-01-28,"Adam Hoyle",0.5,"QB",,,"Linkwell Health","Linkwell Corporate Site"
2015-01-28,"Adam Hoyle",0.25,"add Ben back to corp site",,,"Linkwell Health","Linkwell Corporate Site"
2015-01-23,"Adam Hoyle",0.25,"review final QA",,,"Linkwell Health","Linkwell Corporate Site"
2015-01-22,"Adam Hoyle",0.5,"corporate site updates",,,"Linkwell Health","Linkwell Corporate Site"
2015-01-20,"Adam Hoyle",0.5,"corporate site updates from Steve",,,"Linkwell Health","Linkwell Corporate Site"
2015-01-16,"Adam Hoyle",0.25,"call w/ Steve re: corp site",,,"Linkwell Health","Linkwell Corporate Site"
2015-01-16,"Adam Hoyle",0.5,"QA updates",,,"Linkwell Health","Linkwell Corporate Site"
2015-01-15,"Adam Hoyle",2.5,"copy, image updates, QA",,,"Linkwell Health","Linkwell Corporate Site"
2015-01-14,"Adam Hoyle",0.5,"email status to steve",,,"Linkwell Health","Linkwell Corporate Site"
2015-01-14,"Adam Hoyle",1.25,"review website and image research",,,"Linkwell Health","Linkwell Corporate Site"
2015-01-14,"Adam Hoyle",0.75,"review homepage dev and discuss UX",,,"Linkwell Health","Linkwell Corporate Site"
2015-01-13,"Adam Hoyle",1.0,"project coorindation, update basecamp, bring John up to speed on the corp site updates",,,"Linkwell Health","Linkwell Corporate Site"
2015-01-06,"Adam Hoyle",0.25,"review and send updates",,,"Linkwell Health","Linkwell Corporate Site"
2015-01-06,"Adam Hoyle",0.25,"corp site art",,,"Linkwell Health","Linkwell Corporate Site"
2015-01-05,"Adam Hoyle",1.0,"call w/ Steve to review corp site changs, update basecamp",,,"Linkwell Health","Linkwell Corporate Site"
2015-11-18,"Adam Hoyle",1.25,"QA feeds and sites on dev, troubleshooting and review feed fixes, post notes to BC",,,"Linkwell Health","LMS"
2015-10-28,"Adam Hoyle",1.0,"troubleshooting and looking into feeds and templates","Issue with IBX app feeds (see comment)","Development","Linkwell Health","LMS"
2015-06-04,"Adam Hoyle",1.0,"troubleshoot and fix bad URL alias",,,"Linkwell Health","LMS"
2016-07-26,"Adam Hoyle",0.5,"finish breaking out mandated archive out into batches and re-upload",,,"Linkwell Health","Mandated Communications - 2016"
2016-07-25,"Adam Hoyle",0.5,"break mandated archive out into batches and re-upload",,,"Linkwell Health","Mandated Communications - 2016"
2016-06-03,"Adam Hoyle",0.5,"fix footer logos on mandated",,,"Linkwell Health","Mandated Communications - 2016"
2016-06-02,"Adam Hoyle",1.0,"create load test script and run",,,"Linkwell Health","Mandated Communications - 2016"
2016-06-02,"Adam Hoyle",1.0,"create new load test script and re-run load tests with GS disabled",,,"Linkwell Health","Mandated Communications - 2016"
2016-06-02,"Adam Hoyle",0.75,"troubleshoot mandated commsets",,,"Linkwell Health","Mandated Communications - 2016"
2016-06-02,"Adam Hoyle",2.0,"LOAD TESTING BLAZEMETER CHARGE",,,"Linkwell Health","Mandated Communications - 2016"
2016-05-31,"Adam Hoyle",0.5,"review Mandated QA questions from Katie, investigate, try to reproduce, respond",,,"Linkwell Health","Mandated Communications - 2016"
2016-05-17,"Adam Hoyle",1.0,"Update and test commsets",,,"Linkwell Health","Mandated Communications - 2016"
2016-05-16,"Adam Hoyle",2.5,"update commsets with new articles, create new commsets, and update header (About Your Plan / 2016)",,,"Linkwell Health","Mandated Communications - 2016"
2017-12-27,"Adam Hoyle",0.5,"Tally and enter Sharecare hours into Harvest",,,"Linkwell Health","Miscellaneous"
2017-12-27,"Adam Hoyle",0.5,"cache and varnish clears for Natalia",,,"Linkwell Health","Miscellaneous"
2017-12-27,"Adam Hoyle",1.25,"misc. emails and project coordination with Jennifer, Steve, etc.",,,"Linkwell Health","Miscellaneous"
2017-12-21,"Adam Hoyle",0.25,"cache and varnish clears for Angela",,,"Linkwell Health","Miscellaneous"
2017-12-21,"Adam Hoyle",1.25,"misc. email and project coordination",,,"Linkwell Health","Miscellaneous"
2017-12-19,"Adam Hoyle",1.25,"process email, update BC",,,"Linkwell Health","Miscellaneous"
2017-12-18,"Adam Hoyle",1.25,"misc. project coordination and emails w/ Omo, Laura, Jennifer, Joy",,,"Linkwell Health","Miscellaneous"
2017-12-15,"Adam Hoyle",0.75,"misc. email comm. Omo, Kim",,,"Linkwell Health","Miscellaneous"
2017-12-15,"Adam Hoyle",1.5,"followup Matt, update all linkwell recurring accounts with new CC,",,,"Linkwell Health","Miscellaneous"
2017-12-14,"Adam Hoyle",1.0,"misc. project coordination and emails",,,"Linkwell Health","Miscellaneous"
2017-12-12,"Adam Hoyle",0.5,"meet w/ Steve",,,"Linkwell Health","Miscellaneous"
2017-12-12,"Adam Hoyle",0.25,"meet w/ Steve",,,"Linkwell Health","Miscellaneous"
2017-12-08,"Adam Hoyle",0.5,"research and email Eileen re: Grocery Server, IBX coupon filtering and Premera Alaska SSL",,,"Linkwell Health","Miscellaneous"
2017-12-06,"Adam Hoyle",0.5,"misc. updates w/ Steve",,,"Linkwell Health","Miscellaneous"
2017-12-05,"Adam Hoyle",0.5,"breakdown Linkwell hours for billing",,,"Linkwell Health","Miscellaneous"
2017-12-04,"Adam Hoyle",0.5,"tally hours for Steve B'link Q1",,,"Linkwell Health","Miscellaneous"
2017-12-04,"Adam Hoyle",0.5,"check hours, respond to Laura",,,"Linkwell Health","Miscellaneous"
2017-12-01,"Adam Hoyle",1.25,"misc. project coordination and emails",,,"Linkwell Health","Miscellaneous"
2017-11-30,"Adam Hoyle",0.5,"enter sharecare hours into harvest",,,"Linkwell Health","Miscellaneous"
2017-11-27,"Adam Hoyle",0.75,"misc. email comm. w/ Omo",,,"Linkwell Health","Miscellaneous"
2017-11-21,"Adam Hoyle",0.75,"Breakdown B'link hours by month, per Steve",,,"Linkwell Health","Miscellaneous"
2017-11-16,"Adam Hoyle",0.75,"misc project coordination, emails and followups to Omo, Nathan, Steve, Eileen",,,"Linkwell Health","Miscellaneous"
2017-11-13,"Adam Hoyle",0.5,"misc project coordination, emails and followups",,,"Linkwell Health","Miscellaneous"
2017-11-13,"Adam Hoyle",0.5,"tally hours and estimates numbers and email Steve",,,"Linkwell Health","Miscellaneous"
2017-11-09,"Adam Hoyle",1.0,"Weekly status call w/ Omo and Steve",,,"Linkwell Health","Miscellaneous"
2017-11-08,"Adam Hoyle",0.5,"email Omo re: static video pages for DM videos",,,"Linkwell Health","Miscellaneous"
2017-11-08,"Adam Hoyle",0.25,"Respond to Omo re: VAR084 to hide coupons for session",,,"Linkwell Health","Miscellaneous"
2017-11-06,"Adam Hoyle",1.25,"misc. emails and project coordination",,,"Linkwell Health","Miscellaneous"
2017-11-02,"Adam Hoyle",3.0,"meeting w/ Kim and Steve",,,"Linkwell Health","Miscellaneous"
2017-11-02,"Adam Hoyle",0.5,"avmed iframe - research info for Omo",,,"Linkwell Health","Miscellaneous"
2017-11-01,"Adam Hoyle",1.0,"weekly status call w/ Omo and Steve",,,"Linkwell Health","Miscellaneous"
2017-10-31,"Adam Hoyle",0.75,"misc. project coordination and emails",,,"Linkwell Health","Miscellaneous"
2017-10-30,"Adam Hoyle",1.25,"Misc. email comm. w/ Omo and basecamp updates across multiple projects.",,,"Linkwell Health","Miscellaneous"
2017-10-30,"Adam Hoyle",0.75,"upload video to YouTube and experiment with embed options","Implement Linkwell ""Holiday Package""","Misc.","Linkwell Health","Miscellaneous"
2017-10-30,"Adam Hoyle",0.5,"send DM winter recipe image to Omo",,,"Linkwell Health","Miscellaneous"
2017-10-30,"Adam Hoyle",0.5,"enter hours into Harvest",,,"Linkwell Health","Miscellaneous"
2017-10-27,"Adam Hoyle",0.75,"project coordination and emails",,,"Linkwell Health","Miscellaneous"
2017-10-27,"Adam Hoyle",0.75,"misc. updates, test, and email comm. w/ Jennifer, Omo, Laura","Implement Linkwell ""Holiday Package""","Misc.","Linkwell Health","Miscellaneous"
2017-10-27,"Adam Hoyle",0.75,"update ordering, update image, misc. project communication and emails w/ Omo re: changes","Implement Linkwell ""Holiday Package""","Misc.","Linkwell Health","Miscellaneous"
2017-10-26,"Adam Hoyle",1.5,"youtube video","Implement Linkwell ""Holiday Package""","Misc.","Linkwell Health","Miscellaneous"
2017-10-26,"Adam Hoyle",0.5,"project coordination, emails w/ Laura and Jennifer re: image updates, etc.","Implement Linkwell ""Holiday Package""","Misc.","Linkwell Health","Miscellaneous"
2017-10-26,"Adam Hoyle",0.5,"update ordering, email comm. w/ Jennifer re: video and photos","Implement Linkwell ""Holiday Package""","Misc.","Linkwell Health","Miscellaneous"
2017-10-26,"Adam Hoyle",0.5,"upload new image, check feature, email Jennifer","Implement Linkwell ""Holiday Package""","Misc.","Linkwell Health","Miscellaneous"
2017-10-26,"Adam Hoyle",1.0,"STOCK PHOTO CREDITS",,,"Linkwell Health","Miscellaneous"
2017-10-25,"Adam Hoyle",0.75,"review content, update spreadsheet, fix article break, post notes to BC","Implement Linkwell ""Holiday Package""","Misc.","Linkwell Health","Miscellaneous"
2017-10-24,"Adam Hoyle",1.0,"misc. emails, research and project coordination",,,"Linkwell Health","Miscellaneous"
2017-10-23,"Adam Hoyle",1.25,"process email, misc. project coordination and replies to Omo, Jennifer, Laura, etc.",,,"Linkwell Health","Miscellaneous"
2017-10-20,"Adam Hoyle",0.25,"process emails",,,"Linkwell Health","Miscellaneous"
2017-10-19,"Adam Hoyle",0.75,"misc. emails and project coordination",,,"Linkwell Health","Miscellaneous"
2017-10-17,"Adam Hoyle",3.0,"Acquia Engage w/ Omo",,,"Linkwell Health","Miscellaneous"
2017-10-16,"Adam Hoyle",2.0,"meet w/ Omo",,,"Linkwell Health","Miscellaneous"
2017-10-11,"Adam Hoyle",0.5,"misc. email comm and followups",,,"Linkwell Health","Miscellaneous"
2017-10-10,"Adam Hoyle",1.25,"project coordination, client emails and basecamp updates",,,"Linkwell Health","Miscellaneous"
2017-10-10,"Adam Hoyle",0.25,"test printing on staging","Coupon Printing - new secure format","Misc.","Linkwell Health","Miscellaneous"
2017-10-06,"Adam Hoyle",0.5,"prep for interview wiith Mary",,,"Linkwell Health","Miscellaneous"
2017-10-06,"Adam Hoyle",0.75,"project coordination, emails and basecamp updates",,,"Linkwell Health","Miscellaneous"
2017-10-05,"Adam Hoyle",0.25,"prep for interview",,,"Linkwell Health","Miscellaneous"
2017-10-05,"Adam Hoyle",0.5,"phone interview for front-end dev",,,"Linkwell Health","Miscellaneous"
2017-10-03,"Adam Hoyle",0.5,"research front-end dev candidate Ken Tietz",,,"Linkwell Health","Miscellaneous"
2017-10-03,"Adam Hoyle",1.0,"compile hours for billing",,,"Linkwell Health","Miscellaneous"
2017-10-03,"Adam Hoyle",0.25,"","Create new LMS user account for Laura Reira","Misc.","Linkwell Health","Miscellaneous"
2017-10-02,"Adam Hoyle",0.25,"enter hours into Harvest",,,"Linkwell Health","Miscellaneous"
2017-09-29,"Adam Hoyle",1.5,"catch up and respond to Omo emails re: misc. projects",,,"Linkwell Health","Miscellaneous"
2017-09-27,"Adam Hoyle",0.5,"general status updates w/ Omo",,,"Linkwell Health","Miscellaneous"
2017-09-26,"Adam Hoyle",0.25,"","Design comps for HLE Emblem pitch","Misc.","Linkwell Health","Miscellaneous"
2017-09-26,"Adam Hoyle",2.0,"","Design homepage and landing page comps for BFY / Florida Blue","Misc.","Linkwell Health","Miscellaneous"
2017-09-26,"Adam Hoyle",0.25,"","Design comps for HLE Emblem pitch","Misc.","Linkwell Health","Miscellaneous"
2017-09-26,"Adam Hoyle",0.25,"review and add to BC","Design homepage and landing page comps for BFY / Florida Blue","Misc.","Linkwell Health","Miscellaneous"
2017-09-26,"Adam Hoyle",0.25,"update notes, respond to Steve","Design comps for HLE Emblem pitch","Misc.","Linkwell Health","Miscellaneous"
2017-09-25,"Adam Hoyle",0.5,"","Update template for Recipe content type so the contents of 'field_item_number' are printed at the bottom of the recipe (see comment)","Misc.","Linkwell Health","Miscellaneous"
2017-09-25,"Adam Hoyle",0.25,"review and add to BC, respond to Steve for clarification","Design comps for HLE Emblem pitch","Misc.","Linkwell Health","Miscellaneous"
2017-09-22,"Adam Hoyle",0.25,"","Update template for Recipe content type so the contents of 'field_item_number' are printed at the bottom of the recipe (see comment)","Misc.","Linkwell Health","Miscellaneous"
2017-09-22,"Adam Hoyle",1.0,"misc. project coordination and emails",,,"Linkwell Health","Miscellaneous"
2017-09-21,"Adam Hoyle",0.25,"logo colo specs for Kim",,,"Linkwell Health","Miscellaneous"
2017-09-21,"Adam Hoyle",0.5,"misc. status update call w/ Omo",,,"Linkwell Health","Miscellaneous"
2017-09-20,"Adam Hoyle",0.25,"review and send","Create a set of comps showing HRIAB (B'link) re-branded for Emblem Health (see comment for details)","Misc.","Linkwell Health","Miscellaneous"
2017-09-20,"Adam Hoyle",0.5,"add ""item number"" field to LMS per Omo",,,"Linkwell Health","Miscellaneous"
2017-09-19,"Adam Hoyle",2.0,"meeting w/ Steve",,,"Linkwell Health","Miscellaneous"
2017-09-15,"Adam Hoyle",0.5,"review feedback, discuss with Jay, respond to Omo","Create a set of comps showing HRIAB (B'link) re-branded for Emblem Health (see comment for details)","Misc.","Linkwell Health","Miscellaneous"
2017-09-15,"Adam Hoyle",0.5,"project coordination, review and send, call hold for Jennifer","Create a set of design comps for Linkwell's ""Holiday Package"" pitch (see comment)","Misc.","Linkwell Health","Miscellaneous"
2017-09-15,"Adam Hoyle",0.5,"misc. project coordination, testing, emails.","Troubleshoot and update permissions so Omo can clear cache in LMS and HC (see comment)","Misc.","Linkwell Health","Miscellaneous"
2017-09-14,"Adam Hoyle",1.25,"misc. project coordination BC updates and client email comm.",,,"Linkwell Health","Miscellaneous"
2017-09-14,"Adam Hoyle",0.25,"review and send","Create a set of comps showing HRIAB (B'link) re-branded for Emblem Health (see comment for details)","Misc.","Linkwell Health","Miscellaneous"
2017-09-12,"Adam Hoyle",0.25,"review and post feedback","Create a set of design comps for Linkwell's ""Holiday Package"" pitch (see comment)","Misc.","Linkwell Health","Miscellaneous"
2017-09-12,"Adam Hoyle",0.5,"Cache clears for Natalia",,,"Linkwell Health","Miscellaneous"
2017-09-11,"Adam Hoyle",0.5,"call w/ Steve",,,"Linkwell Health","Miscellaneous"
2017-09-11,"Adam Hoyle",0.5,"call w/ Steve",,,"Linkwell Health","Miscellaneous"
2017-09-11,"Adam Hoyle",0.25,"Cache clears for Natalia",,,"Linkwell Health","Miscellaneous"
2017-09-11,"Adam Hoyle",1.0,"call w/ Omo",,,"Linkwell Health","Miscellaneous"
2017-09-07,"Adam Hoyle",0.5,"Review, add to BC, respond to Jennifer's questions","Create a set of design comps for Linkwell's ""Holiday Package"" pitch (see comment)","Misc.","Linkwell Health","Miscellaneous"
2017-09-07,"Adam Hoyle",0.25,"Review, add to BC, respond to Steve","Create a set of comps showing HRIAB (B'link) re-branded for Emblem Health (see comment for details)","Misc.","Linkwell Health","Miscellaneous"
2017-09-05,"Adam Hoyle",0.75,"total hours and break out for billing",,,"Linkwell Health","Miscellaneous"
2017-09-05,"Adam Hoyle",0.5,"call w/ Omo",,,"Linkwell Health","Miscellaneous"
2017-09-05,"Adam Hoyle",0.5,"call w/ Omo",,,"Linkwell Health","Miscellaneous"
2017-09-05,"Adam Hoyle",0.5,"enter hours into Harvest",,,"Linkwell Health","Miscellaneous"
2017-08-31,"Adam Hoyle",0.25,"cache clears for Natalia",,,"Linkwell Health","Miscellaneous"
2017-08-30,"Adam Hoyle",0.25,"cache clears for Natalia",,,"Linkwell Health","Miscellaneous"
2017-08-30,"Adam Hoyle",0.5,"review candidates and prep for front-end dev interview",,,"Linkwell Health","Miscellaneous"
2017-08-30,"Adam Hoyle",1.0,"front-end dev interviews",,,"Linkwell Health","Miscellaneous"
2017-08-28,"Adam Hoyle",0.5,"call w/ Omo re: IBX reports",,,"Linkwell Health","Miscellaneous"
2017-08-25,"Adam Hoyle",0.25,"review server specs on Acquia, email Steve w/ request for new dev environment",,,"Linkwell Health","Miscellaneous"
2017-08-23,"Adam Hoyle",0.5,"call w/ Steve re: misc. updates",,,"Linkwell Health","Miscellaneous"
2017-08-22,"Adam Hoyle",0.5,"intro call w/ Omo",,,"Linkwell Health","Miscellaneous"
2017-08-22,"Adam Hoyle",0.25,"call w/ Omo (no show)",,,"Linkwell Health","Miscellaneous"
2017-08-22,"Adam Hoyle",1.0,"respond to Omo's introductory questions",,,"Linkwell Health","Miscellaneous"
2017-08-21,"Adam Hoyle",4.0,"misc. project coordination, email monitoring and responses",,,"Linkwell Health","Miscellaneous"
2017-08-18,"Adam Hoyle",4.0,"misc. project coordination, email monitoring and responses",,,"Linkwell Health","Miscellaneous"
2017-08-17,"Adam Hoyle",4.0,"misc. project coordination, email monitoring and responses",,,"Linkwell Health","Miscellaneous"
2017-08-16,"Adam Hoyle",4.0,"misc. project coordination, email monitoring and responses",,,"Linkwell Health","Miscellaneous"
2017-08-16,"Adam Hoyle",0.25,"update permissions for Omo",,,"Linkwell Health","Miscellaneous"
2017-08-16,"Adam Hoyle",0.5,"create user account for Omo",,,"Linkwell Health","Miscellaneous"
2017-08-15,"Adam Hoyle",4.0,"misc. project coordination, email monitoring and responses",,,"Linkwell Health","Miscellaneous"
2017-08-09,"Adam Hoyle",1.0,"misc. email comm. and followups, email w/ Steve re: LOE on various items",,,"Linkwell Health","Miscellaneous"
2017-08-07,"Adam Hoyle",0.5,"re-enable app promos for IBX per Steve",,,"Linkwell Health","Miscellaneous"
2017-08-07,"Adam Hoyle",0.25,"review and send","Pull monthly reports of article assignments for Jennifer (see comment)","Misc.","Linkwell Health","Miscellaneous"
2017-08-07,"Adam Hoyle",0.25,"enter hours into Harvest",,,"Linkwell Health","Miscellaneous"
2017-08-03,"Adam Hoyle",1.0,"misc. project coordination, emails and BC updates to add new requests from Jennifer",,,"Linkwell Health","Miscellaneous"
2017-08-02,"Adam Hoyle",1.0,"outage alerts",,,"Linkwell Health","Miscellaneous"
2017-08-02,"Adam Hoyle",1.5,"compile hourly breakdown for billing",,,"Linkwell Health","Miscellaneous"
2017-08-01,"Adam Hoyle",0.75,"meet w/ Steve",,,"Linkwell Health","Miscellaneous"
2017-08-01,"Adam Hoyle",0.75,"compile hours and enter into Harvest",,,"Linkwell Health","Miscellaneous"
2017-07-31,"Adam Hoyle",3.0,"meetings with Steve",,,"Linkwell Health","Miscellaneous"
2017-07-27,"Adam Hoyle",0.5,"assistance for Matthew Paul with passwords and account access for CC updates",,,"Linkwell Health","Miscellaneous"
2017-07-27,"Adam Hoyle",0.25,"call w/ Steve",,,"Linkwell Health","Miscellaneous"
2017-07-26,"Adam Hoyle",0.75,"misc. emails and project coordination",,,"Linkwell Health","Miscellaneous"
2017-07-25,"Adam Hoyle",0.75,"misc. project coordination and emails",,,"Linkwell Health","Miscellaneous"
2017-07-25,"Adam Hoyle",0.25,"cache clears for natalia",,,"Linkwell Health","Miscellaneous"
2017-07-20,"Adam Hoyle",0.75,"misc. email comm. and project coordination w/ Laura, Jennifer, Eileen, Angela, etc.",,,"Linkwell Health","Miscellaneous"
2017-07-19,"Adam Hoyle",3.25,"review upcoming projects, notes, coordination and emails with Kim, Steve, Laura and others.",,,"Linkwell Health","Miscellaneous"
2017-07-19,"Adam Hoyle",0.25,"research and email comm re: front-end dev hire for Linkwell",,,"Linkwell Health","Miscellaneous"
2017-07-18,"Adam Hoyle",1.0,"litmus testing",,,"Linkwell Health","Miscellaneous"
2017-07-17,"Adam Hoyle",0.25,"cache clears for Natalia",,,"Linkwell Health","Miscellaneous"
2017-07-14,"Adam Hoyle",0.25,"update Yogurt offer and clear caches",,,"Linkwell Health","Miscellaneous"
2017-07-14,"Adam Hoyle",0.75,"weekly status call w/ Steve",,,"Linkwell Health","Miscellaneous"
2017-07-14,"Adam Hoyle",0.5,"update IBC offer images and redirects",,,"Linkwell Health","Miscellaneous"
2017-07-14,"Adam Hoyle",0.5,"look into SS recipe feed per Angela, clear caches",,,"Linkwell Health","Miscellaneous"
2017-07-13,"Adam Hoyle",0.25,"fix tiny image that was uploaded to Upgrade your Walk article per Steve",,,"Linkwell Health","Miscellaneous"
2017-07-12,"Adam Hoyle",0.25,"check to see if issue still exists, add to BC","Investigate duplicate offer creation in LMS (see comment)","Misc.","Linkwell Health","Miscellaneous"
2017-07-11,"Adam Hoyle",1.25,"investigate duplicate offers in LMS",,,"Linkwell Health","Miscellaneous"
2017-07-11,"Adam Hoyle",0.25,"cache clears for Natalia",,,"Linkwell Health","Miscellaneous"
2017-07-10,"Adam Hoyle",0.5,"remove unused users from Assembla to change plan to 10 users",,,"Linkwell Health","Miscellaneous"
2017-07-07,"Adam Hoyle",2.0,"Misc. project coordination and email monitoring",,,"Linkwell Health","Miscellaneous"
2017-07-06,"Adam Hoyle",2.0,"Misc. project coordination and email monitoring",,,"Linkwell Health","Miscellaneous"
2017-07-06,"Adam Hoyle",1.0,"pull DM hours for Steve",,,"Linkwell Health","Miscellaneous"
2017-07-05,"Adam Hoyle",2.0,"Misc. project coordination and email monitoring",,,"Linkwell Health","Miscellaneous"
2017-06-30,"Adam Hoyle",1.0,"hours and billing",,,"Linkwell Health","Miscellaneous"
2017-06-30,"Adam Hoyle",0.5,"review time logs, update Harvest and submit timesheets",,,"Linkwell Health","Miscellaneous"
2017-06-30,"Adam Hoyle",0.25,"support for Dennis obtaining full size images from LMS",,,"Linkwell Health","Miscellaneous"
2017-06-29,"Adam Hoyle",1.25,"cache clears and client emails (consolidated)",,,"Linkwell Health","Miscellaneous"
2017-06-28,"Adam Hoyle",6.0,"misc. emails and coordination w/ Steve, Kim, Angela, cache clears and permissions troubleshooting for Steve, lots of back and forth.",,,"Linkwell Health","Miscellaneous"
2017-06-26,"Adam Hoyle",0.5,"","Create new symlinks for Steve's plansite testing...","Misc.","Linkwell Health","Miscellaneous"
2017-06-23,"Adam Hoyle",2.0,"misc. emails and client communication",,,"Linkwell Health","Miscellaneous"
2017-06-22,"Adam Hoyle",2.25,"work on schedule and requirements for D7 LMS",,,"Linkwell Health","Miscellaneous"
2017-06-22,"Adam Hoyle",0.5,"call w/ Steve",,,"Linkwell Health","Miscellaneous"
2017-06-21,"Adam Hoyle",0.75,"misc. project coordination and emails/support",,,"Linkwell Health","Miscellaneous"
2017-06-21,"Adam Hoyle",0.25,"call w/ Matt to review CC charges",,,"Linkwell Health","Miscellaneous"
2017-06-21,"Adam Hoyle",0.5,"organize and send landing page links and screenshots of Premera Spring CM program emails for Steve",,,"Linkwell Health","Miscellaneous"
2017-06-20,"Adam Hoyle",0.5,"test and troubleshoot mandated /s/ layout, add todo",,,"Linkwell Health","Miscellaneous"
2017-06-20,"Adam Hoyle",0.5,"send Steve Mandated and DM links for his demo meeting",,,"Linkwell Health","Miscellaneous"
2017-06-20,"Adam Hoyle",0.25,"test","Kill betterforyou.com and redirect the domain to linkwellhealth.com","Misc.","Linkwell Health","Miscellaneous"
2017-06-20,"Adam Hoyle",0.25,"cache clears for Naomi",,,"Linkwell Health","Miscellaneous"
2017-06-20,"Adam Hoyle",1.25,"call w/ Steve",,,"Linkwell Health","Miscellaneous"
2017-06-19,"Adam Hoyle",0.5,"review hours, enter Healthways/Sharecare time into Harvest",,,"Linkwell Health","Miscellaneous"
2017-06-19,"Adam Hoyle",0.5,"confirm request with Jennifer, remove link from corp. site footer, add to BC","Kill betterforyou.com and redirect the domain to linkwellhealth.com","Misc.","Linkwell Health","Miscellaneous"
2017-06-15,"Adam Hoyle",0.25,"cache clears for Naomi",,,"Linkwell Health","Miscellaneous"
2017-06-15,"Adam Hoyle",1.25,"review notes from call w/ Steve, update BC",,,"Linkwell Health","Miscellaneous"
2017-06-14,"Adam Hoyle",0.5,"QA stage","Investigate and improve plan site latency (see comment)","Misc.","Linkwell Health","Miscellaneous"
2017-06-14,"Adam Hoyle",1.0,"call w/ Steve",,,"Linkwell Health","Miscellaneous"
2017-06-12,"Adam Hoyle",0.25,"email Jennifer for clarification, add to BC","Pull article list and count for Premera and IBX (see comment)","Misc.","Linkwell Health","Miscellaneous"
2017-06-12,"Adam Hoyle",0.25,"review ticket","Investigate and improve plan site latency (see comment)","Misc.","Linkwell Health","Miscellaneous"
2017-06-09,"Adam Hoyle",0.75,"review blazemeter archived reports and renew account",,,"Linkwell Health","Miscellaneous"
2017-06-08,"Adam Hoyle",0.25,"cache clears for Naomi (2)",,,"Linkwell Health","Miscellaneous"
2017-06-08,"Adam Hoyle",0.25,"cache clears for Naomi",,,"Linkwell Health","Miscellaneous"
2017-06-06,"Adam Hoyle",3.5,"billing",,,"Linkwell Health","Miscellaneous"
2017-06-05,"Adam Hoyle",0.5,"review Harvest and enter HW hours from May emails",,,"Linkwell Health","Miscellaneous"
2017-06-04,"Adam Hoyle",2.0,"update IBX monthly email offer and redirect per Will",,,"Linkwell Health","Miscellaneous"
2017-05-22,"Adam Hoyle",0.5,"call w/ Steve",,,"Linkwell Health","Miscellaneous"
2017-05-19,"Adam Hoyle",0.75,"testing on stage","Investigate (and adjust/fix if necessary/possible) the positioning of the print verification modal window on mobile when clipping/sending/printing coupons from the IBX mobile app and IBX plan site.","Misc.","Linkwell Health","Miscellaneous"
2017-05-19,"Adam Hoyle",0.5,"","Investigate broken offer images in IBX app","Misc.","Linkwell Health","Miscellaneous"
2017-05-19,"Adam Hoyle",0.25,"CMS login support for Jennifer Hawthorne",,,"Linkwell Health","Miscellaneous"
2017-05-19,"Adam Hoyle",0.25,"cache and varnish clears for Naomi",,,"Linkwell Health","Miscellaneous"
2017-05-18,"Adam Hoyle",0.25,"","create new LMS user account for Laura","Misc.","Linkwell Health","Miscellaneous"
2017-05-18,"Adam Hoyle",0.5,"finish hourly breakdown for April billing and send to Jennifer",,,"Linkwell Health","Miscellaneous"
2017-05-18,"Adam Hoyle",0.5,"attempt to reproduce, document notes, add to BC","Investigate (and adjust/fix if necessary/possible) the positioning of the print verification modal window on mobile when clipping/sending/printing coupons from the IBX mobile app and IBX plan site.","Misc.","Linkwell Health","Miscellaneous"
2017-05-17,"Adam Hoyle",0.25,"cache and varnish clears for Naomi",,,"Linkwell Health","Miscellaneous"
2017-05-17,"Adam Hoyle",0.5,"re-send Premera CM email files to Steve",,,"Linkwell Health","Miscellaneous"
2017-05-12,"Adam Hoyle",1.25,"Misc. project coordination, basecamp updates and emails (Blink schedule, IBX Medicare, etc.)",,,"Linkwell Health","Miscellaneous"
2017-05-11,"Adam Hoyle",0.25,"call w/ Steve re: analytics and coupon printing bug",,,"Linkwell Health","Miscellaneous"
2017-05-10,"Adam Hoyle",1.25,"breaking down hours for billing",,,"Linkwell Health","Miscellaneous"
2017-05-10,"Adam Hoyle",0.5,"misc. email comm.",,,"Linkwell Health","Miscellaneous"
2017-05-10,"Adam Hoyle",1.0,"call w/ Steve",,,"Linkwell Health","Miscellaneous"
2017-05-09,"Adam Hoyle",0.5,"misc. email and client communication",,,"Linkwell Health","Miscellaneous"
2017-05-08,"Adam Hoyle",1.0,"","AvMed Performance Testing","Misc.","Linkwell Health","Miscellaneous"
2017-05-05,"Adam Hoyle",0.25,"create new user account for Jennifer Hawthorne",,,"Linkwell Health","Miscellaneous"
2017-05-05,"Adam Hoyle",0.25,"create new user account for Betsy",,,"Linkwell Health","Miscellaneous"
2017-05-03,"Adam Hoyle",0.5,"review Hours for Teams notes and go through site demo",,,"Linkwell Health","Miscellaneous"
2017-05-02,"Adam Hoyle",0.25,"look into article that isn't showing up on demo, publish, save, clear cache",,,"Linkwell Health","Miscellaneous"
2017-05-02,"Adam Hoyle",0.25,"re-enable GS on AvMed, clear caches",,,"Linkwell Health","Miscellaneous"
2017-05-02,"Adam Hoyle",0.25,"retroactively adding hours for HealthWays into the ""Hours"" platform",,,"Linkwell Health","Miscellaneous"
2017-05-02,"Adam Hoyle",0.5,"cache clears and email publishing instructions for Naomi",,,"Linkwell Health","Miscellaneous"
2017-05-01,"Adam Hoyle",1.5,"review hours and break out billing",,,"Linkwell Health","Miscellaneous"
2017-05-01,"Adam Hoyle",0.5,"update IBC email offers and redirects for upcoming send.",,,"Linkwell Health","Miscellaneous"
2017-04-28,"Adam Hoyle",2.0,"misc. project coordination, emails and basecamp updates.",,,"Linkwell Health","Miscellaneous"
2017-04-27,"Adam Hoyle",2.0,"","Design comps for B'link Premera Alaska (see comment)","Misc.","Linkwell Health","Miscellaneous"
2017-04-26,"Adam Hoyle",0.5,"","Design comps for B'link Premera Alaska (see comment)","Misc.","Linkwell Health","Miscellaneous"
2017-04-26,"Adam Hoyle",1.75,"research new branding guidelines, look for stock photos, begin design updates","Design comps for B'link Premera Alaska (see comment)","Misc.","Linkwell Health","Miscellaneous"
2017-04-25,"Adam Hoyle",1.0,"misc. project coordination and emails",,,"Linkwell Health","Miscellaneous"
2017-04-25,"Adam Hoyle",1.25,"investigate and update iOS app feeds by adding http to the image URL",,,"Linkwell Health","Miscellaneous"
2017-04-25,"Adam Hoyle",0.25,"call w/ Will",,,"Linkwell Health","Miscellaneous"
2017-04-25,"Adam Hoyle",1.0,"Product Team meeting via Google Hangout",,,"Linkwell Health","Miscellaneous"
2017-04-24,"Adam Hoyle",0.25,"tweaks to DM article and clear cache",,,"Linkwell Health","Miscellaneous"
2017-04-24,"Adam Hoyle",0.25,"respond to Eileen with new domain mappings for Anthem",,,"Linkwell Health","Miscellaneous"
2017-04-20,"Adam Hoyle",0.75,"review and respond to emails re: Mandated, DM, etc.",,,"Linkwell Health","Miscellaneous"
2017-04-19,"Adam Hoyle",0.75,"update and test new filters/views","Update GA views and filters with new Anthem subdirectories","Misc.","Linkwell Health","Miscellaneous"
2017-04-19,"Adam Hoyle",0.25,"","Add new press release to corporate site","Misc.","Linkwell Health","Miscellaneous"
2017-04-18,"Adam Hoyle",1.25,"misc. project coordination and client emails",,,"Linkwell Health","Miscellaneous"
2017-04-17,"Adam Hoyle",1.25,"misc. emails and client communication",,,"Linkwell Health","Miscellaneous"
2017-04-16,"Adam Hoyle",0.75,"run more tests and followup with Steve","AvMed Performance Testing","Misc.","Linkwell Health","Miscellaneous"
2017-04-13,"Adam Hoyle",0.75,"","AvMed Performance Testing","Misc.","Linkwell Health","Miscellaneous"
2017-04-13,"Adam Hoyle",0.75,"anthem SS updates",,,"Linkwell Health","Miscellaneous"
2017-04-12,"Adam Hoyle",1.5,"Anthem SS, notes, emails and replies",,,"Linkwell Health","Miscellaneous"
2017-04-12,"Adam Hoyle",0.25,"respond to kim about 2 PDFs",,,"Linkwell Health","Miscellaneous"
2017-04-12,"Adam Hoyle",0.5,"look into issue with PDF's being editable before uploaded, but not after. Respond to Kim. Sounds like it's an issue with the way some were saved.",,,"Linkwell Health","Miscellaneous"
2017-04-11,"Adam Hoyle",0.5,"testing and coordination","Implement custom domains for Anthem and be sure to redirect all legacy traffic (Mandated, DM, etc.)","Misc.","Linkwell Health","Miscellaneous"
2017-04-11,"Adam Hoyle",0.5,"discuss and review with Mike","Implement custom domains for Anthem and be sure to redirect all legacy traffic (Mandated, DM, etc.)","Misc.","Linkwell Health","Miscellaneous"
2017-04-10,"Adam Hoyle",0.5,"review March hours and reply to Steve",,,"Linkwell Health","Miscellaneous"
2017-04-07,"Adam Hoyle",1.0,"call w/ Steve",,,"Linkwell Health","Miscellaneous"
2017-04-06,"Adam Hoyle",1.0,"CHARGE FOR second Apple developer subscription renewal for Linkwell (two accounts)",,,"Linkwell Health","Miscellaneous"
2017-04-06,"Adam Hoyle",1.0,"ios developer account firedrill",,,"Linkwell Health","Miscellaneous"
2017-04-06,"Adam Hoyle",1.0,"CHARGE FOR Apple developer subscription renewal for Linkwell",,,"Linkwell Health","Miscellaneous"
2017-04-05,"Adam Hoyle",0.75,"call w/ Steve, update redirects for GetGoodLiving, remove duplicate article nav, email Will re: feed",,,"Linkwell Health","Miscellaneous"
2017-04-05,"Adam Hoyle",0.25,"read change request notes, discuss with Jay","Design comps for BCBS Michigan (see comment)","Misc.","Linkwell Health","Miscellaneous"
2017-04-05,"Adam Hoyle",0.5,"troubleshoot areg and respond to Steve",,,"Linkwell Health","Miscellaneous"
2017-04-04,"Adam Hoyle",1.75,"restore and deploy Winter 2016 DM for Steve's demo",,,"Linkwell Health","Miscellaneous"
2017-04-04,"Adam Hoyle",0.5,"call w/ Steve",,,"Linkwell Health","Miscellaneous"
2017-04-03,"Adam Hoyle",0.25,"cache and varnish clears for Angela",,,"Linkwell Health","Miscellaneous"
2017-04-03,"Adam Hoyle",1.75,"misc. project coordination, BC updates and emails",,,"Linkwell Health","Miscellaneous"
2017-04-03,"Adam Hoyle",0.25,"Create new user account for Glen.Tickle",,,"Linkwell Health","Miscellaneous"
2017-04-03,"Adam Hoyle",0.25,"review and post HW hours",,,"Linkwell Health","Miscellaneous"
2017-03-31,"Adam Hoyle",1.5,"call w/ Steve",,,"Linkwell Health","Miscellaneous"
2017-03-30,"Adam Hoyle",1.25,"misc. project coordination and email comm. w/ Will, Laura, Steve, etc.",,,"Linkwell Health","Miscellaneous"
2017-03-30,"Adam Hoyle",0.5,"type up notes","Implement custom domains for Anthem and be sure to redirect all legacy traffic (Mandated, DM, etc.)","Misc.","Linkwell Health","Miscellaneous"
2017-03-24,"Adam Hoyle",0.25,"check IBX coupons updates and confirm with Will. Send redirect and image paths;",,,"Linkwell Health","Miscellaneous"
2017-03-24,"Adam Hoyle",1.0,"call w/ Steve",,,"Linkwell Health","Miscellaneous"
2017-03-24,"Adam Hoyle",0.5,"Update IBX coupons for email send",,,"Linkwell Health","Miscellaneous"
2017-03-22,"Adam Hoyle",1.0,"misc. project coordination and emails with Steve and Angela",,,"Linkwell Health","Miscellaneous"
2017-03-20,"Adam Hoyle",0.25,"cache and varnish clears for Naomi",,,"Linkwell Health","Miscellaneous"
2017-03-20,"Adam Hoyle",0.75,"research JobScore calendar integration for Erica",,,"Linkwell Health","Miscellaneous"
2017-03-17,"Adam Hoyle",2.0,"misc. project coordination, review todos, answer client emails for B'Link, DM, Mandated, etc.",,,"Linkwell Health","Miscellaneous"
2017-03-17,"Adam Hoyle",1.0,"weekly status call w/ Steve",,,"Linkwell Health","Miscellaneous"
2017-03-16,"Adam Hoyle",0.5,"research and respond to Steve re: SSL for Anthem domains",,,"Linkwell Health","Miscellaneous"
2017-03-15,"Adam Hoyle",0.5,"misc. project coordination and emails",,,"Linkwell Health","Miscellaneous"
2017-03-13,"Adam Hoyle",0.5,"weekly status call w/ Steve",,,"Linkwell Health","Miscellaneous"
2017-03-10,"Adam Hoyle",0.5,"weekly status call w/ Katie, Kim",,,"Linkwell Health","Miscellaneous"
2017-03-08,"Adam Hoyle",0.5,"project coordination and emails",,,"Linkwell Health","Miscellaneous"
2017-03-06,"Adam Hoyle",0.25,"cache clears for Katie",,,"Linkwell Health","Miscellaneous"
2017-03-06,"Adam Hoyle",0.5,"pull analytics for Silver Sneakers areg",,,"Linkwell Health","Miscellaneous"
2017-03-06,"Adam Hoyle",3.0,"","Design comps for BCBSMI pitch (see comment)","Misc.","Linkwell Health","Miscellaneous"
2017-03-06,"Adam Hoyle",0.5,"organize notes and content, call w/ Steve","Design comps for BCBSMI pitch (see comment)","Misc.","Linkwell Health","Miscellaneous"
2017-03-03,"Adam Hoyle",0.25,"create new LMS user account for Carey",,,"Linkwell Health","Miscellaneous"
2017-03-03,"Adam Hoyle",1.0,"call w/ Steve",,,"Linkwell Health","Miscellaneous"
2017-03-03,"Adam Hoyle",1.0,"weekly status call w/ Kim and Katie re: HRIAB",,,"Linkwell Health","Miscellaneous"
2017-03-02,"Adam Hoyle",0.75,"Research into MailChimp list issues for Chris C, clean list, reimport and test",,,"Linkwell Health","Miscellaneous"
2017-02-28,"Adam Hoyle",0.5,"support for Katie with MailChimp email campaigns, templates and lists",,,"Linkwell Health","Miscellaneous"
2017-02-27,"Adam Hoyle",0.5,"investigate offer image not updating in IBC email",,,"Linkwell Health","Miscellaneous"
2017-02-27,"Adam Hoyle",0.75,"call w/ Steve and Katie",,,"Linkwell Health","Miscellaneous"
2017-02-23,"Adam Hoyle",0.75,"Troubleshoot and fix IBC email footers",,,"Linkwell Health","Miscellaneous"
2017-02-22,"Adam Hoyle",0.5,"coupon and redirect updates",,,"Linkwell Health","Miscellaneous"
2017-02-22,"Adam Hoyle",0.75,"research and respond to Katie re: redirects",,,"Linkwell Health","Miscellaneous"
2017-02-21,"Adam Hoyle",0.75,"Call w/ Steve re: Change Healthcare",,,"Linkwell Health","Miscellaneous"
2017-02-17,"Adam Hoyle",0.75,"misc. project coordination and emails, BC updates, etc.",,,"Linkwell Health","Miscellaneous"
2017-02-17,"Adam Hoyle",1.0,"weekly status call w/ Katie and Steve",,,"Linkwell Health","Miscellaneous"
2017-02-16,"Adam Hoyle",2.0,"revisions for Steve","PDF updates for Humana / SilverSneakers pitch","Misc.","Linkwell Health","Miscellaneous"
2017-02-16,"Adam Hoyle",1.0,"updates per Steve","PDF updates for Humana / SilverSneakers pitch","Misc.","Linkwell Health","Miscellaneous"
2017-02-16,"Adam Hoyle",0.5,"review LMS upgrade schedule, type notes and prep for meeting",,,"Linkwell Health","Miscellaneous"
2017-02-16,"Adam Hoyle",1.5,"meeting w/ Nathan Adams",,,"Linkwell Health","Miscellaneous"
2017-02-15,"Adam Hoyle",1.25,"misc. project coordination, calls and emails w/ Steve and Katie, updates to BC",,,"Linkwell Health","Miscellaneous"
2017-02-14,"Adam Hoyle",0.25,"call w/ Katie re: HRIAB timeline",,,"Linkwell Health","Miscellaneous"
2017-02-14,"Adam Hoyle",0.25,"cache clears and varnish clears for Katie",,,"Linkwell Health","Miscellaneous"
2017-02-10,"Adam Hoyle",0.75,"weekly status call w/ Katie and Steve",,,"Linkwell Health","Miscellaneous"
2017-02-07,"Adam Hoyle",0.5,"misc. project coordination and emails",,,"Linkwell Health","Miscellaneous"
2017-02-07,"Adam Hoyle",0.75,"Update IBX email coupons",,,"Linkwell Health","Miscellaneous"
2017-02-06,"Adam Hoyle",0.25,"Create new user accounts per Steve",,,"Linkwell Health","Miscellaneous"
2017-02-06,"Adam Hoyle",0.5,"call w/ Steve",,,"Linkwell Health","Miscellaneous"
2017-02-03,"Adam Hoyle",1.0,"weekly status call w/ Katie and Steve",,,"Linkwell Health","Miscellaneous"
2017-02-01,"Adam Hoyle",0.75,"misc. project coordination and emails",,,"Linkwell Health","Miscellaneous"
2017-02-01,"Adam Hoyle",0.25,"Drupal and varnish cache clears for Katie",,,"Linkwell Health","Miscellaneous"
2017-01-31,"Adam Hoyle",0.75,"point anthemdiscounts.com domain to RS, setup psuedo site on RS and create redirects, test",,,"Linkwell Health","Miscellaneous"
2017-01-30,"Adam Hoyle",1.25,"misc. project coordination and emails",,,"Linkwell Health","Miscellaneous"
2017-01-30,"Adam Hoyle",1.0,"call w/ Steve and Katie re: Baby Blue Print and Tivity Health feeds",,,"Linkwell Health","Miscellaneous"
2017-01-27,"Adam Hoyle",1.0,"call w/ Steve and Katie",,,"Linkwell Health","Miscellaneous"
2017-01-26,"Adam Hoyle",2.0,"review outlook emails and support for Katie",,,"Linkwell Health","Miscellaneous"
2017-01-26,"Adam Hoyle",0.5,"misc. emails and replies",,,"Linkwell Health","Miscellaneous"
2017-01-24,"Adam Hoyle",1.0,"troubleshooting and fixing outlook email templates for Katie",,,"Linkwell Health","Miscellaneous"
2017-01-23,"Adam Hoyle",2.5,"troubleshooting and fixing outlook email templates for Katie",,,"Linkwell Health","Miscellaneous"
2017-01-20,"Adam Hoyle",0.5,"troubleshooting outlook email templates for Katie",,,"Linkwell Health","Miscellaneous"
2017-01-18,"Adam Hoyle",0.5,"call w/ Steve re: D7 - (no show)",,,"Linkwell Health","Miscellaneous"
2017-01-18,"Adam Hoyle",0.5,"Support for Katie with email templates",,,"Linkwell Health","Miscellaneous"
2017-01-17,"Adam Hoyle",0.75,"updates to headlines, coupons, create redirects, etc.","Code updated IBX email for delivery to client (include comments)","Misc.","Linkwell Health","Miscellaneous"
2017-01-17,"Adam Hoyle",0.5,"updates from Angela and repost","PBC Quarterly Email Comp","Misc.","Linkwell Health","Miscellaneous"
2017-01-13,"Adam Hoyle",1.0,"PBC quarterly email comp",,,"Linkwell Health","Miscellaneous"
2017-01-12,"Adam Hoyle",0.5,"call w/ Steve re: Silver Sneakers comps",,,"Linkwell Health","Miscellaneous"
2017-01-06,"Adam Hoyle",1.0,"weekly status update call",,,"Linkwell Health","Miscellaneous"
2017-01-03,"Adam Hoyle",3.5,"Coding and testing","Code updated IBX email for delivery to client (include comments)","Misc.","Linkwell Health","Miscellaneous"
2017-01-03,"Adam Hoyle",0.5,"weekly status call w/ Katie and Steve",,,"Linkwell Health","Miscellaneous"
2016-12-19,"Adam Hoyle",0.5,"call w/ Steve re: feeds and API",,,"Linkwell Health","Miscellaneous"
2016-12-16,"Adam Hoyle",0.75,"weekly status call w/ Katie and Steve",,,"Linkwell Health","Miscellaneous"
2016-12-14,"Adam Hoyle",0.25,"cache clears for Katie",,,"Linkwell Health","Miscellaneous"
2016-12-14,"Adam Hoyle",0.25,"quick checking call w/ Katie re: AvMed, HW, DM",,,"Linkwell Health","Miscellaneous"
2016-12-13,"Adam Hoyle",1.25,"","Misc. updates for DM and HW","Misc.","Linkwell Health","Miscellaneous"
2016-12-09,"Adam Hoyle",0.5,"Weekly status call w/ Katie",,,"Linkwell Health","Miscellaneous"
2016-12-09,"Adam Hoyle",0.5,"JSON demo feeds",,,"Linkwell Health","Miscellaneous"
2016-12-08,"Adam Hoyle",0.75,"testing and communication for pluginless printing",,,"Linkwell Health","Miscellaneous"
2016-12-06,"Adam Hoyle",0.75,"misc. project coordination and emails w/ Katie and Steve",,,"Linkwell Health","Miscellaneous"
2016-11-30,"Adam Hoyle",0.25,"Cache clears for Katie",,,"Linkwell Health","Miscellaneous"
2016-11-29,"Adam Hoyle",1.0,"investigate missing XPS site",,,"Linkwell Health","Miscellaneous"
2016-11-29,"Adam Hoyle",0.75,"test coupon printing and send to Linkwell",,,"Linkwell Health","Miscellaneous"
2016-11-21,"Adam Hoyle",0.5,"update offer images and redirects",,,"Linkwell Health","Miscellaneous"
2016-11-17,"Adam Hoyle",0.25,"cache clears for Katie",,,"Linkwell Health","Miscellaneous"
2016-11-16,"Adam Hoyle",0.5,"research subscriber keys for SMC/Anthem DM, followup with Katie and call",,,"Linkwell Health","Miscellaneous"
2016-11-15,"Adam Hoyle",0.25,"cache clears for Katie",,,"Linkwell Health","Miscellaneous"
2016-11-15,"Adam Hoyle",0.5,"Respond to Steve re: pluginless printing",,,"Linkwell Health","Miscellaneous"
2016-11-14,"Adam Hoyle",0.25,"review and sedn","Design click-through to show new ""pluginless printing"" for coupons (see comment)","Misc.","Linkwell Health","Miscellaneous"
2016-11-14,"Adam Hoyle",0.25,"cache clears for Katie",,,"Linkwell Health","Miscellaneous"
2016-11-14,"Adam Hoyle",0.25,"update offers and redirects",,,"Linkwell Health","Miscellaneous"
2016-11-11,"Adam Hoyle",0.75,"weekly status call w/ Katie and Steve",,,"Linkwell Health","Miscellaneous"
2016-11-11,"Adam Hoyle",0.25,"cache clears for Katie",,,"Linkwell Health","Miscellaneous"
2016-11-08,"Adam Hoyle",0.5,"update IBC footer, call w/ Katie, clear cache",,,"Linkwell Health","Miscellaneous"
2016-11-04,"Adam Hoyle",0.25,"cache clears for Katie",,,"Linkwell Health","Miscellaneous"
2016-11-04,"Adam Hoyle",0.75,"weekly status calls w/ Katie and Steve",,,"Linkwell Health","Miscellaneous"
2016-11-03,"Adam Hoyle",0.5,"misc. project coordination and emails",,,"Linkwell Health","Miscellaneous"
2016-10-28,"Adam Hoyle",0.25,"cache clears for Katie",,,"Linkwell Health","Miscellaneous"
2016-10-28,"Adam Hoyle",1.0,"weekly status call w/ Katie and Steve",,,"Linkwell Health","Miscellaneous"
2016-10-24,"Adam Hoyle",0.5,"open Acquia ticket re: common name domain",,,"Linkwell Health","Miscellaneous"
2016-10-22,"Adam Hoyle",0.75,"test HTTPS and check domain DNS",,,"Linkwell Health","Miscellaneous"
2016-10-21,"Adam Hoyle",0.5,"misc. project coordination and client emails",,,"Linkwell Health","Miscellaneous"
2016-10-21,"Adam Hoyle",1.0,"weekly call w/ Steve and Katie",,,"Linkwell Health","Miscellaneous"
2016-10-20,"Adam Hoyle",0.25,"cache clears for Katie",,,"Linkwell Health","Miscellaneous"
2016-10-20,"Adam Hoyle",0.5,"remove calories from recipe template, push, test","Implement an exclusive ""IBC Live"" recipe category (see comment for details)","Misc.","Linkwell Health","Miscellaneous"
2016-10-20,"Adam Hoyle",0.25,"cache clears for Katie",,,"Linkwell Health","Miscellaneous"
2016-10-19,"Adam Hoyle",0.5,"support for Katie on IBC Live recipes and trademark",,,"Linkwell Health","Miscellaneous"
2016-10-18,"Adam Hoyle",0.25,"cache clears for Katie",,,"Linkwell Health","Miscellaneous"
2016-10-14,"Adam Hoyle",0.25,"test recipe required field updates, email Katie",,,"Linkwell Health","Miscellaneous"
2016-10-14,"Adam Hoyle",0.25,"review GS XML, test validation, update GS",,,"Linkwell Health","Miscellaneous"
2016-10-13,"Adam Hoyle",0.5,"review projects and followup with Katie for schedules and assets, update BC",,,"Linkwell Health","Miscellaneous"
2016-10-13,"Adam Hoyle",0.5,"call with Katie re: SSL DNS changes and followup emails",,,"Linkwell Health","Miscellaneous"
2016-10-07,"Adam Hoyle",1.0,"weekly status call w/ Steve and Angela",,,"Linkwell Health","Miscellaneous"
2016-10-06,"Adam Hoyle",0.25,"call Katie re: DNS changes for SSL",,,"Linkwell Health","Miscellaneous"
2016-10-06,"Adam Hoyle",0.5,"DNS updates for dedicated balancer and testing, followups",,,"Linkwell Health","Miscellaneous"
2016-10-05,"Adam Hoyle",0.5,"call w/ Katie",,,"Linkwell Health","Miscellaneous"
2016-10-04,"Adam Hoyle",0.25,"cache clears for Katie",,,"Linkwell Health","Miscellaneous"
2016-10-03,"Adam Hoyle",0.25,"respond to Katie re: custom domains for Anthem",,,"Linkwell Health","Miscellaneous"
2016-09-30,"Adam Hoyle",1.25,"review upcoming dates and timelines for DM, Premera DM, MMO, etc. and update basecamp",,,"Linkwell Health","Miscellaneous"
2016-09-30,"Adam Hoyle",0.5,"review required DNS changes for dedicated load balancer, organize list of affected domains, email Linkwell",,,"Linkwell Health","Miscellaneous"
2016-09-30,"Adam Hoyle",3.25,"finalize and send Linkwell D7 estimate",,,"Linkwell Health","Miscellaneous"
2016-09-30,"Adam Hoyle",0.5,"weekly status call w/ Steve and Katie",,,"Linkwell Health","Miscellaneous"
2016-09-29,"Adam Hoyle",4.0,"D7 estimate, timeline and notes",,,"Linkwell Health","Miscellaneous"
2016-09-29,"Adam Hoyle",0.25,"cache clears for Katie",,,"Linkwell Health","Miscellaneous"
2016-09-28,"Adam Hoyle",1.25,"D7 estimate",,,"Linkwell Health","Miscellaneous"
2016-09-28,"Adam Hoyle",0.25,"cache clears for Katie",,,"Linkwell Health","Miscellaneous"
2016-09-27,"Adam Hoyle",0.25,"call w/ Steve re: SSL",,,"Linkwell Health","Miscellaneous"
2016-09-27,"Adam Hoyle",1.0,"call w/ Steve re: SSL",,,"Linkwell Health","Miscellaneous"
2016-09-27,"Adam Hoyle",0.5,"review upcoming project schedules and update basecamp",,,"Linkwell Health","Miscellaneous"
2016-09-26,"Adam Hoyle",0.25,"cache clears for Katie",,,"Linkwell Health","Miscellaneous"
2016-09-23,"Adam Hoyle",0.5,"call w/ Steve re: GS",,,"Linkwell Health","Miscellaneous"
2016-09-23,"Adam Hoyle",0.5,"review quitnet designs and send to Linkwell",,,"Linkwell Health","Miscellaneous"
2016-09-23,"Adam Hoyle",1.0,"weekly status call w/ Steve and Katie",,,"Linkwell Health","Miscellaneous"
2016-09-22,"Adam Hoyle",0.5,"call w/ Katie re: SSL",,,"Linkwell Health","Miscellaneous"
2016-09-22,"Adam Hoyle",1.25,"misc. project coordination",,,"Linkwell Health","Miscellaneous"
2016-09-20,"Adam Hoyle",0.5,"review quitnet requests and update basecamp, email client",,,"Linkwell Health","Miscellaneous"
2016-09-20,"Adam Hoyle",0.25,"cache clears for Katie",,,"Linkwell Health","Miscellaneous"
2016-09-19,"Adam Hoyle",0.75,"review DAC analytics, call w/ Katie",,,"Linkwell Health","Miscellaneous"
2016-09-16,"Adam Hoyle",0.5,"update Diabetes LR featured article content per Katie",,,"Linkwell Health","Miscellaneous"
2016-09-16,"Adam Hoyle",0.5,"weekly status call w/ Steve and Katie",,,"Linkwell Health","Miscellaneous"
2016-09-15,"Adam Hoyle",1.0,"test page for Avmed in iframe",,,"Linkwell Health","Miscellaneous"
2016-09-15,"Adam Hoyle",1.25,"finish icons, make other updates and send","Design email template to support Breast Cancer Awareness","Healthways","Linkwell Health","Miscellaneous"
2016-09-15,"Adam Hoyle",0.75,"call w/ Steve to run through projects",,,"Linkwell Health","Miscellaneous"
2016-09-15,"Adam Hoyle",0.25,"work on icons based on feedback","Design 11x17 poster for Healthways Breast Cancer Awareness Programs","Healthways","Linkwell Health","Miscellaneous"
2016-09-14,"Adam Hoyle",0.75,"finalize Healthways breast cancer email and send to Linkwell along with poster","Design 11x17 poster for Healthways Breast Cancer Awareness Programs","Healthways","Linkwell Health","Miscellaneous"
2016-09-14,"Adam Hoyle",0.5,"testing for articles used within a program and outside of a program, call w/ Katie to explain",,,"Linkwell Health","Miscellaneous"
2016-09-14,"Adam Hoyle",0.25,"IBC live testing on staging and email",,,"Linkwell Health","Miscellaneous"
2016-09-13,"Adam Hoyle",1.5,"","Design email template to support Breast Cancer Awareness","Healthways","Linkwell Health","Miscellaneous"
2016-09-13,"Adam Hoyle",0.25,"cache clears for Katie",,,"Linkwell Health","Miscellaneous"
2016-09-12,"Adam Hoyle",0.75,"review projects and respond to misc. emails and client comm.",,,"Linkwell Health","Miscellaneous"
2016-09-09,"Adam Hoyle",0.25,"cache clears for Katie",,,"Linkwell Health","Miscellaneous"
2016-09-09,"Adam Hoyle",1.0,"call w/ Katie and Steve",,,"Linkwell Health","Miscellaneous"
2016-09-02,"Adam Hoyle",1.0,"weekly status call w/ Steve and Katie",,,"Linkwell Health","Miscellaneous"
2016-09-01,"Adam Hoyle",0.5,"call w/ Steve",,,"Linkwell Health","Miscellaneous"
2016-09-01,"Adam Hoyle",0.25,"review recipe page changes with Mike",,,"Linkwell Health","Miscellaneous"
2016-08-31,"Adam Hoyle",0.25,"meet with Jay and Mike re: IBC live",,,"Linkwell Health","Miscellaneous"
2016-08-30,"Adam Hoyle",0.25,"Review upcoming program schedules and add milestones to basecamp",,,"Linkwell Health","Miscellaneous"
2016-08-29,"Adam Hoyle",0.5,"misc. project coordination and emails",,,"Linkwell Health","Miscellaneous"
2016-08-26,"Adam Hoyle",1.0,"weekly status call w/ Steve and Katie",,,"Linkwell Health","Miscellaneous"
2016-08-24,"Adam Hoyle",0.75,"misc. client communication and followups",,,"Linkwell Health","Miscellaneous"
2016-08-24,"Adam Hoyle",0.25,"cache clears for katie",,,"Linkwell Health","Miscellaneous"
2016-08-22,"Adam Hoyle",0.25,"cache clears for Katie",,,"Linkwell Health","Miscellaneous"
2016-08-22,"Adam Hoyle",0.25,"review Avmed emails, issues and solution",,,"Linkwell Health","Miscellaneous"
2016-08-16,"Adam Hoyle",0.5,"cache clears, type notes to jay",,,"Linkwell Health","Miscellaneous"
2016-08-12,"Adam Hoyle",0.5,"Notes for D7 update, schedule and budget to Steve",,,"Linkwell Health","Miscellaneous"
2016-08-12,"Adam Hoyle",0.5,"Look into CLIP data feed and respond to Katie",,,"Linkwell Health","Miscellaneous"
2016-08-11,"Adam Hoyle",0.5,"call w/ Steve",,,"Linkwell Health","Miscellaneous"
2016-08-09,"Adam Hoyle",0.75,"call w/ Steve",,,"Linkwell Health","Miscellaneous"
2016-08-08,"Adam Hoyle",0.75,"DNS updates, SSL deploy and test",,,"Linkwell Health","Miscellaneous"
2016-08-05,"Adam Hoyle",0.25,"followup on SSL, review DNS",,,"Linkwell Health","Miscellaneous"
2016-08-05,"Adam Hoyle",0.5,"misc. email communication with Katie and Steve",,,"Linkwell Health","Miscellaneous"
2016-08-05,"Adam Hoyle",0.5,"weekly status call w/ Katie",,,"Linkwell Health","Miscellaneous"
2016-08-03,"Adam Hoyle",0.25,"cache clears",,,"Linkwell Health","Miscellaneous"
2016-08-02,"Adam Hoyle",1.0,"call w/ Steve",,,"Linkwell Health","Miscellaneous"
2016-08-01,"Adam Hoyle",0.5,"followups on domain SSL approvals",,,"Linkwell Health","Miscellaneous"
2016-07-29,"Adam Hoyle",1.0,"call w/ Steve",,,"Linkwell Health","Miscellaneous"
2016-07-29,"Adam Hoyle",1.0,"call w/ Steve re: HR in a Box",,,"Linkwell Health","Miscellaneous"
2016-07-29,"Adam Hoyle",0.5,"weekly status call w/ Katie",,,"Linkwell Health","Miscellaneous"
2016-07-28,"Adam Hoyle",0.5,"emails w/ Steve re: HR in a Box",,,"Linkwell Health","Miscellaneous"
2016-07-27,"Adam Hoyle",0.5,"call w/ Steve re: HR in a box",,,"Linkwell Health","Miscellaneous"
2016-07-27,"Adam Hoyle",0.5,"document notes","Implement logic for the left nav button on special campaigns to display the node title of the corresponding landing page (see comment for details)","Misc.","Linkwell Health","Miscellaneous"
2016-07-25,"Adam Hoyle",0.25,"SSL followups and reply to Marran",,,"Linkwell Health","Miscellaneous"
2016-07-25,"Adam Hoyle",0.5,"verify domain ownership for Linkwell domains for SSL, email Steve, update Acquia ticket with questions and notes about organization name.",,,"Linkwell Health","Miscellaneous"
2016-07-22,"Adam Hoyle",0.5,"call w/ Acquia",,,"Linkwell Health","Miscellaneous"
2016-07-22,"Adam Hoyle",1.0,"weekly status call",,,"Linkwell Health","Miscellaneous"
2016-07-21,"Adam Hoyle",1.0,"prep and call with SMC",,,"Linkwell Health","Miscellaneous"
2016-07-21,"Adam Hoyle",1.0,"call w/ Steve re: HR in a Box",,,"Linkwell Health","Miscellaneous"
2016-07-20,"Adam Hoyle",0.25,"SSL followup to Steve",,,"Linkwell Health","Miscellaneous"
2016-07-20,"Adam Hoyle",0.5,"call w/ Acquia",,,"Linkwell Health","Miscellaneous"
2016-07-20,"Adam Hoyle",0.5,"notes and questions for Acquia SSL call",,,"Linkwell Health","Miscellaneous"
2016-07-19,"Adam Hoyle",0.5,"notes and questions to Anthem/SMC",,,"Linkwell Health","Miscellaneous"
2016-07-19,"Adam Hoyle",0.25,"review Premera content notes",,,"Linkwell Health","Miscellaneous"
2016-07-19,"Adam Hoyle",0.5,"Meet w/ Mike re: misc. updates",,,"Linkwell Health","Miscellaneous"
2016-07-15,"Adam Hoyle",0.75,"weekly status call",,,"Linkwell Health","Miscellaneous"
2016-07-14,"Adam Hoyle",1.0,"misc. project coordination and client emails",,,"Linkwell Health","Miscellaneous"
2016-07-13,"Adam Hoyle",0.5,"Archive mandated program",,,"Linkwell Health","Miscellaneous"
2016-07-13,"Adam Hoyle",0.5,"Meet w/ Mike to discuss SSL for plan sites",,,"Linkwell Health","Miscellaneous"
2016-07-11,"Adam Hoyle",0.75,"misc. project coordination and client emails",,,"Linkwell Health","Miscellaneous"
2016-07-08,"Adam Hoyle",0.5,"weekly status call w/ Steve and Katie",,,"Linkwell Health","Miscellaneous"
2016-07-07,"Adam Hoyle",0.5,"misc. project coordination, dig up grocery server documents, etc.",,,"Linkwell Health","Miscellaneous"
2016-07-07,"Adam Hoyle",0.25,"investigate clip data reporting and unrecognized sites per Katie",,,"Linkwell Health","Miscellaneous"
2016-07-07,"Adam Hoyle",0.5,"Email Steve re: SSL and Digital Activation",,,"Linkwell Health","Miscellaneous"
2016-07-07,"Adam Hoyle",2.0,"test custom domains on prod, troubleshoot missing logos and fi",,,"Linkwell Health","Miscellaneous"
2016-07-07,"Adam Hoyle",0.25,"add redirect for MHSsave.com/pilates",,,"Linkwell Health","Miscellaneous"
2016-07-06,"Adam Hoyle",0.5,"testing for custom domains",,,"Linkwell Health","Miscellaneous"
2016-07-06,"Adam Hoyle",1.0,"misc. project coordination and emails",,,"Linkwell Health","Miscellaneous"
2016-07-01,"Adam Hoyle",2.0,"HW ATT images",,,"Linkwell Health","Miscellaneous"
2016-06-30,"Adam Hoyle",0.75,"testing custom domain",,,"Linkwell Health","Miscellaneous"
2016-06-30,"Adam Hoyle",0.5,"meet with Mike and Kyle re: custom domain masking",,,"Linkwell Health","Miscellaneous"
2016-06-29,"Adam Hoyle",0.75,"review specs and process notes for HW/ATT banners, call w/ Steve",,,"Linkwell Health","Miscellaneous"
2016-06-28,"Adam Hoyle",0.75,"call w/ Steve re: HW banners for AT&T",,,"Linkwell Health","Miscellaneous"
2016-06-27,"Adam Hoyle",0.5,"create and test MMO-Publisher account.",,,"Linkwell Health","Miscellaneous"
2016-06-24,"Adam Hoyle",0.5,"weekly status call w/ Steve",,,"Linkwell Health","Miscellaneous"
2016-06-24,"Adam Hoyle",0.5,"assist Eileen with email template questions re: coupon/savings calc",,,"Linkwell Health","Miscellaneous"
2016-06-24,"Adam Hoyle",0.5,"research and submit ticket to Acquia for SSL",,,"Linkwell Health","Miscellaneous"
2016-06-23,"Adam Hoyle",0.75,"call w/ MMO re: email",,,"Linkwell Health","Miscellaneous"
2016-06-23,"Adam Hoyle",0.75,"answer analytics questions re: HW, look into site outage on IBX",,,"Linkwell Health","Miscellaneous"
2016-06-21,"Adam Hoyle",0.75,"call w/ Steve re: multi-certificate SSL cert and custom domain",,,"Linkwell Health","Miscellaneous"
2016-06-17,"Adam Hoyle",0.75,"weekly status call w/ Steve and Katie",,,"Linkwell Health","Miscellaneous"
2016-06-17,"Adam Hoyle",1.5,"misc. project coordination and client emails",,,"Linkwell Health","Miscellaneous"
2016-06-16,"Adam Hoyle",0.75,"discuss, demo, test and deploy fix for plan site colors",,,"Linkwell Health","Miscellaneous"
2016-06-16,"Adam Hoyle",0.75,"work on marketo code for premera",,,"Linkwell Health","Miscellaneous"
2016-06-16,"Adam Hoyle",0.5,"test and deploy Avmed",,,"Linkwell Health","Miscellaneous"
2016-06-15,"Adam Hoyle",0.5,"emails and coordination re: MMO",,,"Linkwell Health","Miscellaneous"
2016-06-10,"Adam Hoyle",1.0,"weekly status call w/ Katie and Steve, tons of updates",,,"Linkwell Health","Miscellaneous"
2016-06-09,"Adam Hoyle",0.5,"investigate site outage report, call RS re: server migrations",,,"Linkwell Health","Miscellaneous"
2016-06-08,"Adam Hoyle",0.25,"create new user account for jmanning",,,"Linkwell Health","Miscellaneous"
2016-06-08,"Adam Hoyle",0.75,"call w/ Katie, investigate, update offers view with empty text",,,"Linkwell Health","Miscellaneous"
2016-06-07,"Adam Hoyle",0.25,"change ""Related Coupons"" heading to simply ""Coupons"" on article and recipe node templates",,,"Linkwell Health","Miscellaneous"
2016-06-03,"Adam Hoyle",1.0,"misc. other MMO and Mandated updates (logos, copy edits, new articles, etc.)",,,"Linkwell Health","Miscellaneous"
2016-06-03,"Adam Hoyle",0.5,"weekly status call w/ Steve",,,"Linkwell Health","Miscellaneous"
2016-06-03,"Adam Hoyle",0.5,"weekly status call w/ Katie",,,"Linkwell Health","Miscellaneous"
2016-06-01,"Adam Hoyle",0.5,"misc. project coordination",,,"Linkwell Health","Miscellaneous"
2016-05-24,"Adam Hoyle",0.75,"misc. project coordination and email comm. w/ Katie and Angela re: HW and Mcomm",,,"Linkwell Health","Miscellaneous"
2016-05-23,"Adam Hoyle",0.5,"call w/ Steve",,,"Linkwell Health","Miscellaneous"
2016-05-23,"Adam Hoyle",0.75,"misc. project coordination for Innergy, etc.",,,"Linkwell Health","Miscellaneous"
2016-05-20,"Adam Hoyle",0.75,"Weekly status call w/ Katie and Steve",,,"Linkwell Health","Miscellaneous"
2016-05-19,"Adam Hoyle",0.25,"move images to static server and update HTML per Steve","(12) Coding for Healthways Innergy email (see comment for details)","Misc.","Linkwell Health","Miscellaneous"
2016-05-16,"Adam Hoyle",0.75,"update DM and HW offer images and redirects",,,"Linkwell Health","Miscellaneous"
2016-05-16,"Adam Hoyle",0.75,"weekly status update call w/ Steve and Katie",,,"Linkwell Health","Miscellaneous"
2016-05-16,"Adam Hoyle",1.75,"review and respond to emails and projects status, create new FTP account for Healthways, update healthkeepers logo, update email addresses for FTP notifications",,,"Linkwell Health","Miscellaneous"
2016-05-11,"Adam Hoyle",1.0,"updates to Innergy email per Steve",,,"Linkwell Health","Miscellaneous"
2016-05-10,"Adam Hoyle",0.5,"updates to Innergy email per Steve",,,"Linkwell Health","Miscellaneous"
2016-05-10,"Adam Hoyle",0.5,"troubleshoot and update coupon redirects for HW/DM per Katie",,,"Linkwell Health","Miscellaneous"
2016-05-06,"Adam Hoyle",2.0,"update Innergy email with links +",,,"Linkwell Health","Miscellaneous"
2016-05-06,"Adam Hoyle",0.5,"add and tweak Innergy success story",,,"Linkwell Health","Miscellaneous"
2016-05-05,"Adam Hoyle",0.25,"cache and varnish clears for Katie",,,"Linkwell Health","Miscellaneous"
2016-05-05,"Adam Hoyle",0.5,"read and parse emails and notes, update basecamp",,,"Linkwell Health","Miscellaneous"
2016-05-05,"Adam Hoyle",0.5,"call w/ Steve re: Innergy notes",,,"Linkwell Health","Miscellaneous"
2016-05-04,"Adam Hoyle",0.25,"cache clears for Katie",,,"Linkwell Health","Miscellaneous"
2016-05-04,"Adam Hoyle",1.0,"misc. project coordination and client emails",,,"Linkwell Health","Miscellaneous"
2016-05-03,"Adam Hoyle",0.5,"call w/ Steve",,,"Linkwell Health","Miscellaneous"
2016-04-29,"Adam Hoyle",0.5,"weekly status call w/ Katie and Steve",,,"Linkwell Health","Miscellaneous"
2016-04-28,"Adam Hoyle",0.25,"cache clears for Katie",,,"Linkwell Health","Miscellaneous"
2016-04-28,"Adam Hoyle",1.5,"project coordination and emails, review DM and HW updates from Katie and Angela",,,"Linkwell Health","Miscellaneous"
2016-04-27,"Adam Hoyle",0.5,"call w/ Steve re: healthways",,,"Linkwell Health","Miscellaneous"
2016-04-27,"Adam Hoyle",0.25,"add anthem custom domain to Acquia and reply to steve with instructions for further setup",,,"Linkwell Health","Miscellaneous"
2016-04-27,"Adam Hoyle",0.5,"switch to 5.6, clear caches, test sites",,,"Linkwell Health","Miscellaneous"
2016-04-26,"Adam Hoyle",0.25,"cache clear for Katie",,,"Linkwell Health","Miscellaneous"
2016-04-26,"Adam Hoyle",1.0,"testing sites in php5.6 to prep for upgrade",,,"Linkwell Health","Miscellaneous"
2016-04-26,"Adam Hoyle",0.25,"update Pingdom check for IBX sample monthly report to address slow response times",,,"Linkwell Health","Miscellaneous"
2016-04-25,"Adam Hoyle",0.25,"create redirect for getgoodliving.com/strong, test, email Katie",,,"Linkwell Health","Miscellaneous"
2016-04-25,"Adam Hoyle",0.5,"troubleshoot feed demo ajax error and respond to Steve",,,"Linkwell Health","Miscellaneous"
2016-04-25,"Adam Hoyle",0.25,"Look for MMO email, coordinate w/ Jay",,,"Linkwell Health","Miscellaneous"
2016-04-22,"Adam Hoyle",0.75,"weekly status update call",,,"Linkwell Health","Miscellaneous"
2016-04-21,"Adam Hoyle",0.75,"call w/ Steve, update basecamp with notes",,,"Linkwell Health","Miscellaneous"
2016-04-20,"Adam Hoyle",0.25,"pingdom report investigation for Steve re: response times",,,"Linkwell Health","Miscellaneous"
2016-04-20,"Adam Hoyle",0.5,"test setup of Pingom single site monitoring",,,"Linkwell Health","Miscellaneous"
2016-04-19,"Adam Hoyle",0.25,"setup monthly Pingdom email reports",,,"Linkwell Health","Miscellaneous"
2016-04-19,"Adam Hoyle",0.75,"move DM comps from local server to Linkwell server for Steve",,,"Linkwell Health","Miscellaneous"
2016-04-14,"Adam Hoyle",0.75,"weekly status update call",,,"Linkwell Health","Miscellaneous"
2016-04-14,"Adam Hoyle",0.5,"call w/ Steve",,,"Linkwell Health","Miscellaneous"
2016-04-12,"Adam Hoyle",1.25,"review content matrix, misc. project coordination and emails",,,"Linkwell Health","Miscellaneous"
2016-04-08,"Adam Hoyle",0.25,"call w/ Katie",,,"Linkwell Health","Miscellaneous"
2016-04-07,"Adam Hoyle",0.5,"weekly status call",,,"Linkwell Health","Miscellaneous"
2016-04-06,"Adam Hoyle",0.5,"research and respond to steve about anthem.com/yourplan domain masking",,,"Linkwell Health","Miscellaneous"
2016-04-06,"Adam Hoyle",0.75,"misc. project coordination and emails",,,"Linkwell Health","Miscellaneous"
2016-04-04,"Adam Hoyle",0.5,"review and coordinate DM/WH updates from Angela",,,"Linkwell Health","Miscellaneous"
2016-03-31,"Adam Hoyle",0.75,"troubleshoot and fix issue with offer view",,,"Linkwell Health","Miscellaneous"
2016-03-31,"Adam Hoyle",0.5,"weekly call",,,"Linkwell Health","Miscellaneous"
2016-03-31,"Adam Hoyle",0.5,"add notes field to LMS Articles per Katie for internal use",,,"Linkwell Health","Miscellaneous"
2016-03-30,"Adam Hoyle",0.25,"look into Empire logo distortion",,,"Linkwell Health","Miscellaneous"
2016-03-25,"Adam Hoyle",0.25,"weekly status call w/ Katie",,,"Linkwell Health","Miscellaneous"
2016-03-21,"Adam Hoyle",0.75,"troubleshoot missing file uploads on client FTP site",,,"Linkwell Health","Miscellaneous"
2016-03-18,"Adam Hoyle",0.25,"test coupon printing",,,"Linkwell Health","Miscellaneous"
2016-03-18,"Adam Hoyle",0.5,"weekly status call w/ Steve and Katie",,,"Linkwell Health","Miscellaneous"
2016-03-14,"Adam Hoyle",0.75,"Review and respond to RVS feed issues, coordinate updates with Mike, test and email client",,,"Linkwell Health","Miscellaneous"
2016-03-14,"Adam Hoyle",0.5,"call w/ Katie and Steve re: Search Demo site",,,"Linkwell Health","Miscellaneous"
2016-03-11,"Adam Hoyle",0.75,"call w/ Steve and Salesforce re: transactional emails and automation",,,"Linkwell Health","Miscellaneous"
2016-03-10,"Adam Hoyle",0.5,"weekly status call",,,"Linkwell Health","Miscellaneous"
2016-03-10,"Adam Hoyle",0.5,"call w/ Steve",,,"Linkwell Health","Miscellaneous"
2016-03-09,"Adam Hoyle",1.25,"project coordination, client emails, review comps, discuss feeds w/ Mike, etc.",,,"Linkwell Health","Miscellaneous"
2016-03-08,"Adam Hoyle",1.5,"misc. project coordination and emails",,,"Linkwell Health","Miscellaneous"
2016-03-07,"Adam Hoyle",0.75,"client emails and coordination",,,"Linkwell Health","Miscellaneous"
2016-03-03,"Adam Hoyle",0.5,"Weekly status call",,,"Linkwell Health","Miscellaneous"
2016-03-03,"Adam Hoyle",1.0,"misc. project coordination",,,"Linkwell Health","Miscellaneous"
2016-03-02,"Adam Hoyle",0.25,"move medicare comps to linkwell server",,,"Linkwell Health","Miscellaneous"
2016-03-02,"Adam Hoyle",0.75,"update IBC email template per Katie",,,"Linkwell Health","Miscellaneous"
2016-03-01,"Adam Hoyle",0.75,"call w/ Steve and basecamp updates",,,"Linkwell Health","Miscellaneous"
2016-02-29,"Adam Hoyle",0.75,"misc. project coordination and client communication",,,"Linkwell Health","Miscellaneous"
2016-02-18,"Adam Hoyle",0.25,"cache clears for Katie",,,"Linkwell Health","Miscellaneous"
2016-02-18,"Adam Hoyle",1.0,"weekly status call",,,"Linkwell Health","Miscellaneous"
2016-02-05,"Adam Hoyle",0.75,"troubleshoot feeds",,,"Linkwell Health","Miscellaneous"
2016-02-05,"Adam Hoyle",0.25,"cache clears for katie",,,"Linkwell Health","Miscellaneous"
2016-02-05,"Adam Hoyle",0.25,"Meet w/ Jay re: AdMED",,,"Linkwell Health","Miscellaneous"
2016-02-05,"Adam Hoyle",0.75,"call w/ Steve re: DAC and DM",,,"Linkwell Health","Miscellaneous"
2016-02-04,"Adam Hoyle",0.5,"linkwell status call",,,"Linkwell Health","Miscellaneous"
2016-02-04,"Adam Hoyle",1.0,"updates to feed views for offers and recipes",,,"Linkwell Health","Miscellaneous"
2016-02-03,"Adam Hoyle",0.75,"call w/ Steve",,,"Linkwell Health","Miscellaneous"
2016-02-02,"Adam Hoyle",0.5,"vanity URL redirects for getgoodliving and mhssave",,,"Linkwell Health","Miscellaneous"
2016-01-29,"Adam Hoyle",0.75,"update images and links in template per Katie","Code email template for Care Innovations / Caregiver Connect email (See comment)","Misc.","Linkwell Health","Miscellaneous"
2016-01-28,"Adam Hoyle",0.75,"prep and weekly status call",,,"Linkwell Health","Miscellaneous"
2016-01-28,"Adam Hoyle",1.25,"Move to SMC, test, email Linkwell","Code email template for Care Innovations / Caregiver Connect email (See comment)","Misc.","Linkwell Health","Miscellaneous"
2016-01-28,"Adam Hoyle",0.25,"review template with Kyle",,,"Linkwell Health","Miscellaneous"
2016-01-26,"Adam Hoyle",0.25,"discuss DM/HW updates, move DAC to Linkwell server",,,"Linkwell Health","Miscellaneous"
2016-01-25,"Adam Hoyle",1.5,"troubleshoot and update recipe feeds to include ingredient measurement",,,"Linkwell Health","Miscellaneous"
2016-01-22,"Adam Hoyle",2.0,"add missing articles to feed demo site",,,"Linkwell Health","Miscellaneous"
2016-01-22,"Adam Hoyle",0.5,"investigate missing articles in feed demo tool per Katie",,,"Linkwell Health","Miscellaneous"
2016-01-22,"Adam Hoyle",0.5,"support call w/ Katie on feed demo publishing",,,"Linkwell Health","Miscellaneous"
2016-01-21,"Adam Hoyle",0.5,"weekly status call",,,"Linkwell Health","Miscellaneous"
2016-01-21,"Adam Hoyle",0.25,"Call w/ Katie misc. updates, IBX email coupon approach, IBX recipe feed",,,"Linkwell Health","Miscellaneous"
2016-01-20,"Adam Hoyle",0.75,"Call w/ Steve re, DM/HW coordination",,,"Linkwell Health","Miscellaneous"
2016-01-20,"Adam Hoyle",1.25,"updates to PDF download page for demo-site ""live demo"" - update logos, hide page elements",,,"Linkwell Health","Miscellaneous"
2016-01-20,"Adam Hoyle",0.25,"process notes and update basecamp",,,"Linkwell Health","Miscellaneous"
2016-01-19,"Adam Hoyle",1.0,"Call Katie, discuss customization for Healthy Harmony unsubscribe pages, implement updates in SMC brand builder and profile center",,,"Linkwell Health","Miscellaneous"
2016-01-15,"Adam Hoyle",0.25,"review, move to Linkwell server, email Steve",,,"Linkwell Health","Miscellaneous"
2016-01-15,"Adam Hoyle",0.5,"call w/ Steve",,,"Linkwell Health","Miscellaneous"
2016-01-14,"Adam Hoyle",1.25,"Call Steve for clarification on Premera comps. Update basecamp. Discuss w/ Jay.",,,"Linkwell Health","Miscellaneous"
2016-01-13,"Adam Hoyle",1.25,"process notes from call w/ Steve",,,"Linkwell Health","Miscellaneous"
2016-01-13,"Adam Hoyle",1.5,"call w/ Steve",,,"Linkwell Health","Miscellaneous"
2016-01-11,"Adam Hoyle",0.25,"cache clears for Katie",,,"Linkwell Health","Miscellaneous"
2016-01-07,"Adam Hoyle",0.5,"weekly status call",,,"Linkwell Health","Miscellaneous"
2016-01-07,"Adam Hoyle",0.25,"troubleshoot and fix line break issue in BFY templates",,,"Linkwell Health","Miscellaneous"
2016-01-04,"Adam Hoyle",0.5,"Catchup call w/ Steve",,,"Linkwell Health","Miscellaneous"
2016-01-04,"Adam Hoyle",0.75,"troubleshoot recipe feed",,,"Linkwell Health","Miscellaneous"
2016-01-04,"Adam Hoyle",0.25,"cache clears for 2016 copyright update",,,"Linkwell Health","Miscellaneous"
2015-12-17,"Adam Hoyle",0.25,"more cache and varnish clears for Katie",,,"Linkwell Health","Miscellaneous"
2015-12-17,"Adam Hoyle",0.25,"cache and varnish clears all around for Katie",,,"Linkwell Health","Miscellaneous"
2015-12-17,"Adam Hoyle",0.75,"weekly status call",,,"Linkwell Health","Miscellaneous"
2015-12-16,"Adam Hoyle",0.25,"cache and varnish clears all around for Katie",,,"Linkwell Health","Miscellaneous"
2015-12-16,"Adam Hoyle",0.5,"support for Katie with image uploads and converting EPS",,,"Linkwell Health","Miscellaneous"
2015-12-11,"Adam Hoyle",0.25,"troubleshoot user account for nsloam",,,"Linkwell Health","Miscellaneous"
2015-12-11,"Adam Hoyle",1.0,"weekly status call w/ Steve and Katie",,,"Linkwell Health","Miscellaneous"
2015-12-11,"Adam Hoyle",0.5,"review G8way/united preference API docs and make notes for followup with steve",,,"Linkwell Health","Miscellaneous"
2015-12-11,"Adam Hoyle",1.0,"register domain, review SAP documentation, point domain, complete SAP reg form","register: cihealthharmony-email.com point the domain to a SMC IP (from Steve)","Misc.","Linkwell Health","Miscellaneous"
2015-12-08,"Adam Hoyle",0.75,"call w/ Steve, update basecamp",,,"Linkwell Health","Miscellaneous"
2015-12-03,"Adam Hoyle",1.0,"Misc. project coordination and client communication",,,"Linkwell Health","Miscellaneous"
2015-12-03,"Adam Hoyle",0.5,"Weekly status update call w/ Steve",,,"Linkwell Health","Miscellaneous"
2015-12-02,"Adam Hoyle",1.25,"call w/ steve and angela re: CI, review email comps, update BC",,,"Linkwell Health","Miscellaneous"
2015-12-01,"Adam Hoyle",0.5,"review comps for estatements, send to steve",,,"Linkwell Health","Miscellaneous"
2015-12-01,"Adam Hoyle",0.75,"update CC on NetSol, contact billing support to confirm renewal of services",,,"Linkwell Health","Miscellaneous"
2015-11-24,"Adam Hoyle",1.25,"Misc. project coordination, call w/ Steve re: Aetna, internal comm. and client emails",,,"Linkwell Health","Miscellaneous"
2015-11-23,"Adam Hoyle",1.5,"misc. project coordination",,,"Linkwell Health","Miscellaneous"
2015-11-20,"Adam Hoyle",2.5,"Kroger and Walmart comps, other misc. project coordination w/ Steve",,,"Linkwell Health","Miscellaneous"
2015-11-19,"Adam Hoyle",0.25,"cache and varnish clears for Katie",,,"Linkwell Health","Miscellaneous"
2015-11-19,"Adam Hoyle",0.75,"weekly status call, notes and followup",,,"Linkwell Health","Miscellaneous"
2015-11-19,"Adam Hoyle",0.25,"review comps, email steve",,,"Linkwell Health","Miscellaneous"
2015-11-19,"Adam Hoyle",0.5,"review Aetna docs from Steve",,,"Linkwell Health","Miscellaneous"
2015-11-19,"Adam Hoyle",0.75,"go daddy renewals and account updates, review and update notes for walmart incentive comps",,,"Linkwell Health","Miscellaneous"
2015-11-17,"Adam Hoyle",1.5,"call w/ Steve re: misc. feedback and project updates",,,"Linkwell Health","Miscellaneous"
2015-11-09,"Adam Hoyle",0.25,"create new logo for Fallon",,,"Linkwell Health","Miscellaneous"
2015-11-05,"Adam Hoyle",0.25,"cache clears for angela",,,"Linkwell Health","Miscellaneous"
2015-11-04,"Adam Hoyle",0.75,"misc. project coordination and emails",,,"Linkwell Health","Miscellaneous"
2015-11-04,"Adam Hoyle",0.25,"cache clears for Katie",,,"Linkwell Health","Miscellaneous"
2015-11-02,"Adam Hoyle",1.25,"misc. project coordination, type up notes on plan site redesign, and client commuication",,,"Linkwell Health","Miscellaneous"
2015-10-26,"Adam Hoyle",0.75,"call w/ steve",,,"Linkwell Health","Miscellaneous"
2015-10-20,"Adam Hoyle",0.5,"misc. project coordination, requests from Steve, review and send comps",,,"Linkwell Health","Miscellaneous"
2015-10-20,"Adam Hoyle",3.0,"meet w/ Steve",,,"Linkwell Health","Miscellaneous"
2015-10-19,"Adam Hoyle",0.5,"investigate breaking feeds for BCBSGA app",,,"Linkwell Health","Miscellaneous"
2015-10-19,"Adam Hoyle",0.25,"review designs updates, post to Linkwell server, email client",,,"Linkwell Health","Miscellaneous"
2015-10-15,"Adam Hoyle",0.5,"cache clears and varnish clear for Angela off hours",,,"Linkwell Health","Miscellaneous"
2015-10-14,"Adam Hoyle",0.25,"cache clears and varnish clear for Katie",,,"Linkwell Health","Miscellaneous"
2015-10-13,"Adam Hoyle",0.5,"call w/ Steve",,,"Linkwell Health","Miscellaneous"
2015-10-08,"Adam Hoyle",0.5,"weekly status call",,,"Linkwell Health","Miscellaneous"
2015-10-08,"Adam Hoyle",1.0,"create new plan site for CI Health Harmony, assign content, test and deploy",,,"Linkwell Health","Miscellaneous"
2015-10-08,"Adam Hoyle",2.0,"edits to HW incentives, import, clear caches and test",,,"Linkwell Health","Miscellaneous"
2015-10-08,"Adam Hoyle",0.5,"create vanity URLs and redirects for MHSave, test",,,"Linkwell Health","Miscellaneous"
2015-10-05,"Adam Hoyle",0.5,"call w/ Katie re: IBX email HTML. Fine and send recipe card image and logo image from IBX monthly email.",,,"Linkwell Health","Miscellaneous"
2015-10-05,"Adam Hoyle",0.25,"update corp card, renew SSL and expired domains",,,"Linkwell Health","Miscellaneous"
2015-10-01,"Adam Hoyle",0.75,"Weekly status call, look into GSAPI errors, enable API test, check, disable",,,"Linkwell Health","Miscellaneous"
2015-09-30,"Adam Hoyle",0.25,"setup getgoodliving redirects.",,,"Linkwell Health","Miscellaneous"
2015-09-30,"Adam Hoyle",0.75,"review and send Aetna comps, move to Linkwell server, create vanity URL",,,"Linkwell Health","Miscellaneous"
2015-09-29,"Adam Hoyle",1.25,"call w/ Steve, other misc. project coordination and emails",,,"Linkwell Health","Miscellaneous"
2015-09-29,"Adam Hoyle",0.75,"misc. project coordination, BC updates and client emails",,,"Linkwell Health","Miscellaneous"
2015-09-24,"Adam Hoyle",0.5,"Weekly status call",,,"Linkwell Health","Miscellaneous"
2015-09-22,"Adam Hoyle",2.0,"Misc. project coordination: Update DM coupons and redirects due to expirations, respond to Steve's email, update LWH CC info for domain renewals and other subscriptions. email Katie re: coupon printing",,,"Linkwell Health","Miscellaneous"
2015-09-21,"Adam Hoyle",0.5,"Update DM coupon images per Katie",,,"Linkwell Health","Miscellaneous"
2015-09-21,"Adam Hoyle",0.25,"cache clears for Angela",,,"Linkwell Health","Miscellaneous"
2015-09-18,"Adam Hoyle",2.25,"review upcoming todos, review DM content, misc. client emails, re-test printing on dev, assign coupons, email Linkwell",,,"Linkwell Health","Miscellaneous"
2015-09-14,"Adam Hoyle",0.5,"misc. project coordination, emails and basecamp updates",,,"Linkwell Health","Miscellaneous"
2015-09-10,"Adam Hoyle",3.0,"troubleshoot and investigate coupon inventory issue where all offers and assignments were lost, respond to Linkwell",,,"Linkwell Health","Miscellaneous"
2015-09-09,"Adam Hoyle",0.75,"upgrade to PHP5.5, clear caches, test, email Linkwell",,,"Linkwell Health","Miscellaneous"
2015-08-20,"Adam Hoyle",0.25,"review care innovation/HI email updates, email Steve",,,"Linkwell Health","Miscellaneous"
2015-08-19,"Adam Hoyle",0.25,"discuss care innovations feedback with Jess",,,"Linkwell Health","Miscellaneous"
2015-08-19,"Adam Hoyle",0.5,"review care innovations comps, send to Linkwell",,,"Linkwell Health","Miscellaneous"
2015-08-18,"Adam Hoyle",0.5,"call w/ Steve re: feedback from Health Harmony comps",,,"Linkwell Health","Miscellaneous"
2015-08-17,"Adam Hoyle",1.0,"project coordination and review",,,"Linkwell Health","Miscellaneous"
2015-08-12,"Adam Hoyle",0.25,"review and send CI/HH comps to Steve",,,"Linkwell Health","Miscellaneous"
2015-08-12,"Adam Hoyle",0.25,"review CI/HH comps, feedback for Jess",,,"Linkwell Health","Miscellaneous"
2015-08-11,"Adam Hoyle",0.75,"review notes and feedback for CI/HH... call w/ Jess to discuss.",,,"Linkwell Health","Miscellaneous"
2015-08-10,"Adam Hoyle",0.5,"call w/ Steve to discuss Care Innovations comps",,,"Linkwell Health","Miscellaneous"
2015-08-10,"Adam Hoyle",1.0,"Misc. project coordination and emails, basecamp updates",,,"Linkwell Health","Miscellaneous"
2015-08-05,"Adam Hoyle",0.75,"review Health Harmony comps, respond to feedback, post and send",,,"Linkwell Health","Miscellaneous"
2015-08-04,"Adam Hoyle",0.75,"misc. project coordination, client emails and feedback",,,"Linkwell Health","Miscellaneous"
2015-08-04,"Adam Hoyle",2.0,"Review Care Innovation, email Steve, recreate DM and HW coupon images and redirects, test, coordination and testing for DM and HW double links and button text on direct article/recipe links",,,"Linkwell Health","Miscellaneous"
2015-08-03,"Adam Hoyle",0.25,"clear all caches and varnish for Katie",,,"Linkwell Health","Miscellaneous"
2015-08-03,"Adam Hoyle",0.25,"clear all caches and varnish for Katie",,,"Linkwell Health","Miscellaneous"
2015-07-29,"Adam Hoyle",14.0,"Linkwell product session meetings in NY",,,"Linkwell Health","Miscellaneous"
2015-07-27,"Adam Hoyle",0.25,"cache clears and varnish clears for Katie",,,"Linkwell Health","Miscellaneous"
2015-07-27,"Adam Hoyle",0.25,"Review and process copy for UHC comps, update BC",,,"Linkwell Health","Miscellaneous"
2015-07-27,"Adam Hoyle",0.75,"review Arun's request to update DM program block copy, respond to email",,,"Linkwell Health","Miscellaneous"
2015-07-24,"Adam Hoyle",0.25,"discuss project notes with for UHC medicare pitch with Jay",,,"Linkwell Health","Miscellaneous"
2015-07-23,"Adam Hoyle",0.25,"call w/ Katie",,,"Linkwell Health","Miscellaneous"
2015-07-23,"Adam Hoyle",0.5,"call w/ Arun",,,"Linkwell Health","Miscellaneous"
2015-07-23,"Adam Hoyle",0.75,"call w/ Steve",,,"Linkwell Health","Miscellaneous"
2015-07-22,"Adam Hoyle",0.25,"update DM heart health deks per Arun, clear caches",,,"Linkwell Health","Miscellaneous"
2015-07-22,"Adam Hoyle",0.25,"test new recipe image fix, email linkwell",,,"Linkwell Health","Miscellaneous"
2015-07-22,"Adam Hoyle",0.25,"all cache clears for katie",,,"Linkwell Health","Miscellaneous"
2015-07-20,"Adam Hoyle",2.75,"misc. product coordination, test DM and HW direct article link updates on local and prod, email Linkwell, respond re: VAR012 tokenization to Arun",,,"Linkwell Health","Miscellaneous"
2015-07-17,"Adam Hoyle",0.75,"misc. project coordination and client emails",,,"Linkwell Health","Miscellaneous"
2015-07-17,"Adam Hoyle",1.0,"project status call, review next steps for feeder app, etc.",,,"Linkwell Health","Miscellaneous"
2015-07-16,"Adam Hoyle",1.25,"type notes and organize to-dos for feeder site next steps, update basecamp",,,"Linkwell Health","Miscellaneous"
2015-07-16,"Adam Hoyle",0.25,"cache clears for katie",,,"Linkwell Health","Miscellaneous"
2015-07-16,"Adam Hoyle",0.25,"cache clears for Katie",,,"Linkwell Health","Miscellaneous"
2015-07-16,"Adam Hoyle",0.75,"call w/ Arun re: HW incentive copy, new condition variable and DM.",,,"Linkwell Health","Miscellaneous"
2015-07-15,"Adam Hoyle",0.75,"call w/ Katie, email re: image cache URLs and presents",,,"Linkwell Health","Miscellaneous"
2015-07-15,"Adam Hoyle",0.25,"cache clears per Katie",,,"Linkwell Health","Miscellaneous"
2015-07-15,"Adam Hoyle",1.25,"call w/ Steve and Arun re: LMS future plans",,,"Linkwell Health","Miscellaneous"
2015-07-14,"Adam Hoyle",2.25,"troubleshoot and update all ""index archive"" links so that coupons appear (coupons=0)",,,"Linkwell Health","Miscellaneous"
2015-07-14,"Adam Hoyle",1.75,"create new plan site for mpulse, update nids for HR DM to fix varblock",,,"Linkwell Health","Miscellaneous"
2015-07-13,"Adam Hoyle",1.75,"misc. project coordination and client emails, followups",,,"Linkwell Health","Miscellaneous"
2015-07-13,"Adam Hoyle",0.75,"Mandated links for Steve",,,"Linkwell Health","Miscellaneous"
2015-07-09,"Adam Hoyle",0.5,"weekly status checkin call",,,"Linkwell Health","Miscellaneous"
2015-07-09,"Adam Hoyle",0.75,"call w/ Steve re: grocery server and plan site design feedback",,,"Linkwell Health","Miscellaneous"
2015-07-08,"Adam Hoyle",0.25,"update celticare favicon, clear caches",,,"Linkwell Health","Miscellaneous"
2015-07-08,"Adam Hoyle",0.5,"disable store section on demo-plus, clear all caches",,,"Linkwell Health","Miscellaneous"
2015-07-07,"Adam Hoyle",0.5,"Update demo-plus with new logo and colors to match XPS site. Clear all caches.",,,"Linkwell Health","Miscellaneous"
2015-07-06,"Adam Hoyle",0.25,"clear all caches and varnish for Katie",,,"Linkwell Health","Miscellaneous"
2015-07-06,"Adam Hoyle",1.5,"Work on archive for mandated emails",,,"Linkwell Health","Miscellaneous"
2015-06-25,"Adam Hoyle",0.5,"additional link updates per Katie","Create new email index page for demo and archive of Linkwell programs (see comment)","Misc.","Linkwell Health","Miscellaneous"
2015-06-25,"Adam Hoyle",0.5,"download, review, ZIP and post Mandated 2015 archive",,,"Linkwell Health","Miscellaneous"
2015-06-25,"Adam Hoyle",0.5,"weekly status checkin call",,,"Linkwell Health","Miscellaneous"
2015-06-25,"Adam Hoyle",0.75,"add COPD per Katie","Create new email index page for demo and archive of Linkwell programs (see comment)","Misc.","Linkwell Health","Miscellaneous"
2015-06-24,"Adam Hoyle",1.0,"misc. project coordination and emails",,,"Linkwell Health","Miscellaneous"
2015-06-24,"Adam Hoyle",0.75,"manually add paragraph and break tags to XPS feed content (stripped during import)",,,"Linkwell Health","Miscellaneous"
2015-06-23,"Adam Hoyle",0.25,"add/remove feed items for RVS XPS per Katie",,,"Linkwell Health","Miscellaneous"
2015-06-23,"Adam Hoyle",0.5,"create new server for RVS XPS",,,"Linkwell Health","Miscellaneous"
2015-06-22,"Adam Hoyle",0.5,"dynamic areas diagram revisions",,,"Linkwell Health","Miscellaneous"
2015-06-22,"Adam Hoyle",1.0,"misc. project coordination and client emails",,,"Linkwell Health","Miscellaneous"
2015-06-22,"Adam Hoyle",0.5,"dynamic areas diagram for humana email",,,"Linkwell Health","Miscellaneous"
2015-06-19,"Adam Hoyle",0.75,"Linkwell status call",,,"Linkwell Health","Miscellaneous"
2015-06-17,"Adam Hoyle",0.25,"review Humana comps",,,"Linkwell Health","Miscellaneous"
2015-06-16,"Adam Hoyle",0.5,"call w/ Steve re: new comps for pitches",,,"Linkwell Health","Miscellaneous"
2015-06-15,"Adam Hoyle",2.5,"","Create new email index page for demo and archive of Linkwell programs (see comment)","Misc.","Linkwell Health","Miscellaneous"
2015-06-12,"Adam Hoyle",1.0,"review and cleanup notes from call re: Humana pitch comps, update basecamp",,,"Linkwell Health","Miscellaneous"
2015-06-11,"Adam Hoyle",0.25,"email to Arun re: new lpid=nid param",,,"Linkwell Health","Miscellaneous"
2015-06-11,"Adam Hoyle",0.5,"call with Steve and Angela re: Humana comps for pitch",,,"Linkwell Health","Miscellaneous"
2015-06-10,"Adam Hoyle",2.75,"misc. project coordination and emails",,,"Linkwell Health","Miscellaneous"
2015-06-10,"Adam Hoyle",0.5,"work on link index for Katie",,,"Linkwell Health","Miscellaneous"
2015-06-04,"Adam Hoyle",2.5,"Project coordination and client emails",,,"Linkwell Health","Miscellaneous"
2015-06-04,"Adam Hoyle",0.5,"look into DM/HW question from Steve",,,"Linkwell Health","Miscellaneous"
2015-06-03,"Adam Hoyle",2.25,"misc. project coordination and client emails",,,"Linkwell Health","Miscellaneous"
2015-06-02,"Adam Hoyle",0.25,"meeting re: UHC NutriSavings comps",,,"Linkwell Health","Miscellaneous"
2015-05-29,"Adam Hoyle",0.75,"caching testing and investigation",,,"Linkwell Health","Miscellaneous"
2015-05-28,"Adam Hoyle",1.0,"investigate and test mcomm or caching",,,"Linkwell Health","Miscellaneous"
2015-05-28,"Adam Hoyle",2.0,"weekly status call, BC updates, and meet with Jay about rush comps",,,"Linkwell Health","Miscellaneous"
2015-05-27,"Adam Hoyle",0.5,"prep and call w/ RVS",,,"Linkwell Health","Miscellaneous"
2015-05-26,"Adam Hoyle",0.25,"cache clears",,,"Linkwell Health","Miscellaneous"
2015-05-26,"Adam Hoyle",2.0,"troubleshooting clip reporting site and regain access",,,"Linkwell Health","Miscellaneous"
2015-05-25,"Adam Hoyle",0.25,"cache clears",,,"Linkwell Health","Miscellaneous"
2015-05-21,"Adam Hoyle",0.5,"weekly status call",,,"Linkwell Health","Miscellaneous"
2015-05-20,"Adam Hoyle",2.5,"misc. project coordination, calls and emails",,,"Linkwell Health","Miscellaneous"
2015-05-18,"Adam Hoyle",0.75,"call w/ Steve",,,"Linkwell Health","Miscellaneous"
2015-05-14,"Adam Hoyle",0.5,"weekly status call",,,"Linkwell Health","Miscellaneous"
2015-05-13,"Adam Hoyle",0.5,"assign all articles to demo-plus and troubleshoot duplication",,,"Linkwell Health","Miscellaneous"
2015-05-13,"Adam Hoyle",2.5,"misc. project coordination",,,"Linkwell Health","Miscellaneous"
2015-05-13,"Adam Hoyle",0.5,"call w/ Steve re: UHC comps",,,"Linkwell Health","Miscellaneous"
2015-05-08,"Adam Hoyle",1.0,"misc. project coordination and emails",,,"Linkwell Health","Miscellaneous"
2015-05-06,"Adam Hoyle",0.5,"corp site and BFY trademark copy updates",,,"Linkwell Health","Miscellaneous"
2015-05-05,"Adam Hoyle",0.5,"call w/ Steve and Arun",,,"Linkwell Health","Miscellaneous"
2015-05-05,"Adam Hoyle",1.0,"respond to emails",,,"Linkwell Health","Miscellaneous"
2015-04-30,"Adam Hoyle",0.5,"weekly status call",,,"Linkwell Health","Miscellaneous"
2015-04-23,"Adam Hoyle",0.75,"weekly status call",,,"Linkwell Health","Miscellaneous"
2015-04-22,"Adam Hoyle",0.5,"call w/ Steve",,,"Linkwell Health","Miscellaneous"
2015-04-22,"Adam Hoyle",0.5,"client emails and misc. project coordination",,,"Linkwell Health","Miscellaneous"
2015-04-21,"Adam Hoyle",0.5,"email Coupons Inc. re: Chrome printing issues, respond to Arun re: archival process questions",,,"Linkwell Health","Miscellaneous"
2015-04-21,"Adam Hoyle",0.5,"misc. project coordination and emails",,,"Linkwell Health","Miscellaneous"
2015-04-16,"Adam Hoyle",0.5,"call w/ Arun",,,"Linkwell Health","Miscellaneous"
2015-04-15,"Adam Hoyle",1.5,"Troubleshoot HW",,,"Linkwell Health","Miscellaneous"
2015-04-14,"Adam Hoyle",6.0,"Roadmap meetings...",,,"Linkwell Health","Miscellaneous"
2015-04-09,"Adam Hoyle",0.25,"weekly checkin call with Arun",,,"Linkwell Health","Miscellaneous"
2015-04-07,"Adam Hoyle",0.5,"send Steve Mandated load test notes and next steps",,,"Linkwell Health","Miscellaneous"
2015-04-06,"Adam Hoyle",0.25,"cache clears for katie",,,"Linkwell Health","Miscellaneous"
2015-04-06,"Adam Hoyle",0.25,"check HC GA and followup with Katie",,,"Linkwell Health","Miscellaneous"
2015-04-03,"Adam Hoyle",0.75,"help Katie with GA filters and view settings to troubleshoot dropoff.",,,"Linkwell Health","Miscellaneous"
2015-04-01,"Adam Hoyle",1.5,"call w/ Jayme re: MCOMM",,,"Linkwell Health","Miscellaneous"
2015-03-30,"Adam Hoyle",0.25,"cache clears for Katie",,,"Linkwell Health","Miscellaneous"
2015-03-30,"Adam Hoyle",0.25,"test GS disable and check publish/author info on plan site articles",,,"Linkwell Health","Miscellaneous"
2015-03-27,"Adam Hoyle",0.5,"call w/ Arun",,,"Linkwell Health","Miscellaneous"
2015-03-27,"Adam Hoyle",0.5,"email Katie and Arun re: IBX email",,,"Linkwell Health","Miscellaneous"
2015-03-26,"Adam Hoyle",1.25,"update logo on unsubscribe page",,,"Linkwell Health","Miscellaneous"
2015-03-26,"Adam Hoyle",0.25,"weekly status call",,,"Linkwell Health","Miscellaneous"
2015-03-26,"Adam Hoyle",0.5,"re-add Excellus and Univera microsites",,,"Linkwell Health","Miscellaneous"
2015-03-26,"Adam Hoyle",0.25,"remove Excellus and Univera microsites",,,"Linkwell Health","Miscellaneous"
2015-03-25,"Adam Hoyle",0.75,"call w/ Katie and Arun re: BFY",,,"Linkwell Health","Miscellaneous"
2015-03-20,"Adam Hoyle",0.25,"cache clears for Katie",,,"Linkwell Health","Miscellaneous"
2015-03-19,"Adam Hoyle",0.5,"weekly call",,,"Linkwell Health","Miscellaneous"
2015-03-19,"Adam Hoyle",1.25,"email Steve JSON feeds to demonstrate publishing out content to plans via feeds",,,"Linkwell Health","Miscellaneous"
2015-03-18,"Adam Hoyle",0.25,"send arun instructions for header and footer email send classifications",,,"Linkwell Health","Miscellaneous"
2015-03-18,"Adam Hoyle",0.5,"call w/ Steve and Nolan re: emails for DM and Mandated",,,"Linkwell Health","Miscellaneous"
2015-03-18,"Adam Hoyle",0.5,"call w/ Arun, investigate IBX email footer and header...",,,"Linkwell Health","Miscellaneous"
2015-03-18,"Adam Hoyle",0.5,"investigate email issues",,,"Linkwell Health","Miscellaneous"
2015-03-18,"Adam Hoyle",1.25,"investigate email issue per Steve",,,"Linkwell Health","Miscellaneous"
2015-03-16,"Adam Hoyle",0.25,"cache clears for Katie",,,"Linkwell Health","Miscellaneous"
2015-03-12,"Adam Hoyle",0.5,"weekly status call",,,"Linkwell Health","Miscellaneous"
2015-03-12,"Adam Hoyle",1.25,"test all plan sites, troubleshoot celticare",,,"Linkwell Health","Miscellaneous"
2015-03-12,"Adam Hoyle",0.25,"test password protection on dev, email steve.",,,"Linkwell Health","Miscellaneous"
2015-03-12,"Adam Hoyle",0.25,"review Mandated draft, update basecamp",,,"Linkwell Health","Miscellaneous"
2015-03-11,"Adam Hoyle",1.25,"type up response re: load testing",,,"Linkwell Health","Miscellaneous"
2015-03-11,"Adam Hoyle",0.25,"cache clears for katie",,,"Linkwell Health","Miscellaneous"
2015-03-10,"Adam Hoyle",2.25,"review DM / HW timelines and setup projects in basecamp",,,"Linkwell Health","Miscellaneous"
2015-03-09,"Adam Hoyle",0.25,"cache clear for Katie",,,"Linkwell Health","Miscellaneous"
2015-03-06,"Adam Hoyle",0.5,"weekly status call",,,"Linkwell Health","Miscellaneous"
2015-03-04,"Adam Hoyle",0.75,"review Healthy You WI pages, call w/ Steve",,,"Linkwell Health","Miscellaneous"
2015-03-03,"Adam Hoyle",0.25,"cache clears for Katie",,,"Linkwell Health","Miscellaneous"
2015-02-18,"Adam Hoyle",0.5,"move comps to linkwell server",,,"Linkwell Health","Miscellaneous"
2015-02-18,"Adam Hoyle",0.5,"linkwell weekly status call",,,"Linkwell Health","Miscellaneous"
2015-02-17,"Adam Hoyle",0.5,"Finalize domain list, email steve","Research and brainstorm new domain names for Linkwell plan sites (see comment)","Misc.","Linkwell Health","Miscellaneous"
2015-02-16,"Adam Hoyle",0.5,"misc. project coordination, review comps, update basecamp",,,"Linkwell Health","Miscellaneous"
2015-02-16,"Adam Hoyle",1.0,"pull domain list for Linkwell, brainstorm new domains and check availability",,,"Linkwell Health","Miscellaneous"
2015-02-13,"Adam Hoyle",0.5,"domain research",,,"Linkwell Health","Miscellaneous"
2015-02-13,"Adam Hoyle",0.75,"weekly status call",,,"Linkwell Health","Miscellaneous"
2015-02-13,"Adam Hoyle",1.5,"setup load tests for new mandated pages",,,"Linkwell Health","Miscellaneous"
2015-02-12,"Adam Hoyle",0.75,"ibxsave article link redirects for arun",,,"Linkwell Health","Miscellaneous"
2015-02-12,"Adam Hoyle",0.25,"custom domain redirects",,,"Linkwell Health","Miscellaneous"
2015-02-12,"Adam Hoyle",0.25,"review and send anthem WI",,,"Linkwell Health","Miscellaneous"
2015-02-12,"Adam Hoyle",0.75,"illustration/infographic search and response",,,"Linkwell Health","Miscellaneous"
2015-02-11,"Adam Hoyle",2.0,"change approach to domain redirects, finalize all, unwind previous updates on acquia",,,"Linkwell Health","Miscellaneous"
2015-02-11,"Adam Hoyle",0.75,"resolve renewal issues with humana2014.com",,,"Linkwell Health","Miscellaneous"
2015-02-10,"Adam Hoyle",1.25,"register and point startmyaccount.comd",,,"Linkwell Health","Miscellaneous"
2015-02-10,"Adam Hoyle",2.25,"setup and finalize custom domains and redirects",,,"Linkwell Health","Miscellaneous"
2015-02-10,"Adam Hoyle",0.25,"review android app store image requirements, post to bc, review RVS graphic",,,"Linkwell Health","Miscellaneous"
2015-02-10,"Adam Hoyle",0.25,"call w/ arun and katie re: redirects",,,"Linkwell Health","Miscellaneous"
2015-02-09,"Adam Hoyle",0.25,"register and point domain",,,"Linkwell Health","Miscellaneous"
2015-02-09,"Adam Hoyle",0.5,"misc. project coordination basecamp updates and email",,,"Linkwell Health","Miscellaneous"
2015-02-06,"Adam Hoyle",0.25,"Apple developer account",,,"Linkwell Health","Miscellaneous"
2015-02-06,"Adam Hoyle",1.25,"linkwell status call",,,"Linkwell Health","Miscellaneous"
2015-02-03,"Adam Hoyle",0.25,"acquia followups re: GHOST",,,"Linkwell Health","Miscellaneous"
2015-02-03,"Adam Hoyle",0.25,"full cache clears for Katie",,,"Linkwell Health","Miscellaneous"
2015-02-02,"Adam Hoyle",1.75,"project coordination, basecamp updates, client emails, and domain purchase for IBX)",,,"Linkwell Health","Miscellaneous"
2015-01-30,"Adam Hoyle",0.5,"project coordination and update basecamp",,,"Linkwell Health","Miscellaneous"
2015-01-30,"Adam Hoyle",0.5,"get LMS content totals for Linkwell",,,"Linkwell Health","Miscellaneous"
2015-01-29,"Adam Hoyle",0.25,"remove/block/disable Jackie G's LMS account. Check that posts and other content remains visible.",,,"Linkwell Health","Miscellaneous"
2015-01-28,"Adam Hoyle",0.25,"confirm email with NetSold for all domain registrations (new ICANN requirement)",,,"Linkwell Health","Miscellaneous"
2015-01-26,"Adam Hoyle",2.5,"mics. project coordination and emails, status meeting, discuss IBX 60 day.",,,"Linkwell Health","Miscellaneous"
2015-01-22,"Adam Hoyle",0.5,"weekly status call",,,"Linkwell Health","Miscellaneous"
2015-01-21,"Adam Hoyle",0.5,"call w/ Mathew Paul re: invoicing, check QB followup.",,,"Linkwell Health","Miscellaneous"
2015-01-20,"Adam Hoyle",0.25,"headlines for email and landing pages",,,"Linkwell Health","Miscellaneous"
2015-01-19,"Adam Hoyle",0.75,"project coordination corp site and bcbsri pitch",,,"Linkwell Health","Miscellaneous"
2015-01-16,"Adam Hoyle",0.25,"process notes and update basecamp for BSBCRI landing page rush for Fallon.",,,"Linkwell Health","Miscellaneous"
2015-01-16,"Adam Hoyle",0.5,"point custom domains for misc. project coordination and emails",,,"Linkwell Health","Miscellaneous"
2015-01-16,"Adam Hoyle",0.25,"update Wiki with instructions for creating custom domains for Linkwell",,,"Linkwell Health","Miscellaneous"
2015-01-15,"Adam Hoyle",0.5,"weekly status",,,"Linkwell Health","Miscellaneous"
2015-01-15,"Adam Hoyle",0.5,"respond to Arun re: ibx vanity URL",,,"Linkwell Health","Miscellaneous"
2015-01-14,"Adam Hoyle",0.25,"purchase domain names for Centene",,,"Linkwell Health","Miscellaneous"
2015-01-13,"Adam Hoyle",0.25,"project coorindation, update basecamp for Exact Target migration.",,,"Linkwell Health","Miscellaneous"
2015-01-13,"Adam Hoyle",0.5,"update basecamp, get dang-nam started on plan site emails",,,"Linkwell Health","Miscellaneous"
2015-01-09,"Adam Hoyle",1.5,"misc. project coordination, emails and basecamp",,,"Linkwell Health","Miscellaneous"
2015-01-09,"Adam Hoyle",0.75,"weekly status call",,,"Linkwell Health","Miscellaneous"
2015-01-08,"Adam Hoyle",0.5,"weekly status call",,,"Linkwell Health","Miscellaneous"
2015-01-08,"Adam Hoyle",1.5,"misc. project coordination and emails, review basecamp, prep for status call. prep for call.",,,"Linkwell Health","Miscellaneous"
2015-01-07,"Adam Hoyle",1.0,"respond to Arun re: email template for static HTML about pages",,,"Linkwell Health","Miscellaneous"
2015-01-06,"Adam Hoyle",0.5,"update Linkwell CC info for hosting and domains (godaddy and netwol)",,,"Linkwell Health","Miscellaneous"
2015-01-06,"Adam Hoyle",0.25,"cache clear after all copyright notices are updated",,,"Linkwell Health","Miscellaneous"
2015-01-06,"Adam Hoyle",0.25,"call w/ Katie",,,"Linkwell Health","Miscellaneous"
2015-01-06,"Adam Hoyle",0.25,"send app icon PSDs to Arun",,,"Linkwell Health","Miscellaneous"
2015-01-05,"Adam Hoyle",0.5,"remove premera microsite, clear cache, review status reports, run cron",,,"Linkwell Health","Miscellaneous"
2016-11-15,"Adam Hoyle",0.5,"update emails with max-width, litmus test and resend",,,"Linkwell Health","MMO Disease Management - Fall 2016"
2016-11-11,"Adam Hoyle",1.0,"email updates and redelivery",,,"Linkwell Health","MMO Disease Management - Fall 2016"
2016-11-07,"Adam Hoyle",0.75,"Finalize emails and package for delivery",,,"Linkwell Health","MMO Disease Management - Fall 2016"
2016-11-07,"Adam Hoyle",2.75,"create emails and landing pages",,,"Linkwell Health","MMO Disease Management - Fall 2016"
2016-07-11,"Adam Hoyle",0.5,"fix blue links in gmail and yahoo",,,"Linkwell Health","MMO Email Program"
2016-06-29,"Adam Hoyle",1.5,"re-check MMO emails, add alt text, add outlook fix, send to client",,,"Linkwell Health","MMO Email Program"
2016-06-28,"Adam Hoyle",2.0,"finalize MMO emails",,,"Linkwell Health","MMO Email Program"
2016-06-24,"Adam Hoyle",0.5,"misc. emails and coordation",,,"Linkwell Health","MMO Email Program"
2016-06-23,"Adam Hoyle",1.0,"create MMO template in MailChimp",,,"Linkwell Health","MMO Email Program"
2016-06-13,"Adam Hoyle",0.5,"review and delivery MMO emails",,,"Linkwell Health","MMO Email Program"
2016-06-07,"Adam Hoyle",0.25,"review MMO email change requests",,,"Linkwell Health","MMO Email Program"
2016-06-03,"Adam Hoyle",0.75,"misc. MMO updates, article tweaks, etc.",,,"Linkwell Health","MMO Email Program"
2016-06-02,"Adam Hoyle",1.0,"misc. MMO updates, article tweaks, etc.",,,"Linkwell Health","MMO Email Program"
2016-06-02,"Adam Hoyle",1.25,"test, update, deploy MMO sidebar nav block",,,"Linkwell Health","MMO Email Program"
2016-06-01,"Adam Hoyle",0.75,"misc. project coordination + landing page updates, email updates",,,"Linkwell Health","MMO Email Program"
2016-05-31,"Adam Hoyle",0.5,"testing and final deployment for ""Back to landing page"" button",,,"Linkwell Health","MMO Email Program"
2016-05-31,"Adam Hoyle",2.5,"finalize MMO landing pages, update email templates with URLs, email Linkwell",,,"Linkwell Health","MMO Email Program"
2016-05-31,"Adam Hoyle",1.25,"notes on MMO button and nav link ""tab""",,,"Linkwell Health","MMO Email Program"
2016-05-31,"Adam Hoyle",0.75,"meet w/ Kyle and Jay re: MMO email and landing page",,,"Linkwell Health","MMO Email Program"
2016-05-26,"Adam Hoyle",0.75,"project coordination and client emails",,,"Linkwell Health","MMO Email Program"
2016-05-25,"Adam Hoyle",0.5,"project coordination and client emails",,,"Linkwell Health","MMO Email Program"
2016-05-25,"Adam Hoyle",0.5,"Review project requirements and create MMO landing page shells",,,"Linkwell Health","MMO Email Program"
2016-05-05,"Adam Hoyle",0.5,"type up notes and setup project in BC",,,"Linkwell Health","MMO Email Program"
2016-05-05,"Adam Hoyle",1.25,"Kickoff call w/ Katie, Steve, Angela, Dennis",,,"Linkwell Health","MMO Email Program"
2016-08-12,"Adam Hoyle",1.0,"weekly status call w/ Katie",,,"Linkwell Health","Mobile Applications"
2016-01-21,"Adam Hoyle",0.25,"find and send full set of IBC mobile app comps to Katie",,,"Linkwell Health","Mobile Applications"
2016-01-21,"Adam Hoyle",0.25,"troubleshoot feed limiting recipes to 75, update to remove limit",,,"Linkwell Health","Mobile Applications"
2016-01-13,"Adam Hoyle",0.5,"review IBX defect worksheet",,,"Linkwell Health","Mobile Applications"
2016-01-06,"Adam Hoyle",1.0,"troubleshooting recipe feed formatting and fields",,,"Linkwell Health","Mobile Applications"
2015-11-19,"Adam Hoyle",0.5,"check recipe and ""other"" feeds for IBX app, look though notes for record of previous format, verify email that no other issues were reported with other feeds",,,"Linkwell Health","Mobile Applications"
2015-02-13,"Adam Hoyle",0.25,"review and send IBX featured images",,,"Linkwell Health","Mobile Applications"
2015-01-15,"Adam Hoyle",0.25,"support for Katie re: feeds",,,"Linkwell Health","Mobile Applications"
2015-01-12,"Adam Hoyle",2.0,"Update ssemail templates",,,"Linkwell Health","Mobile Applications"
2015-01-09,"Adam Hoyle",0.75,"investigate multiple about/faq for mobile app clients",,,"Linkwell Health","Mobile Applications"
2017-04-19,"Adam Hoyle",6.75,"","Build emails in MailChimp","Misc.","Linkwell Health","PBC Condition Management - Spring 2017"
2017-04-16,"Adam Hoyle",1.5,"Link updates in LWWA Resp email and Gmail Chrome width fix",,,"Linkwell Health","PBC Condition Management - Spring 2017"
2017-04-05,"Adam Hoyle",1.5,"update images, alt text, run through litmus, package and send","Build emails in MailChimp","Misc.","Linkwell Health","PBC Condition Management - Spring 2017"
2017-04-04,"Adam Hoyle",1.75,"first pass updating all content, links, codes, headers","Build emails in MailChimp","Misc.","Linkwell Health","PBC Condition Management - Spring 2017"
2017-03-28,"Adam Hoyle",0.75,"add images to landing pages, update spreadsheet with lpid params, test, send","Code landing pages and assign content","Misc.","Linkwell Health","PBC Condition Management - Spring 2017"
2017-03-27,"Adam Hoyle",0.75,"Create landing pages and add articles.","Code landing pages and assign content","Misc.","Linkwell Health","PBC Condition Management - Spring 2017"
2017-03-22,"Adam Hoyle",0.5,"project setup",,,"Linkwell Health","PBC Condition Management - Spring 2017"
2017-03-21,"Adam Hoyle",1.25,"kickoff call w/ Angela and team",,,"Linkwell Health","PBC Condition Management - Spring 2017"
2017-08-07,"Adam Hoyle",0.25,"review and send","Design and implement a new ""Slideshow"" content type per Jennifer (see comments)","Dev.","Linkwell Health","Plan Microsites"
2016-06-21,"Adam Hoyle",0.5,"update premera link blocks",,,"Linkwell Health","Plan Microsites"
2016-06-20,"Adam Hoyle",0.25,"cache and varnish clears for Angela",,,"Linkwell Health","Plan Microsites"
2016-06-15,"Adam Hoyle",0.75,"create plansite for avmed and write draft CSS",,,"Linkwell Health","Plan Microsites"
2016-05-25,"Adam Hoyle",1.0,"restore footer logos and favicons to plansites",,,"Linkwell Health","Plan Microsites"
2016-05-20,"Adam Hoyle",2.25,"Remove mPulse site and create plan sites for Premera, troubleshoot issues",,,"Linkwell Health","Plan Microsites"
2016-04-29,"Adam Hoyle",0.5,"create plan sites for healthways, remove BCBSMI plan site",,,"Linkwell Health","Plan Microsites"
2016-04-07,"Adam Hoyle",0.25,"troubleshoot and fix DNS change for MMO",,,"Linkwell Health","Plan Microsites"
2016-04-06,"Adam Hoyle",0.75,"purchase domain, setup and test redirects","Purchase new vanity domain for MMO","Dev.","Linkwell Health","Plan Microsites"
2016-03-31,"Adam Hoyle",1.0,"launch new plan site for HealthKeepers",,,"Linkwell Health","Plan Microsites"
2016-02-23,"Adam Hoyle",0.25,"cache clears for Katie",,,"Linkwell Health","Plan Microsites"
2016-02-22,"Adam Hoyle",0.75,"review, create new tag, push to prod, test","Implement basic styling updates to Sweeps pages on plan sites (see comment)","Dev.","Linkwell Health","Plan Microsites"
2016-01-29,"Adam Hoyle",0.5,"","Purchase and point new vanity domain: medmutualsave.com to http://savings.healthycoupons.com/medmutual/","Misc.","Linkwell Health","Plan Microsites"
2016-01-19,"Adam Hoyle",1.0,"remove BCBSKS site",,,"Linkwell Health","Plan Microsites"
2015-12-23,"Adam Hoyle",1.0,"launch plan site for MMOH and assign initial batch of content",,,"Linkwell Health","Plan Microsites"
2015-11-04,"Adam Hoyle",1.0,"update CI site colors and logo",,,"Linkwell Health","Plan Microsites"
2015-07-14,"Adam Hoyle",0.25,"tweak color selections on plan sites",,,"Linkwell Health","Plan Microsites"
2015-07-08,"Adam Hoyle",0.5,"","Create new vanity URLs/redirects for MHSave.com","Dev.","Linkwell Health","Plan Microsites"
2015-07-06,"Adam Hoyle",0.5,"create, deploy, test","Setup new redirects for GetGoodLiving (see comment)","Dev.","Linkwell Health","Plan Microsites"
2015-07-01,"Adam Hoyle",0.5,"","Purchase http://bfykansas.com and point to http://savings.healthycoupons.com/bcbsks/","Dev.","Linkwell Health","Plan Microsites"
2015-06-09,"Adam Hoyle",0.5,"Add IBX app promo banners to microsite",,,"Linkwell Health","Plan Microsites"
2015-05-28,"Adam Hoyle",0.25,"Emails with Arun, additional updates","Updates to Anthem Wisconsin (see comments)","Dev.","Linkwell Health","Plan Microsites"
2015-05-28,"Adam Hoyle",1.0,"","Updates to Anthem Wisconsin (see comments)","Dev.","Linkwell Health","Plan Microsites"
2015-04-22,"Adam Hoyle",0.25,"create MHSave redirects for Katie",,,"Linkwell Health","Plan Microsites"
2015-04-22,"Adam Hoyle",0.25,"delete 5 microsites per Katie",,,"Linkwell Health","Plan Microsites"
2015-04-14,"Adam Hoyle",0.25,"BCBSKA plan site logo updates",,,"Linkwell Health","Plan Microsites"
2015-04-07,"Adam Hoyle",0.25,"BCBSKS footer update and logo dimensions for Arun",,,"Linkwell Health","Plan Microsites"
2015-03-31,"Adam Hoyle",0.5,"launch healthlink plan site",,,"Linkwell Health","Plan Microsites"
2015-03-31,"Adam Hoyle",0.25,"Remove Excellus and Univera",,,"Linkwell Health","Plan Microsites"
2015-03-17,"Adam Hoyle",0.25,"update to HYWI landing page",,,"Linkwell Health","Plan Microsites"
2015-03-13,"Adam Hoyle",1.0,"create plan site for Kansas",,,"Linkwell Health","Plan Microsites"
2015-03-10,"Adam Hoyle",0.25,"updates to WI landing page per Arun",,,"Linkwell Health","Plan Microsites"
2015-03-10,"Adam Hoyle",0.25,"review WI updates and send to Linkwell",,,"Linkwell Health","Plan Microsites"
2015-03-10,"Adam Hoyle",4.0,"run and monitor load tests","Code rewrites and optimizations to allow page caching (see comment)","MComm Rebuild - QA","Linkwell Health","Plan Microsites"
2015-03-10,"Adam Hoyle",0.25,"prep for load testing","Code rewrites and optimizations to allow page caching (see comment)","MComm Rebuild - QA","Linkwell Health","Plan Microsites"
2015-03-09,"Adam Hoyle",0.25,"review feedback from Arun and update BC",,,"Linkwell Health","Plan Microsites"
2015-03-06,"Adam Hoyle",0.5,"load testing","Code rewrites and optimizations to allow page caching (see comment)","MComm Rebuild - QA","Linkwell Health","Plan Microsites"
2015-03-05,"Adam Hoyle",2.0,"mandated testing",,,"Linkwell Health","Plan Microsites"
2015-03-05,"Adam Hoyle",0.75,"testing and prepping MCOMM on staging",,,"Linkwell Health","Plan Microsites"
2015-03-05,"Adam Hoyle",0.75,"testing MCOMM",,,"Linkwell Health","Plan Microsites"
2015-03-03,"Adam Hoyle",0.25,"test and review Anthem WI Healthy You pages",,,"Linkwell Health","Plan Microsites"
2015-03-03,"Adam Hoyle",0.25,"review WI landing page, check articles",,,"Linkwell Health","Plan Microsites"
2015-03-03,"Adam Hoyle",0.25,"review Wi and discuss with Kyle",,,"Linkwell Health","Plan Microsites"
2015-03-02,"Adam Hoyle",0.25,"Followup on load testing",,,"Linkwell Health","Plan Microsites"
2015-02-10,"Adam Hoyle",0.25,"process feedback and notes on Anthem WI landing page, update BC",,,"Linkwell Health","Plan Microsites"
2015-02-09,"Adam Hoyle",0.75,"misc. project coordination basecamp updates and email",,,"Linkwell Health","Plan Microsites"
2015-02-04,"Adam Hoyle",0.25,"remove SNIPP pages, clear cache, test",,,"Linkwell Health","Plan Microsites"
2015-01-29,"Adam Hoyle",0.5,"review logs for clues about coupons",,,"Linkwell Health","Plan Microsites"
2015-01-29,"Adam Hoyle",0.5,"investigate plan site coupon issue per Katie",,,"Linkwell Health","Plan Microsites"
2015-01-28,"Adam Hoyle",0.25,"respond to Arun re: BCBSGA feeds and instructions",,,"Linkwell Health","Plan Microsites"
2015-01-26,"Adam Hoyle",0.75,,,,"Linkwell Health","Plan Microsites"
2015-01-23,"Adam Hoyle",1.0,"review live feeds",,,"Linkwell Health","Plan Microsites"
2015-01-23,"Adam Hoyle",0.25,"review feeds",,,"Linkwell Health","Plan Microsites"
2015-01-23,"Adam Hoyle",0.25,"test and QA feeds",,,"Linkwell Health","Plan Microsites"
2015-01-22,"Adam Hoyle",0.5,"app feeds with John",,,"Linkwell Health","Plan Microsites"
2015-01-21,"Adam Hoyle",0.5,"discuss feed requirements with John, call Arun, followup.",,,"Linkwell Health","Plan Microsites"
2015-01-20,"Adam Hoyle",0.5,"look for history on double questions in faq feed",,,"Linkwell Health","Plan Microsites"
2015-01-20,"Adam Hoyle",1.0,"IBX site update to headline per Katie",,,"Linkwell Health","Plan Microsites"
2015-01-16,"Adam Hoyle",0.75,"point custom domains for Centene sites",,,"Linkwell Health","Plan Microsites"
2015-01-14,"Adam Hoyle",0.5,"finish ibxsave (forgot to add symlink inside the /sites directory!)",,,"Linkwell Health","Plan Microsites"
2015-01-14,"Adam Hoyle",1.5,"purcahse ibxsave.com and map to plansite",,,"Linkwell Health","Plan Microsites"
2017-12-15,"Adam Hoyle",0.5,"","Coding for Premera Quarterly Emails - Winter","Misc.","Linkwell Health","Premera"
2017-12-14,"Adam Hoyle",13.0,"finished under budget, filling in the remaining time so we can bill in full","Coding for Premera Quarterly Emails - Winter","Misc.","Linkwell Health","Premera"
2017-12-13,"Adam Hoyle",2.0,"finalize and troubleshoot issues, Litmus test, test links, package and send to Joy","Coding for Premera Quarterly Emails - Winter","Misc.","Linkwell Health","Premera"
2017-12-12,"Adam Hoyle",0.75,"alt tags, cleanup, litmus testing","Coding for Premera Quarterly Emails - Winter","Misc.","Linkwell Health","Premera"
2017-12-12,"Adam Hoyle",2.0,"first pass updates and litmus","Coding for Premera Quarterly Emails - Winter","Misc.","Linkwell Health","Premera"
2017-12-07,"Adam Hoyle",0.75,"review, add to BC, refresh on new templates, check Litmus, respond to Joy","Coding for Premera Quarterly Emails - Winter","Misc.","Linkwell Health","Premera"
2017-10-26,"Adam Hoyle",0.5,"review and send","Design comps showing HLE with Premera branding","Misc.","Linkwell Health","Premera"
2017-09-26,"Adam Hoyle",0.5,"copy updates, test, resend files","Coding for Premera Quarterly Wellness Emails - Fall (October)","Misc.","Linkwell Health","Premera"
2017-09-26,"Adam Hoyle",0.75,"final proofing, testing and deliver to client","Coding for Premera Quarterly Wellness Emails - Fall (October)","Misc.","Linkwell Health","Premera"
2017-09-25,"Adam Hoyle",0.75,"proof and test","Coding for Premera Quarterly Wellness Emails - Fall (October)","Misc.","Linkwell Health","Premera"
2017-09-22,"Adam Hoyle",2.25,"","Coding for Premera Quarterly Wellness Emails - Fall (October)","Misc.","Linkwell Health","Premera"
2017-09-22,"Adam Hoyle",0.5,"investigate SSL issue reported by Eileen, respond to Eileen",,,"Linkwell Health","Premera"
2017-09-20,"Adam Hoyle",0.5,"review, add to BC, respond to Joy","Coding for Premera Quarterly Wellness Emails - Fall (October)","Misc.","Linkwell Health","Premera"
2017-09-20,"Adam Hoyle",1.75,"review and Litmus test new emails, respond to Omo with notes and estimate for updated Premera email and plan site branding execution",,,"Linkwell Health","Premera"
2017-09-13,"Adam Hoyle",0.5,"review notes for quarterly email and plan site styling updates, add to BC",,,"Linkwell Health","Premera"
2017-08-03,"Adam Hoyle",0.25,"","Add IP exclusions to analytics (see comment)","Misc.","Linkwell Health","Premera"
2017-06-26,"Adam Hoyle",0.5,"check litmus and respond to Jennifer","Coding for Premera Quarterly Emails - Summer","Misc.","Linkwell Health","Premera"
2017-06-16,"Adam Hoyle",0.75,"add alt text to images, tweak width of pre-title cell, test, email client","Coding for Premera Quarterly Emails - Summer","Misc.","Linkwell Health","Premera"
2017-06-15,"Adam Hoyle",1.25,"first pass... still needs to be QA'd","Coding for Premera Quarterly Emails - Summer","Misc.","Linkwell Health","Premera"
2017-06-13,"Adam Hoyle",0.25,"review notes, schedule, update BC, respond to Joy","Coding for Premera Quarterly Emails - Summer","Misc.","Linkwell Health","Premera"
2017-05-18,"Adam Hoyle",0.25,"Review Premera CM and Quarterly email dates and respond to Jennifer",,,"Linkwell Health","Premera"
2017-05-18,"Adam Hoyle",0.5,"","Assistance with adding formnums to articles and image size guidance per Natalia","Misc.","Linkwell Health","Premera"
2017-04-18,"Adam Hoyle",0.5,"troubleshoot white navigation (when GS is disabled)",,,"Linkwell Health","Premera"
2017-04-18,"Adam Hoyle",0.5,"update width fix","PBC Quarterly Emails - Spring","Misc.","Linkwell Health","Premera"
2017-04-10,"Adam Hoyle",2.0,"coding and testing, send to client","PBC Quarterly Emails - Spring","Misc.","Linkwell Health","Premera"
2017-03-29,"Adam Hoyle",1.0,"update header, update template, send comps","PBC Quarterly Emails - Spring","Misc.","Linkwell Health","Premera"
2017-03-29,"Adam Hoyle",0.5,"process notes, respond to Angela","PBC Quarterly Emails - Spring","Misc.","Linkwell Health","Premera"
2016-10-26,"Adam Hoyle",0.5,"tweak footers - double pipes",,,"Linkwell Health","Premera"
2016-10-26,"Adam Hoyle",0.5,"tweaks to color, spacing and pipes","Add ""Language Support"" footer to all Premera plan sites (see comment)","Misc.","Linkwell Health","Premera"
2016-10-26,"Adam Hoyle",1.75,"","Add ""Language Support"" footer to all Premera plan sites (see comment)","Misc.","Linkwell Health","Premera"
2016-07-26,"Adam Hoyle",0.5,"update .htaccess redirects for vanity URLs, test, email Katie","Setup custom domains for Premera sites (see comment)","Misc.","Linkwell Health","Premera"
2016-07-13,"Adam Hoyle",1.25,"test and deploy custom domains, troubleshoot its affect on Google Analytics, update filters and views",,,"Linkwell Health","Premera"
2016-07-12,"Adam Hoyle",2.0,"custom domains",,,"Linkwell Health","Premera"
2016-06-14,"Adam Hoyle",0.75,"","Change Premera redirects to point to /articles and update logo URL","Misc.","Linkwell Health","Premera"
2016-06-14,"Adam Hoyle",0.5,"setup daily reports for Premera",,,"Linkwell Health","Premera"
2016-06-06,"Adam Hoyle",1.5,"","purchase and redirect vanity URLs","Misc.","Linkwell Health","Premera"
2016-06-02,"Adam Hoyle",1.5,"redirects",,,"Linkwell Health","Premera"
2016-05-26,"Adam Hoyle",3.0,"create a troubleshoot custom domains",,,"Linkwell Health","Premera"
2016-05-18,"Adam Hoyle",4.5,"create sites and troubleshoot issues",,,"Linkwell Health","Premera"
2017-09-12,"Adam Hoyle",0.5,"offer image and redirect updates",,,"Linkwell Health","Premera (PBC) Condition Management - Fall 2017"
2017-08-30,"Adam Hoyle",0.75,"email updates and send new files to Joy","Build 9 emails","Misc.","Linkwell Health","Premera (PBC) Condition Management - Fall 2017"
2017-08-29,"Adam Hoyle",0.5,"review QA feedback and respond to Joy",,,"Linkwell Health","Premera (PBC) Condition Management - Fall 2017"
2017-08-23,"Adam Hoyle",0.25,"investigate issue reported by Joy and email back re: cookie collisions","Build 9 emails","Misc.","Linkwell Health","Premera (PBC) Condition Management - Fall 2017"
2017-08-23,"Adam Hoyle",0.25,"call w/ Joy re: images and CDNs for emails",,,"Linkwell Health","Premera (PBC) Condition Management - Fall 2017"
2017-08-22,"Adam Hoyle",1.75,"work through Joy's feedback and respond to each, update articles in LMS, update templates.","Build 9 emails","Misc.","Linkwell Health","Premera (PBC) Condition Management - Fall 2017"
2017-08-22,"Adam Hoyle",0.25,"respond to Joy","Build 9 emails","Misc.","Linkwell Health","Premera (PBC) Condition Management - Fall 2017"
2017-08-22,"Adam Hoyle",0.25,"review feedback and notes from Joy, add to BC","Build 9 emails","Misc.","Linkwell Health","Premera (PBC) Condition Management - Fall 2017"
2017-08-21,"Adam Hoyle",2.25,"cut and save images, update alt text, test, package and deliver","Build 9 emails","Misc.","Linkwell Health","Premera (PBC) Condition Management - Fall 2017"
2017-08-18,"Adam Hoyle",1.75,"update all copy and links","Build 9 emails","Misc.","Linkwell Health","Premera (PBC) Condition Management - Fall 2017"
2017-08-16,"Adam Hoyle",0.75,"cut and save LP images, upload, test, email Joy","Code landing pages and assign content","Misc.","Linkwell Health","Premera (PBC) Condition Management - Fall 2017"
2017-08-16,"Adam Hoyle",1.25,"create landing pages and update spreadsheet","Add content to LMS and update spreadsheet (see comment)","Misc.","Linkwell Health","Premera (PBC) Condition Management - Fall 2017"
2016-11-09,"Adam Hoyle",1.0,"Email template litmus testing and communication w/ Katie",,,"Linkwell Health","Premera Disease Management - Fall 2016"
2016-11-08,"Adam Hoyle",0.5,"Troubleshoot and test responsive email per Katie",,,"Linkwell Health","Premera Disease Management - Fall 2016"
2016-11-03,"Adam Hoyle",0.5,"add language footers to all templates",,,"Linkwell Health","Premera Disease Management - Fall 2016"
2016-11-03,"Adam Hoyle",1.25,"client updates","Export MailChimp templates and make post-export updates for final delivery (see comment)","Misc.","Linkwell Health","Premera Disease Management - Fall 2016"
2016-11-01,"Adam Hoyle",2.0,"landing page updates",,,"Linkwell Health","Premera Disease Management - Fall 2016"
2016-10-27,"Adam Hoyle",0.25,"final testing and delivery","Export MailChimp templates and make post-export updates for final delivery (see comment)","Misc.","Linkwell Health","Premera Disease Management - Fall 2016"
2016-10-27,"Adam Hoyle",2.75,"","Export MailChimp templates and make post-export updates for final delivery (see comment)","Misc.","Linkwell Health","Premera Disease Management - Fall 2016"
2016-10-14,"Adam Hoyle",0.75,"Review landing pages and send updated spreadsheet to Linkwell",,,"Linkwell Health","Premera Disease Management - Fall 2016"
2016-10-11,"Adam Hoyle",0.75,"created landing pages, updated spreadsheet, added associated node IDs",,,"Linkwell Health","Premera Disease Management - Fall 2016"
2016-10-06,"Adam Hoyle",0.5,"Review call w/ Linkwell",,,"Linkwell Health","Premera Disease Management - Fall 2016"
2016-10-06,"Adam Hoyle",0.25,"project review and setup",,,"Linkwell Health","Premera Disease Management - Fall 2016"
2016-08-15,"Adam Hoyle",0.25,"fix email link and resend HTML",,,"Linkwell Health","Premera Disease Management - Pilot Run"
2016-08-12,"Adam Hoyle",0.75,"review, update and send Primera DM emails",,,"Linkwell Health","Premera Disease Management - Pilot Run"
2016-08-11,"Adam Hoyle",0.25,"post notes for exporting and updating final email templates",,,"Linkwell Health","Premera Disease Management - Pilot Run"
2016-08-08,"Adam Hoyle",1.0,"DM feedback and updates from Katie",,,"Linkwell Health","Premera Disease Management - Pilot Run"
2016-08-04,"Adam Hoyle",0.25,"","Add air quality chart to Breathe Easier article","QA","Linkwell Health","Premera Disease Management - Pilot Run"
2016-08-04,"Adam Hoyle",0.25,"update button and link text","Create all remaining condition emails in MailChimp","Misc.","Linkwell Health","Premera Disease Management - Pilot Run"
2016-08-04,"Adam Hoyle",0.25,"","Resources articles have the wrong image (see comment)","QA","Linkwell Health","Premera Disease Management - Pilot Run"
2016-08-04,"Adam Hoyle",0.5,"review and clarify feedback from Katie and add to Basecamp",,,"Linkwell Health","Premera Disease Management - Pilot Run"
2016-08-04,"Adam Hoyle",0.5,"","Feature image on landing page not loading","QA","Linkwell Health","Premera Disease Management - Pilot Run"
2016-08-03,"Adam Hoyle",0.5,"troubleshoot article layout per Katie (curley quotes and unclosed link tag)",,,"Linkwell Health","Premera Disease Management - Pilot Run"
2016-08-02,"Adam Hoyle",0.5,"troubleshoot missing article images, flush caches, email Katie",,,"Linkwell Health","Premera Disease Management - Pilot Run"
2016-07-29,"Adam Hoyle",0.5,"update resources image",,,"Linkwell Health","Premera Disease Management - Pilot Run"
2016-07-28,"Adam Hoyle",0.75,"misc. project coordination and discussions w/ Kyle, Mike, Shaun, Jay",,,"Linkwell Health","Premera Disease Management - Pilot Run"
2016-07-28,"Adam Hoyle",0.75,"emails, calls and client communication",,,"Linkwell Health","Premera Disease Management - Pilot Run"
2016-07-28,"Adam Hoyle",3.0,"create remaining Premera emails and test","Create all remaining condition emails in MailChimp","Misc.","Linkwell Health","Premera Disease Management - Pilot Run"
2016-07-27,"Adam Hoyle",1.25,"misc. project coordination and planning, email template updates, etc.",,,"Linkwell Health","Premera Disease Management - Pilot Run"
2016-07-26,"Adam Hoyle",3.5,"emails and testing, client communication",,,"Linkwell Health","Premera Disease Management - Pilot Run"
2016-07-25,"Adam Hoyle",2.5,"code PBCWA Heart email",,,"Linkwell Health","Premera Disease Management - Pilot Run"
2016-07-25,"Adam Hoyle",0.5,"review schedule and update basecamp",,,"Linkwell Health","Premera Disease Management - Pilot Run"
2016-07-25,"Adam Hoyle",0.25,"review and send updated comps",,,"Linkwell Health","Premera Disease Management - Pilot Run"
2016-07-20,"Adam Hoyle",0.25,"review comps, email and call w/ Katie",,,"Linkwell Health","Premera Disease Management - Pilot Run"
2016-07-19,"Adam Hoyle",0.75,"call w/ katie to review feedback",,,"Linkwell Health","Premera Disease Management - Pilot Run"
2016-07-11,"Adam Hoyle",1.0,"kickoff call and notes",,,"Linkwell Health","Premera Disease Management - Pilot Run"
2017-12-19,"Adam Hoyle",0.25,"update hear4tn link and resend","SOT E-Tips Email: Week 52 (December 26) - Could this be the secret to a good life?","Email Coding","Linkwell Health","Sharecare / HealthWays"
2017-12-19,"Adam Hoyle",1.0,"code and test","SOT E-Tips Email: Week 52 (December 26) - Could this be the secret to a good life?","Email Coding","Linkwell Health","Sharecare / HealthWays"
2017-12-18,"Adam Hoyle",0.25,"review, add to BC, respond to Eileen","SOT E-Tips Email: Week 52 (December 26) - Could this be the secret to a good life?","Email Coding","Linkwell Health","Sharecare / HealthWays"
2017-12-15,"Adam Hoyle",0.25,"","SOT E-Tips Email: Week 51 (December 19) - ""Do these three things to lower stress""","Email Coding","Linkwell Health","Sharecare / HealthWays"
2017-12-14,"Adam Hoyle",0.25,"updates","SOT E-Tips Email: Week 51 (December 19) - ""Do these three things to lower stress""","Email Coding","Linkwell Health","Sharecare / HealthWays"
2017-12-14,"Adam Hoyle",0.25,"Litmus fixes","SOT E-Tips Email: Week 51 (December 19) - ""Do these three things to lower stress""","Email Coding","Linkwell Health","Sharecare / HealthWays"
2017-12-14,"Adam Hoyle",1.0,"code, test and send","SOT E-Tips Email: Week 51 (December 19) - ""Do these three things to lower stress""","Email Coding","Linkwell Health","Sharecare / HealthWays"
2017-12-13,"Adam Hoyle",0.25,"review and respond to Eileen","SOT E-Tips Email: Week 51 (December 19) - ""Do these three things to lower stress""","Email Coding","Linkwell Health","Sharecare / HealthWays"
2017-12-01,"Adam Hoyle",0.5,"restore code after Emma bug","SOT E-Tips Email: Week 49 (December 5) - ""Four ways to build your resilience""","Email Coding","Linkwell Health","Sharecare / HealthWays"
2017-11-30,"Adam Hoyle",0.5,"revisions and testing","SOT E-Tips Email: Week 49 (December 5) - ""Four ways to build your resilience""","Email Coding","Linkwell Health","Sharecare / HealthWays"
2017-11-30,"Adam Hoyle",0.25,"","SOT E-Tips Email: Week 49 (December 5) - ""Four ways to build your resilience""","Email Coding","Linkwell Health","Sharecare / HealthWays"
2017-11-28,"Adam Hoyle",1.0,"code, test, send","SOT E-Tips Email: Week 50 (December 12) - ""Four tips for winter walking""","Email Coding","Linkwell Health","Sharecare / HealthWays"
2017-11-28,"Adam Hoyle",1.0,"code, test, send","SOT E-Tips Email: Week 49 (December 5) - ""Four ways to build your resilience""","Email Coding","Linkwell Health","Sharecare / HealthWays"
2017-11-28,"Adam Hoyle",0.25,"review, add to BC, respond to Eileen","SOT E-Tips Email: Week 49 (December 5) - ""Four ways to build your resilience""","Email Coding","Linkwell Health","Sharecare / HealthWays"
2017-11-28,"Adam Hoyle",0.25,"review, add to BC, respond to Eileen","SOT E-Tips Email: Week 50 (December 12) - ""Four tips for winter walking""","Email Coding","Linkwell Health","Sharecare / HealthWays"
2017-11-20,"Adam Hoyle",0.5,"updates, new test","SOT E-Tips Email: Week 48 (November 28) - ""Seven ways to keep off holiday pounds""","Email Coding","Linkwell Health","Sharecare / HealthWays"
2017-11-20,"Adam Hoyle",0.5,"update, send new test","SOT E-Tips Email: Week 48 (November 28) - ""Seven ways to keep off holiday pounds""","Email Coding","Linkwell Health","Sharecare / HealthWays"
2017-11-20,"Adam Hoyle",0.25,"review feedback, add to BC","SOT E-Tips Email: Week 48 (November 28) - ""Seven ways to keep off holiday pounds""","Email Coding","Linkwell Health","Sharecare / HealthWays"
2017-11-16,"Adam Hoyle",1.25,"code and test","SOT E-Tips Email: Week 48 (November 28) - ""Seven ways to keep off holiday pounds""","Email Coding","Linkwell Health","Sharecare / HealthWays"
2017-11-15,"Adam Hoyle",0.25,"","SOT E-Tips Email: Week 47 (November 21) - ""The best news about diabetes""","Email Coding","Linkwell Health","Sharecare / HealthWays"
2017-11-15,"Adam Hoyle",1.25,"code and test, troubleshoot Litmus issues","SOT E-Tips Email: Week 47 (November 21) - ""The best news about diabetes""","Email Coding","Linkwell Health","Sharecare / HealthWays"
2017-11-14,"Adam Hoyle",0.25,"review and add to BC","SOT E-Tips Email: Week 48 (November 28) - ""Seven ways to keep off holiday pounds""","Email Coding","Linkwell Health","Sharecare / HealthWays"
2017-11-14,"Adam Hoyle",0.25,"review, add to BC","SOT E-Tips Email: Week 47 (November 21) - ""The best news about diabetes""","Email Coding","Linkwell Health","Sharecare / HealthWays"
2017-10-26,"Adam Hoyle",0.5,"send HTML email templates to Eileen per request",,,"Linkwell Health","Sharecare / HealthWays"
2017-10-24,"Adam Hoyle",0.25,"copy updates and resend test","SOT Stress Less Wrap-up Email - ""You’ve Taken It Down a Notch | Stress Less.""","Email Coding","Linkwell Health","Sharecare / HealthWays"
2017-10-24,"Adam Hoyle",0.25,"update with participant number and send final test","SOT Stress Less Wrap-up Email - ""You’ve Taken It Down a Notch | Stress Less.""","Email Coding","Linkwell Health","Sharecare / HealthWays"
2017-10-20,"Adam Hoyle",1.25,"code and test","SOT Stress Less Plan/Challenge Email4","Email Coding","Linkwell Health","Sharecare / HealthWays"
2017-10-20,"Adam Hoyle",0.25,"review, add to BC, respond to Eileen","SOT Stress Less Plan/Challenge Email4","Email Coding","Linkwell Health","Sharecare / HealthWays"
2017-10-18,"Adam Hoyle",0.25,"link update, send new test","SOT Stress Less Wrap-up Email - ""You’ve Taken It Down a Notch | Stress Less.""","Email Coding","Linkwell Health","Sharecare / HealthWays"
2017-10-18,"Adam Hoyle",0.25,"update and send new test","SOT Stress Less Plan/Challenge Email 3 - ""Don’t Let Your Job Stress You Out | Stress Less. ""","Email Coding","Linkwell Health","Sharecare / HealthWays"
2017-10-18,"Adam Hoyle",0.25,"","SOT Stress Less Plan/Challenge Email 3 - ""Don’t Let Your Job Stress You Out | Stress Less. ""","Email Coding","Linkwell Health","Sharecare / HealthWays"
2017-10-17,"Adam Hoyle",0.25,"Content update per Eileen, send new test","SOT Stress Less Plan/Challenge Email 3 - ""Don’t Let Your Job Stress You Out | Stress Less. ""","Email Coding","Linkwell Health","Sharecare / HealthWays"
2017-10-16,"Adam Hoyle",1.25,"code and test","SOT Stress Less Wrap-up Email - ""You’ve Taken It Down a Notch | Stress Less.""","Email Coding","Linkwell Health","Sharecare / HealthWays"
2017-10-16,"Adam Hoyle",0.25,"link update, send new test","SOT E-Tips Email: Week 45 (November 7) - ""Surprising benefits of friendships""","Email Coding","Linkwell Health","Sharecare / HealthWays"
2017-10-13,"Adam Hoyle",1.0,"code and test","SOT Stress Less Plan/Challenge Email 3 - ""Don’t Let Your Job Stress You Out | Stress Less. ""","Email Coding","Linkwell Health","Sharecare / HealthWays"
2017-10-13,"Adam Hoyle",0.25,"review, add to BC, respond to Eileen","SOT Stress Less Wrap-up Email - ""You’ve Taken It Down a Notch | Stress Less.""","Email Coding","Linkwell Health","Sharecare / HealthWays"
2017-10-13,"Adam Hoyle",0.25,"review, add to BC, respond to Eileen","SOT Stress Less Plan/Challenge Email 3 - ""Don’t Let Your Job Stress You Out | Stress Less. ""","Email Coding","Linkwell Health","Sharecare / HealthWays"
2017-10-12,"Adam Hoyle",1.5,"code, test, tweak, send test","SOT Stress Less Plan/Challenge Email 2","Email Coding","Linkwell Health","Sharecare / HealthWays"
2017-10-12,"Adam Hoyle",0.25,"","SOT Stress Less Plan/Challenge Email 2","Email Coding","Linkwell Health","Sharecare / HealthWays"
2017-10-11,"Adam Hoyle",1.0,"code and test","SOT E-Tips Email: Week 45 (November 7) - ""Surprising benefits of friendships""","Email Coding","Linkwell Health","Sharecare / HealthWays"
2017-10-11,"Adam Hoyle",0.25,"fix type, resend test","SOT E-Tips Email: Week 44 (October 31) - ""Before you take antibiotics, know this.""","Email Coding","Linkwell Health","Sharecare / HealthWays"
2017-10-10,"Adam Hoyle",0.25,"review, add to BC, respond to EIleen","SOT E-Tips Email: Week 45 (November 7) - ""Surprising benefits of friendships""","Email Coding","Linkwell Health","Sharecare / HealthWays"
2017-10-10,"Adam Hoyle",0.25,"","SOT E-Tips Email: Week 44 (October 31) - ""Before you take antibiotics, know this.""","Email Coding","Linkwell Health","Sharecare / HealthWays"
2017-10-10,"Adam Hoyle",0.25,"","SOT E-Tips Email: Week 46 (November 14) - ""Doing this for one day could change your life""","Email Coding","Linkwell Health","Sharecare / HealthWays"
2017-10-10,"Adam Hoyle",1.0,"","SOT E-Tips Email: Week 46 (November 14) - ""Doing this for one day could change your life""","Email Coding","Linkwell Health","Sharecare / HealthWays"
2017-10-10,"Adam Hoyle",1.0,"","SOT E-Tips Email: Week 44 (October 31) - ""Before you take antibiotics, know this.""","Email Coding","Linkwell Health","Sharecare / HealthWays"
2017-10-10,"Adam Hoyle",0.25,"review, add to BC","SOT E-Tips Email: Week 44 (October 31) - ""Before you take antibiotics, know this.""","Email Coding","Linkwell Health","Sharecare / HealthWays"
2017-10-10,"Adam Hoyle",0.25,"review, add to BC, respond to Eileen","SOT E-Tips Email: Week 46 (November 14) - ""Doing this for one day could change your life""","Email Coding","Linkwell Health","Sharecare / HealthWays"
2017-10-06,"Adam Hoyle",0.25,"text update and resend test","SOT E-Tips Email: Week 43 (October 24) - ""Sugar’s not-so-sweet side.""","Email Coding","Linkwell Health","Sharecare / HealthWays"
2017-10-05,"Adam Hoyle",1.0,"","SOT E-Tips Email: Week 43 (October 24) - ""Sugar’s not-so-sweet side.""","Email Coding","Linkwell Health","Sharecare / HealthWays"
2017-10-05,"Adam Hoyle",0.25,"text update, resend test","SOT Stress Less Enrollment Email 2 - ""Reduce anxiety and be healthier. Register now for the Stress Less Plan.""","Email Coding","Linkwell Health","Sharecare / HealthWays"
2017-10-05,"Adam Hoyle",0.5,"update and re-test","SOT Stress Less Enrollment Email 2 - ""Reduce anxiety and be healthier. Register now for the Stress Less Plan.""","Email Coding","Linkwell Health","Sharecare / HealthWays"
2017-10-05,"Adam Hoyle",0.25,"review and add to BC","SOT E-Tips Email: Week 43 (October 24) - ""Sugar’s not-so-sweet side.""","Email Coding","Linkwell Health","Sharecare / HealthWays"
2017-10-02,"Adam Hoyle",0.25,"","SOT E-Tips Email: Week 42 (October 17) - ""One key way to not get sick""","Email Coding","Linkwell Health","Sharecare / HealthWays"
2017-10-02,"Adam Hoyle",1.0,"code and send first test","SOT E-Tips Email: Week 42 (October 17) - ""One key way to not get sick""","Email Coding","Linkwell Health","Sharecare / HealthWays"
2017-10-02,"Adam Hoyle",1.0,"code and send first test","SOT Stress Less Enrollment Email 2 - ""Reduce anxiety and be healthier. Register now for the Stress Less Plan.""","Email Coding","Linkwell Health","Sharecare / HealthWays"
2017-10-02,"Adam Hoyle",0.25,"review add to BC","SOT E-Tips Email: Week 42 (October 17) - ""One key way to not get sick""","Email Coding","Linkwell Health","Sharecare / HealthWays"
2017-10-02,"Adam Hoyle",0.25,"review, add to BC, respond to Eileen","SOT Stress Less Enrollment Email 2 - ""Reduce anxiety and be healthier. Register now for the Stress Less Plan.""","Email Coding","Linkwell Health","Sharecare / HealthWays"
2017-10-02,"Adam Hoyle",0.75,"testing for image shifting, adjustments, fix typo and formatting","SOT: Stress Less Challenge Email1","Email Coding","Linkwell Health","Sharecare / HealthWays"
2017-09-29,"Adam Hoyle",0.25,"add subject, resend","SOT: Stress Less Challenge Email1","Email Coding","Linkwell Health","Sharecare / HealthWays"
2017-09-29,"Adam Hoyle",2.0,"","SOT: Stress Less Challenge Email1","Email Coding","Linkwell Health","Sharecare / HealthWays"
2017-09-29,"Adam Hoyle",0.25,"update PDF and send new test","SOT: Stress Less Enrollment Email1 + FAQ","Email Coding","Linkwell Health","Sharecare / HealthWays"
2017-09-28,"Adam Hoyle",0.5,"update image, resend test","SOT: Stress Less Enrollment Email1 + FAQ","Email Coding","Linkwell Health","Sharecare / HealthWays"
2017-09-27,"Adam Hoyle",0.25,"fixed space in footer and sent new test","SOT: Stress Less Enrollment Email1 + FAQ","Email Coding","Linkwell Health","Sharecare / HealthWays"
2017-09-27,"Adam Hoyle",0.5,"updates and new test","SOT: Stress Less Enrollment Email1 + FAQ","Email Coding","Linkwell Health","Sharecare / HealthWays"
2017-09-25,"Adam Hoyle",0.5,"text updates, resend test","SOT: Stress Less Enrollment Email1 + FAQ","Email Coding","Linkwell Health","Sharecare / HealthWays"
2017-09-21,"Adam Hoyle",0.25,"update subject, resend tests","SOT: Stress Less Enrollment Email1 + FAQ","Email Coding","Linkwell Health","Sharecare / HealthWays"
2017-09-21,"Adam Hoyle",1.75,"coding and testing","SOT: Stress Less Enrollment Email1 + FAQ","Email Coding","Linkwell Health","Sharecare / HealthWays"
2017-09-20,"Adam Hoyle",0.25,"review and add to BC","SOT: Stress Less Enrollment Email1 + FAQ","Email Coding","Linkwell Health","Sharecare / HealthWays"
2017-09-18,"Adam Hoyle",0.25,"outlook tweaks","SOT: Voluntary Coaching email 4 - “Live the life you want to live”","Email Coding","Linkwell Health","Sharecare / HealthWays"
2017-09-18,"Adam Hoyle",1.5,"cut graphics and code and test","SOT: Voluntary Coaching email 4 - “Live the life you want to live”","Email Coding","Linkwell Health","Sharecare / HealthWays"
2017-09-15,"Adam Hoyle",0.5,"review, check Emma for template, respond to Laura, add to BC","SOT: Voluntary Coaching email 4 - “Live the life you want to live”","Email Coding","Linkwell Health","Sharecare / HealthWays"
2017-09-11,"Adam Hoyle",1.0,"code and test","SOT E-Tips Email: Week 41 (October 10) ""Sadness vs. Depression: How to Tell the Difference""","Email Coding","Linkwell Health","Sharecare / HealthWays"
2017-09-08,"Adam Hoyle",0.25,"start coding","SOT E-Tips Email: Week 41 (October 10) ""Sadness vs. Depression: How to Tell the Difference""","Email Coding","Linkwell Health","Sharecare / HealthWays"
2017-09-08,"Adam Hoyle",1.0,"code and test","SOT E-Tips Email: Week 40 (October 3) ""Seven Breast Cancer Facts You Should Know""","Email Coding","Linkwell Health","Sharecare / HealthWays"
2017-09-08,"Adam Hoyle",0.5,"litmus testing, email Eileen and include image handling instructions","PHI's 10k-a-Day Challenge Email 1","Email Coding","Linkwell Health","Sharecare / HealthWays"
2017-09-08,"Adam Hoyle",1.0,"first pass coding, email questions to Eileen re: Emma and image hosting","PHI's 10k-a-Day Challenge Email 1","Email Coding","Linkwell Health","Sharecare / HealthWays"
2017-09-07,"Adam Hoyle",0.25,"review and add to BC, respond to Eileen","SOT E-Tips Email: Week 41 (October 10) ""Sadness vs. Depression: How to Tell the Difference""","Email Coding","Linkwell Health","Sharecare / HealthWays"
2017-09-07,"Adam Hoyle",0.25,"review and add to BC respond to Eileen","SOT E-Tips Email: Week 40 (October 3) ""Seven Breast Cancer Facts You Should Know""","Email Coding","Linkwell Health","Sharecare / HealthWays"
2017-09-06,"Adam Hoyle",0.25,"text change, resend test","SOT E-Tips Email: Week 39 (September 26th) ""Take the Family Health Challenge""","Email Coding","Linkwell Health","Sharecare / HealthWays"
2017-09-06,"Adam Hoyle",0.25,"review and add to BC","PHI's 10k-a-Day Challenge Email 1","Email Coding","Linkwell Health","Sharecare / HealthWays"
2017-09-06,"Adam Hoyle",0.5,"Text change, send new test","SOT E-Tips Email: Week 37 (September 12) ""Easy Ways to Eat More Vegetables""","Email Coding","Linkwell Health","Sharecare / HealthWays"
2017-09-05,"Adam Hoyle",0.25,"send final test","SOT E-Tips Email: Week 39 (September 26th) ""Take the Family Health Challenge""","Email Coding","Linkwell Health","Sharecare / HealthWays"
2017-09-05,"Adam Hoyle",1.0,"code and test","SOT E-Tips Email: Week 39 (September 26th) ""Take the Family Health Challenge""","Email Coding","Linkwell Health","Sharecare / HealthWays"
2017-09-05,"Adam Hoyle",0.25,"review and send tests to client","SOT E-Tips Email: Week 38 (September 19th) ""Are you at risk for shingles?""","Email Coding","Linkwell Health","Sharecare / HealthWays"
2017-09-03,"Adam Hoyle",1.0,"code and test","SOT E-Tips Email: Week 38 (September 19th) ""Are you at risk for shingles?""","Email Coding","Linkwell Health","Sharecare / HealthWays"
2017-08-31,"Adam Hoyle",0.25,"update text formatting with ital per EIleen","SOT E-Tips Email: Week 37 (September 12) ""Easy Ways to Eat More Vegetables""","Email Coding","Linkwell Health","Sharecare / HealthWays"
2017-08-31,"Adam Hoyle",1.0,"code and test","SOT E-Tips Email: Week 37 (September 12) ""Easy Ways to Eat More Vegetables""","Email Coding","Linkwell Health","Sharecare / HealthWays"
2017-08-31,"Adam Hoyle",0.25,"review and add to BC","SOT E-Tips Email: Week 38 (September 19th) ""Are you at risk for shingles?""","Email Coding","Linkwell Health","Sharecare / HealthWays"
2017-08-31,"Adam Hoyle",0.25,"review and add to BC","SOT E-Tips Email: Week 39 (September 26th) ""Take the Family Health Challenge""","Email Coding","Linkwell Health","Sharecare / HealthWays"
2017-08-30,"Adam Hoyle",0.25,"review and add to BC","SOT E-Tips Email: Week 37 (September 12) ""Easy Ways to Eat More Vegetables""","Email Coding","Linkwell Health","Sharecare / HealthWays"
2017-08-23,"Adam Hoyle",1.0,"code and test","SOT E-Tips Email: Week 36 (September 5) ""Five steps to go from $0 to retired.""","Email Coding","Linkwell Health","Sharecare / HealthWays"
2017-08-23,"Adam Hoyle",0.25,"enter hours into harvest",,,"Linkwell Health","Sharecare / HealthWays"
2017-08-23,"Adam Hoyle",1.0,"coding and testing","SOT E-Tips Email: Week 35 (August 29) ""10 Ways to Snack Smarter""","Email Coding","Linkwell Health","Sharecare / HealthWays"
2017-08-23,"Adam Hoyle",0.25,"followup with Eileen, post new PDF","SOT E-Tips Email: Week 36 (September 5) ""Five steps to go from $0 to retired.""","Email Coding","Linkwell Health","Sharecare / HealthWays"
2017-08-22,"Adam Hoyle",0.25,"review and add to BC","SOT E-Tips Email: Week 36 (September 5) ""Five steps to go from $0 to retired.""","Email Coding","Linkwell Health","Sharecare / HealthWays"
2017-08-22,"Adam Hoyle",0.25,"review and add to BC","SOT E-Tips Email: Week 35 (August 29) ""10 Ways to Snack Smarter""","Email Coding","Linkwell Health","Sharecare / HealthWays"
2017-08-21,"Adam Hoyle",0.25,"updates and new test","SOT E-Tips Email: Week 34 (August 22) ""Seven Habits for Better Oral Health""","Email Coding","Linkwell Health","Sharecare / HealthWays"
2017-08-21,"Adam Hoyle",1.0,"code and test","SOT E-Tips Email: Week 34 (August 22) ""Seven Habits for Better Oral Health""","Email Coding","Linkwell Health","Sharecare / HealthWays"
2017-08-21,"Adam Hoyle",0.25,"review and add to BC","SOT E-Tips Email: Week 34 (August 22) ""Seven Habits for Better Oral Health""","Email Coding","Linkwell Health","Sharecare / HealthWays"
2017-08-21,"Adam Hoyle",1.0,"update with new link, resend test","SOT's Step It Up CHALLENGE - Week #5 (Wrap-up Email)","Email Coding","Linkwell Health","Sharecare / HealthWays"
2017-08-18,"Adam Hoyle",0.25,"text update","SOT's Step It Up CHALLENGE - Week #5 (Wrap-up Email)","Email Coding","Linkwell Health","Sharecare / HealthWays"
2017-08-18,"Adam Hoyle",0.25,"update final step count and send new test","SOT's Step It Up CHALLENGE - Week #5 (Wrap-up Email)","Email Coding","Linkwell Health","Sharecare / HealthWays"
2017-08-16,"Adam Hoyle",0.25,"update survey link","SOT's Step It Up CHALLENGE - Week #5 (Wrap-up Email)","Email Coding","Linkwell Health","Sharecare / HealthWays"
2017-08-13,"Adam Hoyle",1.0,"first pass coding","SOT's Step It Up CHALLENGE - Week #5 (Wrap-up Email)","Email Coding","Linkwell Health","Sharecare / HealthWays"
2017-08-11,"Adam Hoyle",0.25,"fix typo","SOT E-Tips Email: Week 33 (August 15) ""Five tips that can keep you supplement safe""","Email Coding","Linkwell Health","Sharecare / HealthWays"
2017-08-10,"Adam Hoyle",1.0,"code and test","SOT E-Tips Email: Week 33 (August 15) ""Five tips that can keep you supplement safe""","Email Coding","Linkwell Health","Sharecare / HealthWays"
2017-08-10,"Adam Hoyle",0.25,"review and add to BC","SOT E-Tips Email: Week 33 (August 15) ""Five tips that can keep you supplement safe""","Email Coding","Linkwell Health","Sharecare / HealthWays"
2017-08-10,"Adam Hoyle",0.25,"review and add to BC","SOT's Step It Up CHALLENGE - Week #5 (Wrap-up Email)","Email Coding","Linkwell Health","Sharecare / HealthWays"
2017-08-07,"Adam Hoyle",0.25,"fix typo, resend test","SOT Step It Up CHALLENGE- Week #4","Email Coding","Linkwell Health","Sharecare / HealthWays"
2017-08-07,"Adam Hoyle",0.25,"adjust padding in right column to fix text cut-off","SOT Step It Up CHALLENGE- Week #4","Email Coding","Linkwell Health","Sharecare / HealthWays"
2017-08-07,"Adam Hoyle",0.25,"litmus tests and send screenshots to Eileen","SOT Step It Up CHALLENGE- Week #4","Email Coding","Linkwell Health","Sharecare / HealthWays"
2017-08-07,"Adam Hoyle",0.25,"copy updates, send new test","SOT Step It Up CHALLENGE- Week #4","Email Coding","Linkwell Health","Sharecare / HealthWays"
2017-08-07,"Adam Hoyle",1.0,"code and test","SOT Step It Up CHALLENGE- Week #4","Email Coding","Linkwell Health","Sharecare / HealthWays"
2017-08-04,"Adam Hoyle",0.25,"review and add to BC","SOT Step It Up CHALLENGE- Week #4","Email Coding","Linkwell Health","Sharecare / HealthWays"
2017-08-04,"Adam Hoyle",0.25,"updates and send new test","SOT E-Tips Week 32 (Aug 8) ""Eight reasons to vaccinate""","Email Coding","Linkwell Health","Sharecare / HealthWays"
2017-08-03,"Adam Hoyle",0.25,"copy update, resend test","SOT E-Tips Week 32 (Aug 8) ""Eight reasons to vaccinate""","Email Coding","Linkwell Health","Sharecare / HealthWays"
2017-08-03,"Adam Hoyle",0.75,"content updates from Eileen, check on restricted link, update link, resend test","SOT E-Tips Week 32 (Aug 8) ""Eight reasons to vaccinate""","Email Coding","Linkwell Health","Sharecare / HealthWays"
2017-08-02,"Adam Hoyle",1.0,"code and test","SOT E-Tips Week 32 (Aug 8) ""Eight reasons to vaccinate""","Email Coding","Linkwell Health","Sharecare / HealthWays"
2017-08-02,"Adam Hoyle",0.25,"review, add to BC","SOT E-Tips Week 32 (Aug 8) ""Eight reasons to vaccinate""","Email Coding","Linkwell Health","Sharecare / HealthWays"
2017-08-01,"Adam Hoyle",0.25,"","SOT Voluntary Coaching email (Aug 2)","Email Coding","Linkwell Health","Sharecare / HealthWays"
2017-07-31,"Adam Hoyle",0.25,"Updates per Eileen","SOT Voluntary Coaching email (Aug 2)","Email Coding","Linkwell Health","Sharecare / HealthWays"
2017-07-31,"Adam Hoyle",1.0,"code and send test","SOT Voluntary Coaching email (Aug 2)","Email Coding","Linkwell Health","Sharecare / HealthWays"
2017-07-28,"Adam Hoyle",0.5,"copy updates, send new test","SOT's Step It Up CHALLENGE - Week #3","Email Coding","Linkwell Health","Sharecare / HealthWays"
2017-07-27,"Adam Hoyle",1.0,"code and test","SOT's Step It Up CHALLENGE - Week #3","Email Coding","Linkwell Health","Sharecare / HealthWays"
2017-07-27,"Adam Hoyle",0.25,"review, add to BC","SOT's Step It Up CHALLENGE - Week #3","Email Coding","Linkwell Health","Sharecare / HealthWays"
2017-07-27,"Adam Hoyle",0.25,"review, respond to Laura for timing and subject line, add to BC","SOT Voluntary Coaching email (Aug 2)","Email Coding","Linkwell Health","Sharecare / HealthWays"
2017-07-24,"Adam Hoyle",0.5,"Updates/edits per Eileen, send new test","SOT's Step It Up CHALLENGE - Week #2","Email Coding","Linkwell Health","Sharecare / HealthWays"
2017-07-21,"Adam Hoyle",0.25,"proof and send test, email Laura [for deleted to-do: ""Code 10k Challenge - Enrollment email 1""]",,,"Linkwell Health","Sharecare / HealthWays"
2017-07-20,"Adam Hoyle",0.5,"add subject, send test, tweak, send final tests","SOT's Step It Up CHALLENGE - Week #2","Email Coding","Linkwell Health","Sharecare / HealthWays"
2017-07-20,"Adam Hoyle",2.25,"code and test","SOT's Step It Up CHALLENGE - Week #2","Email Coding","Linkwell Health","Sharecare / HealthWays"
2017-07-20,"Adam Hoyle",0.25,"review and add to BC","SOT's Step It Up CHALLENGE - Week #2","Email Coding","Linkwell Health","Sharecare / HealthWays"
2017-07-19,"Adam Hoyle",0.5,"review designs, add to BC, review existing templates, respond to Laura with proposed schedule for delivery. [for deleted to-do: ""Code 10k Challenge - Week 1 email""]",,,"Linkwell Health","Sharecare / HealthWays"
2017-07-18,"Adam Hoyle",0.25,"review changes and research date/phone formatting on iOS","SOT eTips Week 31 (August 1) ""Eight Ideas for a Healthy Staycation""","Email Coding","Linkwell Health","Sharecare / HealthWays"
2017-07-18,"Adam Hoyle",0.25,"proof","SOT eTips Week 30 (July 25) ""Is Laughter Really the Best Medicine""","Email Coding","Linkwell Health","Sharecare / HealthWays"
2017-07-18,"Adam Hoyle",0.25,"proof","SOT eTips Week 31 (August 1) ""Eight Ideas for a Healthy Staycation""","Email Coding","Linkwell Health","Sharecare / HealthWays"
2017-07-17,"Adam Hoyle",0.25,"review, add to BC","SOT eTips Week 30 (July 25) ""Is Laughter Really the Best Medicine""","Email Coding","Linkwell Health","Sharecare / HealthWays"
2017-07-17,"Adam Hoyle",0.25,"review, add to BC, confirm with Eileen","SOT eTips Week 31 (August 1) ""Eight Ideas for a Healthy Staycation""","Email Coding","Linkwell Health","Sharecare / HealthWays"
2017-07-14,"Adam Hoyle",1.0,"update image with new copy, other tweaks, send new test","SOT's Step It Up CHALLENGE - Week #1","Email Coding","Linkwell Health","Sharecare / HealthWays"
2017-07-14,"Adam Hoyle",0.5,"review/proof/QA, make updates, send new test","SOT's Step It Up CHALLENGE - Week #1","Email Coding","Linkwell Health","Sharecare / HealthWays"
2017-07-14,"Adam Hoyle",0.25,"fix ligature and re-send test","SOT E-Tips Week 29 (July 18) 'Two-Minute Guide to Staying Hydrated' email","Email Coding","Linkwell Health","Sharecare / HealthWays"
2017-07-14,"Adam Hoyle",0.25,"update BC with additional info from Eileen","SOT's Step It Up CHALLENGE - Week #1","Email Coding","Linkwell Health","Sharecare / HealthWays"
2017-07-14,"Adam Hoyle",0.5,"proof and QA, update, send test to Linkwell","SOT's Step It Up Enrollment - Email 2","Email Coding","Linkwell Health","Sharecare / HealthWays"
2017-07-13,"Adam Hoyle",0.75,"troubleshooting Outlook/Chrome","SOT's Step It Up Enrollment - Email 2","Email Coding","Linkwell Health","Sharecare / HealthWays"
2017-07-13,"Adam Hoyle",0.25,"review, add to BC","SOT's Step It Up CHALLENGE - Week #1","Email Coding","Linkwell Health","Sharecare / HealthWays"
2017-07-12,"Adam Hoyle",1.0,"coding and testing","SOT E-Tips Week 29 (July 18) 'Two-Minute Guide to Staying Hydrated' email","Email Coding","Linkwell Health","Sharecare / HealthWays"
2017-07-12,"Adam Hoyle",0.25,"review and add to BC","SOT's Step It Up Enrollment - Email 2","Email Coding","Linkwell Health","Sharecare / HealthWays"
2017-07-12,"Adam Hoyle",0.25,"review and add to BC","SOT E-Tips Week 29 (July 18) 'Two-Minute Guide to Staying Hydrated' email","Email Coding","Linkwell Health","Sharecare / HealthWays"
2017-07-10,"Adam Hoyle",0.25,"upload new PDF, update link, resend test","Code SOT Screening emails #8","Email Coding","Linkwell Health","Sharecare / HealthWays"
2017-07-10,"Adam Hoyle",0.25,"change date, resend test","Code SOT Screening emails #8","Email Coding","Linkwell Health","Sharecare / HealthWays"
2017-07-10,"Adam Hoyle",0.5,"review, update and send new test. Update BC","Code SOT Screening emails #8","Email Coding","Linkwell Health","Sharecare / HealthWays"
2017-07-10,"Adam Hoyle",0.25,"update typo and send new test","SOT eTips Week 28 (July 11) ""Beat Burnout for Better Work-life Balance""","Email Coding","Linkwell Health","Sharecare / HealthWays"
2017-07-10,"Adam Hoyle",0.5,"review and update BC","SOT eTips Week 28 (July 11) ""Beat Burnout for Better Work-life Balance""","Email Coding","Linkwell Health","Sharecare / HealthWays"
2017-07-10,"Adam Hoyle",0.5,"review and update BC","SOT - Step it Up Enrollment - Email 1","Email Coding","Linkwell Health","Sharecare / HealthWays"
2017-07-05,"Adam Hoyle",0.75,"update link, send new test","Code SOT Screening emails #7","Email Coding","Linkwell Health","Sharecare / HealthWays"
2017-07-03,"Adam Hoyle",1.0,"","Code SOT Screening emails #8","Email Coding","Linkwell Health","Sharecare / HealthWays"
2017-07-01,"Adam Hoyle",0.5,"remove commas, re-send test","Code SOT eTips Week 27 (July 5) ""Five Ways to Halt Headaches"" email","Email Coding","Linkwell Health","Sharecare / HealthWays"
2017-06-30,"Adam Hoyle",0.5,"update, send new tests, update BC","Code SOT eTips Week 27 (July 5) ""Five Ways to Halt Headaches"" email","Email Coding","Linkwell Health","Sharecare / HealthWays"
2017-06-29,"Adam Hoyle",0.5,"update disclaimer and resend test","Code SOT eTips Week 27 (July 5) ""Five Ways to Halt Headaches"" email","Email Coding","Linkwell Health","Sharecare / HealthWays"
2017-06-29,"Adam Hoyle",1.0,"code and send tests","Code SOT eTips Week 27 (July 5) ""Five Ways to Halt Headaches"" email","Email Coding","Linkwell Health","Sharecare / HealthWays"
2017-06-29,"Adam Hoyle",0.25,"review, add to BC, respond to Eileen","Code SOT eTips Week 27 (July 5) ""Five Ways to Halt Headaches"" email","Email Coding","Linkwell Health","Sharecare / HealthWays"
2017-06-22,"Adam Hoyle",0.5,"add second footnote and resend test. troubleshoot website issues with test send.","Code SOT eTips June 27 ""6 tips for safe summer grilling"" email","Email Coding","Linkwell Health","Sharecare / HealthWays"
2017-06-21,"Adam Hoyle",0.5,"project coordination and review","Design comps showing redesigned and improved marketing asset website (see comment)","Misc. Design","Linkwell Health","Sharecare / HealthWays"
2017-06-20,"Adam Hoyle",0.25,"review notes and designs","Design comps showing redesigned and improved marketing asset website (see comment)","Misc. Design","Linkwell Health","Sharecare / HealthWays"
2017-06-20,"Adam Hoyle",0.5,"add new PDF to BC, upload new PDF to Emma, update link, send tests","Code SOT Screening emails #6 (see comment)","Email Coding","Linkwell Health","Sharecare / HealthWays"
2017-06-20,"Adam Hoyle",0.25,"review design updates and notes","Design comps showing redesigned and improved marketing asset website (see comment)","Misc. Design","Linkwell Health","Sharecare / HealthWays"
2017-06-19,"Adam Hoyle",0.25,"review feedback","Design comps showing redesigned and improved marketing asset website (see comment)","Misc. Design","Linkwell Health","Sharecare / HealthWays"
2017-06-19,"Adam Hoyle",0.25,"review and send first round to client","Design comps showing redesigned and improved marketing asset website (see comment)","Misc. Design","Linkwell Health","Sharecare / HealthWays"
2017-06-19,"Adam Hoyle",0.25,"review and discuss w/ Jay","Design comps showing redesigned and improved marketing asset website (see comment)","Misc. Design","Linkwell Health","Sharecare / HealthWays"
2017-06-17,"Adam Hoyle",1.5,"code, proof, send tests (weekend time)","Code SOT Screening emails #6 (see comment)","Email Coding","Linkwell Health","Sharecare / HealthWays"
2017-06-15,"Adam Hoyle",1.0,"review site, prep for call w/ Laura, call w/ Laura and Jay","Design comps showing redesigned and improved marketing asset website (see comment)","Misc. Design","Linkwell Health","Sharecare / HealthWays"
2017-06-14,"Adam Hoyle",0.25,"review and add to BC, ask for clarification on content for 7 and 8","Code SOT Screening emails #6 (see comment)","Email Coding","Linkwell Health","Sharecare / HealthWays"
2017-06-14,"Adam Hoyle",0.25,"update ital, send new test","Code SOT eTips June 20 ""5 big food label changes you need to know"" email","Email Coding","Linkwell Health","Sharecare / HealthWays"
2017-06-14,"Adam Hoyle",0.25,"re-check, add to Emma, send test, email with question about footnotes","Code SOT eTips June 27 ""6 tips for safe summer grilling"" email","Email Coding","Linkwell Health","Sharecare / HealthWays"
2017-06-13,"Adam Hoyle",1.0,"first pass coding","Code SOT eTips June 27 ""6 tips for safe summer grilling"" email","Email Coding","Linkwell Health","Sharecare / HealthWays"
2017-06-13,"Adam Hoyle",1.0,"code email and send tests","Code SOT eTips June 20 ""5 big food label changes you need to know"" email","Email Coding","Linkwell Health","Sharecare / HealthWays"
2017-06-08,"Adam Hoyle",0.75,"add social icons back, send new test","Code SOT eTips June 13 ""Why Men Should Limit Sugar"" email","Email Coding","Linkwell Health","Sharecare / HealthWays"
2017-06-07,"Adam Hoyle",0.25,"update and resend test","Code SOT eTips June 13 ""Why Men Should Limit Sugar"" email","Email Coding","Linkwell Health","Sharecare / HealthWays"
2017-06-07,"Adam Hoyle",1.25,"coding and testing","Code SOT eTips June 13 ""Why Men Should Limit Sugar"" email","Email Coding","Linkwell Health","Sharecare / HealthWays"
2017-06-07,"Adam Hoyle",0.25,"Review, add to BC, request subject line","Code SOT eTips June 27 ""6 tips for safe summer grilling"" email","Email Coding","Linkwell Health","Sharecare / HealthWays"
2017-06-07,"Adam Hoyle",0.25,"Review, add to BC, request subject line","Code SOT eTips June 20 ""5 big food label changes you need to know"" email","Email Coding","Linkwell Health","Sharecare / HealthWays"
2017-06-07,"Adam Hoyle",0.25,"Review, add to BC, request subject line","Code SOT eTips June 13 ""Why Men Should Limit Sugar"" email","Email Coding","Linkwell Health","Sharecare / HealthWays"
2017-05-24,"Adam Hoyle",0.25,"add link, send new test","SOT eTips ""Six things your skin will love"" - May 30 - Partners TN","Email Coding","Linkwell Health","Sharecare / HealthWays"
2017-05-24,"Adam Hoyle",1.0,"","SOT eTips ""Six things your skin will love"" - May 30 - Partners TN","Email Coding","Linkwell Health","Sharecare / HealthWays"
2017-05-22,"Adam Hoyle",0.25,"review design, update BC, respond to Laura","SOT eTips ""Six things your skin will love"" - May 30 - Partners TN","Email Coding","Linkwell Health","Sharecare / HealthWays"
2017-05-22,"Adam Hoyle",0.5,"troubleshoot and fix misplaced Promise image","Coding for SOT Screening Email 4 ""You have until July 15 to complete your Biometric Screening"" - Partners TN","Email Coding","Linkwell Health","Sharecare / HealthWays"
2017-05-19,"Adam Hoyle",0.5,"update link with new PDF, send new test emails","Coding for SOT Screening Email 4 ""You have until July 15 to complete your Biometric Screening"" - Partners TN","Email Coding","Linkwell Health","Sharecare / HealthWays"
2017-05-18,"Adam Hoyle",0.75,"","Coding for SOT Screening Email 4 ""You have until July 15 to complete your Biometric Screening"" - Partners TN","Email Coding","Linkwell Health","Sharecare / HealthWays"
2017-05-18,"Adam Hoyle",0.25,"switch subheads for 3 and 4, resend test.","SOT Tips ""This could be why you’re in a bad mood"" May 23 email - Partners TN","Email Coding","Linkwell Health","Sharecare / HealthWays"
2017-05-18,"Adam Hoyle",0.5,"URL changes per Laura","SOT Tips ""This could be why you’re in a bad mood"" May 23 email - Partners TN","Email Coding","Linkwell Health","Sharecare / HealthWays"
2017-05-17,"Adam Hoyle",1.0,"Save, organize and package","Package PDFs and HTML for April 4, 11, 18, 25, May 2 and 9 emails","Email Coding","Linkwell Health","Sharecare / HealthWays"
2017-05-17,"Adam Hoyle",0.25,"call w/ Laura to clarify, add to BC","Package PDFs and HTML for April 4, 11, 18, 25, May 2 and 9 emails","Email Coding","Linkwell Health","Sharecare / HealthWays"
2017-05-16,"Adam Hoyle",0.25,"review and add to BC, respond to Laura","Coding for SOT Screening Email 4 ""You have until July 15 to complete your Biometric Screening"" - Partners TN","Email Coding","Linkwell Health","Sharecare / HealthWays"
2017-05-08,"Adam Hoyle",0.5,"","Update ""True Colors Week #2"" email per Laura","Email Coding","Linkwell Health","Sharecare / HealthWays"
2017-05-05,"Adam Hoyle",1.25,"","SOT Tips ""Top questions for social media safety"" May 16 email - Partners TN","Email Coding","Linkwell Health","Sharecare / HealthWays"
2017-05-05,"Adam Hoyle",1.0,"","SOT Tips ""This could be why you’re in a bad mood"" May 23 email - Partners TN","Email Coding","Linkwell Health","Sharecare / HealthWays"
2017-05-02,"Adam Hoyle",1.25,"","SOT Tips ""Simple ways to maximize your exercise"" May 9 email - Partners TN","Email Coding","Linkwell Health","Sharecare / HealthWays"
2017-05-02,"Adam Hoyle",0.5,"","Update SOT ""True Colors"" email with new PDF download link for Phytochemicals","Email Coding","Linkwell Health","Sharecare / HealthWays"
2017-05-01,"Adam Hoyle",1.25,"coding and testing","SOT Tips ""Could that cough be asthma?"" May 2 email - Partners TN","Email Coding","Linkwell Health","Sharecare / HealthWays"
2017-05-01,"Adam Hoyle",0.25,"review and add 4 new emails to BC",,,"Linkwell Health","Sharecare / HealthWays"
2017-04-24,"Adam Hoyle",0.25,"add immuno link and resend test","SOT Tips ""Spring Allergies"" April 25th email - Partners TN","Email Coding","Linkwell Health","Sharecare / HealthWays"
2017-04-24,"Adam Hoyle",1.0,"coding and testing","SOT Tips ""Spring Allergies"" April 25th email - Partners TN","Email Coding","Linkwell Health","Sharecare / HealthWays"
2017-04-24,"Adam Hoyle",0.25,"review email, pull template code, add to BC","SOT Tips ""Spring Allergies"" April 25th email - Partners TN","Email Coding","Linkwell Health","Sharecare / HealthWays"
2017-04-20,"Adam Hoyle",0.5,"update text, add new PDF, send tests","""Biometric Screening"" email #3 - Partners TN","Email Coding","Linkwell Health","Sharecare / HealthWays"
2017-04-12,"Adam Hoyle",0.5,"update PDF and send new test","""Biometric Screening"" email #3 - Partners TN","Email Coding","Linkwell Health","Sharecare / HealthWays"
2017-04-11,"Adam Hoyle",0.75,"","""Biometric Screening"" email #3 - Partners TN","Email Coding","Linkwell Health","Sharecare / HealthWays"
2017-04-11,"Adam Hoyle",2.0,"coding and testing, send to client","SOT Tips ""Model Healthy Habits for Kids"" April 18th email - Partners TN","Email Coding","Linkwell Health","Sharecare / HealthWays"
2017-04-10,"Adam Hoyle",0.5,"review PDF, update basecamp, respond to Laura","SOT Tips ""Model Healthy Habits for Kids"" April 18th email - Partners TN","Email Coding","Linkwell Health","Sharecare / HealthWays"
2017-04-04,"Adam Hoyle",1.25,"assistance with SOT Coaching Concept last minute edits. OFF HOURS RUSH CHARGE","SOT Coaching Concept email updates (see comment)","Email Coding","Linkwell Health","Sharecare / HealthWays"
2017-04-04,"Adam Hoyle",0.5,"updates and resent tests","Coding for ""Fall in love with a healthy lifestyle"" April 10th weekly email - Partners TN","Email Coding","Linkwell Health","Sharecare / HealthWays"
2017-04-04,"Adam Hoyle",0.5,"updates","Coding for ""Fall in love with a healthy lifestyle"" April 10th weekly email - Partners TN","Email Coding","Linkwell Health","Sharecare / HealthWays"
2017-04-04,"Adam Hoyle",1.5,"","Coding for ""Fall in love with a healthy lifestyle"" April 10th weekly email - Partners TN","Email Coding","Linkwell Health","Sharecare / HealthWays"
2017-04-03,"Adam Hoyle",0.5,"","Coding for ""The salty truth about sodium"" April 3rd weekly email - Partners TN","Email Coding","Linkwell Health","Sharecare / HealthWays"
2017-03-31,"Adam Hoyle",0.5,"update date, subject and resend test","Coding for ""The salty truth about sodium"" April 3rd weekly email - Partners TN","Email Coding","Linkwell Health","Sharecare / HealthWays"
2017-03-30,"Adam Hoyle",0.25,"update footer sources and send new test","Coding for ""The salty truth about sodium"" April 3rd weekly email - Partners TN","Email Coding","Linkwell Health","Sharecare / HealthWays"
2017-03-30,"Adam Hoyle",1.0,"RUSH CHARGE","Coding for ""The salty truth about sodium"" April 3rd weekly email - Partners TN","Email Coding","Linkwell Health","Sharecare / HealthWays"
2017-03-30,"Adam Hoyle",0.25,"send test email to Laura and finalize","Coding for ""The salty truth about sodium"" April 3rd weekly email - Partners TN","Email Coding","Linkwell Health","Sharecare / HealthWays"
2017-03-30,"Adam Hoyle",1.0,"initial coding and test","Coding for ""The salty truth about sodium"" April 3rd weekly email - Partners TN","Email Coding","Linkwell Health","Sharecare / HealthWays"
2017-03-30,"Adam Hoyle",0.25,"review PDFs, add to BC","Coding for ""Fall in love with a healthy lifestyle"" April 10th weekly email - Partners TN","Email Coding","Linkwell Health","Sharecare / HealthWays"
2017-03-29,"Adam Hoyle",2.0,"RUSH CHARGE","Coding for (3) ""Comcast Quitnet Completion"" emails","Email Coding","Linkwell Health","Sharecare / HealthWays"
2017-03-29,"Adam Hoyle",4.0,"final coding and testing","Coding for (3) ""Comcast Quitnet Completion"" emails","Email Coding","Linkwell Health","Sharecare / HealthWays"
2017-03-28,"Adam Hoyle",0.5,"","Coding for (3) ""Comcast Quitnet Completion"" emails","Email Coding","Linkwell Health","Sharecare / HealthWays"
2017-03-27,"Adam Hoyle",1.0,"","Coding for (3) ""Comcast Quitnet Completion"" emails","Email Coding","Linkwell Health","Sharecare / HealthWays"
2017-03-27,"Adam Hoyle",0.25,"update PDF and resend test","Coding for ""Biometric Screening"" email - Partners TN","Email Coding","Linkwell Health","Sharecare / HealthWays"
2017-03-27,"Adam Hoyle",0.5,"Review templates and discuss with Laura","Coding for (3) ""Comcast Quitnet Completion"" emails","Email Coding","Linkwell Health","Sharecare / HealthWays"
2017-03-27,"Adam Hoyle",0.25,"subject line update and resend test","Coding for ""Biometric Screening"" email - Partners TN","Email Coding","Linkwell Health","Sharecare / HealthWays"
2017-03-27,"Adam Hoyle",0.5,"update with PDF link and resend test","Coding for ""Biometric Screening"" email - Partners TN","Email Coding","Linkwell Health","Sharecare / HealthWays"
2017-03-27,"Adam Hoyle",1.5,"complete updates and send out tests, email Laura","Coding for ""Biometric Screening"" email - Partners TN","Email Coding","Linkwell Health","Sharecare / HealthWays"
2017-03-24,"Adam Hoyle",0.25,"Review email and check templates in Emma","Coding for ""Biometric Screening"" email - Partners TN","Email Coding","Linkwell Health","Sharecare / HealthWays"
2017-03-24,"Adam Hoyle",0.25,"subject line updates and retest","Coding for ""Positively boost your productivity"" email - Partners TN","Email Coding","Linkwell Health","Sharecare / HealthWays"
2017-03-24,"Adam Hoyle",0.5,"edits, changes, tweaks","Coding for ""Positively boost your productivity"" email - Partners TN","Email Coding","Linkwell Health","Sharecare / HealthWays"
2017-03-24,"Adam Hoyle",0.5,"updates per Laura","Coding for ""Positively boost your productivity"" email - Partners TN","Email Coding","Linkwell Health","Sharecare / HealthWays"
2017-03-23,"Adam Hoyle",0.25,"call w/ Laura re: email coding",,,"Linkwell Health","Sharecare / HealthWays"
2017-03-23,"Adam Hoyle",2.0,"","Coding for ""Positively boost your productivity"" email - Partners TN","Email Coding","Linkwell Health","Sharecare / HealthWays"
2017-12-20,"Adam Hoyle",1.0,"adjust feed to 100, test, respond to Angela",,,"Linkwell Health","Silver Sneakers"
2017-12-19,"Adam Hoyle",1.25,"review SS feed, test, respond to Angela","Look into issues with JSON feed for Silver Sneakers","Dev","Linkwell Health","Silver Sneakers"
2017-07-19,"Adam Hoyle",0.5,"review feed for date field, email comm. w/ Amanda re: JSON feed and update process",,,"Linkwell Health","Silver Sneakers"
2017-07-17,"Adam Hoyle",0.5,"review recipe, feed view... verify issue, type up notes and add to BC, respond to Angela","Look into issues with JSON feed for Silver Sneakers","Dev","Linkwell Health","Silver Sneakers"
2017-05-03,"Adam Hoyle",1.0,"","Pull analytics data for areg=1-10 for each Anthem site","Misc.","Linkwell Health","Silver Sneakers"
2017-04-26,"Adam Hoyle",0.75,"review notes, update feed to include full original image URL, test, email client","Create NEW JSON feed for Silver Sneakers (Anthem SS)","Dev","Linkwell Health","Silver Sneakers"
2017-04-24,"Adam Hoyle",0.25,"","Create NEW JSON feed for Silver Sneakers (Anthem SS)","Dev","Linkwell Health","Silver Sneakers"
2017-04-21,"Adam Hoyle",0.5,"Look for view, update sitename, re-assign recipes, clear caches, assign view updates to Mike","Create NEW JSON feed for Silver Sneakers (Anthem SS)","Dev","Linkwell Health","Silver Sneakers"
2017-04-13,"Adam Hoyle",0.5,"","Implement new blocks and visibility triggers based on approved designs","Dev","Linkwell Health","Silver Sneakers"
2017-04-12,"Adam Hoyle",0.5,"review and respond to Angela's email and questions","Implement new blocks and visibility triggers based on approved designs","Dev","Linkwell Health","Silver Sneakers"
2017-04-12,"Adam Hoyle",1.0,"test and send to steve","Implement new blocks and visibility triggers based on approved designs","Dev","Linkwell Health","Silver Sneakers"
2017-04-11,"Adam Hoyle",0.25,"review notes, update BC","Implement new blocks and visibility triggers based on approved designs","Dev","Linkwell Health","Silver Sneakers"
2017-02-16,"Adam Hoyle",1.0,"code areg block, testing",,,"Linkwell Health","Silver Sneakers"
2017-02-10,"Adam Hoyle",0.5,"setup hosting accounts and redirects",,,"Linkwell Health","Silver Sneakers"
2017-02-09,"Adam Hoyle",0.5,"clarification on domains, register domains",,,"Linkwell Health","Silver Sneakers"
2017-02-09,"Adam Hoyle",0.75,"clarification on domains, register domains",,,"Linkwell Health","Silver Sneakers"
2017-02-02,"Adam Hoyle",0.25,"call w/ Steve to discuss touts and URL parameters",,,"Linkwell Health","Silver Sneakers"
2017-11-15,"Adam Hoyle",1.0,"","Troubleshoot poor quality images in JSON feed (see comment)","Dev","Linkwell Health","Tivity / Whole Health Living Feed"
2017-11-01,"Adam Hoyle",0.25,"review latest updates, send to Omo","Create initial JSON feed for ARTICLES","Dev","Linkwell Health","Tivity / Whole Health Living Feed"
2017-10-27,"Adam Hoyle",0.5,"check and send","Create initial JSON feed for ARTICLES","Dev","Linkwell Health","Tivity / Whole Health Living Feed"
2017-10-25,"Adam Hoyle",0.5,"read email followups from call, update BC, respond to Omo","Create initial JSON feed for ARTICLES","Dev","Linkwell Health","Tivity / Whole Health Living Feed"
2017-10-23,"Adam Hoyle",0.5,"check feed updates, respond to Omo","Create initial JSON feed for ARTICLES","Dev","Linkwell Health","Tivity / Whole Health Living Feed"
2017-10-23,"Adam Hoyle",0.75,"call w/ Tivity re: feed and adding additional fields",,,"Linkwell Health","Tivity / Whole Health Living Feed"
2017-10-03,"Adam Hoyle",0.5,"confirm feed URL, review history and notes, respond to Omo",,,"Linkwell Health","Tivity / Whole Health Living Feed"
2017-08-31,"Adam Hoyle",0.5,"Investigate report of feed 404 from Steve, send correct URL and u/p",,,"Linkwell Health","Tivity / Whole Health Living Feed"
2017-06-29,"Adam Hoyle",0.5,"emails and clarification on request from Natalia, send screenshots, login to review site, etc.","Update site header per Natalia (see comment)","Dev","Linkwell Health","Tivity / Whole Health Living Feed"
2017-06-29,"Adam Hoyle",0.25,"add to BC","Update site header per Natalia (see comment)","Dev","Linkwell Health","Tivity / Whole Health Living Feed"
2017-06-20,"Adam Hoyle",0.25,"assist Natalia with duplicate summary field content",,,"Linkwell Health","Tivity / Whole Health Living Feed"
2017-06-19,"Adam Hoyle",0.25,"check and email client","Fix nutritional values in recipe feed (See comment)","Dev","Linkwell Health","Tivity / Whole Health Living Feed"
2017-06-19,"Adam Hoyle",0.25,"","Fix nutritional values in recipe feed (See comment)","Dev","Linkwell Health","Tivity / Whole Health Living Feed"
2017-06-16,"Adam Hoyle",0.5,"call w/ Amanda and team","Fix nutritional values in recipe feed (See comment)","Dev","Linkwell Health","Tivity / Whole Health Living Feed"
2017-06-16,"Adam Hoyle",0.75,"review notes, check feed, prep for call, update BC, respond to Angela","Fix nutritional values in recipe feed (See comment)","Dev","Linkwell Health","Tivity / Whole Health Living Feed"
2017-06-15,"Adam Hoyle",0.5,"","Deploy new plansite for Tivity/WHL (see comment)","Dev","Linkwell Health","Tivity / Whole Health Living Feed"
2017-03-17,"Adam Hoyle",0.75,"review notes, check updates, upload images, assign categories, send feed to client","Create initial JSON feed for ARTICLES","Dev","Linkwell Health","Tivity / Whole Health Living Feed"
2017-02-13,"Adam Hoyle",0.25,"call w/ Steve re: feeds",,,"Linkwell Health","Tivity / Whole Health Living Feed"
2017-12-19,"Adam Hoyle",1.0,"research and prototype wrapping text around a circle in email, reply to email with recommendations and questions","Coding for WorldCare email (see comment)","Misc.","Linkwell Health","WorldCare"
2016-02-05,"Adam Hoyle",0.25,"add support/coordination",,,"Men's Health","BILLED: Cook & Chisel"
2016-01-29,"Adam Hoyle",0.25,"troubleshoot and attempt to fix issue with meet the team bios",,,"Men's Health","BILLED: Cook & Chisel"
2016-01-25,"Adam Hoyle",0.25,"review and test, emails w/ Barry re: filters",,,"Men's Health","BILLED: Cook & Chisel"
2016-01-14,"Adam Hoyle",0.5,"kickoff call w/ Dan",,,"Men's Health","BILLED: Cook & Chisel"
2015-04-08,"Adam Hoyle",0.5,"discuss responsive map with dan and john",,,"Men's Health","BILLED: Responsive US Map"
2015-04-03,"Adam Hoyle",0.5,"review progress, discuss presentation",,,"Men's Health","BILLED: Responsive US Map"
2016-02-17,"Adam Hoyle",0.75,"testing and troubleshooting for interactive map",,,"Men's Health","MH - Dev / Misc. Support"
2015-03-26,"Adam Hoyle",0.25,"gain access to BellyOff and delete profile.",,,"Men's Health","MH - Dev / Misc. Support"
2015-07-24,"Adam Hoyle",0.75,"test simplified CSV import and email Linda",,,"Middlesex Community College","BILLED: The Career Place - Database/Form Conversion"
2015-07-06,"Adam Hoyle",0.75,"Followup with Linda, research SHA1 hash and alternatives, email Dave Edis",,,"Middlesex Community College","BILLED: The Career Place - Database/Form Conversion"
2015-07-01,"Adam Hoyle",0.5,"setup cron for automatic backups",,,"Middlesex Community College","BILLED: The Career Place - Database/Form Conversion"
2015-06-30,"Adam Hoyle",1.5,"review dev work from Dave Edis, send to Linda",,,"Middlesex Community College","BILLED: The Career Place - Database/Form Conversion"
2015-06-25,"Adam Hoyle",2.25,"add record counts to pages, hyphenate phone number output, misc. followups and QA",,,"Middlesex Community College","BILLED: The Career Place - Database/Form Conversion"
2015-06-24,"Adam Hoyle",3.5,"misc. QA updates, review outstanding items, email Dave Edis",,,"Middlesex Community College","BILLED: The Career Place - Database/Form Conversion"
2015-06-24,"Adam Hoyle",1.0,"changes to error handling on job posting details page (expired or invalid job ID)",,,"Middlesex Community College","BILLED: The Career Place - Database/Form Conversion"
2015-06-23,"Adam Hoyle",6.0,"dev, emails and upates",,,"Middlesex Community College","BILLED: The Career Place - Database/Form Conversion"
2015-06-22,"Adam Hoyle",7.0,"QA and updates",,,"Middlesex Community College","BILLED: The Career Place - Database/Form Conversion"
2015-06-19,"Adam Hoyle",7.0,"QA, and remaining pages",,,"Middlesex Community College","BILLED: The Career Place - Database/Form Conversion"
2015-06-18,"Adam Hoyle",1.5,"move to blue host",,,"Middlesex Community College","BILLED: The Career Place - Database/Form Conversion"
2015-06-18,"Adam Hoyle",3.0,"staff pages",,,"Middlesex Community College","BILLED: The Career Place - Database/Form Conversion"
2015-06-18,"Adam Hoyle",3.5,"meeting with Linda, organize notes and next steps, remaining items",,,"Middlesex Community College","BILLED: The Career Place - Database/Form Conversion"
2015-06-17,"Adam Hoyle",4.0,"finalize staff pages",,,"Middlesex Community College","BILLED: The Career Place - Database/Form Conversion"
2015-06-17,"Adam Hoyle",2.0,"work on staff pages and job fair registration",,,"Middlesex Community College","BILLED: The Career Place - Database/Form Conversion"
2015-06-16,"Adam Hoyle",3.0,"install, configure, test data export, diff changes with current site, call w/ Linda",,,"Middlesex Community College","BILLED: The Career Place - Database/Form Conversion"
2015-06-15,"Adam Hoyle",2.0,"check all remaining pages for .asp links and code, convert/change, upload to server, test. email Linda.",,,"Middlesex Community College","BILLED: The Career Place - Database/Form Conversion"
2015-06-10,"Adam Hoyle",1.0,"review detail page URL changes, test, update paths, email update to Linda",,,"Middlesex Community College","BILLED: The Career Place - Database/Form Conversion"
2015-06-10,"Adam Hoyle",2.0,"Complete job posting and re-list service forms, test, send to Linda",,,"Middlesex Community College","BILLED: The Career Place - Database/Form Conversion"
2015-06-09,"Adam Hoyle",3.0,"finish job listing pages, email update to Linda",,,"Middlesex Community College","BILLED: The Career Place - Database/Form Conversion"
2015-06-09,"Adam Hoyle",3.0,"link job listing pages and start detail page",,,"Middlesex Community College","BILLED: The Career Place - Database/Form Conversion"
2015-05-26,"Adam Hoyle",0.5,"troubleshoot DB issue from missing title field",,,"Middlesex Community College","BILLED: The Career Place - Database/Form Conversion"
2015-05-20,"Adam Hoyle",1.5,"meeting with Linda",,,"Middlesex Community College","BILLED: The Career Place - Database/Form Conversion"
2015-05-19,"Adam Hoyle",2.5,"finish DB setup and test CSV import",,,"Middlesex Community College","BILLED: The Career Place - Database/Form Conversion"
2015-05-14,"Adam Hoyle",0.75,"review database, setup user account, private label CMS, email update to Linda",,,"Middlesex Community College","BILLED: The Career Place - Database/Form Conversion"
2015-05-01,"Adam Hoyle",0.5,"download and review current site files and structure",,,"Middlesex Community College","BILLED: The Career Place - Database/Form Conversion"
2015-04-22,"Adam Hoyle",0.5,"review files and notes",,,"Middlesex Community College","BILLED: The Career Place - Database/Form Conversion"
2015-04-20,"Adam Hoyle",0.75,"emails and setup hosting account",,,"Middlesex Community College","BILLED: The Career Place - Database/Form Conversion"
2015-04-13,"Adam Hoyle",0.5,"kickoff call",,,"Middlesex Community College","BILLED: The Career Place - Database/Form Conversion"
2015-04-09,"Adam Hoyle",0.5,"initial research and project setup",,,"Middlesex Community College","BILLED: The Career Place - Database/Form Conversion"
2016-04-25,"Adam Hoyle",1.0,"migration to LunarPages",,,"Mint Energy","MINT: Web App Tool"
2016-04-21,"Adam Hoyle",0.5,"download and package app for delivery",,,"Mint Energy","MINT: Web App Tool"
2015-12-23,"Adam Hoyle",0.5,"copy update, logo update and link login form to step 2 of process",,,"Mint Energy","MINT: Web App Tool"
2015-12-22,"Adam Hoyle",0.75,"copy updates",,,"Mint Energy","MINT: Web App Tool"
2015-12-04,"Adam Hoyle",0.5,"Call w/ Mint",,,"Mint Energy","MINT: Web App Tool"
2015-09-29,"Adam Hoyle",0.5,"call w/ Patricia and Michael to review feedback on wires",,,"Mint Energy","MINT: Web App Tool"
2015-09-28,"Adam Hoyle",0.5,"call w/ Dave Edis to kickoff dev",,,"Mint Energy","MINT: Web App Tool"
2015-09-18,"Adam Hoyle",0.5,"moodboard review and feedback",,,"Mint Energy","MINT: Web App Tool"
2015-09-14,"Adam Hoyle",0.25,"project overview to Dave",,,"Mint Energy","MINT: Web App Tool"
2017-12-27,"Adam Hoyle",0.5,"review 99Designs brief, gameplan with Jay, respond to Ashley",,,"Nature's Remedy","Logo Design"
2017-11-30,"Adam Hoyle",0.75,"investigate mixed content warnings, reply to aine",,,"Non Profit Quarterly","Monthly Retainer"
2017-11-08,"Adam Hoyle",2.0,"troubleshooting header logo, GTM and typekit",,,"Non Profit Quarterly","Monthly Retainer"
2017-07-26,"Adam Hoyle",0.5,"research MailChimp domain authentication, research SPF record syntax and combining records, update records, update basecamp","Update gandi SPF records per mailchimp for npqmag.org","July todos","Non Profit Quarterly","Monthly Retainer"
2017-07-10,"Adam Hoyle",0.25,"DNS support and updates to zone files and IP addresses for non-www versions of domain",,,"Non Profit Quarterly","Monthly Retainer"
2017-05-16,"Adam Hoyle",0.5,"research DNS for store.npq.com/.org and Yahoo",,,"Non Profit Quarterly","Monthly Retainer"
2017-03-13,"Adam Hoyle",0.25,"finalize notes for research into improving email engagement",,,"Non Profit Quarterly","Monthly Retainer"
2017-03-13,"Adam Hoyle",0.5,"call w/ Joel, Aine, Nicole",,,"Non Profit Quarterly","Monthly Retainer"
2017-03-08,"Adam Hoyle",0.5,"early research into improving email engagement via list segmentation and frequency options, type up notes",,,"Non Profit Quarterly","Monthly Retainer"
2017-03-08,"Adam Hoyle",0.5,"prep for WPengine call",,,"Non Profit Quarterly","Monthly Retainer"
2017-03-08,"Adam Hoyle",1.0,"call w/ WPEngine",,,"Non Profit Quarterly","Monthly Retainer"
2017-03-06,"Adam Hoyle",0.5,"troubleshoot image issue, clear cache, email NPQ, review DNS settings w/ Mike",,,"Non Profit Quarterly","Monthly Retainer"
2017-03-03,"Adam Hoyle",0.26,"","Fix DNS issues","Ongoing NPQ Retainer To-Dos","Non Profit Quarterly","Monthly Retainer"
2017-03-02,"Adam Hoyle",0.75,"","Fix DNS issues","Ongoing NPQ Retainer To-Dos","Non Profit Quarterly","Monthly Retainer"
2017-02-28,"Adam Hoyle",0.25,"troubleshooting and coordination for image issue/CDN issue at WPEngine",,,"Non Profit Quarterly","Monthly Retainer"
2017-02-27,"Adam Hoyle",0.25,"domain registration and auto-renewal",,,"Non Profit Quarterly","Monthly Retainer"
2017-02-27,"Adam Hoyle",0.25,"research analytics re: social sharing decrease",,,"Non Profit Quarterly","Monthly Retainer"
2017-02-27,"Adam Hoyle",0.5,"call w/ Aine and Joel",,,"Non Profit Quarterly","Monthly Retainer"
2017-02-14,"Adam Hoyle",0.5,"investigate and troubleshoot homepage issues related to SSL redirect",,,"Non Profit Quarterly","Monthly Retainer"
2017-02-08,"Adam Hoyle",0.5,"investigate site outages and send Joel email with Pingdom reports, discuss with Mike to open ticket with WP engine",,,"Non Profit Quarterly","Monthly Retainer"
2016-07-19,"Adam Hoyle",0.5,"respond to WP Engine with stats for capacity planning",,,"Non Profit Quarterly","Monthly Retainer"
2016-07-19,"Adam Hoyle",0.5,"call w/ WP Engine re: scaling",,,"Non Profit Quarterly","Monthly Retainer"
2016-07-18,"Adam Hoyle",0.75,"call w/ hubspot",,,"Non Profit Quarterly","Monthly Retainer"
2016-06-27,"Adam Hoyle",1.25,"DNS cutover, troubleshooting",,,"Non Profit Quarterly","Monthly Retainer"
2016-06-27,"Adam Hoyle",0.5,"setup GA filter to show full domain",,,"Non Profit Quarterly","Monthly Retainer"
2016-06-23,"Adam Hoyle",1.5,"review and answer Aine's questions about subdomains",,,"Non Profit Quarterly","Monthly Retainer"
2016-06-07,"Adam Hoyle",0.25,"Document cloudflare issues for Mike",,,"Non Profit Quarterly","Monthly Retainer"
2016-06-02,"Adam Hoyle",0.5,"DNS cutover to cloudflare, monitoring, testing, rollback",,,"Non Profit Quarterly","Monthly Retainer"
2016-06-02,"Adam Hoyle",0.25,"look into SSL verification",,,"Non Profit Quarterly","Monthly Retainer"
2016-05-24,"Adam Hoyle",0.75,"setup and configure cloudflare DNS",,,"Non Profit Quarterly","Monthly Retainer"
2016-05-24,"Adam Hoyle",0.25,"draft email re: cloudflare to get approval",,,"Non Profit Quarterly","Monthly Retainer"
2016-05-24,"Adam Hoyle",0.25,"check RS account and delete servers, database, load balancer and backups",,,"Non Profit Quarterly","Monthly Retainer"
2016-05-17,"Adam Hoyle",0.5,"conference call w/ client to discuss new work",,,"Non Profit Quarterly","Monthly Retainer"
2016-05-06,"Adam Hoyle",2.0,"NPQ DNS updates take 2",,,"Non Profit Quarterly","Monthly Retainer"
2016-05-05,"Adam Hoyle",1.0,"Load test review, call w/ Nicole and Mike, email to Joel",,,"Non Profit Quarterly","Monthly Retainer"
2016-05-05,"Adam Hoyle",0.5,"call w/ NPQ",,,"Non Profit Quarterly","Monthly Retainer"
2016-05-05,"Adam Hoyle",0.5,"review analytics for test planning","Create load test script","Load Testing","Non Profit Quarterly","Monthly Retainer"
2016-05-04,"Adam Hoyle",0.75,"research hosts WPE and Pantheon",,,"Non Profit Quarterly","Monthly Retainer"
2016-05-03,"Adam Hoyle",4.0,"NPQ post launch issues and troubleshooting",,,"Non Profit Quarterly","Monthly Retainer"
2016-05-02,"Adam Hoyle",2.0,"DNS cutover and monitoring",,,"Non Profit Quarterly","Monthly Retainer"
2016-04-26,"Adam Hoyle",1.0,"research domains and records and come up with a plan for the cutover",,,"Non Profit Quarterly","Monthly Retainer"
2016-04-22,"Adam Hoyle",0.25,"DNS review and emails",,,"Non Profit Quarterly","Monthly Retainer"
2016-04-21,"Adam Hoyle",0.25,"launch prep meeting w/ Mike and Nicole",,,"Non Profit Quarterly","Monthly Retainer"
2016-04-01,"Adam Hoyle",0.25,"Review migration plan",,,"Non Profit Quarterly","Monthly Retainer"
2015-01-06,"Adam Hoyle",0.75,"Respond to Cynthia re: OW link tracking questions",,,"Oldways/WGC","BILLED: OW Link Tracking"
2015-05-08,"Adam Hoyle",0.5,"review dad issue with john",,,"Oldways/WGC","Oldways - Dev/Misc Support"
2015-05-06,"Adam Hoyle",1.25,"meeting w/ Cynthia",,,"Oldways/WGC","Oldways - Dev/Misc Support"
2015-03-02,"Adam Hoyle",0.25,"create redirects for oldways store",,,"Oldways/WGC","Oldways - Dev/Misc Support"
2015-10-05,"Adam Hoyle",0.5,"user1 troubleshoot and restore.",,,"Oldways/WGC","WGC - Dev/Misc. Support"
2015-08-04,"Adam Hoyle",0.5,"create new user account for Cynthia on RS cloud, justify billing costs for server upgrades...",,,"Oldways/WGC","WGC - Dev/Misc. Support"
2015-04-01,"Adam Hoyle",0.5,"investigate report from Cynthia that users are still placing orders for unpubplished products",,,"Oldways/WGC","WGC - Dev/Misc. Support"
2015-03-09,"Adam Hoyle",0.5,"check and publish products (approved but not published)",,,"Oldways/WGC","WGC - Dev/Misc. Support"
2015-03-06,"Adam Hoyle",1.25,"investigate and reply re: missing data",,,"Oldways/WGC","WGC - Dev/Misc. Support"
2015-03-02,"Adam Hoyle",1.0,"Three things for OW and WGC per Cynthia.",,,"Oldways/WGC","WGC - Dev/Misc. Support"
2017-11-08,"Adam Hoyle",0.25,"read notes, update BC",,,"OrderWeed.com","Website Design & Development"
2017-02-17,"Adam Hoyle",0.25,"review feedback and notes, update basecamp",,,"Princeton Alumni Weekly","PAW Phase 2 Site updates"
2016-04-13,"Adam Hoyle",0.75,"Test redirects, submit Acquia tickets, research and coordinate","(1) Install SSL cert on Acquia and Test","Implement sitewide SSL","Princeton Alumni Weekly","PAW Website Redesign & Drupal Development"
2016-04-06,"Adam Hoyle",2.25,"support and coordination","(1) Generate CSR and send to PAW to obtain SSL cert","Implement sitewide SSL","Princeton Alumni Weekly","PAW Website Redesign & Drupal Development"
2015-11-17,"Adam Hoyle",1.5,"status meeting",,,"Princeton Alumni Weekly","PAW Website Redesign & Drupal Development"
2015-10-08,"Adam Hoyle",0.5,"get local version running on John's comp",,,"Princeton Alumni Weekly","PAW Website Redesign & Drupal Development"
2015-09-09,"Adam Hoyle",1.5,"early dev preview, content type walk-through w/ John",,,"Princeton Alumni Weekly","PAW Website Redesign & Drupal Development"
2015-06-05,"Adam Hoyle",2.5,"review brief internally, call w/ Paw",,,"Princeton Alumni Weekly","PAW Website Redesign & Drupal Development"
2017-01-12,"Adam Hoyle",0.5,"Review MLK slideshow with Joanna and Alex",,,"Sasaki","BILLED: MLK Slider Updates"
2017-01-12,"Adam Hoyle",0.5,"Review Sasaki slideshow homepage hijack",,,"Sasaki","BILLED: MLK Slider Updates"
2016-10-26,"Adam Hoyle",0.5,"fixed reversed homepage queries",,,"Sasaki","BILLED: Rebrand/Reskin MVP"
2016-10-20,"Adam Hoyle",0.25,"Sasaki server rebuild staging",,,"Sasaki","BILLED: Rebrand/Reskin MVP"
2016-10-19,"Adam Hoyle",0.5,"sasaki server backup image of prod",,,"Sasaki","BILLED: Rebrand/Reskin MVP"
2016-10-19,"Adam Hoyle",0.5,"test sasakisearch user, email comm w/ Raj",,,"Sasaki","BILLED: Rebrand/Reskin MVP"
2016-10-18,"Adam Hoyle",0.5,"call w/ Raj re: DB and search, followup discussions with Mike",,,"Sasaki","BILLED: Rebrand/Reskin MVP"
2016-10-17,"Adam Hoyle",0.75,"server cleanup and archiving, image old site (old prod), restore from prod image",,,"Sasaki","BILLED: Rebrand/Reskin MVP"
2016-10-16,"Adam Hoyle",1.0,"server resize and monitoring",,,"Sasaki","BILLED: Rebrand/Reskin MVP"
2016-10-14,"Adam Hoyle",2.25,"post-launch issue communication, testing and coordination, client emails",,,"Sasaki","BILLED: Rebrand/Reskin MVP"
2016-10-14,"Adam Hoyle",0.5,"Troubleshoot image issues and disk space",,,"Sasaki","BILLED: Rebrand/Reskin MVP"
2016-10-13,"Adam Hoyle",3.5,"QA and coordination",,,"Sasaki","BILLED: Rebrand/Reskin MVP"
2016-10-12,"Adam Hoyle",2.0,"QA and coordination",,,"Sasaki","BILLED: Rebrand/Reskin MVP"
2016-10-12,"Adam Hoyle",2.5,"project coordination, client communication, QA and updates",,,"Sasaki","BILLED: Rebrand/Reskin MVP"
2016-10-11,"Adam Hoyle",0.75,"QA, emails and basecamp updates",,,"Sasaki","BILLED: Rebrand/Reskin MVP"
2016-10-11,"Adam Hoyle",2.5,"Image re-saves and uploads, QA completed items, misc. project coordination and client comm.",,,"Sasaki","BILLED: Rebrand/Reskin MVP"
2016-10-11,"Adam Hoyle",0.75,"review to-dos, meet internally, call w/ Doug",,,"Sasaki","BILLED: Rebrand/Reskin MVP"
2016-10-10,"Adam Hoyle",1.25,"Respond to emails and deal with login issues",,,"Sasaki","BILLED: Rebrand/Reskin MVP"
2016-10-07,"Adam Hoyle",2.5,"sasaki testing, QA, prep for call, call + demo with Sasaki, followups",,,"Sasaki","BILLED: Rebrand/Reskin MVP"
2016-10-07,"Adam Hoyle",1.0,"Sasaki updates and QA",,,"Sasaki","BILLED: Rebrand/Reskin MVP"
2016-10-06,"Adam Hoyle",1.5,"Review site, draft update email for Sasaki,",,,"Sasaki","BILLED: Rebrand/Reskin MVP"
2016-10-06,"Adam Hoyle",1.5,"front-end QA, back-end QA",,,"Sasaki","BILLED: Rebrand/Reskin MVP"
2016-10-05,"Adam Hoyle",2.0,"Content entry and testing",,,"Sasaki","BILLED: Rebrand/Reskin MVP"
2016-10-04,"Adam Hoyle",1.0,"early blog QA, email to Doug",,,"Sasaki","BILLED: Rebrand/Reskin MVP"
2016-09-30,"Adam Hoyle",0.5,"discussion and followup questions re: blog",,,"Sasaki","BILLED: Rebrand/Reskin MVP"
2016-09-29,"Adam Hoyle",0.25,"okta app access request and get fonts.com u/p",,,"Sasaki","BILLED: Rebrand/Reskin MVP"
2016-09-28,"Adam Hoyle",1.0,"misc. Sasaki discussing and coordination",,,"Sasaki","BILLED: Rebrand/Reskin MVP"
2016-09-27,"Adam Hoyle",0.25,"followup to discuss notes",,,"Sasaki","BILLED: Rebrand/Reskin MVP"
2016-09-27,"Adam Hoyle",0.25,"meet w/ Kyle and Mike to document todos",,,"Sasaki","BILLED: Rebrand/Reskin MVP"
2016-09-27,"Adam Hoyle",0.25,"call w/ Ranger",,,"Sasaki","BILLED: Rebrand/Reskin MVP"
2016-09-22,"Adam Hoyle",1.25,"project coordination w/ Ranger, testing, etc.",,,"Sasaki","BILLED: Rebrand/Reskin MVP"
2016-09-21,"Adam Hoyle",0.25,"ssh and git troubleshooting and testing",,,"Sasaki","BILLED: Rebrand/Reskin MVP"
2016-09-21,"Adam Hoyle",1.0,"research server SSH keys and issues",,,"Sasaki","BILLED: Rebrand/Reskin MVP"
2016-09-20,"Adam Hoyle",0.5,"detective work for images and thumbnails generation and symlinks",,,"Sasaki","BILLED: Rebrand/Reskin MVP"
2016-09-20,"Adam Hoyle",0.75,"misc. coordination for Ranger and client communication for code repo access",,,"Sasaki","BILLED: Rebrand/Reskin MVP"
2016-09-20,"Adam Hoyle",0.5,"image sync prod --> stage",,,"Sasaki","BILLED: Rebrand/Reskin MVP"
2016-09-20,"Adam Hoyle",2.5,"sync prod w/ stage (db, codebase, files)",,,"Sasaki","BILLED: Rebrand/Reskin MVP"
2016-09-16,"Adam Hoyle",0.25,"pull prod DB and send to Ben",,,"Sasaki","BILLED: Rebrand/Reskin MVP"
2016-09-16,"Adam Hoyle",0.5,"call w/ Ben from Ranger",,,"Sasaki","BILLED: Rebrand/Reskin MVP"
2016-09-15,"Adam Hoyle",0.75,"email Ranger and Sasaki re: directus upgrade and costs",,,"Sasaki","BILLED: Rebrand/Reskin MVP"
2016-09-14,"Adam Hoyle",0.75,"troubleshooting and support for PHP upgrade issues",,,"Sasaki","BILLED: Rebrand/Reskin MVP"
2016-09-14,"Adam Hoyle",0.75,"production server resize",,,"Sasaki","BILLED: Rebrand/Reskin MVP"
2016-09-14,"Adam Hoyle",0.5,"Image server for PHP upgrade, email Springman",,,"Sasaki","BILLED: Rebrand/Reskin MVP"
2016-09-12,"Adam Hoyle",0.75,"review server config and email Springman recommending resize",,,"Sasaki","BILLED: Rebrand/Reskin MVP"
2016-09-12,"Adam Hoyle",0.5,"respond to Ranger, fix, test credentials",,,"Sasaki","BILLED: Rebrand/Reskin MVP"
2016-09-07,"Adam Hoyle",0.25,"respond to Ranger",,,"Sasaki","BILLED: Rebrand/Reskin MVP"
2016-09-01,"Adam Hoyle",0.25,"followup call w/ Doug",,,"Sasaki","BILLED: Rebrand/Reskin MVP"
2016-08-31,"Adam Hoyle",0.5,"review designs with Mike and Kyle",,,"Sasaki","BILLED: Rebrand/Reskin MVP"
2016-08-31,"Adam Hoyle",0.75,"type up design notes and email Ranger re: Directus upgrade",,,"Sasaki","BILLED: Rebrand/Reskin MVP"
2016-08-30,"Adam Hoyle",1.0,"call w/ Sasaki to review designs",,,"Sasaki","BILLED: Rebrand/Reskin MVP"
2016-08-30,"Adam Hoyle",0.5,"review designs and prep for call",,,"Sasaki","BILLED: Rebrand/Reskin MVP"
2016-08-03,"Adam Hoyle",0.25,"Respond to Doug re: grid layout",,,"Sasaki","BILLED: Rebrand/Reskin MVP"
2016-08-01,"Adam Hoyle",0.25,"review latest designs from MBD, followup with Sasaki for approval and next steps",,,"Sasaki","BILLED: Rebrand/Reskin MVP"
2016-07-20,"Adam Hoyle",0.5,"review Chinese font notes and send to Doug",,,"Sasaki","BILLED: Rebrand/Reskin MVP"
2015-03-02,"Adam Hoyle",0.25,"review feedback from Doug, update basecamp",,,"Sasaki","Curated Project Galleries"
2015-01-23,"Adam Hoyle",0.25,"meet with Jay, Dang-Nam, followup with Doug.",,,"Sasaki","Curated Project Galleries"
2015-01-23,"Adam Hoyle",1.25,"review feedback from Doug, respond, update basecamp",,,"Sasaki","Curated Project Galleries"
2015-01-08,"Adam Hoyle",0.5,"review updates",,,"Sasaki","Curated Project Galleries"
2017-12-12,"Adam Hoyle",0.75,"review with Mike, type up notes, respond to Matt","Add the ability to search projects by contacts (see comment)","Site/Environment Cleanup","Sasaki","Dev./Misc. Support"
2017-12-11,"Adam Hoyle",0.5,"look into request from Matt Arielly re: searching contacts for project",,,"Sasaki","Dev./Misc. Support"
2017-11-14,"Adam Hoyle",0.25,"add new embed to post, test, respond to Zach",,,"Sasaki","Dev./Misc. Support"
2017-11-07,"Adam Hoyle",0.25,"Zach broke it again.","Embedding of issuU code being stripped out of text field in blogs","Site/Environment Cleanup","Sasaki","Dev./Misc. Support"
2017-11-07,"Adam Hoyle",0.25,"additional testing and support","Embedding of issuU code being stripped out of text field in blogs","Site/Environment Cleanup","Sasaki","Dev./Misc. Support"
2017-11-07,"Adam Hoyle",2.0,"testing and move to prod, update logo in Directus","Embedding of issuU code being stripped out of text field in blogs","Site/Environment Cleanup","Sasaki","Dev./Misc. Support"
2017-11-06,"Adam Hoyle",0.5,"research CKeditor issues and config","Embedding of issuU code being stripped out of text field in blogs","Site/Environment Cleanup","Sasaki","Dev./Misc. Support"
2017-08-31,"Adam Hoyle",0.25,"confirm codeguard is connecting successfully",,,"Sasaki","Dev./Misc. Support"
2017-08-11,"Adam Hoyle",1.25,"investigate and respond to outage, troubleshoot server, restart server","site outage 8/11","MISC","Sasaki","Dev./Misc. Support"
2017-08-11,"Adam Hoyle",2.0,"troubleshoot server outage",,,"Sasaki","Dev./Misc. Support"
2017-08-03,"Adam Hoyle",0.25,"investigate outage, respond to Springman... internal DNS issue at Sasaki, outside world not affected",,,"Sasaki","Dev./Misc. Support"
2017-08-01,"Adam Hoyle",0.25,"test, send to Doug","Broken link / ""ghost projects"" on Sasaki.com (see comment)","Development","Sasaki","Dev./Misc. Support"
2017-08-01,"Adam Hoyle",0.25,"review bug report from Doug, reproduce, add to BC","Broken link / ""ghost projects"" on Sasaki.com (see comment)","Development","Sasaki","Dev./Misc. Support"
2017-07-10,"Adam Hoyle",0.25,"review CodeGuard and upgrade plan to 20GB per Springman",,,"Sasaki","Dev./Misc. Support"
2017-06-26,"Adam Hoyle",0.25,"review Codeguard, change backup deletions to 30 days","Cleanup and reduce storage on Sasaki.com (see comment)","Site/Environment Cleanup","Sasaki","Dev./Misc. Support"
2017-06-14,"Adam Hoyle",0.5,"check all projects with video and post links","Fix video thumbnail creation... (see comment)","Development","Sasaki","Dev./Misc. Support"
2017-06-14,"Adam Hoyle",0.25,"review and add to BC","Fix video thumbnail creation... (see comment)","Development","Sasaki","Dev./Misc. Support"
2017-06-12,"Adam Hoyle",0.25,"reproduce and add to BC","Remove link from project slides (see comment)","Development","Sasaki","Dev./Misc. Support"
2017-06-05,"Adam Hoyle",0.5,"Update CodeGuard connect settings, test, email Springman","CodeGuard is unable to connect to the database using the ""sasakisearch"" user account","Retainer: Misc. Design, Development, Support Requests","Sasaki","Dev./Misc. Support"
2017-05-22,"Adam Hoyle",0.25,"review and email Doug","Allow control of the projects within Markets (see comment)","Development","Sasaki","Dev./Misc. Support"
2017-05-18,"Adam Hoyle",0.25,"test collection page ordering, respond to Doug",,,"Sasaki","Dev./Misc. Support"
2017-05-16,"Adam Hoyle",0.5,"respond to Doug re: markets ordering",,,"Sasaki","Dev./Misc. Support"
2017-05-11,"Adam Hoyle",0.25,"discuss with Mike and respond to Doug","Investigate site outages...","Retainer: Misc. Design, Development, Support Requests","Sasaki","Dev./Misc. Support"
2017-05-10,"Adam Hoyle",0.5,"local.sasaki.com testing and response",,,"Sasaki","Dev./Misc. Support"
2017-05-10,"Adam Hoyle",0.5,"deployment QA",,,"Sasaki","Dev./Misc. Support"
2017-05-10,"Adam Hoyle",0.25,"review maintenance mode solution from Mike",,,"Sasaki","Dev./Misc. Support"
2017-05-09,"Adam Hoyle",0.75,"review staging and email Doug for approval to launch",,,"Sasaki","Dev./Misc. Support"
2017-05-08,"Adam Hoyle",1.0,"research vhosts setup",,,"Sasaki","Dev./Misc. Support"
2017-05-04,"Adam Hoyle",0.5,"review sasaki on staging, reply to Raj re: deployment",,,"Sasaki","Dev./Misc. Support"
2017-04-06,"Adam Hoyle",1.0,"Review updates, send to Doug",,,"Sasaki","Dev./Misc. Support"
2017-04-05,"Adam Hoyle",1.0,"QA recent work, create todo list",,,"Sasaki","Dev./Misc. Support"
2017-03-30,"Adam Hoyle",1.0,"screenshare and followup discussions","When you paste text into a blog post, it deletes all the images within the post","Development","Sasaki","Dev./Misc. Support"
2017-03-16,"Adam Hoyle",0.5,"review designs and prep for call w/ Jay, call w/ Jay",,,"Sasaki","Dev./Misc. Support"
2017-03-06,"Adam Hoyle",1.0,"troubleshoot issue with video field on OSRAM post",,,"Sasaki","Dev./Misc. Support"
2017-02-27,"Adam Hoyle",0.25,"review and send second round designs",,,"Sasaki","Dev./Misc. Support"
2017-02-22,"Adam Hoyle",0.75,"Call w/ Doug to review designs",,,"Sasaki","Dev./Misc. Support"
2017-02-15,"Adam Hoyle",0.5,"draft email to Doug",,,"Sasaki","Dev./Misc. Support"
2017-02-15,"Adam Hoyle",1.0,"Sasaki first round design review",,,"Sasaki","Dev./Misc. Support"
2017-02-01,"Adam Hoyle",1.0,"Call w/ Doug re: Phase 2 retainer items",,,"Sasaki","Dev./Misc. Support"
2017-01-23,"Adam Hoyle",0.5,"investigate issue with video buttons on project",,,"Sasaki","Dev./Misc. Support"
2016-12-09,"Adam Hoyle",0.75,"Support for Zach on Interns page (poster and seeking image)",,,"Sasaki","Dev./Misc. Support"
2016-12-07,"Adam Hoyle",0.75,"Enable code view for blogs and projects per Zach, investigate disappearing images when code is copy/pasted",,,"Sasaki","Dev./Misc. Support"
2016-12-07,"Adam Hoyle",0.5,"Troubleshoot image captions",,,"Sasaki","Dev./Misc. Support"
2016-12-05,"Adam Hoyle",0.5,"review new requests from Sasaki, update basecamp, resound to Doug",,,"Sasaki","Dev./Misc. Support"
2016-11-10,"Adam Hoyle",0.5,"investigate /blog/all/all issues reported by Raj and respond via email",,,"Sasaki","Dev./Misc. Support"
2016-11-10,"Adam Hoyle",0.5,"Code Guard following and remove archived backups",,,"Sasaki","Dev./Misc. Support"
2016-11-10,"Adam Hoyle",0.25,"look into blog carousel auto rotation",,,"Sasaki","Dev./Misc. Support"
2016-10-31,"Adam Hoyle",0.25,"create new user account for Melanie",,,"Sasaki","Dev./Misc. Support"
2016-10-31,"Adam Hoyle",0.25,"check codeguard backups",,,"Sasaki","Dev./Misc. Support"
2016-10-28,"Adam Hoyle",1.0,"update and troubleshoot codeguard connection","Update usernames to make them environment agnostic (remove staging and prod from the names)","Site/Environment Cleanup","Sasaki","Dev./Misc. Support"
2016-07-15,"Adam Hoyle",0.5,"review sasaki feedback from BMU designs",,,"Sasaki","Dev./Misc. Support"
2016-06-30,"Adam Hoyle",1.0,"call w/ sasaki to review designs",,,"Sasaki","Dev./Misc. Support"
2016-06-20,"Adam Hoyle",1.25,"review Sasaki project and schedule, add to BC, followup for sign-off, emails",,,"Sasaki","Dev./Misc. Support"
2016-05-31,"Adam Hoyle",0.75,"update about-people template removing Gina from first row and adding Victor, email client.",,,"Sasaki","Dev./Misc. Support"
2016-05-26,"Adam Hoyle",0.5,"Look into ordering of people and respond to Tyler",,,"Sasaki","Dev./Misc. Support"
2016-04-14,"Adam Hoyle",0.25,"implement /zh redirect and test",,,"Sasaki","Dev./Misc. Support"
2016-04-14,"Adam Hoyle",0.5,"followup reply to Sasaki re /zh /index/zh",,,"Sasaki","Dev./Misc. Support"
2016-04-14,"Adam Hoyle",0.5,"investigate solution for Chinese content listing (/zh /index/zh request from Shaun), respond to ticket.",,,"Sasaki","Dev./Misc. Support"
2016-03-04,"Adam Hoyle",3.0,"RFP for new sasaki website",,,"Sasaki","Dev./Misc. Support"
2016-03-02,"Adam Hoyle",1.0,"brand intro from joanna and charles",,,"Sasaki","Dev./Misc. Support"
2016-02-17,"Adam Hoyle",0.25,"MailChimp account transfer",,,"Sasaki","Dev./Misc. Support"
2016-02-02,"Adam Hoyle",0.5,"add conditionals for title change to ""Hei"" on Chinese versions","Site updates for expanded support of Chinese translations (see comment for details)","Retainer: Misc. Design, Development, Support Requests","Sasaki","Dev./Misc. Support"
2016-01-29,"Adam Hoyle",0.25,"change font color to #666","Site updates for expanded support of Chinese translations (see comment for details)","Retainer: Misc. Design, Development, Support Requests","Sasaki","Dev./Misc. Support"
2016-01-29,"Adam Hoyle",0.75,"update fonts in blog to match projects page by displaying in ""Hei"" for Chinese","Site updates for expanded support of Chinese translations (see comment for details)","Retainer: Misc. Design, Development, Support Requests","Sasaki","Dev./Misc. Support"
2016-01-29,"Adam Hoyle",0.75,"deploy to prod, test, email client","Site updates for expanded support of Chinese translations (see comment for details)","Retainer: Misc. Design, Development, Support Requests","Sasaki","Dev./Misc. Support"
2016-01-28,"Adam Hoyle",0.75,"changes based on feedback","Site updates for expanded support of Chinese translations (see comment for details)","Retainer: Misc. Design, Development, Support Requests","Sasaki","Dev./Misc. Support"
2016-01-28,"Adam Hoyle",2.0,"troubleshoot missing Values section, add chinese translation, QA and testing","Site updates for expanded support of Chinese translations (see comment for details)","Retainer: Misc. Design, Development, Support Requests","Sasaki","Dev./Misc. Support"
2016-01-27,"Adam Hoyle",0.5,"add english switcher to project pages","Site updates for expanded support of Chinese translations (see comment for details)","Retainer: Misc. Design, Development, Support Requests","Sasaki","Dev./Misc. Support"
2016-01-27,"Adam Hoyle",4.0,"dev","Site updates for expanded support of Chinese translations (see comment for details)","Retainer: Misc. Design, Development, Support Requests","Sasaki","Dev./Misc. Support"
2016-01-27,"Adam Hoyle",2.0,"pull latest code from Git, review templates and functionality, call w/ Sasaki team","Site updates for expanded support of Chinese translations (see comment for details)","Retainer: Misc. Design, Development, Support Requests","Sasaki","Dev./Misc. Support"
2016-01-22,"Adam Hoyle",0.75,"review request for Chinese translation updates",,,"Sasaki","Dev./Misc. Support"
2015-12-09,"Adam Hoyle",0.5,"troubleshoot and fix CSS issue with Awards page per Tyler",,,"Sasaki","Dev./Misc. Support"
2015-05-11,"Adam Hoyle",3.75,"troubleshoot sasaki directus login and server issues",,,"Sasaki","Dev./Misc. Support"
2015-05-05,"Adam Hoyle",1.0,"troubleshoot and attempt to restore user table in database",,,"Sasaki","Dev./Misc. Support"
2015-05-05,"Adam Hoyle",1.0,"troubleshoot okta logins and directs logins",,,"Sasaki","Dev./Misc. Support"
2015-05-04,"Adam Hoyle",0.5,"investigate site outage alert",,,"Sasaki","Dev./Misc. Support"
2015-03-26,"Adam Hoyle",0.5,"troubleshoot image sync",,,"Sasaki","Dev./Misc. Support"
2015-03-26,"Adam Hoyle",0.5,"move all images from prod to dev",,,"Sasaki","Dev./Misc. Support"
2015-03-25,"Adam Hoyle",0.5,"finalize prod to staging db merge",,,"Sasaki","Dev./Misc. Support"
2015-03-25,"Adam Hoyle",1.25,"research prod to staging db merge",,,"Sasaki","Dev./Misc. Support"
2015-03-25,"Adam Hoyle",0.75,"test access to XML generator, troubleshoot, update permissions on server",,,"Sasaki","Dev./Misc. Support"
2015-03-20,"Adam Hoyle",0.25,"move lat/long data to prod",,,"Sasaki","Dev./Misc. Support"
2015-03-18,"Adam Hoyle",0.25,"review new lat/long spreadsheet and update bc","Add Lat/Long fields to projects and import data (see comment for details)","Retainer: Misc. Design, Development, Support Requests","Sasaki","Dev./Misc. Support"
2015-03-12,"Adam Hoyle",0.25,"look into foundation redirect, discuss solution with John",,,"Sasaki","Dev./Misc. Support"
2015-03-11,"Adam Hoyle",0.25,"test redirects, communicate with Stephanie",,,"Sasaki","Dev./Misc. Support"
2015-07-13,"Adam Hoyle",0.75,"review project status, refresh on last notes, respond to Doug Larence and answer questions",,,"Sasaki","Project Landing Page Updates"
2015-03-19,"Adam Hoyle",0.25,"test lat/long import script",,,"Sasaki","Project Landing Page Updates"
2015-02-17,"Adam Hoyle",0.75,"sasaki call",,,"Sasaki","Project Landing Page Updates"
2015-02-17,"Adam Hoyle",0.25,"sasaki call",,,"Sasaki","Project Landing Page Updates"
2015-02-09,"Adam Hoyle",0.5,"review updates",,,"Sasaki","Project Landing Page Updates"
2015-01-26,"Adam Hoyle",0.25,"review designs with Dangnam and Jay",,,"Sasaki","Project Landing Page Updates"
2015-01-22,"Adam Hoyle",0.5,"followup email to Doug, update basecamp",,,"Sasaki","Project Landing Page Updates"
2015-01-22,"Adam Hoyle",1.0,"prep for meeting, meeting with John, Jay, Doug",,,"Sasaki","Project Landing Page Updates"
2015-01-07,"Adam Hoyle",0.5,"process feedback from Doug and WIll, respond to email, update basecamp",,,"Sasaki","Project Landing Page Updates"
2015-01-06,"Adam Hoyle",1.0,"review on staging, email Will and Doug",,,"Sasaki","Project Landing Page Updates"
2017-04-05,"Adam Hoyle",0.75,"PM",,,"Squareworks","BILLED SQW April Requests"
2016-06-28,"Adam Hoyle",0.25,"review square works report",,,"Squareworks","BILLED: Squareworks site review"
2017-03-06,"Adam Hoyle",0.5,"","Update and order new business cards","Design","Squareworks","Misc. Requests"
2017-02-27,"Adam Hoyle",0.25,"project coordination and emails",,,"Squareworks","Misc. Requests"
2017-02-23,"Adam Hoyle",2.0,"flyer updates",,,"Squareworks","Misc. Requests"
2017-02-22,"Adam Hoyle",1.5,"design revisions per Bernardo's feedback",,,"Squareworks","Misc. Requests"
2017-02-21,"Adam Hoyle",0.5,"review designs, give feedback",,,"Squareworks","Misc. Requests"
2017-02-17,"Adam Hoyle",0.5,"coordination, feedback and reviews of flyer design",,,"Squareworks","Misc. Requests"
2017-09-19,"Adam Hoyle",0.5,"email template support w/ Nicole",,,"Squareworks","SQW content Marketing Campaign/ LinkedIn"
2017-09-15,"Adam Hoyle",0.25,"email template support w/ Nicole",,,"Squareworks","SQW content Marketing Campaign/ LinkedIn"
2017-08-25,"Adam Hoyle",1.0,"exploration of Unbounce and testing for confirmation page",,,"Squareworks","SQW content Marketing Campaign/ LinkedIn"
2017-07-20,"Adam Hoyle",0.25,"review notes from Nicole",,,"Squareworks","SQW content Marketing Campaign/ LinkedIn"
2017-09-12,"Adam Hoyle",0.25,"setup pingdom tracking",,,"Squareworks","SQW Misc."
2017-09-10,"Adam Hoyle",0.25,"","DNS Update (see comment)","WP Engine Clean-up","Squareworks","SQW Misc."
2017-08-03,"Adam Hoyle",0.25,"review and send","Format ""Vendor Request Bundle"" by SquareWords Quick Guide (see comment)","July/August Misc To-dos","Squareworks","SQW Misc."
2017-07-31,"Adam Hoyle",0.25,"review, respond to Bernardo, organize assets, post to BC","Format ""Vendor Request Bundle"" by SquareWords Quick Guide (see comment)","July/August Misc To-dos","Squareworks","SQW Misc."
2017-07-18,"Adam Hoyle",0.25,"number ToC and re-save with higher quality images","Format ""NetSuite Check Printing Bundle by SquareWords Quick Guide","July/August Misc To-dos","Squareworks","SQW Misc."
2017-07-18,"Adam Hoyle",1.75,"","Format ""NetSuite Check Printing Bundle by SquareWords Quick Guide","July/August Misc To-dos","Squareworks","SQW Misc."
2017-02-10,"Adam Hoyle",0.5,"slider updates, smoketest live, email client",,,"Squareworks","SQW Misc."
2017-02-09,"Adam Hoyle",0.5,"add new feature/highlight, remove quotes from homepage",,,"Squareworks","SQW Misc."
2017-02-07,"Adam Hoyle",0.75,"purchase approved stock photos, crop and size, update pages, email client",,,"Squareworks","SQW Misc."
2017-02-06,"Adam Hoyle",0.25,"mockup photos vs. icons and send to Bernardo",,,"Squareworks","SQW Misc."
2017-02-06,"Adam Hoyle",0.5,"Troubleshoot spacing issues per Bernardo's feedback",,,"Squareworks","SQW Misc."
2017-02-06,"Adam Hoyle",0.25,"icon updates",,,"Squareworks","SQW Misc."
2016-11-10,"Adam Hoyle",0.5,"coordinate final approval and launch of updates, review and email client",,,"Squareworks","SQW Misc."
2016-11-09,"Adam Hoyle",0.5,"Create comps for logo placement, edit Bio, update blog title, email Bernardo",,,"Squareworks","SQW Misc."
2016-11-08,"Adam Hoyle",0.25,"Review updates, email Bernardo",,,"Squareworks","SQW Misc."
2016-03-30,"Adam Hoyle",0.25,"project setup, emails w/ Dan",,,"Women's Health","BILLED: National Mental Health Month"