date,person,hours,description,todo,list,company,project
2012-01-16,"Adam Hoyle",1.0,"lunch meeting with David and Jason",,,"Archetype Consulting","Website Design & Development"
2012-01-16,"Adam Hoyle",7.0,"finalize project brief",,,"Archetype Consulting","Website Design & Development"
2012-01-15,"Adam Hoyle",2.0,"additional research, review current archetype website, review brand traits, notes, etc.",,,"Archetype Consulting","Website Design & Development"
2012-01-15,"Adam Hoyle",1.5,"review first draft of project brief",,,"Archetype Consulting","Website Design & Development"
2012-01-14,"Adam Hoyle",3.0,"review archetype questionnaire, practice overview, research",,,"Archetype Consulting","Website Design & Development"
2012-01-09,"Adam Hoyle",0.25,"gather info for handoff to Nicole and Jess for Project Brief",,,"Archetype Consulting","Website Design & Development"
2012-01-04,"Adam Hoyle",0.25,"checkin call w/ David Im",,,"Archetype Consulting","Website Design & Development"
2014-05-07,"Adam Hoyle",0.25,"investigate site outage report",,,"Bally Ribbon Mills","Bally Retainer"
2014-03-19,"Adam Hoyle",0.75,"investigate cost for dedicated db server and test on cloud sites, spin up new server, update settings file.",,,"Bally Ribbon Mills","Bally Retainer"
2014-02-26,"Adam Hoyle",0.25,"email Frontier support and request DNS record updates.","Investigate www/non-www issues","Misc.","Bally Ribbon Mills","Bally Retainer"
2013-06-18,"Adam Hoyle",0.5,"review boost settings",,,"Bally Ribbon Mills","Bally Retainer"
2014-12-09,"Adam Hoyle",0.5,"troubleshoot email form issues",,,"Bally Ribbon Mills","Dev./Misc. Support"
2014-03-19,"Adam Hoyle",1.0,"troubleshoot bally meta tag caching, research dedicated server costs",,,"Bally Ribbon Mills","Dev./Misc. Support"
2012-11-21,"Adam Hoyle",4.0,"DNS update runaround",,,"Bally Ribbon Mills","PAID: Bally: Design & Dev."
2012-11-20,"Adam Hoyle",0.25,"call w/ Bart re: DNS",,,"Bally Ribbon Mills","PAID: Bally: Design & Dev."
2012-11-08,"Adam Hoyle",0.25,"support with migration from local to RS cloud",,,"Bally Ribbon Mills","PAID: Bally: Design & Dev."
2012-11-06,"Adam Hoyle",0.5,"setup hosting",,,"Bally Ribbon Mills","PAID: Bally: Design & Dev."
2012-04-16,"Adam Hoyle",0.25,"review final bally moodboards",,,"Bally Ribbon Mills","PAID: Bally: Design & Dev."
2012-03-27,"Adam Hoyle",0.25,"review project brief",,,"Bally Ribbon Mills","PAID: Bally: Design & Dev."
2012-03-21,"Adam Hoyle",0.25,"review action plan",,,"Bally Ribbon Mills","PAID: Bally: Design & Dev."
2014-07-22,"Adam Hoyle",0.5,"compile bicycling style guide PDFs for Event Finder and deliver","Create Styleguide","Moodboard / Styleguide","Bicycling.com","Responsive Redesign"
2014-07-21,"Adam Hoyle",0.5,"review style guides and send",,,"Bicycling.com","Responsive Redesign"
2014-07-15,"Adam Hoyle",0.75,"review style guides and send","Misc. project management","Misc.","Bicycling.com","Responsive Redesign"
2014-07-10,"Adam Hoyle",0.5,"final review of Event Finder designs","Meetings & Conference calls","Misc.","Bicycling.com","Responsive Redesign"
2014-07-08,"Adam Hoyle",4.0,"adjustment","Misc. project management","Misc.","Bicycling.com","Responsive Redesign"
2014-07-08,"Adam Hoyle",6.5,"Adjustment","Research current website & magazine","Research","Bicycling.com","Responsive Redesign"
2014-07-08,"Adam Hoyle",11.5,"Adjustment to match billing","Create Content Inventory for Homepage","Content Inventory & Heirarchy","Bicycling.com","Responsive Redesign"
2014-07-08,"Adam Hoyle",16.5,"Adjustment to match billing","Misc. project management","Misc.","Bicycling.com","Responsive Redesign"
2014-07-08,"Adam Hoyle",0.5,"process event finder notes, update basecamp, send followup emails","Misc. project management","Misc.","Bicycling.com","Responsive Redesign"
2014-07-08,"Adam Hoyle",0.75,"call to review event finder designs","Meetings & Conference calls","Misc.","Bicycling.com","Responsive Redesign"
2014-07-02,"Adam Hoyle",0.5,"review Event Finder wire updates and email the team","Misc. project management","Misc.","Bicycling.com","Responsive Redesign"
2014-07-02,"Adam Hoyle",0.75,"review feedback on video pages and update basecamp","Misc. project management","Misc.","Bicycling.com","Responsive Redesign"
2014-07-01,"Adam Hoyle",0.5,"update project index, review event page updates, respond to Yeakel, send email","Misc. project management","Misc.","Bicycling.com","Responsive Redesign"
2014-06-30,"Adam Hoyle",0.75,"review event finder and video page comps, email client","Misc. project management","Misc.","Bicycling.com","Responsive Redesign"
2014-06-30,"Adam Hoyle",0.5,"review event finder and video page comps, email client","Misc. project management","Misc.","Bicycling.com","Responsive Redesign"
2014-06-26,"Adam Hoyle",0.75,"process notes for video updates, update basecamp","Misc. project management","Misc.","Bicycling.com","Responsive Redesign"
2014-06-26,"Adam Hoyle",0.25,"process notes/reqs for gear finder","Misc. project management","Misc.","Bicycling.com","Responsive Redesign"
2014-06-26,"Adam Hoyle",0.5,"weekly checkin call - discuss event finder","Meetings & Conference calls","Misc.","Bicycling.com","Responsive Redesign"
2014-06-17,"Adam Hoyle",0.5,"misc. email communication with Deven and Scott","Misc. project management","Misc.","Bicycling.com","Responsive Redesign"
2014-06-17,"Adam Hoyle",0.75,"review complex channel","Meetings & Conference calls","Misc.","Bicycling.com","Responsive Redesign"
2014-06-12,"Adam Hoyle",0.5,"review bicycling channel","Meetings & Conference calls","Misc.","Bicycling.com","Responsive Redesign"
2014-06-11,"Adam Hoyle",1.0,"recap email re: channel","Misc. project management","Misc.","Bicycling.com","Responsive Redesign"
2014-06-11,"Adam Hoyle",0.25,"email scott re: schedule and next deliverables","Misc. project management","Misc.","Bicycling.com","Responsive Redesign"
2014-06-10,"Adam Hoyle",0.5,"review video wires","Meetings & Conference calls","Misc.","Bicycling.com","Responsive Redesign"
2014-06-09,"Adam Hoyle",0.75,"save images for landing page","Designs for Video landing page","Designs","Bicycling.com","Responsive Redesign"
2014-06-09,"Adam Hoyle",0.5,"call with Scott new PM","Meetings & Conference calls","Misc.","Bicycling.com","Responsive Redesign"
2014-06-05,"Adam Hoyle",0.5,"design review - homepage","Meetings & Conference calls","Misc.","Bicycling.com","Responsive Redesign"
2014-06-02,"Adam Hoyle",0.75,"weekly design review call","Meetings & Conference calls","Misc.","Bicycling.com","Responsive Redesign"
2014-05-30,"Adam Hoyle",0.25,"final review","Create Styleguide","Moodboard / Styleguide","Bicycling.com","Responsive Redesign"
2014-05-29,"Adam Hoyle",0.5,"review style guide","Create Styleguide","Moodboard / Styleguide","Bicycling.com","Responsive Redesign"
2014-05-29,"Adam Hoyle",1.25,"weekly call","Meetings & Conference calls","Misc.","Bicycling.com","Responsive Redesign"
2014-05-27,"Adam Hoyle",0.5,"weekly design review call",,,"Bicycling.com","Responsive Redesign"
2014-05-22,"Adam Hoyle",0.5,"design review call",,,"Bicycling.com","Responsive Redesign"
2014-05-21,"Adam Hoyle",0.5,"biweek sprint review","Meetings & Conference calls","Misc.","Bicycling.com","Responsive Redesign"
2014-05-19,"Adam Hoyle",1.0,"weekly design review call","Meetings & Conference calls","Misc.","Bicycling.com","Responsive Redesign"
2014-05-14,"Adam Hoyle",0.25,"review designs","Designs for Homepage","Designs","Bicycling.com","Responsive Redesign"
2014-05-14,"Adam Hoyle",0.5,"type up notes for homepage and video, add to basecamp","Misc. project management","Misc.","Bicycling.com","Responsive Redesign"
2014-05-14,"Adam Hoyle",1.25,"review full usability report","Misc. project management","Misc.","Bicycling.com","Responsive Redesign"
2014-05-13,"Adam Hoyle",1.25,"call to review homepage usability test findings","Meetings & Conference calls","Misc.","Bicycling.com","Responsive Redesign"
2014-05-12,"Adam Hoyle",0.5,"weekly call","Meetings & Conference calls","Misc.","Bicycling.com","Responsive Redesign"
2014-05-05,"Adam Hoyle",0.75,"weekly design review call","Meetings & Conference calls","Misc.","Bicycling.com","Responsive Redesign"
2014-05-02,"Adam Hoyle",0.25,"review wires and updates, send to client","Wireframes for Channel Landing Page","Wireframes","Bicycling.com","Responsive Redesign"
2014-05-02,"Adam Hoyle",0.25,"type notes from call","Misc. project management","Misc.","Bicycling.com","Responsive Redesign"
2014-05-02,"Adam Hoyle",2.0,"weekly design review - channel and video","Meetings & Conference calls","Misc.","Bicycling.com","Responsive Redesign"
2014-04-30,"Adam Hoyle",0.5,"weekly sprint review","Meetings & Conference calls","Misc.","Bicycling.com","Responsive Redesign"
2014-04-28,"Adam Hoyle",0.25,"review homepage designs, email client","Designs for Homepage","Designs","Bicycling.com","Responsive Redesign"
2014-04-28,"Adam Hoyle",0.25,"respond to deven re: twitter blocks and find examples (sasaki)","Misc. project management","Misc.","Bicycling.com","Responsive Redesign"
2014-04-28,"Adam Hoyle",0.75,"weekly status call: discuss initial homepage designs","Meetings & Conference calls","Misc.","Bicycling.com","Responsive Redesign"
2014-04-25,"Adam Hoyle",0.75,"review homepage designs","Designs for Homepage","Designs","Bicycling.com","Responsive Redesign"
2014-04-24,"Adam Hoyle",0.5,"catchup on emails, review basecamp, todos and prioritizing","Misc. project management","Misc.","Bicycling.com","Responsive Redesign"
2014-04-17,"Adam Hoyle",1.25,"weekly design review call","Meetings & Conference calls","Misc.","Bicycling.com","Responsive Redesign"
2014-04-14,"Adam Hoyle",0.5,"weekly design call",,,"Bicycling.com","Responsive Redesign"
2014-04-11,"Adam Hoyle",0.25,"review updated homepage wires and send to Bike for review","Wireframes for Homepage","Wireframes","Bicycling.com","Responsive Redesign"
2014-04-10,"Adam Hoyle",1.0,"call to review homepage wires","Meetings & Conference calls","Misc.","Bicycling.com","Responsive Redesign"
2014-04-09,"Adam Hoyle",0.25,"process emails and update notes on Homepage","Misc. project management","Misc.","Bicycling.com","Responsive Redesign"
2014-04-07,"Adam Hoyle",0.75,"design review call","Meetings & Conference calls","Misc.","Bicycling.com","Responsive Redesign"
2014-04-03,"Adam Hoyle",1.0,"design checkin","Meetings & Conference calls","Misc.","Bicycling.com","Responsive Redesign"
2014-04-03,"Adam Hoyle",0.25,"add tablet and mobile bike article pages to project index","Designs for Article page","Designs","Bicycling.com","Responsive Redesign"
2014-04-02,"Adam Hoyle",0.75,"sprint review","Meetings & Conference calls","Misc.","Bicycling.com","Responsive Redesign"
2014-03-31,"Adam Hoyle",0.5,"weekly design review checkin meeting","Meetings & Conference calls","Misc.","Bicycling.com","Responsive Redesign"
2014-03-27,"Adam Hoyle",0.25,"review TDF comps, email team, update index","Misc. project management","Misc.","Bicycling.com","Responsive Redesign"
2014-03-27,"Adam Hoyle",1.0,"design review call","Meetings & Conference calls","Misc.","Bicycling.com","Responsive Redesign"
2014-03-26,"Adam Hoyle",0.25,"review TDF Simple Channel and Article pages","Meetings & Conference calls","Misc.","Bicycling.com","Responsive Redesign"
2014-03-25,"Adam Hoyle",0.5,"weekly design checkin call","Meetings & Conference calls","Misc.","Bicycling.com","Responsive Redesign"
2014-03-25,"Adam Hoyle",0.25,"review TDF article and list wires with Jay","Meetings & Conference calls","Misc.","Bicycling.com","Responsive Redesign"
2014-03-20,"Adam Hoyle",0.5,"call to review TDF designs","Meetings & Conference calls","Misc.","Bicycling.com","Responsive Redesign"
2014-03-18,"Adam Hoyle",0.75,"call to review TdF designs","Meetings & Conference calls","Misc.","Bicycling.com","Responsive Redesign"
2014-03-17,"Adam Hoyle",0.25,"design review meeting","Meetings & Conference calls","Misc.","Bicycling.com","Responsive Redesign"
2014-03-14,"Adam Hoyle",0.25,"troubleshoot permalinks",,,"Bicycling.com","Responsive Redesign"
2014-03-14,"Adam Hoyle",0.5,"review TDF designs","Create designs for Tour de France section","Designs","Bicycling.com","Responsive Redesign"
2014-03-14,"Adam Hoyle",0.5,"sprint review","Meetings & Conference calls","Misc.","Bicycling.com","Responsive Redesign"
2014-03-13,"Adam Hoyle",0.5,"weekly design call","Meetings & Conference calls","Misc.","Bicycling.com","Responsive Redesign"
2014-03-12,"Adam Hoyle",0.25,"review updates, post new clickthrough","Wireframes for Tour de France section","Wireframes","Bicycling.com","Responsive Redesign"
2014-03-12,"Adam Hoyle",0.5,"call to review TDF wires","Meetings & Conference calls","Misc.","Bicycling.com","Responsive Redesign"
2014-03-12,"Adam Hoyle",0.25,"internal review updated TdF wires, post for client review","Wireframes for Tour de France section","Wireframes","Bicycling.com","Responsive Redesign"
2014-03-11,"Adam Hoyle",0.5,"review and process feedback from Brad, create review landscape mockup","Wireframes for Tour de France section","Wireframes","Bicycling.com","Responsive Redesign"
2014-03-11,"Adam Hoyle",0.25,"review TDF slideshow wires, update clickthrough, email","Wireframes for Tour de France section","Wireframes","Bicycling.com","Responsive Redesign"
2014-03-11,"Adam Hoyle",0.25,"review TDF wires, post click-through, email Stephanie and Brad","Wireframes for Tour de France section","Wireframes","Bicycling.com","Responsive Redesign"
2014-03-11,"Adam Hoyle",0.75,"process emails and followup notes from call re: TdF wires, update basecamp","Misc. project management","Misc.","Bicycling.com","Responsive Redesign"
2014-03-11,"Adam Hoyle",0.5,"Call to review TdF wireframes","Meetings & Conference calls","Misc.","Bicycling.com","Responsive Redesign"
2014-03-10,"Adam Hoyle",0.5,"quick update to blog designs, making border light grey","Create designs for Blog listing, List, Detail pages (see comment for details)","Designs","Bicycling.com","Responsive Redesign"
2014-03-10,"Adam Hoyle",0.25,"review dev with John, email Stephanie","Development for tablet & mobile footer (see comment for details)","Dev.","Bicycling.com","Responsive Redesign"
2014-03-10,"Adam Hoyle",0.25,"review wires, write notes","Wireframes for Tour de France section","Wireframes","Bicycling.com","Responsive Redesign"
2014-03-10,"Adam Hoyle",1.0,"write functional notes","Wireframes for Blog Listing, List Detail pages","Wireframes","Bicycling.com","Responsive Redesign"
2014-03-10,"Adam Hoyle",0.5,"review TdF wires","Wireframes for Tour de France section","Wireframes","Bicycling.com","Responsive Redesign"
2014-03-10,"Adam Hoyle",0.25,"design scrum call","Meetings & Conference calls","Misc.","Bicycling.com","Responsive Redesign"
2014-03-07,"Adam Hoyle",2.25,"finalize font size and style conventions","Meetings & Conference calls","Misc.","Bicycling.com","Responsive Redesign"
2014-03-06,"Adam Hoyle",0.5,"review blog designs, update project index",,,"Bicycling.com","Responsive Redesign"
2014-03-06,"Adam Hoyle",2.0,"process notes and assign mobile footer dev, emails with Deven, Stephanie, etc. re: Blog pages","Misc. project management","Misc.","Bicycling.com","Responsive Redesign"
2014-03-06,"Adam Hoyle",0.5,"design checkin call","Meetings & Conference calls","Misc.","Bicycling.com","Responsive Redesign"
2014-03-05,"Adam Hoyle",0.75,"call w/ brad re: blog designs, type notes recap, send to Stephanie","Meetings & Conference calls","Misc.","Bicycling.com","Responsive Redesign"
2014-03-04,"Adam Hoyle",0.25,"review designs, update project index","Create designs for Blog listing, List, Detail pages (see comment for details)","Designs","Bicycling.com","Responsive Redesign"
2014-03-04,"Adam Hoyle",1.0,"call to discuss Tour de France","Meetings & Conference calls","Misc.","Bicycling.com","Responsive Redesign"
2014-03-03,"Adam Hoyle",1.75,"moodboard updates per Jesse and Paul","Create Moodboard","Moodboard / Styleguide","Bicycling.com","Responsive Redesign"
2014-03-03,"Adam Hoyle",0.25,"type design feedback notes and update basecamp","Meetings & Conference calls","Misc.","Bicycling.com","Responsive Redesign"
2014-02-28,"Adam Hoyle",0.75,"review designs with Jesse and Paul","Meetings & Conference calls","Misc.","Bicycling.com","Responsive Redesign"
2014-02-28,"Adam Hoyle",0.5,"bi-weekly sprint review","Meetings & Conference calls","Misc.","Bicycling.com","Responsive Redesign"
2014-02-28,"Adam Hoyle",0.5,"create click-through","Create designs for Blog listing, List, Detail pages (see comment for details)","Designs","Bicycling.com","Responsive Redesign"
2014-02-28,"Adam Hoyle",0.75,"pre-review call and followups","Meetings & Conference calls","Misc.","Bicycling.com","Responsive Redesign"
2014-02-27,"Adam Hoyle",0.25,"Zeus design touch-base meeting","Meetings & Conference calls","Misc.","Bicycling.com","Responsive Redesign"
2014-02-27,"Adam Hoyle",4.0,,"Assemble deliverables/package PDF","Misc.","Bicycling.com","Responsive Redesign"
2014-02-27,"Adam Hoyle",3.0,"review/check moodboard and magazine research","Create Moodboard","Moodboard / Styleguide","Bicycling.com","Responsive Redesign"
2014-02-27,"Adam Hoyle",1.0,"review/check moodboard and magazine research","Create Moodboard","Moodboard / Styleguide","Bicycling.com","Responsive Redesign"
2014-02-26,"Adam Hoyle",0.75,"prep and review first deliverable package","Assemble deliverables/package PDF","Misc.","Bicycling.com","Responsive Redesign"
2014-02-26,"Adam Hoyle",2.0,"prep and review first deliverable package, gather content and images","Assemble deliverables/package PDF","Misc.","Bicycling.com","Responsive Redesign"
2014-02-25,"Adam Hoyle",0.5,"review right sidebar stacking order, call with Rodale team re: ads","Meetings & Conference calls","Misc.","Bicycling.com","Responsive Redesign"
2014-02-25,"Adam Hoyle",0.25,"call w/ Deven re: blog detail order","Meetings & Conference calls","Misc.","Bicycling.com","Responsive Redesign"
2014-02-24,"Adam Hoyle",0.25,"checkin/status call","Meetings & Conference calls","Misc.","Bicycling.com","Responsive Redesign"
2014-02-21,"Adam Hoyle",3.5,"moodboard review, changes and updates","Create Moodboard","Moodboard / Styleguide","Bicycling.com","Responsive Redesign"
2014-02-20,"Adam Hoyle",0.5,"moodboard updates","Create Moodboard","Moodboard / Styleguide","Bicycling.com","Responsive Redesign"
2014-02-19,"Adam Hoyle",0.25,"review blog detail page designs for tablet and phone, update basecamp","Create designs for Blog listing, List, Detail pages (see comment for details)","Designs","Bicycling.com","Responsive Redesign"
2014-02-17,"Adam Hoyle",0.75,"project coorindation, client email drafts, basecamp updates","Misc. project management","Misc.","Bicycling.com","Responsive Redesign"
2014-02-14,"Adam Hoyle",0.5,"weekly sprint review","Meetings & Conference calls","Misc.","Bicycling.com","Responsive Redesign"
2014-02-13,"Adam Hoyle",2.5,"call w/ Rodale team to kickoff nav dev, project coordination and emails","Misc. project management","Misc.","Bicycling.com","Responsive Redesign"
2014-02-13,"Adam Hoyle",0.75,"project coordination, client emails, status review moodboard, review content inventory","Misc. project management","Misc.","Bicycling.com","Responsive Redesign"
2014-02-13,"Adam Hoyle",0.5,"outline plan for timeline acceleration","Misc. project management","Misc.","Bicycling.com","Responsive Redesign"
2014-02-12,"Adam Hoyle",0.75,"Review moodboard","Create Moodboard","Moodboard / Styleguide","Bicycling.com","Responsive Redesign"
2014-02-12,"Adam Hoyle",0.5,"map sections/pages to URLs","Misc. project management","Misc.","Bicycling.com","Responsive Redesign"
2014-02-12,"Adam Hoyle",0.25,"email response re: mobile nav conventions","Meetings & Conference calls","Misc.","Bicycling.com","Responsive Redesign"
2014-02-11,"Adam Hoyle",0.75,"begin research","Research current website & magazine","Research","Bicycling.com","Responsive Redesign"
2014-02-04,"Adam Hoyle",0.75,"project kickoff call","Meetings & Conference calls","Misc.","Bicycling.com","Responsive Redesign"
2013-05-16,"Adam Hoyle",0.75,"minor updates and image path updates",,,"BMR Slendertone USA","BMR: Landing Pages (May)"
2013-05-02,"Adam Hoyle",0.25,"project coordination",,,"BMR Slendertone USA","ST USA: PPC Marketing"
2014-12-18,"Adam Hoyle",0.75,"put together funnel examples for CSMi Josh Getman",,,"Brunello, Inc.","*Brunello Admin"
2014-12-18,"Adam Hoyle",2.0,"new biz emails and client communication",,,"Brunello, Inc.","*Brunello Admin"
2014-12-17,"Adam Hoyle",0.75,"csmi landing page estimate",,,"Brunello, Inc.","*Brunello Admin"
2014-12-17,"Adam Hoyle",0.75,"call w/ Marc Hollander",,,"Brunello, Inc.","*Brunello Admin"
2014-12-16,"Adam Hoyle",0.25,"estimate for CSMi download pages",,,"Brunello, Inc.","*Brunello Admin"
2014-12-15,"Adam Hoyle",0.25,"bank and QB",,,"Brunello, Inc.","*Brunello Admin"
2014-12-15,"Adam Hoyle",0.75,"meeting",,,"Brunello, Inc.","*Brunello Admin"
2014-12-12,"Adam Hoyle",3.5,"review corp rewards and prep for meeting",,,"Brunello, Inc.","*Brunello Admin"
2014-12-10,"Adam Hoyle",3.75,"review projects and prioritize, review Why Responsive page, edit content, add links.",,,"Brunello, Inc.","*Brunello Admin"
2014-12-10,"Adam Hoyle",0.25,"review OW estimate",,,"Brunello, Inc.","*Brunello Admin"
2014-12-08,"Adam Hoyle",4.0,"review projects and priorities, plan day, review online subscriptions, banking and QB",,,"Brunello, Inc.","*Brunello Admin"
2014-12-08,"Adam Hoyle",0.5,"meeting",,,"Brunello, Inc.","*Brunello Admin"
2014-12-04,"Adam Hoyle",1.25,"followups",,,"Brunello, Inc.","*Brunello Admin"
2014-12-04,"Adam Hoyle",0.75,"call w/ Marc Hollander",,,"Brunello, Inc.","*Brunello Admin"
2014-12-04,"Adam Hoyle",0.5,"process emails and update basecamp, review projects and priorities",,,"Brunello, Inc.","*Brunello Admin"
2014-12-03,"Adam Hoyle",1.75,"process email, update basecamp",,,"Brunello, Inc.","*Brunello Admin"
2014-12-03,"Adam Hoyle",1.5,"meet with Goeres",,,"Brunello, Inc.","*Brunello Admin"
2014-12-01,"Adam Hoyle",0.5,"process and respond to emails",,,"Brunello, Inc.","*Brunello Admin"
2014-12-01,"Adam Hoyle",1.5,"emails, followups, checkins, review and prioritize projects and status",,,"Brunello, Inc.","*Brunello Admin"
2014-11-25,"Adam Hoyle",1.0,"meeting",,,"Brunello, Inc.","*Brunello Admin"
2014-11-21,"Adam Hoyle",1.75,,,,"Brunello, Inc.","*Brunello Admin"
2014-11-21,"Adam Hoyle",1.5,"PAW patrol",,,"Brunello, Inc.","*Brunello Admin"
2014-11-21,"Adam Hoyle",2.0,"Review PAW proposal",,,"Brunello, Inc.","*Brunello Admin"
2014-11-19,"Adam Hoyle",0.5,"review email aliases and accounts",,,"Brunello, Inc.","*Brunello Admin"
2014-11-19,"Adam Hoyle",1.0,"review projects and organize and prioritize",,,"Brunello, Inc.","*Brunello Admin"
2014-11-18,"Adam Hoyle",1.0,"weekly status meeting",,,"Brunello, Inc.","*Brunello Admin"
2014-11-18,"Adam Hoyle",1.25,"email migration review and setup",,,"Brunello, Inc.","*Brunello Admin"
2014-11-17,"Adam Hoyle",1.25,"email migration",,,"Brunello, Inc.","*Brunello Admin"
2014-11-17,"Adam Hoyle",0.75,"email migration coordination and testing",,,"Brunello, Inc.","*Brunello Admin"
2014-11-17,"Adam Hoyle",1.25,"review projects and priorities, process and respond to emails",,,"Brunello, Inc.","*Brunello Admin"
2014-11-14,"Adam Hoyle",1.25,"review pharma RFP",,,"Brunello, Inc.","*Brunello Admin"
2014-11-12,"Adam Hoyle",0.5,"review projects, plan and organize, prioritize for day",,,"Brunello, Inc.","*Brunello Admin"
2014-11-12,"Adam Hoyle",0.75,"emails to GP",,,"Brunello, Inc.","*Brunello Admin"
2014-11-11,"Adam Hoyle",1.0,"intern interview",,,"Brunello, Inc.","*Brunello Admin"
2014-11-11,"Adam Hoyle",1.5,"networking lunch",,,"Brunello, Inc.","*Brunello Admin"
2014-11-11,"Adam Hoyle",1.25,"billing",,,"Brunello, Inc.","*Brunello Admin"
2014-11-10,"Adam Hoyle",1.0,"Kickoff meeting",,,"Brunello, Inc.","*Brunello Admin"
2014-11-10,"Adam Hoyle",0.5,"blog post",,,"Brunello, Inc.","*Brunello Admin"
2014-11-06,"Adam Hoyle",1.75,"Research D6 to D7 upgrade",,,"Brunello, Inc.","*Brunello Admin"
2014-11-06,"Adam Hoyle",0.75,"zyg invoice, update QB with new logo and name, etc.",,,"Brunello, Inc.","*Brunello Admin"
2014-11-06,"Adam Hoyle",0.5,"meet with Anthony",,,"Brunello, Inc.","*Brunello Admin"
2014-11-05,"Adam Hoyle",0.5,"networking and emails",,,"Brunello, Inc.","*Brunello Admin"
2014-11-05,"Adam Hoyle",0.75,"review projects, organize, prioritize, send email list to RS",,,"Brunello, Inc.","*Brunello Admin"
2014-11-05,"Adam Hoyle",0.5,"intern interview",,,"Brunello, Inc.","*Brunello Admin"
2014-11-04,"Adam Hoyle",1.0,"research D6 support life",,,"Brunello, Inc.","*Brunello Admin"
2014-11-04,"Adam Hoyle",1.0,"emails and networking followups",,,"Brunello, Inc.","*Brunello Admin"
2014-11-03,"Adam Hoyle",1.0,"networking and followups from NEWDcamp",,,"Brunello, Inc.","*Brunello Admin"
2014-11-03,"Adam Hoyle",0.5,"emails and new-biz followups",,,"Brunello, Inc.","*Brunello Admin"
2014-11-03,"Adam Hoyle",0.25,"review resumes",,,"Brunello, Inc.","*Brunello Admin"
2014-11-03,"Adam Hoyle",0.75,"weekly kickoff meeting",,,"Brunello, Inc.","*Brunello Admin"
2014-11-03,"Adam Hoyle",0.5,"review notes, projects and to-dos, plan day.",,,"Brunello, Inc.","*Brunello Admin"
2014-10-31,"Adam Hoyle",0.5,"meet with Dan Revitte",,,"Brunello, Inc.","*Brunello Admin"
2014-10-31,"Adam Hoyle",0.75,"review zyg and belari estimates",,,"Brunello, Inc.","*Brunello Admin"
2014-10-30,"Adam Hoyle",1.0,"add blog post to site",,,"Brunello, Inc.","*Brunello Admin"
2014-10-30,"Adam Hoyle",0.75,"review todos, organize and plan day",,,"Brunello, Inc.","*Brunello Admin"
2014-10-29,"Adam Hoyle",0.75,"Apple support re: iCal email address",,,"Brunello, Inc.","*Brunello Admin"
2014-10-28,"Adam Hoyle",0.5,"review agency overview PDF and send feedback to Jess",,,"Brunello, Inc.","*Brunello Admin"
2014-10-28,"Adam Hoyle",0.5,"logo blog post",,,"Brunello, Inc.","*Brunello Admin"
2014-10-28,"Adam Hoyle",1.0,"lunch at belari with Anthony",,,"Brunello, Inc.","*Brunello Admin"
2014-10-28,"Adam Hoyle",0.5,"review Bel Ari and Zyg websites",,,"Brunello, Inc.","*Brunello Admin"
2014-10-27,"Adam Hoyle",0.5,"meeting",,,"Brunello, Inc.","*Brunello Admin"
2014-10-24,"Adam Hoyle",1.25,"review projects and todos, plan and organize goals for the day.",,,"Brunello, Inc.","*Brunello Admin"
2014-10-23,"Adam Hoyle",3.5,"brunello website video",,,"Brunello, Inc.","*Brunello Admin"
2014-10-21,"Adam Hoyle",0.5,"review trustist estimate",,,"Brunello, Inc.","*Brunello Admin"
2014-10-21,"Adam Hoyle",0.75,"billing (zelle and drupal security)",,,"Brunello, Inc.","*Brunello Admin"
2014-10-21,"Adam Hoyle",0.25,"banking and QB",,,"Brunello, Inc.","*Brunello Admin"
2014-10-21,"Adam Hoyle",0.5,"review projects and priorities, plan day.",,,"Brunello, Inc.","*Brunello Admin"
2014-10-20,"Adam Hoyle",1.25,"emails and client communication",,,"Brunello, Inc.","*Brunello Admin"
2014-10-20,"Adam Hoyle",0.25,"domain support for elizabeth grealy",,,"Brunello, Inc.","*Brunello Admin"
2014-10-20,"Adam Hoyle",0.5,"review proposal designs",,,"Brunello, Inc.","*Brunello Admin"
2014-10-16,"Adam Hoyle",0.75,"D7 security update research and communication",,,"Brunello, Inc.","*Brunello Admin"
2014-10-16,"Adam Hoyle",0.75,"brand update reviews, 3D printing",,,"Brunello, Inc.","*Brunello Admin"
2014-10-15,"Adam Hoyle",1.25,"Billing (nicole)",,,"Brunello, Inc.","*Brunello Admin"
2014-10-15,"Adam Hoyle",0.25,"tally hours and report to Yeakel",,,"Brunello, Inc.","*Brunello Admin"
2014-10-15,"Adam Hoyle",0.75,"review projects, status, todos and priorities, planning",,,"Brunello, Inc.","*Brunello Admin"
2014-10-14,"Adam Hoyle",0.75,"troubleshoot domain expiration issue for ypaa",,,"Brunello, Inc.","*Brunello Admin"
2014-10-14,"Adam Hoyle",0.5,"billing",,,"Brunello, Inc.","*Brunello Admin"
2014-10-14,"Adam Hoyle",3.75,"process email, organize and planning, order shirts, PayChex",,,"Brunello, Inc.","*Brunello Admin"
2014-10-10,"Adam Hoyle",0.75,"Create email and alias list for RS to prep for migration",,,"Brunello, Inc.","*Brunello Admin"
2014-10-10,"Adam Hoyle",0.5,"Simon",,,"Brunello, Inc.","*Brunello Admin"
2014-10-09,"Adam Hoyle",1.5,"tag line research",,,"Brunello, Inc.","*Brunello Admin"
2014-10-08,"Adam Hoyle",0.75,"process email and respond to various inquiries",,,"Brunello, Inc.","*Brunello Admin"
2014-10-08,"Adam Hoyle",0.5,"secure tickets to NEWDCAMP",,,"Brunello, Inc.","*Brunello Admin"
2014-10-08,"Adam Hoyle",1.0,"intro call w/ Nigel re: Trustist",,,"Brunello, Inc.","*Brunello Admin"
2014-10-08,"Adam Hoyle",0.5,"update and send revised sasaki estimate",,,"Brunello, Inc.","*Brunello Admin"
2014-10-08,"Adam Hoyle",0.5,"project planning, emails, organization",,,"Brunello, Inc.","*Brunello Admin"
2014-10-07,"Adam Hoyle",1.5,"sasaki estimate",,,"Brunello, Inc.","*Brunello Admin"
2014-10-07,"Adam Hoyle",0.75,"process email",,,"Brunello, Inc.","*Brunello Admin"
2014-10-06,"Adam Hoyle",0.75,"provide Steve yeakel with an updated hourly report.",,,"Brunello, Inc.","*Brunello Admin"
2014-10-06,"Adam Hoyle",3.75,"imaginatik estimate",,,"Brunello, Inc.","*Brunello Admin"
2014-10-06,"Adam Hoyle",2.0,"process email",,,"Brunello, Inc.","*Brunello Admin"
2014-10-03,"Adam Hoyle",1.25,"work on estimate for Imaginatik, Sasaki",,,"Brunello, Inc.","*Brunello Admin"
2014-10-03,"Adam Hoyle",0.5,"research domain changing and SEO impact",,,"Brunello, Inc.","*Brunello Admin"
2014-10-03,"Adam Hoyle",1.0,"research and kickoff email migration with Rackspace migrations team",,,"Brunello, Inc.","*Brunello Admin"
2014-10-02,"Adam Hoyle",1.0,"logo",,,"Brunello, Inc.","*Brunello Admin"
2014-10-01,"Adam Hoyle",0.75,"imaginatik call",,,"Brunello, Inc.","*Brunello Admin"
2014-10-01,"Adam Hoyle",1.25,"logo",,,"Brunello, Inc.","*Brunello Admin"
2014-10-01,"Adam Hoyle",1.25,"logo finalization",,,"Brunello, Inc.","*Brunello Admin"
2014-10-01,"Adam Hoyle",0.75,"research domain changing SEO",,,"Brunello, Inc.","*Brunello Admin"
2014-10-01,"Adam Hoyle",0.5,"logo talk",,,"Brunello, Inc.","*Brunello Admin"
2014-10-01,"Adam Hoyle",0.5,"review and respond to imaginatik re: estimate for resources/case studies",,,"Brunello, Inc.","*Brunello Admin"
2014-10-01,"Adam Hoyle",1.0,"New biz",,,"Brunello, Inc.","*Brunello Admin"
2014-09-25,"Adam Hoyle",2.0,"organize, review priorities and projects, update basecamp, send client emails.",,,"Brunello, Inc.","*Brunello Admin"
2014-09-25,"Adam Hoyle",0.5,"logo review",,,"Brunello, Inc.","*Brunello Admin"
2014-09-25,"Adam Hoyle",2.75,"sasaki estimate",,,"Brunello, Inc.","*Brunello Admin"
2014-09-24,"Adam Hoyle",2.25,,,,"Brunello, Inc.","*Brunello Admin"
2014-09-24,"Adam Hoyle",0.5,"meet re: logos",,,"Brunello, Inc.","*Brunello Admin"
2014-09-24,"Adam Hoyle",0.25,"update imaginatik estimate",,,"Brunello, Inc.","*Brunello Admin"
2014-09-23,"Adam Hoyle",1.0,"logo research and test",,,"Brunello, Inc.","*Brunello Admin"
2014-09-23,"Adam Hoyle",0.5,"process and respond to emails",,,"Brunello, Inc.","*Brunello Admin"
2014-09-22,"Adam Hoyle",1.0,"payroll reports and figure review projects and prioritize",,,"Brunello, Inc.","*Brunello Admin"
2014-09-22,"Adam Hoyle",0.75,"payroll reports and figure out Ethan's health deduction error",,,"Brunello, Inc.","*Brunello Admin"
2014-09-19,"Adam Hoyle",0.25,"bank, QB",,,"Brunello, Inc.","*Brunello Admin"
2014-09-18,"Adam Hoyle",0.25,"billing and QB",,,"Brunello, Inc.","*Brunello Admin"
2014-09-17,"Adam Hoyle",1.0,"imaginatik case studies estimate",,,"Brunello, Inc.","*Brunello Admin"
2014-09-16,"Adam Hoyle",0.5,"brunello meeting",,,"Brunello, Inc.","*Brunello Admin"
2014-09-15,"Adam Hoyle",0.75,"email paychex and get ethan setup",,,"Brunello, Inc.","*Brunello Admin"
2014-09-10,"Adam Hoyle",0.5,"sasaki estimate",,,"Brunello, Inc.","*Brunello Admin"
2014-09-10,"Adam Hoyle",0.25,"sasaki estimate",,,"Brunello, Inc.","*Brunello Admin"
2014-09-10,"Adam Hoyle",0.5,"troubleshoot MH FB spam, remove account admin, re-add members to connect",,,"Brunello, Inc.","*Brunello Admin"
2014-09-10,"Adam Hoyle",2.25,"finalize imaginatik estimate",,,"Brunello, Inc.","*Brunello Admin"
2014-09-09,"Adam Hoyle",2.0,"Apple event",,,"Brunello, Inc.","*Brunello Admin"
2014-09-09,"Adam Hoyle",0.75,"imaginatik estimate",,,"Brunello, Inc.","*Brunello Admin"
2014-09-09,"Adam Hoyle",1.25,"billing",,,"Brunello, Inc.","*Brunello Admin"
2014-09-08,"Adam Hoyle",1.0,"imaginatik blog estimate",,,"Brunello, Inc.","*Brunello Admin"
2014-09-08,"Adam Hoyle",0.5,"weekly kickoff meeting",,,"Brunello, Inc.","*Brunello Admin"
2014-09-08,"Adam Hoyle",0.5,"email",,,"Brunello, Inc.","*Brunello Admin"
2014-09-08,"Adam Hoyle",0.5,"review projects and prioritize",,,"Brunello, Inc.","*Brunello Admin"
2014-09-05,"Adam Hoyle",1.0,"add Ethan to Brunello site",,,"Brunello, Inc.","*Brunello Admin"
2014-09-03,"Adam Hoyle",2.0,"billing",,,"Brunello, Inc.","*Brunello Admin"
2014-09-03,"Adam Hoyle",0.5,"review and organize to-dos, priorities, update basecamp",,,"Brunello, Inc.","*Brunello Admin"
2014-09-02,"Adam Hoyle",1.5,"imaginatik estimate",,,"Brunello, Inc.","*Brunello Admin"
2014-09-02,"Adam Hoyle",1.5,"ethan setup",,,"Brunello, Inc.","*Brunello Admin"
2014-08-29,"Adam Hoyle",0.75,"respond to Pam Meyer",,,"Brunello, Inc.","*Brunello Admin"
2014-08-28,"Adam Hoyle",0.5,"review projects, status, basecamp and prioritize",,,"Brunello, Inc.","*Brunello Admin"
2014-08-27,"Adam Hoyle",0.75,"prep for meeting with Sasaki, review estimate, call w/ Will",,,"Brunello, Inc.","*Brunello Admin"
2014-08-27,"Adam Hoyle",0.75,"email and drupal camp sponsorship",,,"Brunello, Inc.","*Brunello Admin"
2014-08-27,"Adam Hoyle",0.75,"emails",,,"Brunello, Inc.","*Brunello Admin"
2014-08-27,"Adam Hoyle",0.75,"work on offer to ethan",,,"Brunello, Inc.","*Brunello Admin"
2014-08-26,"Adam Hoyle",0.75,"banking and quickbooks",,,"Brunello, Inc.","*Brunello Admin"
2014-08-26,"Adam Hoyle",3.0,"process email, update basecamp",,,"Brunello, Inc.","*Brunello Admin"
2014-08-26,"Adam Hoyle",0.5,"interview with Ethan",,,"Brunello, Inc.","*Brunello Admin"
2014-08-13,"Adam Hoyle",0.75,"estimate for Rodale sub-promo site",,,"Brunello, Inc.","*Brunello Admin"
2014-08-13,"Adam Hoyle",0.5,"process email, review projects and priorities, plan for day",,,"Brunello, Inc.","*Brunello Admin"
2014-08-12,"Adam Hoyle",0.5,"respond to RFQ for Rodale MH free gift promo",,,"Brunello, Inc.","*Brunello Admin"
2014-08-12,"Adam Hoyle",1.25,"chapman on Brunello click-through presentation",,,"Brunello, Inc.","*Brunello Admin"
2014-08-12,"Adam Hoyle",1.0,"review projects and prioritize tasks, update basecamp",,,"Brunello, Inc.","*Brunello Admin"
2014-08-12,"Adam Hoyle",0.15,"process emails and respond to clients",,,"Brunello, Inc.","*Brunello Admin"
2014-08-12,"Adam Hoyle",0.25,"review projects and prioritize tasks",,,"Brunello, Inc.","*Brunello Admin"
2014-08-11,"Adam Hoyle",0.75,"review projects and prioritize",,,"Brunello, Inc.","*Brunello Admin"
2014-08-11,"Adam Hoyle",0.5,"weekly kickoff meeting",,,"Brunello, Inc.","*Brunello Admin"
2014-08-08,"Adam Hoyle",1.0,"billing",,,"Brunello, Inc.","*Brunello Admin"
2014-08-07,"Adam Hoyle",0.75,"troubleshoot imaginatik",,,"Brunello, Inc.","*Brunello Admin"
2014-08-05,"Adam Hoyle",0.5,"email John and Kyle re: Ethan interview",,,"Brunello, Inc.","*Brunello Admin"
2014-08-05,"Adam Hoyle",0.5,"review projects and prioritize",,,"Brunello, Inc.","*Brunello Admin"
2014-08-04,"Adam Hoyle",0.75,"weekly kickoff meeting",,,"Brunello, Inc.","*Brunello Admin"
2014-08-01,"Adam Hoyle",0.25,"sasaki estimate",,,"Brunello, Inc.","*Brunello Admin"
2014-07-31,"Adam Hoyle",4.5,"sasaki estimate",,,"Brunello, Inc.","*Brunello Admin"
2014-07-31,"Adam Hoyle",2.5,"estimate for sasaki",,,"Brunello, Inc.","*Brunello Admin"
2014-07-31,"Adam Hoyle",0.5,"get access to paychex for accountant",,,"Brunello, Inc.","*Brunello Admin"
2014-07-30,"Adam Hoyle",1.0,"get paychex access",,,"Brunello, Inc.","*Brunello Admin"
2014-07-29,"Adam Hoyle",0.75,"interview ethan macdonald",,,"Brunello, Inc.","*Brunello Admin"
2014-07-29,"Adam Hoyle",0.5,"review todos, organize and prioritize",,,"Brunello, Inc.","*Brunello Admin"
2014-07-28,"Adam Hoyle",0.5,"bank and QB",,,"Brunello, Inc.","*Brunello Admin"
2014-07-28,"Adam Hoyle",1.5,"review and organize todos",,,"Brunello, Inc.","*Brunello Admin"
2014-07-25,"Adam Hoyle",0.25,"write content for RFI slides",,,"Brunello, Inc.","*Brunello Admin"
2014-07-24,"Adam Hoyle",0.5,"process email, followups",,,"Brunello, Inc.","*Brunello Admin"
2014-07-23,"Adam Hoyle",2.0,"Meeting at Sasaki",,,"Brunello, Inc.","*Brunello Admin"
2014-07-23,"Adam Hoyle",0.5,"call w/ Scott re: RW",,,"Brunello, Inc.","*Brunello Admin"
2014-07-23,"Adam Hoyle",0.25,"create imaginatik invoice",,,"Brunello, Inc.","*Brunello Admin"
2014-07-23,"Adam Hoyle",0.5,"process and respond to emails",,,"Brunello, Inc.","*Brunello Admin"
2014-07-22,"Adam Hoyle",0.5,"call w/ BoA",,,"Brunello, Inc.","*Brunello Admin"
2014-07-22,"Adam Hoyle",1.0,"process email, update basecamp, review projects and priorities, setup Imaginatik project in BC",,,"Brunello, Inc.","*Brunello Admin"
2014-07-21,"Adam Hoyle",0.5,"bank deposits and QB udpate",,,"Brunello, Inc.","*Brunello Admin"
2014-07-21,"Adam Hoyle",0.25,"complete forms for paychex online access",,,"Brunello, Inc.","*Brunello Admin"
2014-07-21,"Adam Hoyle",0.5,"get PayChex online access",,,"Brunello, Inc.","*Brunello Admin"
2014-07-18,"Adam Hoyle",0.5,"review ECS estimate",,,"Brunello, Inc.","*Brunello Admin"
2014-07-18,"Adam Hoyle",0.5,"draft email to Electrochemical Society estimate",,,"Brunello, Inc.","*Brunello Admin"
2014-07-18,"Adam Hoyle",1.5,"Electrochemical Society estimate",,,"Brunello, Inc.","*Brunello Admin"
2014-07-17,"Adam Hoyle",0.5,"review electro proposal and final imaginatik estimate",,,"Brunello, Inc.","*Brunello Admin"
2014-07-17,"Adam Hoyle",0.75,"review electro chemical estimate",,,"Brunello, Inc.","*Brunello Admin"
2014-07-17,"Adam Hoyle",1.25,"review imaginatik estimate",,,"Brunello, Inc.","*Brunello Admin"
2014-07-15,"Adam Hoyle",0.5,"meet with Paychex guys",,,"Brunello, Inc.","*Brunello Admin"
2014-07-14,"Adam Hoyle",1.0,,,,"Brunello, Inc.","*Brunello Admin"
2014-07-14,"Adam Hoyle",1.0,"meeting at Imaginatik",,,"Brunello, Inc.","*Brunello Admin"
2014-07-14,"Adam Hoyle",0.75,"process email, review projects and priorities for day/week",,,"Brunello, Inc.","*Brunello Admin"
2014-07-10,"Adam Hoyle",1.0,"create DAM homepage slider and portfolio shot, add to site",,,"Brunello, Inc.","*Brunello Admin"
2014-07-09,"Adam Hoyle",1.75,"followups, email and knocking out misc. old todos.",,,"Brunello, Inc.","*Brunello Admin"
2014-07-07,"Adam Hoyle",3.25,"billing and accounts review",,,"Brunello, Inc.","*Brunello Admin"
2014-07-07,"Adam Hoyle",0.5,"QB and review billing",,,"Brunello, Inc.","*Brunello Admin"
2014-06-27,"Adam Hoyle",0.75,"review EW app specs and provide rough estimate/timeline for eric g.",,,"Brunello, Inc.","*Brunello Admin"
2014-06-24,"Adam Hoyle",0.75,"review projects, update basecamp, process email",,,"Brunello, Inc.","*Brunello Admin"
2014-06-23,"Adam Hoyle",1.75,"process email, prioritize work, misc. email followups and client comm.",,,"Brunello, Inc.","*Brunello Admin"
2014-06-18,"Adam Hoyle",0.75,"email paychex, review project priorities and todos, plan day",,,"Brunello, Inc.","*Brunello Admin"
2014-06-17,"Adam Hoyle",0.5,"review account charges from paychex error and request audit",,,"Brunello, Inc.","*Brunello Admin"
2014-06-17,"Adam Hoyle",0.5,"review projects and priorities, plan day, send emails",,,"Brunello, Inc.","*Brunello Admin"
2014-06-16,"Adam Hoyle",1.0,"billing, QA, send out invoices, upload to catalyst",,,"Brunello, Inc.","*Brunello Admin"
2014-06-16,"Adam Hoyle",0.5,"weekly kickoff meeting",,,"Brunello, Inc.","*Brunello Admin"
2014-06-13,"Adam Hoyle",0.75,"review hours on bicycling and respond to steve yeakel",,,"Brunello, Inc.","*Brunello Admin"
2014-06-12,"Adam Hoyle",0.75,"billing",,,"Brunello, Inc.","*Brunello Admin"
2014-06-12,"Adam Hoyle",0.5,"review projects and priorities, plan day",,,"Brunello, Inc.","*Brunello Admin"
2014-06-11,"Adam Hoyle",0.5,"bank, QB, billing",,,"Brunello, Inc.","*Brunello Admin"
2014-06-10,"Adam Hoyle",0.5,"review projects and priorities, plan day",,,"Brunello, Inc.","*Brunello Admin"
2014-06-09,"Adam Hoyle",0.5,"update Sasaki retainer agreement, generate invoice, send to Will",,,"Brunello, Inc.","*Brunello Admin"
2014-06-03,"Adam Hoyle",0.75,"Deposits and QB",,,"Brunello, Inc.","*Brunello Admin"
2014-05-29,"Adam Hoyle",0.5,"Review projects and prioritize",,,"Brunello, Inc.","*Brunello Admin"
2014-05-21,"Adam Hoyle",0.75,"tally bike hours, create invoice, send to Yeakel, submit to Catalyst",,,"Brunello, Inc.","*Brunello Admin"
2014-05-19,"Adam Hoyle",1.0,"setup chapman's email address, basecamp, etc.",,,"Brunello, Inc.","*Brunello Admin"
2014-05-19,"Adam Hoyle",0.25,"BoA, QB",,,"Brunello, Inc.","*Brunello Admin"
2014-05-19,"Adam Hoyle",0.5,"weekly kickoff",,,"Brunello, Inc.","*Brunello Admin"
2014-05-16,"Adam Hoyle",0.5,"review proposal",,,"Brunello, Inc.","*Brunello Admin"
2014-05-15,"Adam Hoyle",0.75,"misc. email and project coord., prioritize work.",,,"Brunello, Inc.","*Brunello Admin"
2014-05-14,"Adam Hoyle",0.75,"review GP projects",,,"Brunello, Inc.","*Brunello Admin"
2014-05-14,"Adam Hoyle",0.75,"emails and client communication, review projects and priorities",,,"Brunello, Inc.","*Brunello Admin"
2014-05-12,"Adam Hoyle",0.5,"weekly kickoff meeting",,,"Brunello, Inc.","*Brunello Admin"
2014-05-08,"Adam Hoyle",0.75,"review projects, prioritize",,,"Brunello, Inc.","*Brunello Admin"
2014-05-07,"Adam Hoyle",0.75,"billing",,,"Brunello, Inc.","*Brunello Admin"
2014-05-05,"Adam Hoyle",1.5,"billing and QB updates",,,"Brunello, Inc.","*Brunello Admin"
2014-05-05,"Adam Hoyle",0.25,"weekly project meeting",,,"Brunello, Inc.","*Brunello Admin"
2014-04-30,"Adam Hoyle",1.5,"review and discuss priorities with John",,,"Brunello, Inc.","*Brunello Admin"
2014-04-28,"Adam Hoyle",1.25,"process email, review organize priorities and todos",,,"Brunello, Inc.","*Brunello Admin"
2014-04-16,"Adam Hoyle",0.5,"review projects, deadlines, todos and priorities",,,"Brunello, Inc.","*Brunello Admin"
2014-04-14,"Adam Hoyle",0.5,"assist Aisling with CMS login, server, FTP, db and control panel details",,,"Brunello, Inc.","*Brunello Admin"
2014-04-14,"Adam Hoyle",0.25,"review AR, QA updates",,,"Brunello, Inc.","*Brunello Admin"
2014-04-14,"Adam Hoyle",0.5,"weekly kickoff meeting",,,"Brunello, Inc.","*Brunello Admin"
2014-04-11,"Adam Hoyle",3.25,"process email",,,"Brunello, Inc.","*Brunello Admin"
2014-04-11,"Adam Hoyle",0.5,"review projects and prioritize",,,"Brunello, Inc.","*Brunello Admin"
2014-04-09,"Adam Hoyle",1.25,"heartbleed research",,,"Brunello, Inc.","*Brunello Admin"
2014-04-09,"Adam Hoyle",0.5,"tally hours for Bicycling",,,"Brunello, Inc.","*Brunello Admin"
2014-04-08,"Adam Hoyle",0.75,"research and test all sites/servers for HeartBleed",,,"Brunello, Inc.","*Brunello Admin"
2014-04-07,"Adam Hoyle",0.5,"weekly planning meeting",,,"Brunello, Inc.","*Brunello Admin"
2014-04-06,"Adam Hoyle",1.25,"nicole's billing",,,"Brunello, Inc.","*Brunello Admin"
2014-04-04,"Adam Hoyle",1.25,"email and task organization, prioritization",,,"Brunello, Inc.","*Brunello Admin"
2014-04-02,"Adam Hoyle",2.5,"catchup on emails",,,"Brunello, Inc.","*Brunello Admin"
2014-04-01,"Adam Hoyle",1.0,"billing",,,"Brunello, Inc.","*Brunello Admin"
2014-04-01,"Adam Hoyle",1.5,"tour office",,,"Brunello, Inc.","*Brunello Admin"
2014-03-31,"Adam Hoyle",0.5,"billing and QB",,,"Brunello, Inc.","*Brunello Admin"
2014-03-31,"Adam Hoyle",0.5,"weekly meeting",,,"Brunello, Inc.","*Brunello Admin"
2014-03-28,"Adam Hoyle",0.75,"call with GP re: proposal",,,"Brunello, Inc.","*Brunello Admin"
2014-03-26,"Adam Hoyle",0.25,"organize and move samples for GP",,,"Brunello, Inc.","*Brunello Admin"
2014-03-26,"Adam Hoyle",0.5,"client folder migration",,,"Brunello, Inc.","*Brunello Admin"
2014-03-26,"Adam Hoyle",0.75,"email",,,"Brunello, Inc.","*Brunello Admin"
2014-03-26,"Adam Hoyle",0.5,"organize and review projects, basecamp and todos",,,"Brunello, Inc.","*Brunello Admin"
2014-03-25,"Adam Hoyle",0.5,"server files migration",,,"Brunello, Inc.","*Brunello Admin"
2014-03-25,"Adam Hoyle",0.25,"QB and quick review of billing",,,"Brunello, Inc.","*Brunello Admin"
2014-03-25,"Adam Hoyle",0.25,"review GP estimate",,,"Brunello, Inc.","*Brunello Admin"
2014-03-24,"Adam Hoyle",0.75,"email, basecamp, project cleanup and review",,,"Brunello, Inc.","*Brunello Admin"
2014-03-24,"Adam Hoyle",2.0,"process email",,,"Brunello, Inc.","*Brunello Admin"
2014-03-24,"Adam Hoyle",0.5,"review project, organize and prioritize",,,"Brunello, Inc.","*Brunello Admin"
2014-03-24,"Adam Hoyle",0.75,"weekly kickoff meeting",,,"Brunello, Inc.","*Brunello Admin"
2014-03-20,"Adam Hoyle",0.5,"organize and prioritize",,,"Brunello, Inc.","*Brunello Admin"
2014-03-20,"Adam Hoyle",0.5,"QB, create invoice for Bally DB, make hosting invoices recurring",,,"Brunello, Inc.","*Brunello Admin"
2014-03-19,"Adam Hoyle",0.25,"todos, project reviews, prioritization",,,"Brunello, Inc.","*Brunello Admin"
2014-03-17,"Adam Hoyle",0.5,"weekly meeting",,,"Brunello, Inc.","*Brunello Admin"
2014-03-14,"Adam Hoyle",0.5,"QB deposits",,,"Brunello, Inc.","*Brunello Admin"
2014-03-11,"Adam Hoyle",0.25,"Project coordination and emails",,,"Brunello, Inc.","*Brunello Admin"
2014-03-10,"Adam Hoyle",0.5,"process email, prioritize todos, update basecamp,",,,"Brunello, Inc.","*Brunello Admin"
2014-03-10,"Adam Hoyle",0.25,"weekly kickoff meeting",,,"Brunello, Inc.","*Brunello Admin"
2014-03-06,"Adam Hoyle",0.5,"SoW for Bike dev",,,"Brunello, Inc.","*Brunello Admin"
2014-03-05,"Adam Hoyle",0.5,"deposits, QB",,,"Brunello, Inc.","*Brunello Admin"
2014-03-05,"Adam Hoyle",0.25,"review CM estimate",,,"Brunello, Inc.","*Brunello Admin"
2014-03-05,"Adam Hoyle",0.25,"research and book passes for AEA",,,"Brunello, Inc.","*Brunello Admin"
2014-03-04,"Adam Hoyle",1.25,"organize projects and todos, review brunello portfolio shots from jess",,,"Brunello, Inc.","*Brunello Admin"
2014-03-04,"Adam Hoyle",2.0,"report Bicycling hours to Steve Yeakel (going forward, this will be billable but it took some time to re-categorize all of the hours)",,,"Brunello, Inc.","*Brunello Admin"
2014-03-04,"Adam Hoyle",1.75,"Update Rodale MSA and Bike estiamte per Steve Yeakel",,,"Brunello, Inc.","*Brunello Admin"
2014-03-04,"Adam Hoyle",0.25,"QB work, create invoice for Nicole",,,"Brunello, Inc.","*Brunello Admin"
2014-03-03,"Adam Hoyle",0.75,"basecamp updates project organization",,,"Brunello, Inc.","*Brunello Admin"
2014-03-03,"Adam Hoyle",1.25,"process emails, send out invoices, update basecamp",,,"Brunello, Inc.","*Brunello Admin"
2014-03-03,"Adam Hoyle",0.5,"weekly project rundown meeting",,,"Brunello, Inc.","*Brunello Admin"
2014-03-02,"Adam Hoyle",1.5,"billing",,,"Brunello, Inc.","*Brunello Admin"
2014-02-28,"Adam Hoyle",1.0,"billing",,,"Brunello, Inc.","*Brunello Admin"
2014-02-28,"Adam Hoyle",0.75,"process emails, organize and prioritize",,,"Brunello, Inc.","*Brunello Admin"
2014-02-27,"Adam Hoyle",0.25,"process email, organize and prioritize to-dos",,,"Brunello, Inc.","*Brunello Admin"
2014-02-26,"Adam Hoyle",1.0,"review and audit hours and expenses",,,"Brunello, Inc.","*Brunello Admin"
2014-02-24,"Adam Hoyle",0.25,"domain and email support for Aisling and Dr. Frank, send out invoices for web hosting",,,"Brunello, Inc.","*Brunello Admin"
2014-02-24,"Adam Hoyle",1.0,"domain and email support for Aisling and Dr. Frank, send out invoices for web hosting",,,"Brunello, Inc.","*Brunello Admin"
2014-02-24,"Adam Hoyle",1.5,"domain and email support for Aisling and Dr. Frank, send out invoices for web hosting",,,"Brunello, Inc.","*Brunello Admin"
2014-02-24,"Adam Hoyle",0.5,"weekly meeting",,,"Brunello, Inc.","*Brunello Admin"
2014-02-20,"Adam Hoyle",0.5,"WH responsive estimate",,,"Brunello, Inc.","*Brunello Admin"
2014-02-20,"Adam Hoyle",0.75,"Review projects, to-dos, and update Basecamp",,,"Brunello, Inc.","*Brunello Admin"
2014-02-18,"Adam Hoyle",0.75,"billing",,,"Brunello, Inc.","*Brunello Admin"
2014-02-18,"Adam Hoyle",0.5,"weekly FunFest meeting",,,"Brunello, Inc.","*Brunello Admin"
2014-02-18,"Adam Hoyle",0.5,"organize and prioritize projects and todos for the week",,,"Brunello, Inc.","*Brunello Admin"
2014-02-13,"Adam Hoyle",0.25,"QB",,,"Brunello, Inc.","*Brunello Admin"
2014-02-12,"Adam Hoyle",0.75,"emails",,,"Brunello, Inc.","*Brunello Admin"
2014-02-11,"Adam Hoyle",0.75,"call w/ College Mansion",,,"Brunello, Inc.","*Brunello Admin"
2014-02-11,"Adam Hoyle",0.75,"cleanup to-do lists",,,"Brunello, Inc.","*Brunello Admin"
2014-02-11,"Adam Hoyle",0.25,"email followups, update Assembla CC info and other accounts with new card",,,"Brunello, Inc.","*Brunello Admin"
2014-02-10,"Adam Hoyle",3.0,"OFFICE CLEANUP AND REARRANGE",,,"Brunello, Inc.","*Brunello Admin"
2014-02-10,"Adam Hoyle",1.0,"team meeting",,,"Brunello, Inc.","*Brunello Admin"
2014-02-10,"Adam Hoyle",1.5,"estimate for Bicycling.com",,,"Brunello, Inc.","*Brunello Admin"
2014-02-05,"Adam Hoyle",0.75,"new biz followups",,,"Brunello, Inc.","*Brunello Admin"
2014-02-05,"Adam Hoyle",1.25,"review, organize, prioritize",,,"Brunello, Inc.","*Brunello Admin"
2014-02-04,"Adam Hoyle",0.25,"billing",,,"Brunello, Inc.","*Brunello Admin"
2014-01-31,"Adam Hoyle",2.0,"estimate for Bitsight",,,"Brunello, Inc.","*Brunello Admin"
2014-01-31,"Adam Hoyle",0.5,"call w/ Bicycling.com",,,"Brunello, Inc.","*Brunello Admin"
2014-01-31,"Adam Hoyle",0.5,"new biz followups, emails and call scheduling",,,"Brunello, Inc.","*Brunello Admin"
2014-01-30,"Adam Hoyle",0.25,"call w/ KD re: Bicycling.com",,,"Brunello, Inc.","*Brunello Admin"
2014-01-29,"Adam Hoyle",0.5,"1099s",,,"Brunello, Inc.","*Brunello Admin"
2014-01-28,"Adam Hoyle",0.75,"install wiki on local server",,,"Brunello, Inc.","*Brunello Admin"
2014-01-27,"Adam Hoyle",0.75,"emails and followups",,,"Brunello, Inc.","*Brunello Admin"
2014-01-27,"Adam Hoyle",1.0,"call w/ BitSight",,,"Brunello, Inc.","*Brunello Admin"
2014-01-27,"Adam Hoyle",0.75,"meet w/ Nicole, process email, review billing",,,"Brunello, Inc.","*Brunello Admin"
2014-01-22,"Adam Hoyle",1.5,"process and respond to emails, followup with clients, etc.",,,"Brunello, Inc.","*Brunello Admin"
2014-01-21,"Adam Hoyle",1.0,"Lunch meeting with Nicole and Balsam",,,"Brunello, Inc.","*Brunello Admin"
2014-01-21,"Adam Hoyle",0.5,"process and respond to emails",,,"Brunello, Inc.","*Brunello Admin"
2014-01-16,"Adam Hoyle",0.5,"process email",,,"Brunello, Inc.","*Brunello Admin"
2014-01-15,"Adam Hoyle",0.75,"research, download, install, test RemotePreview",,,"Brunello, Inc.","*Brunello Admin"
2014-01-15,"Adam Hoyle",1.75,"Close out A/R for 2013",,,"Brunello, Inc.","*Brunello Admin"
2014-01-14,"Adam Hoyle",1.0,"update A/R and BC",,,"Brunello, Inc.","*Brunello Admin"
2014-01-14,"Adam Hoyle",0.25,"add brunello designs to Notable for Nicole to write copy",,,"Brunello, Inc.","*Brunello Admin"
2014-01-14,"Adam Hoyle",0.25,"respond to LION emails for FTP and CMS accounts.",,,"Brunello, Inc.","*Brunello Admin"
2014-01-10,"Adam Hoyle",0.5,"process email",,,"Brunello, Inc.","*Brunello Admin"
2014-01-10,"Adam Hoyle",0.5,"email sasaki re: upgrade",,,"Brunello, Inc.","*Brunello Admin"
2014-01-09,"Adam Hoyle",0.75,"billing",,,"Brunello, Inc.","*Brunello Admin"
2014-01-08,"Adam Hoyle",1.0,"process email",,,"Brunello, Inc.","*Brunello Admin"
2014-01-07,"Adam Hoyle",1.25,"install directus 5.1.b and respond to Will with estimate for upgrade.",,,"Brunello, Inc.","*Brunello Admin"
2014-01-07,"Adam Hoyle",0.75,"sasaki estimate",,,"Brunello, Inc.","*Brunello Admin"
2014-01-06,"Adam Hoyle",0.75,"process email",,,"Brunello, Inc.","*Brunello Admin"
2014-01-06,"Adam Hoyle",0.5,"email",,,"Brunello, Inc.","*Brunello Admin"
2014-01-06,"Adam Hoyle",0.75,"QB and billing",,,"Brunello, Inc.","*Brunello Admin"
2014-01-06,"Adam Hoyle",0.5,"emails, followups, new projects, Basecamp updates, etc.",,,"Brunello, Inc.","*Brunello Admin"
2014-01-06,"Adam Hoyle",0.5,"billing",,,"Brunello, Inc.","*Brunello Admin"
2014-01-02,"Adam Hoyle",2.0,"process email",,,"Brunello, Inc.","*Brunello Admin"
2014-01-02,"Adam Hoyle",0.5,"review and prioritize, outline tasks, assignments, meet with team",,,"Brunello, Inc.","*Brunello Admin"
2013-12-31,"Adam Hoyle",1.0,"billing",,,"Brunello, Inc.","*Brunello Admin"
2013-12-18,"Adam Hoyle",4.0,"banking and accounts",,,"Brunello, Inc.","*Brunello Admin"
2013-12-18,"Adam Hoyle",1.25,"",,,"Brunello, Inc.","*Brunello Admin"
2013-12-17,"Adam Hoyle",1.0,,,,"Brunello, Inc.","*Brunello Admin"
2013-12-16,"Adam Hoyle",1.75,"reconcile accounts",,,"Brunello, Inc.","*Brunello Admin"
2013-12-16,"Adam Hoyle",1.0,"create and send invoices",,,"Brunello, Inc.","*Brunello Admin"
2013-12-16,"Adam Hoyle",0.5,"review and prioritize outstanding projects and work...",,,"Brunello, Inc.","*Brunello Admin"
2013-12-13,"Adam Hoyle",2.25,"account review and track down RS account info and adobe to look into charges",,,"Brunello, Inc.","*Brunello Admin"
2013-12-12,"Adam Hoyle",2.5,"continue year end review of billing",,,"Brunello, Inc.","*Brunello Admin"
2013-12-11,"Adam Hoyle",2.5,"meeting at ContentLEAD",,,"Brunello, Inc.","*Brunello Admin"
2013-12-09,"Adam Hoyle",2.25,"billing/AR/QB",,,"Brunello, Inc.","*Brunello Admin"
2013-12-09,"Adam Hoyle",5.5,"review billing, AR, go through all of QB and find missing invoice(s)/payments",,,"Brunello, Inc.","*Brunello Admin"
2013-12-06,"Adam Hoyle",0.5,"sasaki retainer estimate and emails",,,"Brunello, Inc.","*Brunello Admin"
2013-12-05,"Adam Hoyle",0.25,"call with SMH",,,"Brunello, Inc.","*Brunello Admin"
2013-12-05,"Adam Hoyle",0.25,"update sasaki retainer estimate",,,"Brunello, Inc.","*Brunello Admin"
2013-12-05,"Adam Hoyle",1.5,"fix iMac (clone disk, reformat, re-clone)",,,"Brunello, Inc.","*Brunello Admin"
2013-12-05,"Adam Hoyle",0.75,"review Nov.",,,"Brunello, Inc.","*Brunello Admin"
2013-12-04,"Adam Hoyle",0.75,"misc. new/potential project setup and client emails",,,"Brunello, Inc.","*Brunello Admin"
2013-12-04,"Adam Hoyle",0.5,"client emails",,,"Brunello, Inc.","*Brunello Admin"
2013-12-03,"Adam Hoyle",0.75,"email to Will at Sasaki with project recap, hours and costs",,,"Brunello, Inc.","*Brunello Admin"
2013-12-03,"Adam Hoyle",1.0,"email to John V at SMH",,,"Brunello, Inc.","*Brunello Admin"
2013-12-02,"Adam Hoyle",3.0,"billing, QB updates, send invoices",,,"Brunello, Inc.","*Brunello Admin"
2013-11-27,"Adam Hoyle",1.0,"emails",,,"Brunello, Inc.","*Brunello Admin"
2013-11-26,"Adam Hoyle",1.25,"process email, new business followups, client emails",,,"Brunello, Inc.","*Brunello Admin"
2013-11-21,"Adam Hoyle",0.5,"call w/ SMH",,,"Brunello, Inc.","*Brunello Admin"
2013-11-21,"Adam Hoyle",2.5,"mental health proposal",,,"Brunello, Inc.","*Brunello Admin"
2013-11-15,"Adam Hoyle",0.5,"finish F&I migration",,,"Brunello, Inc.","*Brunello Admin"
2013-11-15,"Adam Hoyle",0.5,"review Mental Health proposal",,,"Brunello, Inc.","*Brunello Admin"
2013-11-15,"Adam Hoyle",0.25,"review Mental Health",,,"Brunello, Inc.","*Brunello Admin"
2013-11-14,"Adam Hoyle",1.0,"admin",,,"Brunello, Inc.","*Brunello Admin"
2013-11-13,"Adam Hoyle",1.25,"emails and followups",,,"Brunello, Inc.","*Brunello Admin"
2013-11-12,"Adam Hoyle",0.75,"linkwell account reconciliation",,,"Brunello, Inc.","*Brunello Admin"
2013-11-12,"Adam Hoyle",1.0,"chat with Mike, password changes",,,"Brunello, Inc.","*Brunello Admin"
2013-11-08,"Adam Hoyle",1.0,"call w/ Dominica re: coding for Rodale digital editions",,,"Brunello, Inc.","*Brunello Admin"
2013-10-31,"Adam Hoyle",0.75,"review OTW proposal, create DAM page",,,"Brunello, Inc.","*Brunello Admin"
2013-10-29,"Adam Hoyle",0.5,"feather and ink migration",,,"Brunello, Inc.","*Brunello Admin"
2013-10-29,"Adam Hoyle",0.5,"pull database dump, move to RS",,,"Brunello, Inc.","*Brunello Admin"
2013-10-29,"Adam Hoyle",1.75,"re-create DNS records from hostway to rackspace",,,"Brunello, Inc.","*Brunello Admin"
2013-10-29,"Adam Hoyle",0.75,"move Brunello website to rackspace",,,"Brunello, Inc.","*Brunello Admin"
2013-10-28,"Adam Hoyle",1.0,"process email, prioritize",,,"Brunello, Inc.","*Brunello Admin"
2013-10-22,"Adam Hoyle",0.5,"Call w/ On the Water",,,"Brunello, Inc.","*Brunello Admin"
2013-10-21,"Adam Hoyle",0.75,"invoice template",,,"Brunello, Inc.","*Brunello Admin"
2013-10-17,"Adam Hoyle",4.0,"myngl comps",,,"Brunello, Inc.","*Brunello Admin"
2013-10-07,"Adam Hoyle",8.0,"meeting in NY with Myngl",,,"Brunello, Inc.","*Brunello Admin"
2013-10-04,"Adam Hoyle",0.25,"ne biz call w/ MMIS",,,"Brunello, Inc.","*Brunello Admin"
2013-10-04,"Adam Hoyle",3.0,"myngl presentation wires",,,"Brunello, Inc.","*Brunello Admin"
2013-10-03,"Adam Hoyle",0.5,"estimate and email for sasaki directus login overhaul",,,"Brunello, Inc.","*Brunello Admin"
2013-10-02,"Adam Hoyle",2.25,"work on myngl presentation",,,"Brunello, Inc.","*Brunello Admin"
2013-10-01,"Adam Hoyle",0.75,"git training",,,"Brunello, Inc.","*Brunello Admin"
2013-10-01,"Adam Hoyle",0.5,"process email",,,"Brunello, Inc.","*Brunello Admin"
2013-10-01,"Adam Hoyle",0.5,"git training",,,"Brunello, Inc.","*Brunello Admin"
2013-09-30,"Adam Hoyle",0.5,"git training",,,"Brunello, Inc.","*Brunello Admin"
2013-09-30,"Adam Hoyle",1.0,"got training",,,"Brunello, Inc.","*Brunello Admin"
2013-09-27,"Adam Hoyle",1.0,"git training",,,"Brunello, Inc.","*Brunello Admin"
2013-09-27,"Adam Hoyle",1.5,"process email, review todos, prioritize",,,"Brunello, Inc.","*Brunello Admin"
2013-09-25,"Adam Hoyle",0.5,"resend login for QB online for Lorie",,,"Brunello, Inc.","*Brunello Admin"
2013-09-25,"Adam Hoyle",0.25,"process emails, client communication",,,"Brunello, Inc.","*Brunello Admin"
2013-09-23,"Adam Hoyle",1.0,"call w/ PSD",,,"Brunello, Inc.","*Brunello Admin"
2013-09-19,"Adam Hoyle",1.0,"misc. emails and followups, review tasks and projects, client emails",,,"Brunello, Inc.","*Brunello Admin"
2013-09-18,"Adam Hoyle",2.0,"iris coty estimate",,,"Brunello, Inc.","*Brunello Admin"
2013-09-18,"Adam Hoyle",0.5,"estimate for iris, coty work",,,"Brunello, Inc.","*Brunello Admin"
2013-09-17,"Adam Hoyle",0.25,"respond to emails and followups with CM, PSD, MynGL",,,"Brunello, Inc.","*Brunello Admin"
2013-09-17,"Adam Hoyle",0.5,"review and prioritize, process email, misc. client and new biz followups",,,"Brunello, Inc.","*Brunello Admin"
2013-09-17,"Adam Hoyle",0.75,"call w/ Katherine at iris, review estiamtes and try to gain access to Coty.com",,,"Brunello, Inc.","*Brunello Admin"
2013-09-16,"Adam Hoyle",0.5,"review myngl proposal, draft and send email",,,"Brunello, Inc.","*Brunello Admin"
2013-09-16,"Adam Hoyle",0.25,"review myngl proposal",,,"Brunello, Inc.","*Brunello Admin"
2013-09-16,"Adam Hoyle",2.75,"finish Myngl proposal",,,"Brunello, Inc.","*Brunello Admin"
2013-09-13,"Adam Hoyle",0.25,"call Katherine at iris",,,"Brunello, Inc.","*Brunello Admin"
2013-09-12,"Adam Hoyle",0.25,"estimate for iris, Coty updates",,,"Brunello, Inc.","*Brunello Admin"
2013-09-11,"Adam Hoyle",2.75,"myngl proposal",,,"Brunello, Inc.","*Brunello Admin"
2013-09-11,"Adam Hoyle",0.25,"updates to AER proposal and send to Brenda",,,"Brunello, Inc.","*Brunello Admin"
2013-09-11,"Adam Hoyle",0.5,"meet with Jay, Nicole, Jess re: Citizens doc, review final",,,"Brunello, Inc.","*Brunello Admin"
2013-09-10,"Adam Hoyle",1.25,"review project requirements for the myngl",,,"Brunello, Inc.","*Brunello Admin"
2013-09-10,"Adam Hoyle",1.0,"call with Brenda at AER",,,"Brunello, Inc.","*Brunello Admin"
2013-09-09,"Adam Hoyle",0.5,"review billing, followup on unpaid, update basecamp",,,"Brunello, Inc.","*Brunello Admin"
2013-09-09,"Adam Hoyle",0.5,"process email, plan and prioritize",,,"Brunello, Inc.","*Brunello Admin"
2013-09-06,"Adam Hoyle",0.5,"finalize AER proposal",,,"Brunello, Inc.","*Brunello Admin"
2013-09-06,"Adam Hoyle",2.75,"finish draft proposal for AER",,,"Brunello, Inc.","*Brunello Admin"
2013-09-06,"Adam Hoyle",0.25,"process email",,,"Brunello, Inc.","*Brunello Admin"
2013-09-05,"Adam Hoyle",0.75,"process email",,,"Brunello, Inc.","*Brunello Admin"
2013-09-05,"Adam Hoyle",1.5,"start proposal for AER",,,"Brunello, Inc.","*Brunello Admin"
2013-09-03,"Adam Hoyle",1.0,"review notes for AER call, call with Brenda from AER",,,"Brunello, Inc.","*Brunello Admin"
2013-08-30,"Adam Hoyle",0.5,"respond to AER, sign and return NDA, review existing site, prep for call",,,"Brunello, Inc.","*Brunello Admin"
2013-08-29,"Adam Hoyle",0.75,"email estimate for iris/coty work",,,"Brunello, Inc.","*Brunello Admin"
2013-08-28,"Adam Hoyle",0.5,"call w/ iris re: Coty.com updates",,,"Brunello, Inc.","*Brunello Admin"
2013-08-27,"Adam Hoyle",0.5,"review and tally billing",,,"Brunello, Inc.","*Brunello Admin"
2013-08-15,"Adam Hoyle",0.75,"review billing",,,"Brunello, Inc.","*Brunello Admin"
2013-08-13,"Adam Hoyle",0.5,"process email",,,"Brunello, Inc.","*Brunello Admin"
2013-08-13,"Adam Hoyle",0.75,"review billing",,,"Brunello, Inc.","*Brunello Admin"
2013-08-12,"Adam Hoyle",2.0,"meeting at Citizen's energy",,,"Brunello, Inc.","*Brunello Admin"
2013-07-30,"Adam Hoyle",0.5,"troubleshoot email",,,"Brunello, Inc.","*Brunello Admin"
2013-07-26,"Adam Hoyle",2.0,"troubleshoot email",,,"Brunello, Inc.","*Brunello Admin"
2013-07-17,"Adam Hoyle",0.75,"review Citizens Energy proposal",,,"Brunello, Inc.","*Brunello Admin"
2013-07-16,"Adam Hoyle",0.5,"send our June invoices",,,"Brunello, Inc.","*Brunello Admin"
2013-07-16,"Adam Hoyle",0.5,"cleanup old dreamhost accounts that are auto-renewing for old clients",,,"Brunello, Inc.","*Brunello Admin"
2013-07-15,"Adam Hoyle",2.0,,,,"Brunello, Inc.","*Brunello Admin"
2013-07-15,"Adam Hoyle",1.25,"billing",,,"Brunello, Inc.","*Brunello Admin"
2013-07-11,"Adam Hoyle",0.5,"process email",,,"Brunello, Inc.","*Brunello Admin"
2013-07-10,"Adam Hoyle",0.75,"update sasaki estimate",,,"Brunello, Inc.","*Brunello Admin"
2013-07-09,"Adam Hoyle",0.5,"process email",,,"Brunello, Inc.","*Brunello Admin"
2013-07-08,"Adam Hoyle",1.25,"process email",,,"Brunello, Inc.","*Brunello Admin"
2013-06-27,"Adam Hoyle",1.5,"edits to sasaki estimates and retainer agreement, cleanup Sasaki Phase 1 project and create new Phase 2 and retainer project",,,"Brunello, Inc.","*Brunello Admin"
2013-06-26,"Adam Hoyle",0.75,"call w/ Sasaki re: Phase 2 and retainer",,,"Brunello, Inc.","*Brunello Admin"
2013-06-26,"Adam Hoyle",0.5,"cleanup and organize files, install software updates, backup",,,"Brunello, Inc.","*Brunello Admin"
2013-06-25,"Adam Hoyle",0.25,"check backup server",,,"Brunello, Inc.","*Brunello Admin"
2013-06-25,"Adam Hoyle",3.0,"estimates",,,"Brunello, Inc.","*Brunello Admin"
2013-06-25,"Adam Hoyle",1.0,"learning git for sasaki",,,"Brunello, Inc.","*Brunello Admin"
2013-06-24,"Adam Hoyle",0.5,"check all pingdom and RS alerts, notifications, etc.",,,"Brunello, Inc.","*Brunello Admin"
2013-06-20,"Adam Hoyle",1.5,"draft retainer agreement for sasaki",,,"Brunello, Inc.","*Brunello Admin"
2013-06-19,"Adam Hoyle",0.5,"estimate for out of scope Bosch work",,,"Brunello, Inc.","*Brunello Admin"
2013-06-18,"Adam Hoyle",3.25,"estimate for sasaki phase 2",,,"Brunello, Inc.","*Brunello Admin"
2013-06-17,"Adam Hoyle",0.25,"review, followup and update billing",,,"Brunello, Inc.","*Brunello Admin"
2013-06-17,"Adam Hoyle",0.5,"create new biz prospecting list",,,"Brunello, Inc.","*Brunello Admin"
2013-06-12,"Adam Hoyle",1.25,"portfolio list, image capture for testing creation of demo video",,,"Brunello, Inc.","*Brunello Admin"
2013-06-10,"Adam Hoyle",0.5,"call w/ Sasaki re: Phase 2",,,"Brunello, Inc.","*Brunello Admin"
2013-06-07,"Adam Hoyle",1.25,"May billing",,,"Brunello, Inc.","*Brunello Admin"
2013-06-05,"Adam Hoyle",0.5,"usability prep",,,"Brunello, Inc.","*Brunello Admin"
2013-06-05,"Adam Hoyle",0.75,"usability prep",,,"Brunello, Inc.","*Brunello Admin"
2013-06-05,"Adam Hoyle",0.5,"respond to iris firedrill",,,"Brunello, Inc.","*Brunello Admin"
2013-06-05,"Adam Hoyle",0.5,"usability prep",,,"Brunello, Inc.","*Brunello Admin"
2013-06-03,"Adam Hoyle",0.5,"email Jill about her new schedule",,,"Brunello, Inc.","*Brunello Admin"
2013-05-30,"Adam Hoyle",1.25,"process email",,,"Brunello, Inc.","*Brunello Admin"
2013-05-30,"Adam Hoyle",0.5,"review contract from Winhall",,,"Brunello, Inc.","*Brunello Admin"
2013-05-28,"Adam Hoyle",0.75,"estimate for sasaki out of scope work",,,"Brunello, Inc.","*Brunello Admin"
2013-05-16,"Adam Hoyle",1.25,"process email, followup on billing and new projects",,,"Brunello, Inc.","*Brunello Admin"
2013-05-15,"Adam Hoyle",0.75,"review notes for call with brendan, review PSD notes.",,,"Brunello, Inc.","*Brunello Admin"
2013-05-13,"Adam Hoyle",2.25,"estimate for iris, Bosche landing page/site",,,"Brunello, Inc.","*Brunello Admin"
2013-05-10,"Adam Hoyle",0.5,"review iris project",,,"Brunello, Inc.","*Brunello Admin"
2013-05-08,"Adam Hoyle",0.5,"review and update billing, review and update basecamp projects for ST",,,"Brunello, Inc.","*Brunello Admin"
2013-05-07,"Adam Hoyle",0.75,"update billing, close out projects, review nicole's billing",,,"Brunello, Inc.","*Brunello Admin"
2013-05-06,"Adam Hoyle",0.75,"review April billing",,,"Brunello, Inc.","*Brunello Admin"
2013-05-03,"Adam Hoyle",1.75,"process email, organize for usability test recruiting, review billing",,,"Brunello, Inc.","*Brunello Admin"
2013-05-02,"Adam Hoyle",0.75,"review and prep billing",,,"Brunello, Inc.","*Brunello Admin"
2013-04-29,"Adam Hoyle",0.75,"review billing",,,"Brunello, Inc.","*Brunello Admin"
2013-04-22,"Adam Hoyle",3.5,"estimate for SPD",,,"Brunello, Inc.","*Brunello Admin"
2013-04-22,"Adam Hoyle",1.5,"review priorities, coordinate projects for the week",,,"Brunello, Inc.","*Brunello Admin"
2013-04-18,"Adam Hoyle",8.0,"usability workshop",,,"Brunello, Inc.","*Brunello Admin"
2013-04-15,"Adam Hoyle",1.25,"estimate for Beyonce, process email",,,"Brunello, Inc.","*Brunello Admin"
2013-04-04,"Adam Hoyle",0.75,"process email, meet w/ Kyle re: RWD",,,"Brunello, Inc.","*Brunello Admin"
2013-04-02,"Adam Hoyle",1.0,"lunch w/ Mike",,,"Brunello, Inc.","*Brunello Admin"
2013-04-01,"Adam Hoyle",0.25,"respond to Justin at FanPool",,,"Brunello, Inc.","*Brunello Admin"
2013-04-01,"Adam Hoyle",0.25,"estimate for College Mansion",,,"Brunello, Inc.","*Brunello Admin"
2013-04-01,"Adam Hoyle",0.75,"update basecamp billed projects, review upcoming",,,"Brunello, Inc.","*Brunello Admin"
2013-04-01,"Adam Hoyle",0.25,"send out March billing",,,"Brunello, Inc.","*Brunello Admin"
2013-03-27,"Adam Hoyle",1.5,"review business plan for fanpoolit, work on proposal",,,"Brunello, Inc.","*Brunello Admin"
2013-03-26,"Adam Hoyle",0.75,"emails",,,"Brunello, Inc.","*Brunello Admin"
2013-03-25,"Adam Hoyle",2.25,"billing, review AR",,,"Brunello, Inc.","*Brunello Admin"
2013-03-22,"Adam Hoyle",1.25,"process email, call tufts, review billin",,,"Brunello, Inc.","*Brunello Admin"
2013-03-21,"Adam Hoyle",0.5,"call w/ Seth Lasser",,,"Brunello, Inc.","*Brunello Admin"
2013-03-20,"Adam Hoyle",0.5,"process email, orgnize to-dos",,,"Brunello, Inc.","*Brunello Admin"
2013-03-20,"Adam Hoyle",0.5,"call w/ Seth Lasser",,,"Brunello, Inc.","*Brunello Admin"
2013-03-18,"Adam Hoyle",2.75,"process email, update basecamp, organize and prioritize projects and to-dos",,,"Brunello, Inc.","*Brunello Admin"
2013-03-14,"Adam Hoyle",1.25,"estimate for TheMynGyl",,,"Brunello, Inc.","*Brunello Admin"
2013-03-13,"Adam Hoyle",0.5,"estimate for TheMynGyl",,,"Brunello, Inc.","*Brunello Admin"
2013-03-13,"Adam Hoyle",1.5,"respond to Mike Castro for Brunello year end corporate filings",,,"Brunello, Inc.","*Brunello Admin"
2013-03-11,"Adam Hoyle",0.5,"meet with Castro, drop off binders, send updated file",,,"Brunello, Inc.","*Brunello Admin"
2013-03-07,"Adam Hoyle",1.5,"process email, new biz - iris estimate, themyngl email, coordination, etc.",,,"Brunello, Inc.","*Brunello Admin"
2013-03-06,"Adam Hoyle",1.25,"process email, followup on new biz",,,"Brunello, Inc.","*Brunello Admin"
2013-03-05,"Adam Hoyle",0.5,"call w/ Seth re: themyngl",,,"Brunello, Inc.","*Brunello Admin"
2013-03-04,"Adam Hoyle",1.0,"repsonse for Imaginatik re: retainer and SLA",,,"Brunello, Inc.","*Brunello Admin"
2013-03-04,"Adam Hoyle",1.5,"catch up on emails, send followups, etc.",,,"Brunello, Inc.","*Brunello Admin"
2013-03-04,"Adam Hoyle",1.25,"send out invoices, followup on unpaid invoices, review February billing",,,"Brunello, Inc.","*Brunello Admin"
2013-02-22,"Adam Hoyle",0.5,"billing",,,"Brunello, Inc.","*Brunello Admin"
2013-02-22,"Adam Hoyle",1.25,"process email",,,"Brunello, Inc.","*Brunello Admin"
2013-02-22,"Adam Hoyle",1.5,"imaginatik estimates",,,"Brunello, Inc.","*Brunello Admin"
2013-02-22,"Adam Hoyle",2.5,"sasaki estimate",,,"Brunello, Inc.","*Brunello Admin"
2013-02-21,"Adam Hoyle",2.0,"estimate for Katy Perry",,,"Brunello, Inc.","*Brunello Admin"
2013-02-21,"Adam Hoyle",1.5,"Git Lunch",,,"Brunello, Inc.","*Brunello Admin"
2013-02-21,"Adam Hoyle",1.0,"test Zap to sync Google doc to Basecamp for Sasaki",,,"Brunello, Inc.","*Brunello Admin"
2013-02-20,"Adam Hoyle",2.0,"process email, update basecamp",,,"Brunello, Inc.","*Brunello Admin"
2013-02-18,"Adam Hoyle",0.5,"review A/R aging and billing",,,"Brunello, Inc.","*Brunello Admin"
2013-02-13,"Adam Hoyle",0.75,"prep and call w/ Iris re: Katy Perry",,,"Brunello, Inc.","*Brunello Admin"
2013-02-13,"Adam Hoyle",1.25,"prep for meeting with Imaginatik",,,"Brunello, Inc.","*Brunello Admin"
2013-02-13,"Adam Hoyle",0.25,"type notes on BC and PM",,,"Brunello, Inc.","*Brunello Admin"
2013-02-12,"Adam Hoyle",1.25,"misc. emails, new biz, followups",,,"Brunello, Inc.","*Brunello Admin"
2013-02-12,"Adam Hoyle",0.75,"review billing",,,"Brunello, Inc.","*Brunello Admin"
2013-02-06,"Adam Hoyle",0.25,"estimate for college mansion",,,"Brunello, Inc.","*Brunello Admin"
2013-02-05,"Adam Hoyle",2.0,"meeting w/ Sasaki",,,"Brunello, Inc.","*Brunello Admin"
2013-02-04,"Adam Hoyle",1.25,"meeting prep - sasaki",,,"Brunello, Inc.","*Brunello Admin"
2013-01-30,"Adam Hoyle",1.5,"process email, send reference requests for sasaki project, followup with Hearst",,,"Brunello, Inc.","*Brunello Admin"
2013-01-30,"Adam Hoyle",0.5,"call w/ Dave Luber - College Mansion",,,"Brunello, Inc.","*Brunello Admin"
2013-01-30,"Adam Hoyle",1.0,"zip files and db for F&I",,,"Brunello, Inc.","*Brunello Admin"
2013-01-30,"Adam Hoyle",0.5,"call w/ Sasaki",,,"Brunello, Inc.","*Brunello Admin"
2013-01-29,"Adam Hoyle",0.5,"review 1099s, send W9s",,,"Brunello, Inc.","*Brunello Admin"
2013-01-29,"Adam Hoyle",0.75,"review closed project and Jan billing",,,"Brunello, Inc.","*Brunello Admin"
2013-01-28,"Adam Hoyle",1.5,"email",,,"Brunello, Inc.","*Brunello Admin"
2013-01-28,"Adam Hoyle",0.5,"setup new lamp server and document steps",,,"Brunello, Inc.","*Brunello Admin"
2013-01-23,"Adam Hoyle",0.5,"emails",,,"Brunello, Inc.","*Brunello Admin"
2013-01-22,"Adam Hoyle",1.0,"process and respond to emails, misc. project coordination",,,"Brunello, Inc.","*Brunello Admin"
2013-01-22,"Adam Hoyle",1.5,"estimate for Aisling",,,"Brunello, Inc.","*Brunello Admin"
2013-01-21,"Adam Hoyle",0.25,"new employee setup w/ Paychex",,,"Brunello, Inc.","*Brunello Admin"
2013-01-15,"Adam Hoyle",2.0,"hearst proposal",,,"Brunello, Inc.","*Brunello Admin"
2013-01-14,"Adam Hoyle",0.5,"review billing",,,"Brunello, Inc.","*Brunello Admin"
2013-01-14,"Adam Hoyle",0.5,"respond to emails and prioritze the day",,,"Brunello, Inc.","*Brunello Admin"
2013-01-11,"Adam Hoyle",0.75,"review handbook",,,"Brunello, Inc.","*Brunello Admin"
2013-01-10,"Adam Hoyle",2.25,"update employee handbook",,,"Brunello, Inc.","*Brunello Admin"
2013-01-09,"Adam Hoyle",0.5,"call w/ Hearst",,,"Brunello, Inc.","*Brunello Admin"
2013-01-07,"Adam Hoyle",0.75,"send out final 2012 invoices...",,,"Brunello, Inc.","*Brunello Admin"
2013-01-04,"Adam Hoyle",1.25,"quote for WH tag pages",,,"Brunello, Inc.","*Brunello Admin"
2013-01-03,"Adam Hoyle",0.75,"process email",,,"Brunello, Inc.","*Brunello Admin"
2013-01-02,"Adam Hoyle",4.5,"Review projects, prioritize, misc. project coordination, review end of year billing and AR, etc.",,,"Brunello, Inc.","*Brunello Admin"
2012-12-26,"Adam Hoyle",0.5,"estimate for Bicycling.com",,,"Brunello, Inc.","*Brunello Admin"
2012-12-26,"Adam Hoyle",1.5,"update basecamp with new projects and close out completed projects, review billing",,,"Brunello, Inc.","*Brunello Admin"
2012-12-26,"Adam Hoyle",0.5,"process and and priorities",,,"Brunello, Inc.","*Brunello Admin"
2012-12-20,"Adam Hoyle",1.0,"reply to Mike Hipps",,,"Brunello, Inc.","*Brunello Admin"
2012-12-20,"Adam Hoyle",0.5,"process and send emails",,,"Brunello, Inc.","*Brunello Admin"
2012-12-17,"Adam Hoyle",0.5,"process and send out billing",,,"Brunello, Inc.","*Brunello Admin"
2012-12-17,"Adam Hoyle",0.5,"email responses",,,"Brunello, Inc.","*Brunello Admin"
2012-12-17,"Adam Hoyle",0.25,"estimate for s2s",,,"Brunello, Inc.","*Brunello Admin"
2012-12-14,"Adam Hoyle",1.0,"misc. email and client communication",,,"Brunello, Inc.","*Brunello Admin"
2012-12-14,"Adam Hoyle",1.5,"offer for mike hipps",,,"Brunello, Inc.","*Brunello Admin"
2012-12-13,"Adam Hoyle",3.0,"Hearst proposal",,,"Brunello, Inc.","*Brunello Admin"
2012-12-12,"Adam Hoyle",3.5,"hearst proposal",,,"Brunello, Inc.","*Brunello Admin"
2012-12-12,"Adam Hoyle",1.0,"send clients gifts",,,"Brunello, Inc.","*Brunello Admin"
2012-12-10,"Adam Hoyle",1.25,"process emails and catchup",,,"Brunello, Inc.","*Brunello Admin"
2012-12-09,"Adam Hoyle",1.25,"november billing",,,"Brunello, Inc.","*Brunello Admin"
2012-12-04,"Adam Hoyle",0.5,"interview",,,"Brunello, Inc.","*Brunello Admin"
2012-12-03,"Adam Hoyle",0.5,"update rodale billing",,,"Brunello, Inc.","*Brunello Admin"
2012-11-30,"Adam Hoyle",1.75,"estimate for FoF, email Kim Flotteron",,,"Brunello, Inc.","*Brunello Admin"
2012-11-28,"Adam Hoyle",0.25,"call w/ Mark Harries",,,"Brunello, Inc.","*Brunello Admin"
2012-11-27,"Adam Hoyle",0.5,"update email signup block copy per steve",,,"Brunello, Inc.","*Brunello Admin"
2012-11-26,"Adam Hoyle",0.5,"update billing",,,"Brunello, Inc.","*Brunello Admin"
2012-11-26,"Adam Hoyle",1.25,"process email, client communication, followups, etc.",,,"Brunello, Inc.","*Brunello Admin"
2012-11-26,"Adam Hoyle",0.5,"review outstanding projects and prioritize for the week",,,"Brunello, Inc.","*Brunello Admin"
2012-11-21,"Adam Hoyle",2.75,"estimate for fair oaks farms",,,"Brunello, Inc.","*Brunello Admin"
2012-11-20,"Adam Hoyle",0.5,"estimate for Coty",,,"Brunello, Inc.","*Brunello Admin"
2012-11-20,"Adam Hoyle",0.5,"call w/ Allison from Hearst re: new project",,,"Brunello, Inc.","*Brunello Admin"
2012-11-19,"Adam Hoyle",0.5,"interview w/ Mike Hipps",,,"Brunello, Inc.","*Brunello Admin"
2012-11-16,"Adam Hoyle",0.25,"revisions to beyonce estimate and communicate with joao",,,"Brunello, Inc.","*Brunello Admin"
2012-11-16,"Adam Hoyle",0.644722,"call w/ shawn jenkins re: new project, interview mike hipps",,,"Brunello, Inc.","*Brunello Admin"
2012-11-16,"Adam Hoyle",0.25,"one last review and edit to beyonce edit before sending",,,"Brunello, Inc.","*Brunello Admin"
2012-11-16,"Adam Hoyle",0.5,"finish iris estimate",,,"Brunello, Inc.","*Brunello Admin"
2012-11-15,"Adam Hoyle",1.0,"estimate for iris beyonce fy 13",,,"Brunello, Inc.","*Brunello Admin"
2012-11-13,"Adam Hoyle",1.125,"respond to misc. emails, catch up on billing, update basecamp, review resumes",,,"Brunello, Inc.","*Brunello Admin"
2012-11-12,"Adam Hoyle",0.5,"call w/ iris re: Beyonce FY13",,,"Brunello, Inc.","*Brunello Admin"
2012-11-09,"Adam Hoyle",0.75,"review notes from iris",,,"Brunello, Inc.","*Brunello Admin"
2012-11-09,"Adam Hoyle",1.5,"version control setup demo from balsam",,,"Brunello, Inc.","*Brunello Admin"
2012-11-07,"Adam Hoyle",2.5,"meeting at CRANE",,,"Brunello, Inc.","*Brunello Admin"
2012-11-06,"Adam Hoyle",0.5,"review and track delivery of other invoices",,,"Brunello, Inc.","*Brunello Admin"
2012-11-05,"Adam Hoyle",0.75,"review and send out billing",,,"Brunello, Inc.","*Brunello Admin"
2012-11-01,"Adam Hoyle",0.5,"review outstanding invoices, followup with clients",,,"Brunello, Inc.","*Brunello Admin"
2012-10-31,"Adam Hoyle",0.5,"call w/ review board",,,"Brunello, Inc.","*Brunello Admin"
2012-10-30,"Adam Hoyle",0.5,"review, research and prep for call",,,"Brunello, Inc.","*Brunello Admin"
2012-10-29,"Adam Hoyle",0.5,"misc. email communication",,,"Brunello, Inc.","*Brunello Admin"
2012-10-26,"Adam Hoyle",0.75,"process email",,,"Brunello, Inc.","*Brunello Admin"
2012-10-26,"Adam Hoyle",1.25,"compile billing list for Aug, Sept.",,,"Brunello, Inc.","*Brunello Admin"
2012-10-25,"Adam Hoyle",0.5,"check on server backups and clone",,,"Brunello, Inc.","*Brunello Admin"
2012-10-24,"Adam Hoyle",0.75,"get server backups running and clone to secondary drive",,,"Brunello, Inc.","*Brunello Admin"
2012-10-22,"Adam Hoyle",0.25,"document and test VPN settings",,,"Brunello, Inc.","*Brunello Admin"
2012-10-19,"Adam Hoyle",0.75,"review resumes",,,"Brunello, Inc.","*Brunello Admin"
2012-10-19,"Adam Hoyle",0.5,"computer setup for ashley b",,,"Brunello, Inc.","*Brunello Admin"
2012-10-19,"Adam Hoyle",0.75,"emails to recruiter and candidate to rescind offer",,,"Brunello, Inc.","*Brunello Admin"
2012-10-18,"Adam Hoyle",0.75,"server maintenance",,,"Brunello, Inc.","*Brunello Admin"
2012-10-17,"Adam Hoyle",1.0,"server and backup setup and resyncing",,,"Brunello, Inc.","*Brunello Admin"
2012-10-17,"Adam Hoyle",0.75,"troubleshoot internet outage",,,"Brunello, Inc.","*Brunello Admin"
2012-10-16,"Adam Hoyle",1.25,"review and compile September billing",,,"Brunello, Inc.","*Brunello Admin"
2012-10-16,"Adam Hoyle",0.75,"draft job offer for Andrew Park",,,"Brunello, Inc.","*Brunello Admin"
2012-10-15,"Adam Hoyle",0.75,"troubleshoot server, spotlight indexing and backups",,,"Brunello, Inc.","*Brunello Admin"
2012-10-11,"Adam Hoyle",1.0,"lunch meeting w/ nicole",,,"Brunello, Inc.","*Brunello Admin"
2012-10-11,"Adam Hoyle",0.75,"investigate offsite backup server issues and email backup",,,"Brunello, Inc.","*Brunello Admin"
2012-10-10,"Adam Hoyle",1.5,"interview with andrew park",,,"Brunello, Inc.","*Brunello Admin"
2012-10-10,"Adam Hoyle",0.5,"email restore for jay",,,"Brunello, Inc.","*Brunello Admin"
2012-10-09,"Adam Hoyle",1.0,"interview with Andrew Park",,,"Brunello, Inc.","*Brunello Admin"
2012-10-09,"Adam Hoyle",0.75,"call w/ Kim Jones, followups with Andrew Park",,,"Brunello, Inc.","*Brunello Admin"
2012-10-03,"Adam Hoyle",0.75,"interview with Andrew Park",,,"Brunello, Inc.","*Brunello Admin"
2012-10-02,"Adam Hoyle",2.0,"meeting w/ Kim Jones",,,"Brunello, Inc.","*Brunello Admin"
2012-10-01,"Adam Hoyle",0.5,"review IMTK retainer agreement",,,"Brunello, Inc.","*Brunello Admin"
2012-09-19,"Adam Hoyle",0.5,"interview",,,"Brunello, Inc.","*Brunello Admin"
2012-09-17,"Adam Hoyle",2.5,"process mail and email",,,"Brunello, Inc.","*Brunello Admin"
2012-09-10,"Adam Hoyle",0.75,"review and update billing",,,"Brunello, Inc.","*Brunello Admin"
2012-09-07,"Adam Hoyle",0.75,"review billing for August",,,"Brunello, Inc.","*Brunello Admin"
2012-09-07,"Adam Hoyle",1.0,"research unemployment claims and complete paperwork for Wendy",,,"Brunello, Inc.","*Brunello Admin"
2012-09-04,"Adam Hoyle",1.25,"troubleshoot backups",,,"Brunello, Inc.","*Brunello Admin"
2012-08-31,"Adam Hoyle",0.5,"awards info",,,"Brunello, Inc.","*Brunello Admin"
2012-08-29,"Adam Hoyle",0.5,"review august billing",,,"Brunello, Inc.","*Brunello Admin"
2012-08-28,"Adam Hoyle",0.25,"quote for TCI member connection updates",,,"Brunello, Inc.","*Brunello Admin"
2012-08-23,"Adam Hoyle",0.75,"estimate for coty.com updates, obtain PO and add to basecamp",,,"Brunello, Inc.","*Brunello Admin"
2012-08-22,"Adam Hoyle",1.5,"interview",,,"Brunello, Inc.","*Brunello Admin"
2012-08-20,"Adam Hoyle",0.25,"misc. client communication and project coordination",,,"Brunello, Inc.","*Brunello Admin"
2012-08-15,"Adam Hoyle",0.75,"proposal for inoah and updated work",,,"Brunello, Inc.","*Brunello Admin"
2012-08-14,"Adam Hoyle",0.5,"research and esitmate for coty.com scheduling and versioning",,,"Brunello, Inc.","*Brunello Admin"
2012-08-07,"Adam Hoyle",1.5,"send out billing",,,"Brunello, Inc.","*Brunello Admin"
2012-07-30,"Adam Hoyle",1.25,"billing",,,"Brunello, Inc.","*Brunello Admin"
2012-07-27,"Adam Hoyle",0.75,"process email",,,"Brunello, Inc.","*Brunello Admin"
2012-07-18,"Adam Hoyle",1.0,"Call w/ Jason W. re: Coty.com CSR",,,"Brunello, Inc.","*Brunello Admin"
2012-07-18,"Adam Hoyle",0.5,"call w/ TRC re: Portal",,,"Brunello, Inc.","*Brunello Admin"
2012-07-17,"Adam Hoyle",1.25,"process emails, update basecamp",,,"Brunello, Inc.","*Brunello Admin"
2012-06-28,"Adam Hoyle",0.25,"emails, estimates",,,"Brunello, Inc.","*Brunello Admin"
2012-06-28,"Adam Hoyle",0.25,"emails, estimates",,,"Brunello, Inc.","*Brunello Admin"
2012-06-27,"Adam Hoyle",1.0,"retainer for iris",,,"Brunello, Inc.","*Brunello Admin"
2012-06-13,"Adam Hoyle",0.5,"estimates for coty",,,"Brunello, Inc.","*Brunello Admin"
2012-06-12,"Adam Hoyle",1.0,"email, calls, estimates and general project coordination",,,"Brunello, Inc.","*Brunello Admin"
2012-06-12,"Adam Hoyle",0.5,"call w/ iris, estimates for coty work",,,"Brunello, Inc.","*Brunello Admin"
2012-06-01,"Adam Hoyle",0.75,"estimates for iris",,,"Brunello, Inc.","*Brunello Admin"
2012-05-23,"Adam Hoyle",1.75,"client emails, new biz, etc.",,,"Brunello, Inc.","*Brunello Admin"
2012-05-16,"Adam Hoyle",3.5,"estimate for beyonce midnight, estimate for madonna Uk store locator, update to highrise, call w/ Kat re: Clearasil BV integration, misc. email, call w/ Archetype",,,"Brunello, Inc.","*Brunello Admin"
2012-05-15,"Adam Hoyle",1.41667,"process new projects, emails and update basecamp",,,"Brunello, Inc.","*Brunello Admin"
2012-05-14,"Adam Hoyle",0.5,"update billing",,,"Brunello, Inc.","*Brunello Admin"
2012-05-11,"Adam Hoyle",0.25,"reeve estimate",,,"Brunello, Inc.","*Brunello Admin"
2012-05-09,"Adam Hoyle",0.75,"call w/ Steve",,,"Brunello, Inc.","*Brunello Admin"
2012-05-08,"Adam Hoyle",0.5,"followup w/ Archetype re: MGH",,,"Brunello, Inc.","*Brunello Admin"
2012-05-08,"Adam Hoyle",0.25,"estimate for PVN DYA Beauty Awards",,,"Brunello, Inc.","*Brunello Admin"
2012-05-03,"Adam Hoyle",1.0,"call w/ archetype re: MGH",,,"Brunello, Inc.","*Brunello Admin"
2012-04-24,"Adam Hoyle",0.904167,"billing",,,"Brunello, Inc.","*Brunello Admin"
2012-04-24,"Adam Hoyle",1.5,"process email, update basecamp",,,"Brunello, Inc.","*Brunello Admin"
2012-04-24,"Adam Hoyle",0.5,"new biz call w/ carey armidio",,,"Brunello, Inc.","*Brunello Admin"
2012-04-20,"Adam Hoyle",0.5,"iris Rimmel estimate",,,"Brunello, Inc.","*Brunello Admin"
2012-04-20,"Adam Hoyle",0.5,"exinda estimate",,,"Brunello, Inc.","*Brunello Admin"
2012-04-18,"Adam Hoyle",0.5,"Call w/ Exinda to discuss next steps on proposal",,,"Brunello, Inc.","*Brunello Admin"
2012-04-17,"Adam Hoyle",0.5,"estimate for Rimmel FB like gate and pages",,,"Brunello, Inc.","*Brunello Admin"
2012-04-17,"Adam Hoyle",0.5,"exinda estimate",,,"Brunello, Inc.","*Brunello Admin"
2012-04-16,"Adam Hoyle",0.75,"process email, update basecamp",,,"Brunello, Inc.","*Brunello Admin"
2012-04-16,"Adam Hoyle",0.5,"exinda estimate",,,"Brunello, Inc.","*Brunello Admin"
2012-04-13,"Adam Hoyle",0.5,"estimate for madonna UK",,,"Brunello, Inc.","*Brunello Admin"
2012-04-11,"Adam Hoyle",0.5,"estimate and proposals for clearasil",,,"Brunello, Inc.","*Brunello Admin"
2012-04-03,"Adam Hoyle",1.25,"process email and basecamp updates, paychex, deal with verizon",,,"Brunello, Inc.","*Brunello Admin"
2012-04-03,"Adam Hoyle",0.25,"followups with exinda",,,"Brunello, Inc.","*Brunello Admin"
2012-03-30,"Adam Hoyle",0.25,"review IBT estimate",,,"Brunello, Inc.","*Brunello Admin"
2012-03-30,"Adam Hoyle",0.5,"call w/ BP and AC to discuss new project idea",,,"Brunello, Inc.","*Brunello Admin"
2012-03-30,"Adam Hoyle",0.5,"call w/ Exinda to discuss new projects, type up notes",,,"Brunello, Inc.","*Brunello Admin"
2012-03-29,"Adam Hoyle",1.25,"march billing",,,"Brunello, Inc.","*Brunello Admin"
2012-03-26,"Adam Hoyle",0.25,"quick team meeting",,,"Brunello, Inc.","*Brunello Admin"
2012-03-26,"Adam Hoyle",0.5,"next avenue estimate",,,"Brunello, Inc.","*Brunello Admin"
2012-03-23,"Adam Hoyle",0.5,"new biz call with John from Next Avenue",,,"Brunello, Inc.","*Brunello Admin"
2012-03-23,"Adam Hoyle",1.0,"review company overview PDF for Exinda, edit bios, write-ups for Clearasil and Soul2Soul",,,"Brunello, Inc.","*Brunello Admin"
2012-03-23,"Adam Hoyle",0.5,"work with Wendy on PM practices in BC",,,"Brunello, Inc.","*Brunello Admin"
2012-03-22,"Adam Hoyle",0.5,"new biz call w/ Nolan (Exida)",,,"Brunello, Inc.","*Brunello Admin"
2012-03-22,"Adam Hoyle",0.25,"new biz call w/ Larry (PBS)",,,"Brunello, Inc.","*Brunello Admin"
2012-03-19,"Adam Hoyle",2.5,"new employee on-boarding",,,"Brunello, Inc.","*Brunello Admin"
2012-03-15,"Adam Hoyle",2.5,"meeting w/ wendy to run through projects, clients, and other general orientation",,,"Brunello, Inc.","*Brunello Admin"
2012-03-12,"Adam Hoyle",3.25,"setup new computers",,,"Brunello, Inc.","*Brunello Admin"
2012-03-12,"Adam Hoyle",2.5,"accounting drop-off with Castro and Apple run for new comps for Wendy and Kyle",,,"Brunello, Inc.","*Brunello Admin"
2012-03-07,"Adam Hoyle",1.25,"process email",,,"Brunello, Inc.","*Brunello Admin"
2012-03-07,"Adam Hoyle",1.0,"meeting with Sebastian",,,"Brunello, Inc.","*Brunello Admin"
2012-03-07,"Adam Hoyle",0.5,"review notes, and have call w/ College Mansion re: scope and estimating",,,"Brunello, Inc.","*Brunello Admin"
2012-03-06,"Adam Hoyle",0.75,"review feb billing",,,"Brunello, Inc.","*Brunello Admin"
2012-02-24,"Adam Hoyle",1.0,"meeting w/ Paggala",,,"Brunello, Inc.","*Brunello Admin"
2012-02-23,"Adam Hoyle",2.0,"recruitment, screening",,,"Brunello, Inc.","*Brunello Admin"
2012-02-22,"Adam Hoyle",1.5,"recruitment, screening, drafting offer letters",,,"Brunello, Inc.","*Brunello Admin"
2012-02-22,"Adam Hoyle",0.5,"interview w/ Don",,,"Brunello, Inc.","*Brunello Admin"
2012-02-22,"Adam Hoyle",1.5,"interview w/ Wendy",,,"Brunello, Inc.","*Brunello Admin"
2012-02-22,"Adam Hoyle",1.5,"new biz meeting w/ Imaginatik - cms demo",,,"Brunello, Inc.","*Brunello Admin"
2012-02-21,"Adam Hoyle",1.25,"interview with John Hemminger",,,"Brunello, Inc.","*Brunello Admin"
2012-02-18,"Adam Hoyle",1.5,"Interview with Kyle Langford",,,"Brunello, Inc.","*Brunello Admin"
2012-02-16,"Adam Hoyle",3.0,"networking and recruiting",,,"Brunello, Inc.","*Brunello Admin"
2012-02-15,"Adam Hoyle",1.25,"recruitment, email screening, scheduling interviews",,,"Brunello, Inc.","*Brunello Admin"
2012-02-15,"Adam Hoyle",1.0,"billing",,,"Brunello, Inc.","*Brunello Admin"
2012-02-14,"Adam Hoyle",2.0,"recruitment and scheduling interviews",,,"Brunello, Inc.","*Brunello Admin"
2012-02-09,"Adam Hoyle",0.5,"ians project summary and new retainer agreement contract",,,"Brunello, Inc.","*Brunello Admin"
2012-02-08,"Adam Hoyle",0.5,"madonna estimate",,,"Brunello, Inc.","*Brunello Admin"
2012-02-06,"Adam Hoyle",1.0,"long overdue catch up on emails",,,"Brunello, Inc.","*Brunello Admin"
2012-02-06,"Adam Hoyle",1.5,"review and complete january billing",,,"Brunello, Inc.","*Brunello Admin"
2012-01-27,"Adam Hoyle",0.35,"estimate for S2S video landing page",,,"Brunello, Inc.","*Brunello Admin"
2012-01-27,"Adam Hoyle",0.5,"new biz call w/ Rob Gerth from Dana & Christopher Reeve Foundation",,,"Brunello, Inc.","*Brunello Admin"
2012-01-20,"Adam Hoyle",0.5,"new biz call w/ Mark Harries, update and send new proposal",,,"Brunello, Inc.","*Brunello Admin"
2012-01-18,"Adam Hoyle",0.25,"review Bally proposal",,,"Brunello, Inc.","*Brunello Admin"
2012-01-18,"Adam Hoyle",0.5,"call w/ Mike to review estimate",,,"Brunello, Inc.","*Brunello Admin"
2012-01-13,"Adam Hoyle",1.0,"new biz meeting with Paggala",,,"Brunello, Inc.","*Brunello Admin"
2012-01-12,"Adam Hoyle",0.5,"review billing and AR",,,"Brunello, Inc.","*Brunello Admin"
2012-01-10,"Adam Hoyle",5.0,"new biz meetings with LinkWell in NY",,,"Brunello, Inc.","*Brunello Admin"
2012-01-06,"Adam Hoyle",1.21,"process email, client communications, followups, and general pm",,,"Brunello, Inc.","*Brunello Admin"
2012-01-04,"Adam Hoyle",0.25,".htaccess edits for non-www redirections",,,"Brunello, Inc.","*Brunello Admin"
2012-01-03,"Adam Hoyle",0.5,"send out final year end billing",,,"Brunello, Inc.","*Brunello Admin"
2012-01-03,"Adam Hoyle",0.75,"create project rundown list, meeting with team",,,"Brunello, Inc.","*Brunello Admin"
2012-08-27,"Adam Hoyle",0.25,"call w/ TCI re: updated to Member Connection",,,"Brunello, Inc.","*Brunello Marketing"
2012-08-03,"Adam Hoyle",1.5,"review DAM proposal",,,"Brunello, Inc.","*Brunello Marketing"
2012-04-13,"Adam Hoyle",1.5,"brunello homepage design updates",,,"Brunello, Inc.","*Brunello Marketing"
2012-01-05,"Adam Hoyle",0.25,"estimate for Iris, pulse summer",,,"Brunello, Inc.","*Brunello New Biz"
2012-01-04,"Adam Hoyle",0.5,"new biz call with Mark from Bally Ribbon",,,"Brunello, Inc.","*Brunello New Biz"
2012-01-03,"Adam Hoyle",0.5,"new biz followups with DAM, Crown, Linkwell",,,"Brunello, Inc.","*Brunello New Biz"
2014-10-22,"Adam Hoyle",1.5,"setup brunelloinc.com redirect, add new portfolio work to our site, tweet it",,,"Brunello, Inc.","Brunello Website"
2014-03-26,"Adam Hoyle",0.5,"fix non-www",,,"Brunello, Inc.","Brunello Website"
2014-03-26,"Adam Hoyle",1.0,"troubleshoot and fix www redirect issue",,,"Brunello, Inc.","Brunello Website"
2014-03-19,"Adam Hoyle",0.75,"brunello portfolio",,,"Brunello, Inc.","Brunello Website"
2014-03-19,"Adam Hoyle",0.5,"portfolio updates",,,"Brunello, Inc.","Brunello Website"
2014-03-18,"Adam Hoyle",0.75,"add 4 more portfolio items",,,"Brunello, Inc.","Brunello Website"
2014-03-18,"Adam Hoyle",1.25,"move clients folder to new server and babysit",,,"Brunello, Inc.","Brunello Website"
2014-03-17,"Adam Hoyle",7.25,"brunello site prep for launch, create portfolio samples, launch",,,"Brunello, Inc.","Brunello Website"
2014-03-17,"Adam Hoyle",0.5,"other 301s... check Google results and create as needed",,,"Brunello, Inc.","Brunello Website"
2014-03-16,"Adam Hoyle",0.5,,"link top blog posts list in sidebar","Misc.","Brunello, Inc.","Brunello Website"
2014-03-16,"Adam Hoyle",0.25,,"Add title tags to CMS","Misc.","Brunello, Inc.","Brunello Website"
2014-03-16,"Adam Hoyle",0.75,"setup local dev version of site",,,"Brunello, Inc.","Brunello Website"
2014-03-16,"Adam Hoyle",1.0,"create 301s in htaccess, test",,,"Brunello, Inc.","Brunello Website"
2014-03-14,"Adam Hoyle",1.25,"meet with kyle to review site",,,"Brunello, Inc.","Brunello Website"
2014-03-13,"Adam Hoyle",0.5,"review services copy",,,"Brunello, Inc.","Brunello Website"
2014-03-13,"Adam Hoyle",1.5,"misc dev, qa, fixes and CMS tweaks",,,"Brunello, Inc.","Brunello Website"
2014-03-13,"Adam Hoyle",2.25,"misc dev, qa, fixes and CMS tweaks",,,"Brunello, Inc.","Brunello Website"
2014-03-13,"Adam Hoyle",4.0,"brunello site CMS work",,,"Brunello, Inc.","Brunello Website"
2014-03-04,"Adam Hoyle",0.75,"move latest site to server, email Dave Edis",,,"Brunello, Inc.","Brunello Website"
2014-02-13,"Adam Hoyle",0.25,"print and review notable pages",,,"Brunello, Inc.","Brunello Website"
2014-02-06,"Adam Hoyle",0.25,"setup user accounts and assign blog content entry",,,"Brunello, Inc.","Brunello Website"
2014-02-03,"Adam Hoyle",0.5,"install CMSB on RS",,,"Brunello, Inc.","Brunello Website"
2014-01-09,"Adam Hoyle",0.25,"Quick meeting to review Brunello designs on mobile",,,"Brunello, Inc.","Brunello Website"
2014-01-02,"Adam Hoyle",1.5,"meet with Kyle and Jay",,,"Brunello, Inc.","Brunello Website"
2013-01-22,"Adam Hoyle",1.5,"create todos lists",,,"Brunello, Inc.","Brunello Website (legacy)"
2012-05-30,"Adam Hoyle",0.5,"Support for TRC - control panel and FTP password recovery",,,"Brunello, Inc.","Bruno Hosting"
2014-10-21,"Adam Hoyle",0.5,"send vector logo and new image assets to NEWDCAMP",,,"Brunello, Inc.","NEWDcamp"
2014-02-05,"Adam Hoyle",0.5,"troubleshoot video thumbnails",,,"Citizens Energy","BILLED: Website Design & Development"
2014-02-05,"Adam Hoyle",1.5,"break out CE to separate DB server",,,"Citizens Energy","BILLED: Website Design & Development"
2014-02-04,"Adam Hoyle",0.25,"setup pingdom",,,"Citizens Energy","BILLED: Website Design & Development"
2014-02-04,"Adam Hoyle",0.25,"final CE video",,,"Citizens Energy","BILLED: Website Design & Development"
2014-01-30,"Adam Hoyle",0.25,"setup Vimeo Plus account and upload videos",,,"Citizens Energy","BILLED: Website Design & Development"
2014-01-29,"Adam Hoyle",0.5,"download stills and assets from Wynelle",,,"Citizens Energy","BILLED: Website Design & Development"
2014-01-27,"Adam Hoyle",0.25,"review Nicole's CMS questions...",,,"Citizens Energy","BILLED: Website Design & Development"
2014-01-27,"Adam Hoyle",0.5,"call w/ Wynelle, work through Nicole's list of requests for CE",,,"Citizens Energy","BILLED: Website Design & Development"
2014-01-27,"Adam Hoyle",0.25,"respond re: video and stills to Wynelle",,,"Citizens Energy","BILLED: Website Design & Development"
2014-01-23,"Adam Hoyle",0.25,"hide pages and sections per Nicole",,,"Citizens Energy","BILLED: Website Design & Development"
2014-01-23,"Adam Hoyle",0.5,"meet w/ Jess and Nicole re: CE",,,"Citizens Energy","BILLED: Website Design & Development"
2014-01-22,"Adam Hoyle",0.25,"call Anthony at CE re: hosting",,,"Citizens Energy","BILLED: Website Design & Development"
2014-01-14,"Adam Hoyle",0.75,"upload new video to Vimeo as a test",,,"Citizens Energy","BILLED: Website Design & Development"
2014-01-06,"Adam Hoyle",0.75,"review image selections and respond to Carina re: Video stills",,,"Citizens Energy","BILLED: Website Design & Development"
2013-12-20,"Adam Hoyle",0.25,"brainstorm on PR image solution",,,"Citizens Energy","BILLED: Website Design & Development"
2013-12-16,"Adam Hoyle",0.5,"pricing and recommendation for hosting",,,"Citizens Energy","BILLED: Website Design & Development"
2013-12-13,"Adam Hoyle",0.75,"slider image research",,,"Citizens Energy","BILLED: Website Design & Development"
2013-12-12,"Adam Hoyle",0.5,"site walkthrough with Balsam, Jay, Nicole",,,"Citizens Energy","BILLED: Website Design & Development"
2013-12-06,"Adam Hoyle",0.75,"review Carina's video notes and email her about Vimeo for video and audio",,,"Citizens Energy","BILLED: Website Design & Development"
2013-12-05,"Adam Hoyle",0.5,"Check out site progress, help Nicole with formatting",,,"Citizens Energy","BILLED: Website Design & Development"
2013-12-03,"Adam Hoyle",0.25,"call w/ Carina to discuss video",,,"Citizens Energy","BILLED: Website Design & Development"
2013-11-20,"Adam Hoyle",2.5,"outline content types and views, meet with Adam, Jay, Nicole",,,"Citizens Energy","BILLED: Website Design & Development"
2013-11-19,"Adam Hoyle",0.5,"meet w/ Jay and Nicole re: Citizens content types",,,"Citizens Energy","BILLED: Website Design & Development"
2013-11-14,"Adam Hoyle",0.25,"quick newspaper mockup for citizens",,,"Citizens Energy","BILLED: Website Design & Development"
2013-11-13,"Adam Hoyle",0.5,"",,,"Citizens Energy","BILLED: Website Design & Development"
2013-11-07,"Adam Hoyle",0.25,,,,"Citizens Energy","BILLED: Website Design & Development"
2013-11-05,"Adam Hoyle",1.5,"meeting with Nicole, Jay, Adam B re: designs/dev plan",,,"Citizens Energy","BILLED: Website Design & Development"
2013-10-24,"Adam Hoyle",1.0,"meeting with Citizens",,,"Citizens Energy","BILLED: Website Design & Development"
2013-10-17,"Adam Hoyle",1.0,"review designs",,,"Citizens Energy","BILLED: Website Design & Development"
2013-09-25,"Adam Hoyle",0.25,"quick review of updated Citizens sitemap",,,"Citizens Energy","BILLED: Website Design & Development"
2013-09-18,"Adam Hoyle",0.25,"review citizens sitemap",,,"Citizens Energy","BILLED: Website Design & Development"
2013-09-17,"Adam Hoyle",1.0,"lunch meeting re: sitemaps",,,"Citizens Energy","BILLED: Website Design & Development"
2013-09-11,"Adam Hoyle",1.25,"review project brief/research doc",,,"Citizens Energy","BILLED: Website Design & Development"
2013-08-30,"Adam Hoyle",1.5,"work on moving site local",,,"Citizens Energy","BILLED: Website Design & Development"
2013-08-20,"Adam Hoyle",2.0,"kickoff meeting at Citizens",,,"Citizens Energy","BILLED: Website Design & Development"
2014-10-20,"Adam Hoyle",0.5,"email followup with dave re: hosting migration",,,"College Mansion","Dev./Misc. Support"
2013-09-09,"Adam Hoyle",0.25,"pull ads for Dave Luber",,,"College Mansion","Dev./Misc. Support"
2013-04-05,"Adam Hoyle",0.25,"Delete Kristine F profile per Dave",,,"College Mansion","Dev./Misc. Support"
2013-03-27,"Adam Hoyle",1.0,"call w/ Mike and Darnell - walkthrough CMS",,,"College Mansion","Dev./Misc. Support"
2013-02-12,"Adam Hoyle",1.0,"new ads",,,"College Mansion","Dev./Misc. Support"
2013-02-11,"Adam Hoyle",0.25,"update usernames/passwords",,,"College Mansion","Dev./Misc. Support"
2013-02-11,"Adam Hoyle",0.5,"quantcast code missing on CM",,,"College Mansion","Dev./Misc. Support"
2013-01-03,"Adam Hoyle",0.5,"attempt to recover CM GA account",,,"College Mansion","Dev./Misc. Support"
2012-12-20,"Adam Hoyle",0.25,"troubleshoot college mansion site outage, restart mysql",,,"College Mansion","Dev./Misc. Support"
2012-12-12,"Adam Hoyle",0.5,"look into RSS Grattify",,,"College Mansion","Dev./Misc. Support"
2012-12-12,"Adam Hoyle",0.5,"look into twitter feed not working",,,"College Mansion","Dev./Misc. Support"
2012-12-07,"Adam Hoyle",0.5,"review and test voting admin module, email CM",,,"College Mansion","Dev./Misc. Support"
2012-12-05,"Adam Hoyle",1.25,"investigate disappearing likes and comments",,,"College Mansion","Dev./Misc. Support"
2012-12-05,"Adam Hoyle",0.5,"review new college mansion voting... ON PROD, email client",,,"College Mansion","Dev./Misc. Support"
2012-12-05,"Adam Hoyle",1.0,"review new college mansion voting...",,,"College Mansion","Dev./Misc. Support"
2012-12-05,"Adam Hoyle",0.5,"test CSV export feature for users, and email CM",,,"College Mansion","Dev./Misc. Support"
2012-12-04,"Adam Hoyle",1.5,"add mansion girl sponsor ads",,,"College Mansion","Dev./Misc. Support"
2012-12-04,"Adam Hoyle",0.25,"discuss voting with Adam",,,"College Mansion","Dev./Misc. Support"
2012-12-04,"Adam Hoyle",0.75,"call w/ CM team to discuss next steps",,,"College Mansion","Dev./Misc. Support"
2012-12-03,"Adam Hoyle",0.75,"process notes and add todos to basecamp",,,"College Mansion","Dev./Misc. Support"
2012-12-02,"Adam Hoyle",0.75,"update ad placements",,,"College Mansion","Dev./Misc. Support"
2012-12-02,"Adam Hoyle",1.0,"setup email alerts, email tj about the blog, add hott100 link to homepage",,,"College Mansion","Dev./Misc. Support"
2012-11-30,"Adam Hoyle",0.75,"update views, test, email TJ and Paul",,,"College Mansion","Dev./Misc. Support"
2012-11-30,"Adam Hoyle",0.5,"add custom ads to profile pages",,,"College Mansion","Dev./Misc. Support"
2012-11-30,"Adam Hoyle",0.25,"post-launch recap email",,,"College Mansion","Dev./Misc. Support"
2012-11-29,"Adam Hoyle",0.75,"post-launch call",,,"College Mansion","Dev./Misc. Support"
2012-11-28,"Adam Hoyle",2.01444,"process post-launch feedback",,,"College Mansion","Dev./Misc. Support"
2012-11-28,"Adam Hoyle",0.5,"post-launch review, bug notes/questions, meet w/ John",,,"College Mansion","PAID: College Mansion - Website Development"
2012-11-26,"Adam Hoyle",1.25,"project coordination",,,"College Mansion","PAID: College Mansion - Website Development"
2012-11-26,"Adam Hoyle",0.5,"review outstanding todos with John",,,"College Mansion","PAID: College Mansion - Website Development"
2012-11-25,"Adam Hoyle",1.5,"respond to CM's final review, parse notes and assign relavant todos",,,"College Mansion","PAID: College Mansion - Website Development"
2012-11-15,"Adam Hoyle",0.25,"discuss next steps",,,"College Mansion","PAID: College Mansion - Website Development"
2012-11-15,"Adam Hoyle",0.25,"call w/ Dave",,,"College Mansion","PAID: College Mansion - Website Development"
2012-11-12,"Adam Hoyle",0.75,"pre-launch call",,,"College Mansion","PAID: College Mansion - Website Development"
2012-11-08,"Adam Hoyle",1.0,"college mansion profile import testing/troubleshooting w/ John",,,"College Mansion","PAID: College Mansion - Website Development"
2012-11-05,"Adam Hoyle",0.5,"call w/ CM",,,"College Mansion","PAID: College Mansion - Website Development"
2012-10-25,"Adam Hoyle",0.25,"review queries and check performance",,,"College Mansion","PAID: College Mansion - Website Development"
2012-10-24,"Adam Hoyle",0.75,"email Dave E. re: query optimization, examine queries, add indexing to the db",,,"College Mansion","PAID: College Mansion - Website Development"
2012-10-15,"Adam Hoyle",0.15,"respond to college mansion",,,"College Mansion","PAID: College Mansion - Website Development"
2012-10-15,"Adam Hoyle",0.5,"research, call and followup notes re: advertising / pageviews/ slideshows, etc.",,,"College Mansion","PAID: College Mansion - Website Development"
2012-09-06,"Adam Hoyle",0.75,"conference call w/ CM team",,,"College Mansion","PAID: College Mansion - Website Development"
2012-06-21,"Adam Hoyle",0.5,"call w/ TJ",,,"College Mansion","PAID: College Mansion - Website Development"
2012-05-22,"Adam Hoyle",1.25,"process and respond to TJ's CM email feedback",,,"College Mansion","PAID: College Mansion - Website Development"
2012-05-15,"Adam Hoyle",0.5,"project coordination",,,"College Mansion","PAID: College Mansion - Website Development"
2012-05-11,"Adam Hoyle",0.75,"call w/ CM to review designs and discuss requirements",,,"College Mansion","PAID: College Mansion - Website Development"
2012-04-27,"Adam Hoyle",0.5,"meet w/ Jay re: first round designs, final review and send to client",,,"College Mansion","PAID: College Mansion - Website Development"
2012-04-26,"Adam Hoyle",0.25,"meet with Jay re: microsite design",,,"College Mansion","PAID: College Mansion - Website Development"
2012-04-11,"Adam Hoyle",1.0,"conference call w/ David and TJ",,,"College Mansion","PAID: College Mansion - Website Development"
2012-03-20,"Adam Hoyle",0.25,"review estimate",,,"College Mansion","PAID: College Mansion - Website Development"
2012-03-20,"Adam Hoyle",0.75,"client call to review designs and discuss next steps",,,"College Mansion","PAID: College Mansion - Website Development"
2012-09-18,"Adam Hoyle",0.25,"help belinda sort out DNS issues and bring old site back online",,,"Commonwealth","Dev./Misc. Support"
2012-08-31,"Adam Hoyle",1.0,"update DNS records for new site",,,"Commonwealth","Dev./Misc. Support"
2014-12-22,"Adam Hoyle",0.75,"kickoff/handoff call w/ Eloy",,,"Corporate Rewards","BILLED: Front-end Development Retainer"
2012-01-19,"Adam Hoyle",0.25,"project coordination and feedback",,,"CSMi","BILLED: Booth Backdrop"
2013-01-07,"Adam Hoyle",1.5,"review site and recover password for control panel, smoketest post-launch",,,"CSMi","BILLED: CSMi - Website Design & Development"
2013-01-03,"Adam Hoyle",0.5,"instructions for 301s",,,"CSMi","BILLED: CSMi - Website Design & Development"
2012-12-27,"Adam Hoyle",0.5,"respond to Rob re: slider and images",,,"CSMi","BILLED: CSMi - Website Design & Development"
2012-12-27,"Adam Hoyle",0.25,"respond to Rob re: slider and images",,,"CSMi","BILLED: CSMi - Website Design & Development"
2012-12-18,"Adam Hoyle",0.5,"meet w/ John re: CSMi",,,"CSMi","BILLED: CSMi - Website Design & Development"
2012-12-11,"Adam Hoyle",1.0,"meet w/ Rob Potash",,,"CSMi","BILLED: CSMi - Website Design & Development"
2012-08-07,"Adam Hoyle",1.25,"support for Rob and CMS",,,"CSMi","BILLED: CSMi - Website Design & Development"
2012-08-06,"Adam Hoyle",0.5,"support for Rob and CMS",,,"CSMi","BILLED: CSMi - Website Design & Development"
2012-08-02,"Adam Hoyle",1.25,"meeting w/ Rob",,,"CSMi","BILLED: CSMi - Website Design & Development"
2012-08-02,"Adam Hoyle",3.0,"review site and prep notes for meeting",,,"CSMi","BILLED: CSMi - Website Design & Development"
2012-05-22,"Adam Hoyle",1.0,"meet w/ Rob",,,"CSMi","BILLED: CSMi - Website Design & Development"
2012-04-12,"Adam Hoyle",1.5,"meet w/ Rob and Jon re: kickstarting project",,,"CSMi","BILLED: CSMi - Website Design & Development"
2012-03-14,"Adam Hoyle",0.5,"meet w/ Rob to kickstart project",,,"CSMi","BILLED: CSMi - Website Design & Development"
2013-02-19,"Adam Hoyle",0.5,"process notes and feedback from Rob, update basecamp with new requests",,,"CSMi","BILLED: Service & Support Section"
2013-02-15,"Adam Hoyle",0.75,"review updates",,,"CSMi","BILLED: Service & Support Section"
2013-02-06,"Adam Hoyle",0.25,"meet w/ John to review",,,"CSMi","BILLED: Service & Support Section"
2013-02-06,"Adam Hoyle",0.5,"meeting w/ Rob",,,"CSMi","BILLED: Service & Support Section"
2012-05-23,"Adam Hoyle",0.5,,,,"CSMi","BILLED: SportsWare - Design Recommendations"
2014-06-10,"Adam Hoyle",1.0,"design updates while jess is out. remove logo, resend files",,,"CSMi","BILLED: Tee Shirt Design"
2014-12-16,"Adam Hoyle",0.25,"instructions for uploading general files for sharing via email",,,"CSMi","Dev./Misc. Support"
2014-12-16,"Adam Hoyle",0.5,"investigate comparison table issue from Josh",,,"CSMi","Dev./Misc. Support"
2014-12-05,"Adam Hoyle",0.75,"call w/ Josh Getman",,,"CSMi","Dev./Misc. Support"
2014-12-05,"Adam Hoyle",0.25,"setup join.me and prep assets for meeting with Josh",,,"CSMi","Dev./Misc. Support"
2014-12-05,"Adam Hoyle",0.5,"review CSMi requests and prep for call with Josh",,,"CSMi","Dev./Misc. Support"
2014-11-25,"Adam Hoyle",0.75,"assist Josh Getman with CSMi and Google tracking requests",,,"CSMi","Dev./Misc. Support"
2014-11-18,"Adam Hoyle",0.5,"call w/ Josh Getman",,,"CSMi","Dev./Misc. Support"
2014-08-28,"Adam Hoyle",0.25,"check FB icon, respond to Rob",,,"CSMi","Dev./Misc. Support"
2014-08-13,"Adam Hoyle",0.5,"change Software Activation field to SportsWare2014",,,"CSMi","Dev./Misc. Support"
2014-06-25,"Adam Hoyle",0.25,"pull local copy of csmi",,,"CSMi","Dev./Misc. Support"
2014-06-16,"Adam Hoyle",0.25,"support for Rob adding press release with images to site",,,"CSMi","Dev./Misc. Support"
2014-01-08,"Adam Hoyle",0.25,"add hightail link to file upload form",,,"CSMi","Dev./Misc. Support"
2014-01-06,"Adam Hoyle",0.5,"test file upload and email Rob",,,"CSMi","Dev./Misc. Support"
2013-09-09,"Adam Hoyle",0.25,"review Rob's note, check site, email Rob",,,"CSMi","Dev./Misc. Support"
2013-09-05,"Adam Hoyle",0.25,"discuss with John",,,"CSMi","Dev./Misc. Support"
2013-09-05,"Adam Hoyle",0.25,"service & support updates",,,"CSMi","Dev./Misc. Support"
2013-08-05,"Adam Hoyle",0.5,"call w/ Rob to discuss online part quote generation system",,,"CSMi","Dev./Misc. Support"
2013-05-02,"Adam Hoyle",0.25,"discuss self-service quotes with john",,,"CSMi","Dev./Misc. Support"
2014-01-13,"Adam Hoyle",0.25,"respond to DAM logo questions",,,"Dartmouth College","BILLED: DAM: Website Design & Development"
2013-12-11,"Adam Hoyle",0.75,"review assembla tickets and move things around",,,"Dartmouth College","BILLED: DAM: Website Design & Development"
2013-12-05,"Adam Hoyle",0.25,"review Assembal to-dos",,,"Dartmouth College","BILLED: DAM: Website Design & Development"
2013-11-25,"Adam Hoyle",0.25,"review DAM notes",,,"Dartmouth College","BILLED: DAM: Website Design & Development"
2013-11-19,"Adam Hoyle",0.5,"followup on DAM archive homepage",,,"Dartmouth College","BILLED: DAM: Website Design & Development"
2013-11-15,"Adam Hoyle",0.5,"DAM review",,,"Dartmouth College","BILLED: DAM: Website Design & Development"
2013-11-14,"Adam Hoyle",0.5,"review DAM",,,"Dartmouth College","BILLED: DAM: Website Design & Development"
2013-11-04,"Adam Hoyle",0.25,"show jess how to create DAM spreads.",,,"Dartmouth College","BILLED: DAM: Website Design & Development"
2013-10-30,"Adam Hoyle",1.0,"review DAM on desktop and tablet, screenshots and add assembla tickets",,,"Dartmouth College","BILLED: DAM: Website Design & Development"
2013-10-28,"Adam Hoyle",1.75,"create spreads and upload to the website",,,"Dartmouth College","BILLED: DAM: Website Design & Development"
2013-10-25,"Adam Hoyle",0.5,"review site on iphone",,,"Dartmouth College","BILLED: DAM: Website Design & Development"
2013-10-24,"Adam Hoyle",2.5,"meeting with Jay and John",,,"Dartmouth College","BILLED: DAM: Website Design & Development"
2013-10-01,"Adam Hoyle",0.25,"create A record for archive, test, email Jim Jackson",,,"Dartmouth College","BILLED: DAM: Website Design & Development"
2013-09-26,"Adam Hoyle",1.765,"test magazine mockup ideas",,,"Dartmouth College","BILLED: DAM: Website Design & Development"
2013-09-26,"Adam Hoyle",1.0,"meeting w/ John, Jay, Nicole",,,"Dartmouth College","BILLED: DAM: Website Design & Development"
2013-09-24,"Adam Hoyle",1.5,"meeting with John, Jay, Nicole re: DAM",,,"Dartmouth College","BILLED: DAM: Website Design & Development"
2013-09-18,"Adam Hoyle",0.25,"experiment with image treatment for article magazine spreads",,,"Dartmouth College","BILLED: DAM: Website Design & Development"
2013-09-17,"Adam Hoyle",0.75,"review John's DAM email and meet with John and Nicole",,,"Dartmouth College","BILLED: DAM: Website Design & Development"
2013-09-09,"Adam Hoyle",0.25,"quick chat about Bondi integration with John, Jay, Nicole",,,"Dartmouth College","BILLED: DAM: Website Design & Development"
2013-07-17,"Adam Hoyle",0.5,"meet re: DAM responsive mobile",,,"Dartmouth College","BILLED: DAM: Website Design & Development"
2013-06-12,"Adam Hoyle",0.75,"call w/ DAM re: design feedback",,,"Dartmouth College","BILLED: DAM: Website Design & Development"
2013-05-21,"Adam Hoyle",0.25,"review DAM homepage with Jay",,,"Dartmouth College","BILLED: DAM: Website Design & Development"
2013-05-02,"Adam Hoyle",0.5,"review moodboards",,,"Dartmouth College","BILLED: DAM: Website Design & Development"
2013-04-02,"Adam Hoyle",0.75,"call w/ DAM to review Wireframes",,,"Dartmouth College","BILLED: DAM: Website Design & Development"
2013-03-22,"Adam Hoyle",0.25,"project coordination",,,"Dartmouth College","BILLED: DAM: Website Design & Development"
2013-03-18,"Adam Hoyle",1.0,"meet with Jay and Nicole to review wires",,,"Dartmouth College","BILLED: DAM: Website Design & Development"
2013-03-08,"Adam Hoyle",2.0,"meeting at Bondi",,,"Dartmouth College","BILLED: DAM: Website Design & Development"
2013-02-01,"Adam Hoyle",1.25,"review DAM sitemap, discuss w/ Jay",,,"Dartmouth College","BILLED: DAM: Website Design & Development"
2013-01-24,"Adam Hoyle",1.0,"call w/ DAM to review brief",,,"Dartmouth College","BILLED: DAM: Website Design & Development"
2013-01-21,"Adam Hoyle",0.5,"respond to questions",,,"Dartmouth College","BILLED: DAM: Website Design & Development"
2013-01-16,"Adam Hoyle",0.75,"review brief",,,"Dartmouth College","BILLED: DAM: Website Design & Development"
2013-01-15,"Adam Hoyle",0.75,"review brief",,,"Dartmouth College","BILLED: DAM: Website Design & Development"
2013-01-15,"Adam Hoyle",0.5,"meet re: brief",,,"Dartmouth College","BILLED: DAM: Website Design & Development"
2012-10-30,"Adam Hoyle",0.25,"create project index page",,,"Dartmouth College","BILLED: DAM: Website Design & Development"
2012-10-05,"Adam Hoyle",0.25,"review project timeline",,,"Dartmouth College","BILLED: DAM: Website Design & Development"
2014-09-26,"Adam Hoyle",0.25,"troubleshoot redirect loop",,,"Dartmouth College","DAM: OUT OF SCOPE"
2014-07-10,"Adam Hoyle",0.5,"DAM launch and monitoring. BOOM!",,,"Dartmouth College","DAM: OUT OF SCOPE"
2014-06-25,"Adam Hoyle",0.5,"update CNAME records for search for Bondi",,,"Dartmouth College","DAM: OUT OF SCOPE"
2014-05-02,"Adam Hoyle",0.5,"fix file permissions in /files directory",,,"Dartmouth College","DAM: OUT OF SCOPE"
2014-05-01,"Adam Hoyle",0.25,,,,"Dartmouth College","DAM: OUT OF SCOPE"
2014-04-24,"Adam Hoyle",0.5,"investigate site outage (mysql connection error)",,,"Dartmouth College","DAM: OUT OF SCOPE"
2014-12-09,"Adam Hoyle",0.25,"troubleshoot bondi homepage password prompt, email bondi",,,"Dartmouth College","Dev./Misc. Support"
2012-04-30,"Adam Hoyle",0.25,"review landing pages w/ Kyle",,,"Exinda","Corporate Booth, 360 Identity & Email"
2012-04-27,"Adam Hoyle",0.5,"project coordination",,,"Exinda","Corporate Booth, 360 Identity & Email"
2012-04-24,"Adam Hoyle",0.25,"review designs and brainstorm w/ Kyle",,,"Exinda","Corporate Booth, 360 Identity & Email"
2012-04-10,"Adam Hoyle",0.75,"finalize campaign designs with Kyle, identity w/ Jess and deliver to client",,,"Exinda","Corporate Booth, 360 Identity & Email"
2012-04-09,"Adam Hoyle",0.25,"360 logo design rough ideas",,,"Exinda","Corporate Booth, 360 Identity & Email"
2012-04-06,"Adam Hoyle",0.25,"review and send second round designs",,,"Exinda","Corporate Booth, 360 Identity & Email"
2012-04-06,"Adam Hoyle",0.5,"call w/ Palen to review feedback",,,"Exinda","Corporate Booth, 360 Identity & Email"
2012-04-05,"Adam Hoyle",0.5,"review, finalize and send first round booth designs to client",,,"Exinda","Corporate Booth, 360 Identity & Email"
2012-04-05,"Adam Hoyle",0.75,"review and finalize booth designs and presentation with Jess",,,"Exinda","Corporate Booth, 360 Identity & Email"
2012-04-04,"Adam Hoyle",0.75,"review booth designs and work with Jess on ideas",,,"Exinda","Corporate Booth, 360 Identity & Email"
2012-04-03,"Adam Hoyle",0.5,"project setup in bc and kickoff",,,"Exinda","Corporate Booth, 360 Identity & Email"
2012-05-03,"Adam Hoyle",0.75,"review exinda brochure drafts, logos, draft and send emails to Nolan",,,"Exinda","Marketing Collateral & Tools (print & web)"
2012-04-30,"Adam Hoyle",0.25,"review brochures w/ Jess",,,"Exinda","Marketing Collateral & Tools (print & web)"
2012-04-27,"Adam Hoyle",0.5,"project coordination",,,"Exinda","Marketing Collateral & Tools (print & web)"
2012-11-01,"Adam Hoyle",0.25,"coordinate with Foodsource and Honan Sign",,,"Food Source Plus","BILLED: SupplySource logo updates"
2012-10-04,"Adam Hoyle",0.5,"coordinate with Foodsource and Honan Sign",,,"Food Source Plus","BILLED: SupplySource logo updates"
2012-08-03,"Adam Hoyle",0.25,"project setup",,,"Food Source Plus","BILLED: SupplySource logo updates"
2012-05-17,"Adam Hoyle",0.5,"status call",,,"Going Global","GoinGlobal.com: Web Development"
2012-03-23,"Adam Hoyle",1.0,"conference call to review sitemap",,,"Going Global","GoinGlobal.com: Web Development"
2012-03-13,"Adam Hoyle",0.5,"call w/ Don re: MA",,,"Going Global","GoinGlobal.com: Web Development"
2012-03-09,"Adam Hoyle",3.0,"meeting with MA and DB",,,"Going Global","GoinGlobal.com: Web Development"
2012-03-05,"Adam Hoyle",1.0,"conference call to get MA's feedback on Discovery",,,"Going Global","GoinGlobal.com: Web Development"
2012-03-01,"Adam Hoyle",0.25,"GG moodboard feedback",,,"Going Global","GoinGlobal.com: Web Development"
2012-02-22,"Adam Hoyle",1.0,"conference call to go through discovery",,,"Going Global","GoinGlobal.com: Web Development"
2012-02-21,"Adam Hoyle",1.0,"review discovery doc and give feedback",,,"Going Global","GoinGlobal.com: Web Development"
2012-02-08,"Adam Hoyle",1.5,"call w/ maryanne, don, dan, nicole, jay",,,"Going Global","GoinGlobal.com: Web Development"
2012-02-08,"Adam Hoyle",2.0,"research and review client documents",,,"Going Global","GoinGlobal.com: Web Development"
2012-02-06,"Adam Hoyle",1.0,"research and review client documents",,,"Going Global","GoinGlobal.com: Web Development"
2014-10-20,"Adam Hoyle",0.75,"investigate site outage - domain, hosting, ,etc. Email Elizabeth",,,"Grealy Globalization","Dev./Misc. Support"
2014-04-16,"Adam Hoyle",0.75,"call to review sitemap and wires","Meetings & Conference Calls","Misc. / Project Management","Guideposts","BILLED: Website Redesign"
2014-04-11,"Adam Hoyle",0.25,"initial review of sitemaps, compile sitemap PDF",,,"Guideposts","BILLED: Website Redesign"
2012-08-21,"Adam Hoyle",0.5,"DNS changes",,,"Health & Humanitarian Aid Foundation","BILLED: HHAF - Website Redesign & Development"
2012-01-03,"Adam Hoyle",0.5,"update quickpoll confirmation graphics and copy",,,"IANS","BILLED: IANS Website Phase 2"
2013-02-06,"Adam Hoyle",0.5,"investigate site outage, email client",,,"IANS","IANS: Dev/Misc. Support"
2013-01-23,"Adam Hoyle",1.25,"Menu and navigation updates","Homepage updates based on new design (see comment for details)","November","IANS","IANS: Dev/Misc. Support"
2013-01-07,"Adam Hoyle",0.25,"troubleshoot email issues",,,"IANS","IANS: Dev/Misc. Support"
2012-12-30,"Adam Hoyle",1.0,"site outage - troubleshoot, restart server, repair node table",,,"IANS","IANS: Dev/Misc. Support"
2012-12-18,"Adam Hoyle",0.5,"support for editting",,,"IANS","IANS: Dev/Misc. Support"
2012-12-18,"Adam Hoyle",0.5,"Look into email issues for AAE form per Ashlee",,,"IANS","IANS: Dev/Misc. Support"
2012-12-17,"Adam Hoyle",0.75,"update symposium permissions",,,"IANS","IANS: Dev/Misc. Support"
2012-12-06,"Adam Hoyle",1.0,"look into symposium permissions",,,"IANS","IANS: Dev/Misc. Support"
2012-11-08,"Adam Hoyle",0.75,"support, look into missing report for Ashlee, try to recover from backups",,,"IANS","IANS: Dev/Misc. Support"
2012-11-06,"Adam Hoyle",0.25,"look into homepage slider order",,,"IANS","IANS: Dev/Misc. Support"
2012-10-25,"Adam Hoyle",0.25,"review analytics re: suspicious email",,,"IANS","IANS: Dev/Misc. Support"
2012-10-25,"Adam Hoyle",1.5,"investigate suspicious email",,,"IANS","IANS: Dev/Misc. Support"
2012-10-23,"Adam Hoyle",0.5,"Troubleshoot and support for user role permissions",,,"IANS","IANS: Dev/Misc. Support"
2012-10-16,"Adam Hoyle",0.25,"troubleshoot access issues",,,"IANS","IANS: Dev/Misc. Support"
2012-10-15,"Adam Hoyle",0.25,"Research pw autocomplete",,,"IANS","IANS: Dev/Misc. Support"
2012-10-11,"Adam Hoyle",0.25,"review event detail page designs",,,"IANS","IANS: Dev/Misc. Support"
2012-10-10,"Adam Hoyle",1.25,"add new blogs",,,"IANS","IANS: Dev/Misc. Support"
2012-09-17,"Adam Hoyle",0.25,"add notes on user preferences",,,"IANS","IANS: Dev/Misc. Support"
2012-08-30,"Adam Hoyle",0.25,"look into making tracks require 2 instead of 4",,,"IANS","IANS: Dev/Misc. Support"
2012-08-30,"Adam Hoyle",0.25,"look into Security Answers term missing from research vocab",,,"IANS","IANS: Dev/Misc. Support"
2012-08-29,"Adam Hoyle",0.25,"","Add new document type - ""Answers""","October","IANS","IANS: Dev/Misc. Support"
2012-08-28,"Adam Hoyle",0.5,"investigate LOE for profile preference updates",,,"IANS","IANS: Dev/Misc. Support"
2012-08-27,"Adam Hoyle",0.5,"provision server upgrade, verify",,,"IANS","IANS: Dev/Misc. Support"
2012-08-27,"Adam Hoyle",0.75,"respond to feedback and notes from Ashlee re: latest updates (research taxonomy and user roles)",,,"IANS","IANS: Dev/Misc. Support"
2012-08-24,"Adam Hoyle",4.0,"coordinate with Ashlee, push updates to prod, test","Research category changes.... (see comment for details)","October","IANS","IANS: Dev/Misc. Support"
2012-08-23,"Adam Hoyle",0.25,"review designs with Jay","Homepage updates based on Ashlee's wireframe/mockup","Completed","IANS","IANS: Dev/Misc. Support"
2012-08-23,"Adam Hoyle",3.25,"","Research category changes.... (see comment for details)","October","IANS","IANS: Dev/Misc. Support"
2012-08-22,"Adam Hoyle",2.75,,"Changes role names and check permissions (See comment for details)","October","IANS","IANS: Dev/Misc. Support"
2012-08-15,"Adam Hoyle",2.25,"backup site, schedule server RAM upgrade, confirm upgrade",,,"IANS","IANS: Dev/Misc. Support"
2012-08-13,"Adam Hoyle",0.25,"process notes and requests and update basecamp",,,"IANS","IANS: Dev/Misc. Support"
2012-08-13,"Adam Hoyle",0.75,,"Remove ""Individual"" from homepage (see comment for details)","October","IANS","IANS: Dev/Misc. Support"
2012-08-01,"Adam Hoyle",0.75,"Look into ActOn DNS settings and troubleshoot, respond to Ashlee",,,"IANS","IANS: Dev/Misc. Support"
2012-08-01,"Adam Hoyle",0.5,"review and provide status update",,,"IANS","IANS: Dev/Misc. Support"
2012-07-30,"Adam Hoyle",0.5,"update basecamp",,,"IANS","IANS: Dev/Misc. Support"
2012-07-27,"Adam Hoyle",0.75,"Meet w/ IANS",,,"IANS","IANS: Dev/Misc. Support"
2012-07-27,"Adam Hoyle",0.25,"prep for meeting, organize outstanding tasks",,,"IANS","IANS: Dev/Misc. Support"
2012-07-27,"Adam Hoyle",0.5,"troubleshoot IANS outage",,,"IANS","IANS: Dev/Misc. Support"
2012-07-19,"Adam Hoyle",0.5,"add automation code to site",,,"IANS","IANS: Dev/Misc. Support"
2012-07-19,"Adam Hoyle",1.0,"SSL update",,,"IANS","IANS: Dev/Misc. Support"
2012-07-18,"Adam Hoyle",0.25,"replace Midwest Security Form PDF",,,"IANS","IANS: Dev/Misc. Support"
2012-07-15,"Adam Hoyle",0.5,"server down, restart",,,"IANS","IANS: Dev/Misc. Support"
2012-07-11,"Adam Hoyle",1.5,"investigate and troubleshoot site outage",,,"IANS","IANS: Dev/Misc. Support"
2012-06-05,"Adam Hoyle",0.25,"troubleshoot site DNS issues",,,"IANS","IANS: Dev/Misc. Support"
2012-05-23,"Adam Hoyle",0.5,"track down SSL info for migration",,,"IANS","IANS: Dev/Misc. Support"
2012-05-23,"Adam Hoyle",0.25,"track down SSL info for migration",,,"IANS","IANS: Dev/Misc. Support"
2012-05-21,"Adam Hoyle",0.5,"Coordinate and respond to Ashlee re: QuickPoll questions...",,,"IANS","IANS: Dev/Misc. Support"
2012-05-17,"Adam Hoyle",0.5,"coordinate with Mark Horlbeck on server setup",,,"IANS","IANS: Dev/Misc. Support"
2012-05-11,"Adam Hoyle",1.25,"bulk user import for erik... testing, tweaking, and final import. call w/ erik to walk him through it",,,"IANS","IANS: Dev/Misc. Support"
2012-05-10,"Adam Hoyle",0.75,"updated to homepage CSS to accomodate less content in the about section","Research level of effort for building bulk user account creation (or upload from CSV) function within the CMS interface. This should include random password generation.","Backlog","IANS","IANS: Dev/Misc. Support"
2012-05-10,"Adam Hoyle",0.5,"send example spreadsheet and instructions to Erik","Research level of effort for building bulk user account creation (or upload from CSV) function within the CMS interface. This should include random password generation.","Backlog","IANS","IANS: Dev/Misc. Support"
2012-05-08,"Adam Hoyle",0.35,"","Faculty anchor doesn't work","Backlog","IANS","IANS: Dev/Misc. Support"
2012-05-02,"Adam Hoyle",1.5,"Meeting with Ashlee and Alison",,,"IANS","IANS: Dev/Misc. Support"
2012-04-28,"Adam Hoyle",0.25,"update date on events list page",,,"IANS","IANS: Dev/Misc. Support"
2012-04-16,"Adam Hoyle",0.5,"review and test Quickpoll pre: alison and ashlee",,,"IANS","IANS: Dev/Misc. Support"
2012-04-11,"Adam Hoyle",0.5,"call to introduce the new VP of marketing, and discuss roles/permissions, trial accounts, and bulk uploading of accounts",,,"IANS","IANS: Dev/Misc. Support"
2012-04-10,"Adam Hoyle",1.0,"quickpoll support for Ashlee",,,"IANS","IANS: Dev/Misc. Support"
2012-03-14,"Adam Hoyle",0.5,"investigate and test if emails are being sent when new accounts are created. Confirmed Ashlee's claim that they are not.",,,"IANS","IANS: Dev/Misc. Support"
2012-03-13,"Adam Hoyle",0.5,"update sponsor tab design based on Ashlee's feedback",,,"IANS","IANS: Dev/Misc. Support"
2012-03-08,"Adam Hoyle",0.5,"mockup for Sponsors logo tab",,,"IANS","IANS: Dev/Misc. Support"
2012-03-06,"Adam Hoyle",1.5,"meeting with IANS",,,"IANS","IANS: Dev/Misc. Support"
2012-03-06,"Adam Hoyle",0.5,"QA IANS on local, fix permissions on file directory, test creating and editing nodes, uploading images, test all links...",,,"IANS","IANS: Dev/Misc. Support"
2012-03-05,"Adam Hoyle",0.25,"Download backup of files directory on IANS",,,"IANS","IANS: Dev/Misc. Support"
2012-03-05,"Adam Hoyle",1.0,"enable, configure and test core status and logging module","Deeper reporting: page views for each user (Need to discuss with Anne. Possibly introduce them to Hubspot?)","Backlog","IANS","IANS: Dev/Misc. Support"
2012-03-05,"Adam Hoyle",0.5,"","Add the Charity Spotlight Logo and info to the IANS Mid-Atlantic Information Security Forum","Backlog","IANS","IANS: Dev/Misc. Support"
2012-02-15,"Adam Hoyle",2.0,"homepage design for new service offerings... 2 boxes, 4 boxes, etc.",,,"IANS","IANS: Dev/Misc. Support"
2012-01-20,"Adam Hoyle",0.5,"misc. updates to sol pro company info per Anne",,,"IANS","IANS: Dev/Misc. Support"
2012-01-20,"Adam Hoyle",0.2,"QA Sol Pro Company Profile updates",,,"IANS","IANS: Dev/Misc. Support"
2012-01-19,"Adam Hoyle",0.33,"","Edit to the Research Methodology image/box (see comment for details)","Backlog","IANS","IANS: Dev/Misc. Support"
2012-01-18,"Adam Hoyle",0.5,"organize to-dos, bi-weekly status call with Anne",,,"IANS","IANS: Dev/Misc. Support"
2012-01-17,"Adam Hoyle",0.25,"viewing QuickPoll results without voting",,,"IANS","IANS: Dev/Misc. Support"
2012-01-06,"Adam Hoyle",0.5,"","IANS Perspective as the main page on the IANS blog","Backlog","IANS","IANS: Dev/Misc. Support"
2012-01-05,"Adam Hoyle",0.5,"bi-weekly call",,,"IANS","IANS: Dev/Misc. Support"
2014-12-19,"Adam Hoyle",0.5,"review update to resource card background image on staging, email Chris",,,"Imaginatik","BILLED: Clients & Resources Updates"
2014-12-09,"Adam Hoyle",0.25,,,,"Imaginatik","BILLED: Clients & Resources Updates"
2014-12-09,"Adam Hoyle",0.25,"call with Dale, add to-do to basecamp with notes",,,"Imaginatik","BILLED: Clients & Resources Updates"
2014-11-19,"Adam Hoyle",0.75,"Review feedback w/ Kyle and Jay, send followup email.",,,"Imaginatik","BILLED: Clients & Resources Updates"
2014-11-17,"Adam Hoyle",0.75,"call w/ Dale",,,"Imaginatik","BILLED: Clients & Resources Updates"
2014-11-04,"Adam Hoyle",1.0,"meeting w/ Imaginatik to review Clients & Resources",,,"Imaginatik","BILLED: Clients & Resources Updates"
2014-10-28,"Adam Hoyle",0.5,"review dev progress w/ Kyle",,,"Imaginatik","BILLED: Clients & Resources Updates"
2014-10-14,"Adam Hoyle",0.5,"review first round designs with Imaginatik",,,"Imaginatik","BILLED: Clients & Resources Updates"
2014-10-10,"Adam Hoyle",0.5,"review and send Imginatik designs",,,"Imaginatik","BILLED: Clients & Resources Updates"
2014-10-10,"Adam Hoyle",0.5,,,,"Imaginatik","BILLED: Clients & Resources Updates"
2014-10-08,"Adam Hoyle",0.25,"kickoff, project introduction with Kyle",,,"Imaginatik","BILLED: Clients & Resources Updates"
2014-10-08,"Adam Hoyle",0.25,"project setup",,,"Imaginatik","BILLED: Clients & Resources Updates"
2014-09-08,"Adam Hoyle",0.5,"respond to Chris email re: mobile, headline move on homepage",,,"Imaginatik","BILLED: Campaign Landing Page"
2012-11-30,"Adam Hoyle",0.25,"respond to email re: blog 301s",,,"Imaginatik","BILLED: Imaginatik: Site rebuild with new CMS"
2012-11-26,"Adam Hoyle",1.25,"project coordination",,,"Imaginatik","BILLED: Imaginatik: Site rebuild with new CMS"
2012-11-14,"Adam Hoyle",0.25,"investigate issue w/ views performance",,,"Imaginatik","BILLED: Imaginatik: Site rebuild with new CMS"
2012-11-06,"Adam Hoyle",0.5,"move db to new server",,,"Imaginatik","BILLED: Imaginatik: Site rebuild with new CMS"
2012-11-01,"Adam Hoyle",0.5,,,,"Imaginatik","BILLED: Imaginatik: Site rebuild with new CMS"
2012-09-18,"Adam Hoyle",0.25,"create and add default icon",,,"Imaginatik","BILLED: Imaginatik: Site rebuild with new CMS"
2012-09-14,"Adam Hoyle",1.0,"meeting w/ imaginatik",,,"Imaginatik","BILLED: Imaginatik: Site rebuild with new CMS"
2012-09-14,"Adam Hoyle",0.75,"prep for meeting",,,"Imaginatik","BILLED: Imaginatik: Site rebuild with new CMS"
2012-09-13,"Adam Hoyle",1.0,"meet w/ Kyle and Nicole re: Imaginatek",,,"Imaginatik","BILLED: Imaginatik: Site rebuild with new CMS"
2012-09-13,"Adam Hoyle",0.25,"review email and notes for Imaginatek",,,"Imaginatik","BILLED: Imaginatik: Site rebuild with new CMS"
2014-10-16,"Adam Hoyle",0.75,"deployment",,,"Imaginatik","BILLED: Misc. Website Updates - Phase 1"
2014-09-23,"Adam Hoyle",0.5,"review and discuss deploy plan",,,"Imaginatik","BILLED: Misc. Website Updates - Phase 1"
2014-09-02,"Adam Hoyle",1.0,"respond to Chris and push back on scope creep",,,"Imaginatik","BILLED: Misc. Website Updates - Phase 1"
2014-08-25,"Adam Hoyle",1.25,"respond to email requets and out-of-scope items",,,"Imaginatik","BILLED: Misc. Website Updates - Phase 1"
2014-08-13,"Adam Hoyle",1.0,"process email, review projects and priorities, plan for day",,,"Imaginatik","BILLED: Misc. Website Updates - Phase 1"
2014-08-13,"Adam Hoyle",0.5,"review phase 1 and prep for meeting with imaginatik",,,"Imaginatik","BILLED: Misc. Website Updates - Phase 1"
2014-08-12,"Adam Hoyle",1.5,"meeting with imaginatik",,,"Imaginatik","BILLED: Misc. Website Updates - Phase 1"
2014-08-07,"Adam Hoyle",0.5,"project coordination and client emails",,,"Imaginatik","BILLED: Misc. Website Updates - Phase 1"
2014-08-06,"Adam Hoyle",0.5,"create slider background placeholders",,,"Imaginatik","BILLED: Misc. Website Updates - Phase 1"
2014-08-05,"Adam Hoyle",0.5,"respond to Chris",,,"Imaginatik","BILLED: Misc. Website Updates - Phase 1"
2014-08-05,"Adam Hoyle",0.5,"status update to Chris",,,"Imaginatik","BILLED: Misc. Website Updates - Phase 1"
2014-07-31,"Adam Hoyle",0.25,"review updates, send to Chris, process updated graphics and slide text and update basecamp.","Design of custom interactive infographic(s) (see comment)","Misc.","Imaginatik","BILLED: Misc. Website Updates - Phase 1"
2014-07-31,"Adam Hoyle",0.25,"review on staging","Main Navigation Updates (see comment)","Misc.","Imaginatik","BILLED: Misc. Website Updates - Phase 1"
2014-07-31,"Adam Hoyle",0.25,"review updates and send to Chris","Design of custom interactive infographic(s) (see comment)","Misc.","Imaginatik","BILLED: Misc. Website Updates - Phase 1"
2014-07-30,"Adam Hoyle",0.75,"review imaginatik slider func. and next steps",,,"Imaginatik","BILLED: Misc. Website Updates - Phase 1"
2014-07-29,"Adam Hoyle",0.25,"misc. project coordination, emails",,,"Imaginatik","BILLED: Misc. Website Updates - Phase 1"
2014-07-29,"Adam Hoyle",0.75,"process notes, update basecamp","Design of custom interactive infographic(s) (see comment)","Misc.","Imaginatik","BILLED: Misc. Website Updates - Phase 1"
2014-07-28,"Adam Hoyle",0.5,"process feedback and respond",,,"Imaginatik","BILLED: Misc. Website Updates - Phase 1"
2014-07-25,"Adam Hoyle",0.75,"review homepage slider comps, write email, send to client",,,"Imaginatik","BILLED: Misc. Website Updates - Phase 1"
2014-07-22,"Adam Hoyle",1.0,"kickoff meeting",,,"Imaginatik","BILLED: Misc. Website Updates - Phase 1"
2013-02-11,"Adam Hoyle",0.5,"look into webform email settings, they are different on dev and prod",,,"Imaginatik","BILLED: Pardot Integration"
2013-01-16,"Adam Hoyle",0.5,"game-plan call with Brunello, call with Imaginatik and CEO",,,"Imaginatik","BILLED: Pardot Integration"
2014-12-03,"Adam Hoyle",0.25,"test blog feed, add to feedburner, test in portal",,,"Imaginatik","Dev./Misc. Support"
2014-11-25,"Adam Hoyle",0.5,"call w/ Sara to help troubleshoot blog feed",,,"Imaginatik","Dev./Misc. Support"
2014-11-19,"Adam Hoyle",0.25,"email imaginatik with final recommendations",,,"Imaginatik","Dev./Misc. Support"
2014-11-19,"Adam Hoyle",0.25,"update smtp settings for new brunello account that's used to send imaginatik emails",,,"Imaginatik","Dev./Misc. Support"
2014-10-29,"Adam Hoyle",0.25,"login and access shared GoDaddy account from CHris to take initial steps to complete SSL","Install and configure SSL for Imaginatik.com (see comment)","Misc.","Imaginatik","Dev./Misc. Support"
2014-10-23,"Adam Hoyle",0.5,"fix bad links in infographics",,,"Imaginatik","Dev./Misc. Support"
2014-10-22,"Adam Hoyle",0.5,"test infographics and move updates to prod, email chris",,,"Imaginatik","Dev./Misc. Support"
2014-10-17,"Adam Hoyle",0.5,"webform testing",,,"Imaginatik","Dev./Misc. Support"
2014-10-17,"Adam Hoyle",0.5,"troubleshoot webform",,,"Imaginatik","Dev./Misc. Support"
2014-10-17,"Adam Hoyle",1.0,"troubleshoot webform",,,"Imaginatik","Dev./Misc. Support"
2014-10-16,"Adam Hoyle",2.25,"email troubleshooting",,,"Imaginatik","Dev./Misc. Support"
2014-09-16,"Adam Hoyle",0.5,"Call to discuss Clients/Case Studies",,,"Imaginatik","Dev./Misc. Support"
2014-09-15,"Adam Hoyle",0.75,"respond to Chris' emails",,,"Imaginatik","Dev./Misc. Support"
2014-04-16,"Adam Hoyle",0.5,"re-enable module, set permissions, respond to imaginatik re: SMTP",,,"Imaginatik","Dev./Misc. Support"
2014-04-15,"Adam Hoyle",0.5,"respond to Dale re: Email issues, revert SMTP changes",,,"Imaginatik","Dev./Misc. Support"
2014-04-11,"Adam Hoyle",1.0,"enable and configure SMTP","Install SMTP Authentication module (see comment)","Misc.","Imaginatik","Dev./Misc. Support"
2014-04-10,"Adam Hoyle",0.5,"respond to imaginatik re: email issues and user accounts",,,"Imaginatik","Dev./Misc. Support"
2013-06-14,"Adam Hoyle",0.25,"support for Chris T logging into email",,,"Imaginatik","Dev./Misc. Support"
2013-06-12,"Adam Hoyle",0.75,"image research for Getty issue",,,"Imaginatik","Dev./Misc. Support"
2013-05-22,"Adam Hoyle",0.25,"Support for Amelia for author name on blog posts",,,"Imaginatik","Dev./Misc. Support"
2013-05-20,"Adam Hoyle",0.25,"support for Amelia with login and password",,,"Imaginatik","Dev./Misc. Support"
2013-05-19,"Adam Hoyle",0.5,"Update user permissions for new intern and chris T",,,"Imaginatik","Dev./Misc. Support"
2013-04-30,"Adam Hoyle",0.5,"","Add Pardot tracking code ""piAId"" and ""piCId"" to all pages on the site (see comment for details)","Retainer To-Dos","Imaginatik","Dev./Misc. Support"
2013-03-06,"Adam Hoyle",1.0,,"Rename Discovery Suite as Discovery Central -- and replicate everywhere it appears","Retainer To-Dos","Imaginatik","Dev./Misc. Support"
2013-02-14,"Adam Hoyle",0.25,"site down, reboot server",,,"Imaginatik","Dev./Misc. Support"
2013-02-11,"Adam Hoyle",0.75,"site outages, contact host for server restart",,,"Imaginatik","Dev./Misc. Support"
2013-01-30,"Adam Hoyle",0.75,"update SLA, respond re: site outage",,,"Imaginatik","Dev./Misc. Support"
2013-01-29,"Adam Hoyle",2.0,"review server logs, respond to site outage, draft email and support agreement",,,"Imaginatik","Dev./Misc. Support"
2013-01-16,"Adam Hoyle",2.0,"troubleshoot account tracking issues for leads to hubspot/ call",,,"Imaginatik","Dev./Misc. Support"
2013-02-06,"Adam Hoyle",0.25,"coordinate Omniture updates",,,"iris NY","BILLED: Beyonce - Buy Now Updates"
2013-02-04,"Adam Hoyle",0.25,"coordinate updates to omniture.js w/ Jill and Adam, email Lisa",,,"iris NY","BILLED: Beyonce - Buy Now Updates"
2013-01-31,"Adam Hoyle",0.5,"project coordination for omniture, verify update, discuss with Adam B, email client",,,"iris NY","BILLED: Beyonce - Buy Now Updates"
2013-01-31,"Adam Hoyle",0.5,"project coordination for omniture, call w/ Daniel, outline task, discuss w/ Jill",,,"iris NY","BILLED: Beyonce - Buy Now Updates"
2012-12-20,"Adam Hoyle",0.5,"review s_code, email client",,,"iris NY","BILLED: Beyonce - Buy Now Updates"
2012-12-17,"Adam Hoyle",0.5,"add all the stores",,,"iris NY","BILLED: Beyonce - Buy Now Updates"
2012-12-14,"Adam Hoyle",0.5,"call w/ iris",,,"iris NY","BILLED: Beyonce - Buy Now Updates"
2012-12-11,"Adam Hoyle",0.25,"followup email to iris",,,"iris NY","BILLED: Beyonce - Buy Now Updates"
2012-12-10,"Adam Hoyle",0.5,"email adam brooks about Beyonce issues",,,"iris NY","BILLED: Beyonce - Buy Now Updates"
2012-12-05,"Adam Hoyle",0.5,"misc. project coordination, email joao",,,"iris NY","BILLED: Beyonce - Buy Now Updates"
2012-12-05,"Adam Hoyle",0.75,"project coordination, emailing Joao",,,"iris NY","BILLED: Beyonce - Buy Now Updates"
2012-12-04,"Adam Hoyle",0.25,"review omniture tagging for beyonce and add to basecamp",,,"iris NY","BILLED: Beyonce - Buy Now Updates"
2012-12-04,"Adam Hoyle",0.5,"call w/ iris to discuss Buy Now pages",,,"iris NY","BILLED: Beyonce - Buy Now Updates"
2012-11-27,"Adam Hoyle",0.5,"review buy now page",,,"iris NY","BILLED: Beyonce - Buy Now Updates"
2012-11-19,"Adam Hoyle",1.0,"client communications and internal discussion",,,"iris NY","BILLED: Beyonce - Buy Now Updates"
2012-11-19,"Adam Hoyle",0.5,"call w/ iris to review specs and answer questions",,,"iris NY","BILLED: Beyonce - Buy Now Updates"
2012-11-19,"Adam Hoyle",0.5,"review designs and specs prior to call",,,"iris NY","BILLED: Beyonce - Buy Now Updates"
2012-11-16,"Adam Hoyle",0.5,"download assets, review, setup basecamp project",,,"iris NY","BILLED: Beyonce - Buy Now Updates"
2012-07-18,"Adam Hoyle",0.25,"troubleshoot translated content view for USA user",,,"iris NY","BILLED: Beyonce Midnight Heat"
2012-07-17,"Adam Hoyle",0.75,"smoketest prod, disable promos that aren't live, update authored by on all content",,,"iris NY","BILLED: Beyonce Midnight Heat"
2012-07-11,"Adam Hoyle",0.25,"updates per Christinta",,,"iris NY","BILLED: Beyonce Midnight Heat"
2012-07-10,"Adam Hoyle",1.25,"content updates, adding new promotions to midnight heat, troubleshoot code overwrite by Kevin for Omniture",,,"iris NY","BILLED: Beyonce Midnight Heat"
2012-07-03,"Adam Hoyle",0.75,"process feedback and new files from Christina",,,"iris NY","BILLED: Beyonce Midnight Heat"
2012-07-02,"Adam Hoyle",0.25,"",,,"iris NY","BILLED: Beyonce Midnight Heat"
2012-06-29,"Adam Hoyle",0.5,"call w/ lisa re: omniture",,,"iris NY","BILLED: Beyonce Midnight Heat"
2012-06-27,"Adam Hoyle",0.5,"move to iris domain for client testing",,,"iris NY","BILLED: Beyonce Midnight Heat"
2012-06-26,"Adam Hoyle",1.25,"QA and project coordination",,,"iris NY","BILLED: Beyonce Midnight Heat"
2012-06-20,"Adam Hoyle",2.5,"backup the theme, backup db, updates and edits to templates for collection pages",,,"iris NY","BILLED: Beyonce Midnight Heat"
2012-06-19,"Adam Hoyle",2.0,"add collection, product, downloads and promotions content",,,"iris NY","BILLED: Beyonce Midnight Heat"
2012-01-20,"Adam Hoyle",1.0,"troubleshoot issue with Czech Rep. site after deployment (path alias issue, CSS nav issue (extra lines), content overwrite)), QA all countries.",,,"iris NY","BILLED: Beyonce Pulse Summer"
2012-01-18,"Adam Hoyle",0.5,"post-launch QA",,,"iris NY","BILLED: Beyonce Pulse Summer"
2012-01-17,"Adam Hoyle",0.5,"cleanup hard edges on Pulse Summer About and Fragrance",,,"iris NY","BILLED: Beyonce Pulse Summer"
2012-01-11,"Adam Hoyle",0.5,"client communications, followup with lisa, discuss placement of new products disclaimer",,,"iris NY","BILLED: Beyonce Pulse Summer"
2012-01-10,"Adam Hoyle",0.25,"copy edit and update to background flare graphic",,,"iris NY","BILLED: Beyonce Pulse Summer"
2012-01-09,"Adam Hoyle",3.25,"Update HTML/CSS/JS for homepage to add Summer Pulse edition",,,"iris NY","BILLED: Beyonce Pulse Summer"
2012-01-08,"Adam Hoyle",1.51278,"Update HTML/CSS/JS for homepage to add Summer Pulse edition",,,"iris NY","BILLED: Beyonce Pulse Summer"
2013-03-12,"Adam Hoyle",4.0,"adjustment",,,"iris NY","BILLED: Beyoncé Parfums - Website Issue Fixes"
2013-03-12,"Adam Hoyle",0.5,"review updates, email Lisa",,,"iris NY","BILLED: Beyoncé Parfums - Website Issue Fixes"
2013-03-08,"Adam Hoyle",0.25,"project setup, update basecamp",,,"iris NY","BILLED: Beyoncé Parfums - Website Issue Fixes"
2012-05-31,"Adam Hoyle",0.5,"answer Adam Brooks questions and fix changed URL from perfectawash to introducing-perfectawashtm",,,"iris NY","BILLED: Clearasil.us mobile redirection"
2012-05-07,"Adam Hoyle",0.251111,"move skincare tool to prod",,,"iris NY","BILLED: Clearasil.us Post-launch"
2012-05-07,"Adam Hoyle",0.5,"skincare tool tweaks",,,"iris NY","BILLED: Clearasil.us Post-launch"
2012-05-02,"Adam Hoyle",0.25,"tweaks to height and width","Add skincare tool (see attached)","Misc.","iris NY","BILLED: Clearasil.us Post-launch"
2012-05-01,"Adam Hoyle",0.5,"add skincare tool and test",,,"iris NY","BILLED: Clearasil.us Post-launch"
2012-01-19,"Adam Hoyle",3.0,"add front-end screenshots, continued work on training guide, send second draft to Belinda",,,"iris NY","BILLED: Clearasil.us Website"
2012-01-18,"Adam Hoyle",2.0,"continued work on training guide",,,"iris NY","BILLED: Clearasil.us Website"
2012-01-18,"Adam Hoyle",3.0,"continued work on training guide",,,"iris NY","BILLED: Clearasil.us Website"
2012-01-17,"Adam Hoyle",2.0,"organize, sort, upload screenshots, create initial training guides using Notable App",,,"iris NY","BILLED: Clearasil.us Website"
2012-06-29,"Adam Hoyle",0.5,"call w/ Jason W re: upcoming work on coty.com",,,"iris NY","BILLED: Coty.com"
2012-06-28,"Adam Hoyle",0.5,"call to discuss post-server change",,,"iris NY","BILLED: Coty.com"
2012-06-26,"Adam Hoyle",0.5,"call re: omniture",,,"iris NY","BILLED: Coty.com"
2012-06-13,"Adam Hoyle",0.25,"push new TOU and PP to the live site",,,"iris NY","BILLED: Coty.com"
2012-06-12,"Adam Hoyle",0.5,"T&C and PP updates",,,"iris NY","BILLED: Coty.com"
2012-06-12,"Adam Hoyle",2.5,"hypercare assembla updates",,,"iris NY","BILLED: Coty.com"
2012-06-11,"Adam Hoyle",1.5,"updates to privacy policy, terms and conditions and other Assembla todos",,,"iris NY","BILLED: Coty.com"
2012-06-07,"Adam Hoyle",4.0,"CMS walkthrough and followup call",,,"iris NY","BILLED: Coty.com"
2012-06-06,"Adam Hoyle",0.75,"updates to the Coty.com guide",,,"iris NY","BILLED: Coty.com"
2012-06-05,"Adam Hoyle",1.0,"finish user guide",,,"iris NY","BILLED: Coty.com"
2012-06-04,"Adam Hoyle",6.5,"user guide",,,"iris NY","BILLED: Coty.com"
2012-05-31,"Adam Hoyle",2.5,"back-end screenshots",,,"iris NY","BILLED: Coty.com"
2012-05-31,"Adam Hoyle",1.38778,"upload screenshots to notable and begin anotating fields",,,"iris NY","BILLED: Coty.com"
2012-05-31,"Adam Hoyle",2.75,"admin screenshots for training guide",,,"iris NY","BILLED: Coty.com"
2012-05-31,"Adam Hoyle",0.5,"call to discuss cookie, and other out of scope requests.",,,"iris NY","BILLED: Coty.com"
2012-05-31,"Adam Hoyle",0.5,"respond to Shawn re: Omniture and Homepage Video",,,"iris NY","BILLED: Coty.com"
2012-05-31,"Adam Hoyle",1.0,"screenshots for training guide",,,"iris NY","BILLED: Coty.com"
2012-05-30,"Adam Hoyle",1.75,"back-end training, take 2",,,"iris NY","BILLED: Coty.com"
2012-05-29,"Adam Hoyle",2.55222,"post-launch hypercare requests from Assembla",,,"iris NY","BILLED: Coty.com"
2012-05-29,"Adam Hoyle",0.5,"upload new video to YT",,,"iris NY","BILLED: Coty.com"
2012-05-23,"Adam Hoyle",0.25,"download new video and send to Tom T for editting out of the black bars.",,,"iris NY","BILLED: Coty.com"
2012-05-18,"Adam Hoyle",1.0,"call w/ Preeti and Lisa - coty.com CMS walkthrough",,,"iris NY","BILLED: Coty.com"
2012-05-18,"Adam Hoyle",4.25,"notes for CMS walkthrough",,,"iris NY","BILLED: Coty.com"
2012-05-17,"Adam Hoyle",1.5,"hypercare",,,"iris NY","BILLED: Coty.com"
2012-05-16,"Adam Hoyle",1.25,"hypercare",,,"iris NY","BILLED: Coty.com"
2012-05-15,"Adam Hoyle",0.5,"add new press release",,,"iris NY","BILLED: Coty.com"
2012-05-14,"Adam Hoyle",0.75,"hypercare QA",,,"iris NY","BILLED: Coty.com"
2012-05-11,"Adam Hoyle",0.168056,"hypercare",,,"iris NY","BILLED: Coty.com"
2012-05-11,"Adam Hoyle",1.25,"post-launch QA, 301s, and hyperare QA",,,"iris NY","BILLED: Coty.com"
2012-05-11,"Adam Hoyle",4.0,"Standby for launch",,,"iris NY","BILLED: Coty.com"
2012-05-10,"Adam Hoyle",4.0,"QA",,,"iris NY","BILLED: Coty.com"
2012-05-09,"Adam Hoyle",5.0,"QA",,,"iris NY","BILLED: Coty.com"
2012-05-08,"Adam Hoyle",1.0,"QA",,,"iris NY","BILLED: Coty.com"
2012-05-08,"Adam Hoyle",1.25,"QA",,,"iris NY","BILLED: Coty.com"
2012-05-07,"Adam Hoyle",0.948889,"add press releases, research CDN, attempt more video compression/conversion",,,"iris NY","BILLED: Coty.com"
2012-05-07,"Adam Hoyle",1.0,"QA - copy edits, responses to design edit requests, and more...",,,"iris NY","BILLED: Coty.com"
2012-05-07,"Adam Hoyle",1.0,"QA - copy edits, responses to design edit requests, and more...",,,"iris NY","BILLED: Coty.com"
2012-05-07,"Adam Hoyle",2.0,"QA",,,"iris NY","BILLED: Coty.com"
2012-05-06,"Adam Hoyle",0.332778,"QA - copy edits",,,"iris NY","BILLED: Coty.com"
2012-05-04,"Adam Hoyle",0.75,"QA",,,"iris NY","BILLED: Coty.com"
2012-05-03,"Adam Hoyle",1.75,"assembla qa",,,"iris NY","BILLED: Coty.com"
2012-05-03,"Adam Hoyle",2.18333,"QA",,,"iris NY","BILLED: Coty.com"
2012-05-02,"Adam Hoyle",4.5,"QA",,,"iris NY","BILLED: Coty.com"
2012-05-01,"Adam Hoyle",4.89139,"content updates and alpha QA",,,"iris NY","BILLED: Coty.com"
2012-04-30,"Adam Hoyle",1.26639,"assembla todos",,,"iris NY","BILLED: Coty.com"
2012-04-30,"Adam Hoyle",2.75,"convert HP video, convert Cavalli video, review and QA site",,,"iris NY","BILLED: Coty.com"
2012-04-27,"Adam Hoyle",1.0,"",,,"iris NY","BILLED: Coty.com"
2012-04-27,"Adam Hoyle",5.23,"dev and prep for alpha review, alpha review call w/ iris and coty, followups and feedback",,,"iris NY","BILLED: Coty.com"
2012-04-27,"Adam Hoyle",4.5,,,,"iris NY","BILLED: Coty.com"
2012-04-26,"Adam Hoyle",1.95361,"process iris review",,,"iris NY","BILLED: Coty.com"
2012-04-26,"Adam Hoyle",7.0,"brands, heritage",,,"iris NY","BILLED: Coty.com"
2012-04-25,"Adam Hoyle",6.0,"add brand content",,,"iris NY","BILLED: Coty.com"
2012-04-25,"Adam Hoyle",1.98861,"add content, more QA",,,"iris NY","BILLED: Coty.com"
2012-04-24,"Adam Hoyle",0.509722,"organize heritage and brands content and prepare for content entry",,,"iris NY","BILLED: Coty.com"
2012-04-24,"Adam Hoyle",0.5,"door 3 call",,,"iris NY","BILLED: Coty.com"
2012-04-24,"Adam Hoyle",2.5,"QA and dev",,,"iris NY","BILLED: Coty.com"
2012-04-23,"Adam Hoyle",4.75,"QA, content styling, etc, client communications, etc.",,,"iris NY","BILLED: Coty.com"
2012-04-22,"Adam Hoyle",3.82667,"add media center content, add social media links, other QA and CSS tweaks",,,"iris NY","BILLED: Coty.com"
2012-04-22,"Adam Hoyle",1.0,"content entry & QA",,,"iris NY","BILLED: Coty.com"
2012-04-22,"Adam Hoyle",0.5,"","Add descriptions to content types and list sections that use each.","Internal Brunello QA","iris NY","BILLED: Coty.com"
2012-04-22,"Adam Hoyle",1.5,"content entry & QA",,,"iris NY","BILLED: Coty.com"
2012-04-22,"Adam Hoyle",0.741667,,"Create user accounts for all brands (see attached XLS)","Misc.","iris NY","BILLED: Coty.com"
2012-04-22,"Adam Hoyle",1.0,"content entry & QA",,,"iris NY","BILLED: Coty.com"
2012-04-21,"Adam Hoyle",4.17472,"content entry & QA",,,"iris NY","BILLED: Coty.com"
2012-04-20,"Adam Hoyle",0.258056,"QA, update meta tags",,,"iris NY","BILLED: Coty.com"
2012-04-20,"Adam Hoyle",0.5,"QA",,,"iris NY","BILLED: Coty.com"
2012-04-19,"Adam Hoyle",0.9525,"internal QA",,,"iris NY","BILLED: Coty.com"
2012-04-16,"Adam Hoyle",0.5,"project coordination, emailing re: timeline w/ Shawn",,,"iris NY","BILLED: Coty.com"
2012-04-13,"Adam Hoyle",0.5,"weekly status call",,,"iris NY","BILLED: Coty.com"
2012-04-10,"Adam Hoyle",4.0,"meeting w/ shawn and julia to walk through designs",,,"iris NY","BILLED: Coty.com"
2012-04-03,"Adam Hoyle",0.5,"on-the-fly updates during usability tests",,,"iris NY","BILLED: Coty.com"
2012-04-02,"Adam Hoyle",6.0,"ux prototype",,,"iris NY","BILLED: Coty.com"
2012-03-31,"Adam Hoyle",4.0,"work on UX prototype, linking pages, coding, etc.",,,"iris NY","BILLED: Coty.com"
2012-03-30,"Adam Hoyle",4.0,"coty usability coding",,,"iris NY","BILLED: Coty.com"
2012-03-30,"Adam Hoyle",1.0,"prep for call with iris re: usability, conference call w/ iris",,,"iris NY","BILLED: Coty.com"
2012-03-28,"Adam Hoyle",3.0,"print pages, review notes, moderator guide, prep for call conference call to walk through usability test requirements and organize a plan for getting this done for Monday.",,,"iris NY","BILLED: Coty.com"
2012-03-27,"Adam Hoyle",0.25,"QA sticky nav",,,"iris NY","BILLED: Coty.com"
2012-03-27,"Adam Hoyle",2.75,"process usability notes and organize, review moderators guide, document questions for Shawn",,,"iris NY","BILLED: Coty.com"
2012-03-26,"Adam Hoyle",1.5,"conference call w/ Coty, Iris and First Insights re: usability tests",,,"iris NY","BILLED: Coty.com"
2012-03-21,"Adam Hoyle",0.5,"call w/ Shawn re: UT testing and requirements",,,"iris NY","BILLED: Coty.com"
2012-02-24,"Adam Hoyle",0.25,"weekly conference call",,,"iris NY","BILLED: Coty.com"
2012-02-10,"Adam Hoyle",0.25,"conference call, weekly status call w/ Lisa, Shawn, Preveet",,,"iris NY","BILLED: Coty.com"
2012-02-10,"Adam Hoyle",1.5,"review wires and IA document and catchup on project notes in iris basecamp",,,"iris NY","BILLED: Coty.com"
2012-01-11,"Adam Hoyle",0.75,"review and process notes and project details from Shawn",,,"iris NY","BILLED: Coty.com"
2012-10-24,"Adam Hoyle",2.0,"coty scheduled release",,,"iris NY","BILLED: Coty.com - Release 1.3"
2012-10-19,"Adam Hoyle",0.5,"email communication with Jason W.",,,"iris NY","BILLED: Coty.com - Release 1.3"
2012-10-12,"Adam Hoyle",0.25,"check cron logs and email Jason W",,,"iris NY","BILLED: Coty.com - Release 1.3"
2012-10-11,"Adam Hoyle",0.5,"check cron logs and email Jason W, make changes to date/time format on dev and prod per Jason's request",,,"iris NY","BILLED: Coty.com - Release 1.3"
2012-10-10,"Adam Hoyle",0.5,"check cron logs and email Jason W",,,"iris NY","BILLED: Coty.com - Release 1.3"
2012-10-09,"Adam Hoyle",0.25,"call w/ Jason to explain how cron works, again",,,"iris NY","BILLED: Coty.com - Release 1.3"
2012-09-24,"Adam Hoyle",0.25,"status call w/ Jason",,,"iris NY","BILLED: Coty.com - Release 1.3"
2012-09-19,"Adam Hoyle",1.25,"test revisions on all content types and review site for errors.",,,"iris NY","BILLED: Coty.com - Release 1.3"
2012-09-19,"Adam Hoyle",1.5,"coty 1.3 issues with revisioning and scheduled publishing",,,"iris NY","BILLED: Coty.com - Release 1.3"
2012-09-18,"Adam Hoyle",0.25,"check timed release.",,,"iris NY","BILLED: Coty.com - Release 1.3"
2012-09-14,"Adam Hoyle",2.0,"push live",,,"iris NY","BILLED: Coty.com - Release 1.3"
2012-09-14,"Adam Hoyle",0.5,"call w/ Jason W for approval to launch",,,"iris NY","BILLED: Coty.com - Release 1.3"
2012-09-13,"Adam Hoyle",1.0,"hiding ""Publish Options"" for all content types that it's not applicable.",,,"iris NY","BILLED: Coty.com - Release 1.3"
2012-09-13,"Adam Hoyle",0.5,"call w/ Josh to review 1.3 features",,,"iris NY","BILLED: Coty.com - Release 1.3"
2012-09-07,"Adam Hoyle",1.0,"review Jason W's notes on 1.3 that he will send to Josh. Call w/ Jason W.",,,"iris NY","BILLED: Coty.com - Release 1.3"
2012-09-06,"Adam Hoyle",0.25,"review coty.com homepage IR block.",,,"iris NY","BILLED: Coty.com - Release 1.3"
2012-09-05,"Adam Hoyle",1.0,"hide unwanted fields from editors, write description to Jason W.",,,"iris NY","BILLED: Coty.com - Release 1.3"
2012-09-05,"Adam Hoyle",1.0,"move revision updates to dev7",,,"iris NY","BILLED: Coty.com - Release 1.3"
2012-09-05,"Adam Hoyle",0.75,"pull scheduling and news feed to dev7",,,"iris NY","BILLED: Coty.com - Release 1.3"
2012-08-31,"Adam Hoyle",0.75,"implement and test versioning on local",,,"iris NY","BILLED: Coty.com - Release 1.3"
2012-08-30,"Adam Hoyle",0.25,"remove sumay from contact module",,,"iris NY","BILLED: Coty.com - Release 1.3"
2012-08-27,"Adam Hoyle",0.25,"contact form revisions",,,"iris NY","BILLED: Coty.com - Release 1.3"
2012-08-24,"Adam Hoyle",0.5,"homepage video looping",,,"iris NY","BILLED: Coty.com - Release 1.3"
2012-11-16,"Adam Hoyle",0.508611,"post launch followup call and next steps",,,"iris NY","BILLED: Coty.com Drupal 6 to 7 Upgrade"
2012-11-14,"Adam Hoyle",0.5,"post-launch smoke test and call",,,"iris NY","BILLED: Coty.com Drupal 6 to 7 Upgrade"
2012-11-13,"Adam Hoyle",0.75,"go/no-go call",,,"iris NY","BILLED: Coty.com Drupal 6 to 7 Upgrade"
2012-11-09,"Adam Hoyle",0.75,"call w/ iris/coty to discuss final launch steps",,,"iris NY","BILLED: Coty.com Drupal 6 to 7 Upgrade"
2012-11-08,"Adam Hoyle",1.25,"review open tickets",,,"iris NY","BILLED: Coty.com Drupal 6 to 7 Upgrade"
2012-11-08,"Adam Hoyle",0.5,"sanity check on reported ""fails"" from Josh Blair",,,"iris NY","BILLED: Coty.com Drupal 6 to 7 Upgrade"
2012-11-06,"Adam Hoyle",0.25,"call w/ Jason W, add TJOY image",,,"iris NY","BILLED: Coty.com Drupal 6 to 7 Upgrade"
2012-11-02,"Adam Hoyle",0.75,"call w/ Jason W",,,"iris NY","BILLED: Coty.com Drupal 6 to 7 Upgrade"
2012-10-30,"Adam Hoyle",1.15,"final QA and content synching",,,"iris NY","BILLED: Coty.com Drupal 6 to 7 Upgrade"
2012-10-29,"Adam Hoyle",1.25,"add help text for conditional fields, check all content types, set required fields, etc",,,"iris NY","BILLED: Coty.com Drupal 6 to 7 Upgrade"
2012-10-28,"Adam Hoyle",2.0,"QA",,,"iris NY","BILLED: Coty.com Drupal 6 to 7 Upgrade"
2012-10-26,"Adam Hoyle",0.5,"status call w/ iris",,,"iris NY","BILLED: Coty.com Drupal 6 to 7 Upgrade"
2012-10-26,"Adam Hoyle",0.5,"review and discuss coty QA",,,"iris NY","BILLED: Coty.com Drupal 6 to 7 Upgrade"
2012-10-25,"Adam Hoyle",2.5,"QA",,,"iris NY","BILLED: Coty.com Drupal 6 to 7 Upgrade"
2012-10-25,"Adam Hoyle",3.41917,"initial pass, safari, chome, FF QA on D7",,,"iris NY","BILLED: Coty.com Drupal 6 to 7 Upgrade"
2012-10-25,"Adam Hoyle",0.25,"test SSH and FTP into new D7 server",,,"iris NY","BILLED: Coty.com Drupal 6 to 7 Upgrade"
2012-10-21,"Adam Hoyle",1.47139,"add content",,,"iris NY","BILLED: Coty.com Drupal 6 to 7 Upgrade"
2012-10-19,"Adam Hoyle",1.25,"quick check on D7 upgrade, review notes, add some content",,,"iris NY","BILLED: Coty.com Drupal 6 to 7 Upgrade"
2012-10-05,"Adam Hoyle",0.75,"call w/ Jason W. re: D7",,,"iris NY","BILLED: Coty.com Drupal 6 to 7 Upgrade"
2012-10-04,"Adam Hoyle",0.75,"Call w/ jason and followup",,,"iris NY","BILLED: Coty.com Drupal 6 to 7 Upgrade"
2012-09-13,"Adam Hoyle",0.75,"call w/ antonio",,,"iris NY","BILLED: Coty.com Drupal 6 to 7 Upgrade"
2012-09-12,"Adam Hoyle",0.75,"create project status sheets including modules and templates",,,"iris NY","BILLED: Coty.com Drupal 6 to 7 Upgrade"
2012-09-05,"Adam Hoyle",0.75,"create module worksheet and get Ashley started on inventory",,,"iris NY","BILLED: Coty.com Drupal 6 to 7 Upgrade"
2012-06-12,"Adam Hoyle",0.828889,"edit logo from video",,,"iris NY","BILLED: Coty.com Homepage Load-order & Timing"
2012-06-12,"Adam Hoyle",0.25,"re-create logo over blue blur",,,"iris NY","BILLED: Coty.com Homepage Load-order & Timing"
2012-08-03,"Adam Hoyle",3.25,"restore db and figure out the contact us copy changes",,,"iris NY","BILLED: Coty.com Release 1.2"
2012-08-01,"Adam Hoyle",0.75,"push 1.2 to prod",,,"iris NY","BILLED: Coty.com Release 1.2"
2012-07-31,"Adam Hoyle",0.25,"restore db and copy contact content to get the dividers back",,,"iris NY","BILLED: Coty.com Release 1.2"
2012-07-30,"Adam Hoyle",0.5,"QA",,,"iris NY","BILLED: Coty.com Release 1.2"
2012-07-20,"Adam Hoyle",0.5,"weekly status call",,,"iris NY","BILLED: Coty.com Release 1.2"
2012-07-18,"Adam Hoyle",0.25,"add URL field for image",,,"iris NY","BILLED: Coty.com Release 1.2"
2012-07-18,"Adam Hoyle",0.25,"update harvard image",,,"iris NY","BILLED: Coty.com Release 1.2"
2012-07-17,"Adam Hoyle",0.5,,"DKMS logo changes (need clarification)","Release 1.2","iris NY","BILLED: Coty.com Release 1.2"
2012-07-17,"Adam Hoyle",0.75,,"Contact Us: Add dividers between all contacts (need comp from iris)","Release 1.2","iris NY","BILLED: Coty.com Release 1.2"
2012-07-17,"Adam Hoyle",0.25,"push latest omniture updates to prod",,,"iris NY","BILLED: Coty.com Release 1.2"
2012-07-13,"Adam Hoyle",0.25,"add video tracking code updates from dorian",,,"iris NY","BILLED: Coty.com Release 1.2"
2012-07-13,"Adam Hoyle",0.5,"status call w/ Jason W.",,,"iris NY","BILLED: Coty.com Release 1.2"
2012-07-12,"Adam Hoyle",0.25,"video tracking code updates from Daniel",,,"iris NY","BILLED: Coty.com Release 1.2"
2012-07-12,"Adam Hoyle",1.0,"video tracking code updates from Daniel",,,"iris NY","BILLED: Coty.com Release 1.2"
2012-07-12,"Adam Hoyle",0.333,"","Omniture video tagging","Release 1.2","iris NY","BILLED: Coty.com Release 1.2"
2012-07-12,"Adam Hoyle",0.333,"","Update default logo on Press Releases, it’s the wrong logo (and other media center content that uses the logo)","Release 1.2","iris NY","BILLED: Coty.com Release 1.2"
2012-07-12,"Adam Hoyle",0.333,"","Heritage: change “description” to Alt on slide images","Release 1.2","iris NY","BILLED: Coty.com Release 1.2"
2012-07-12,"Adam Hoyle",0.25,"project setup",,,"iris NY","BILLED: Coty.com Release 1.2"
2012-07-11,"Adam Hoyle",1.25,"Omniture updates, emails, calls",,,"iris NY","BILLED: Coty.com Release 1.2"
2012-07-10,"Adam Hoyle",0.256389,"add video tracking code from dorian",,,"iris NY","BILLED: Coty.com Release 1.2"
2012-02-02,"Adam Hoyle",3.0,"finish training guide and compile PDF",,,"iris NY","BILLED: Faith & Tim - Soul2Soul"
2012-02-01,"Adam Hoyle",2.0,"first half of training guide notes",,,"iris NY","BILLED: Faith & Tim - Soul2Soul"
2012-01-27,"Adam Hoyle",2.0,"finish screenshots, add to notable, organize screenshots, name and describe each",,,"iris NY","BILLED: Faith & Tim - Soul2Soul"
2012-01-26,"Adam Hoyle",0.75,"screenshots for training guide",,,"iris NY","BILLED: Faith & Tim - Soul2Soul"
2012-01-23,"Adam Hoyle",0.5,"CSS tweak for McGraw McGraw bottle spacing",,,"iris NY","BILLED: Faith & Tim - Soul2Soul"
2012-01-19,"Adam Hoyle",0.5,"CSS adjustment for Christina to accomodate smaller bottles.",,,"iris NY","BILLED: Faith & Tim - Soul2Soul"
2013-01-18,"Adam Hoyle",0.25,"Call w/ Brooks re: S2S",,,"iris NY","BILLED: Faith & Tim - Store Locator"
2013-06-18,"Adam Hoyle",0.75,"project coordination and client emails",,,"iris NY","BILLED: Finish+Bosch Microsite"
2013-06-18,"Adam Hoyle",0.25,"review QA list with John",,,"iris NY","BILLED: Finish+Bosch Microsite"
2013-06-17,"Adam Hoyle",0.25,"respond/push back on QA items that are out of scope.",,,"iris NY","BILLED: Finish+Bosch Microsite"
2013-06-14,"Adam Hoyle",2.5,"tackle QA items",,,"iris NY","BILLED: Finish+Bosch Microsite"
2013-06-13,"Adam Hoyle",0.25,"get local version of site running",,,"iris NY","BILLED: Finish+Bosch Microsite"
2013-06-13,"Adam Hoyle",0.5,"Review QA",,,"iris NY","BILLED: Finish+Bosch Microsite"
2013-06-13,"Adam Hoyle",1.25,"QA",,,"iris NY","BILLED: Finish+Bosch Microsite"
2013-06-13,"Adam Hoyle",0.25,"check-in on project, review QA items, email Cammy",,,"iris NY","BILLED: Finish+Bosch Microsite"
2013-06-12,"Adam Hoyle",0.75,"project coordination",,,"iris NY","BILLED: Finish+Bosch Microsite"
2013-06-12,"Adam Hoyle",0.5,"early QA",,,"iris NY","BILLED: Finish+Bosch Microsite"
2013-06-12,"Adam Hoyle",1.25,"check all review content, add Terms and Conditions",,,"iris NY","BILLED: Finish+Bosch Microsite"
2013-06-12,"Adam Hoyle",0.5,"review product selector, email client, discuss design tweaks with Jay",,,"iris NY","BILLED: Finish+Bosch Microsite"
2013-06-11,"Adam Hoyle",0.25,"call w/ iris. status check",,,"iris NY","BILLED: Finish+Bosch Microsite"
2013-06-11,"Adam Hoyle",1.0,"email to Cammy re: product selector and timeline expectation",,,"iris NY","BILLED: Finish+Bosch Microsite"
2013-06-10,"Adam Hoyle",1.25,"project coordination, emails, basecamp updates",,,"iris NY","BILLED: Finish+Bosch Microsite"
2013-06-07,"Adam Hoyle",1.75,"process notes, update basecamp, email back and forth with Cammy, update estimate, get signoff",,,"iris NY","BILLED: Finish+Bosch Microsite"
2013-06-06,"Adam Hoyle",0.5,"recap notes from call",,,"iris NY","BILLED: Finish+Bosch Microsite"
2013-06-06,"Adam Hoyle",0.5,"kickoff call with iris",,,"iris NY","BILLED: Finish+Bosch Microsite"
2013-06-05,"Adam Hoyle",1.0,"Review designs, annotated PDF, content. Type up notes to prep for call with iris.",,,"iris NY","BILLED: Finish+Bosch Microsite"
2013-06-05,"Adam Hoyle",0.5,"download and organize assets, upload to basecamp",,,"iris NY","BILLED: Finish+Bosch Microsite"
2012-12-18,"Adam Hoyle",0.5,"re-export video, adjust quality settings",,,"iris NY","BILLED: Homepage (mobile) Video Updates"
2012-12-18,"Adam Hoyle",0.5,"crop black bars from video",,,"iris NY","BILLED: Homepage (mobile) Video Updates"
2012-12-07,"Adam Hoyle",0.5,"project setup, download mobile video",,,"iris NY","BILLED: Homepage (mobile) Video Updates"
2013-04-22,"Adam Hoyle",0.25,"review Coty tech guide",,,"iris NY","BILLED: Katy Perry - Website Design & Development"
2012-04-18,"Adam Hoyle",4.5,"admin documentation, screenshots, notes and PDF assembly",,,"iris NY","BILLED: Madonna - Truth or Dare"
2012-04-03,"Adam Hoyle",0.33,"post-launch QA",,,"iris NY","BILLED: Madonna - Truth or Dare"
2012-03-21,"Adam Hoyle",0.5,"QA",,,"iris NY","BILLED: Madonna - Truth or Dare"
2012-03-20,"Adam Hoyle",0.25,"QA",,,"iris NY","BILLED: Madonna - Truth or Dare"
2012-03-14,"Adam Hoyle",0.65,"review project status and process email and updates to basecamp",,,"iris NY","BILLED: Madonna - Truth or Dare"
2012-02-24,"Adam Hoyle",0.25,"weekly conference call",,,"iris NY","BILLED: Madonna - Truth or Dare"
2012-02-09,"Adam Hoyle",0.5,"responses to lissa for licensor's hosting environment questions",,,"iris NY","BILLED: Madonna - Truth or Dare"
2012-12-20,"Adam Hoyle",0.5,"smoketest and email client",,,"iris NY","BILLED: Misc. Updates (Nail & Video)"
2012-12-18,"Adam Hoyle",0.5,"crop black bars from video, upload to youtube",,,"iris NY","BILLED: Misc. Updates (Nail & Video)"
2012-12-17,"Adam Hoyle",0.5,"upload new video to youtube",,,"iris NY","BILLED: Misc. Updates (Nail & Video)"
2012-04-27,"Adam Hoyle",0.75,"call w/ DJ and Preeti to review, coordinate with Preeti on feedback and change requests, gather and process new assets",,,"iris NY","BILLED: Rimmel - Canada FB Pages"
2012-04-26,"Adam Hoyle",0.75,"Coodinate dev with Jill and OMR",,,"iris NY","BILLED: Rimmel - Canada FB Pages"
2012-04-25,"Adam Hoyle",0.5,"work with Jill on FB app questions",,,"iris NY","BILLED: Rimmel - Canada FB Pages"
2012-07-02,"Adam Hoyle",0.650556,"push updates to prod and test",,,"iris NY","BILLED: Soul2Soul Site Updates"
2012-06-27,"Adam Hoyle",0.25,"update logo on mobile landing page",,,"iris NY","BILLED: Soul2Soul Site Updates"
2012-06-26,"Adam Hoyle",1.75,,,,"iris NY","BILLED: Soul2Soul Site Updates"
2012-06-25,"Adam Hoyle",2.04083,"update logo to remove ""introducing"",",,,"iris NY","BILLED: Soul2Soul Site Updates"
2012-04-16,"Adam Hoyle",0.5,"project coordination",,,"iris NY","BILLED: UK: Madonna - Truth or Dare"
2012-04-13,"Adam Hoyle",0.25,"review change requests",,,"iris NY","BILLED: UK: Madonna - Truth or Dare"
2013-02-21,"Adam Hoyle",0.25,"Call w/ iris re: Beyonce questions",,,"iris NY","Dev./Misc. Support"
2013-01-30,"Adam Hoyle",0.25,"call w/ Lisa re: Beyonce Omniture",,,"iris NY","Dev./Misc. Support"
2013-01-29,"Adam Hoyle",0.25,"diff s_code, respond to Lisa",,,"iris NY","Dev./Misc. Support"
2013-01-23,"Adam Hoyle",0.5,"call with Antonio and iris",,,"iris NY","Dev./Misc. Support"
2012-12-14,"Adam Hoyle",0.75,"emailing and providing estimates for coty.com work",,,"iris NY","Dev./Misc. Support"
2012-11-15,"Adam Hoyle",0.5,"call to discuss beyonce FY13",,,"iris NY","Dev./Misc. Support"
2012-11-12,"Adam Hoyle",0.25,"review videos and inform JW which one is used on homepage so they can dispute the copyright infringment.",,,"iris NY","Dev./Misc. Support"
2012-11-06,"Adam Hoyle",0.25,"call to go through adding Lady Gaga to Coty.com",,,"iris NY","Dev./Misc. Support"
2012-11-06,"Adam Hoyle",1.0,"call to go through adding Lady Gaga to Coty.com",,,"iris NY","Dev./Misc. Support"
2012-10-29,"Adam Hoyle",0.5,"review lady gaga assets, upload to dev7 for test",,,"iris NY","Dev./Misc. Support"
2012-10-29,"Adam Hoyle",1.0,"support for Josh Blair adding new video for CEO, convert to OGV, compress Mp4, upload, test",,,"iris NY","Dev./Misc. Support"
2012-10-19,"Adam Hoyle",0.25,"coty.com site cache table corruption",,,"iris NY","Dev./Misc. Support"
2012-10-18,"Adam Hoyle",0.5,"look at coty.com and other site outages, and youtube ad",,,"iris NY","Dev./Misc. Support"
2012-08-30,"Adam Hoyle",1.0,"call w/ Jason W. reL preview, D7, etc.",,,"iris NY","Dev./Misc. Support"
2012-08-28,"Adam Hoyle",0.5,"call w/ Robbyn and iris team re: D7, Preview, and other ranting.",,,"iris NY","Dev./Misc. Support"
2012-08-22,"Adam Hoyle",0.75,"discuss next steps",,,"iris NY","Dev./Misc. Support"
2012-08-21,"Adam Hoyle",1.25,"call w/ Door3 and iris re: tech specs",,,"iris NY","Dev./Misc. Support"
2012-08-20,"Adam Hoyle",0.25,"list all coty.com modules",,,"iris NY","Dev./Misc. Support"
2012-08-20,"Adam Hoyle",0.25,"Look into midnight heat issues on CA/FR and CA EN sites per Christina",,,"iris NY","Dev./Misc. Support"
2012-08-20,"Adam Hoyle",0.25,"misc. client communication and project coordination",,,"iris NY","Dev./Misc. Support"
2012-08-10,"Adam Hoyle",1.0,"call w/ Jason H re: upcoming Coty releases",,,"iris NY","Dev./Misc. Support"
2012-08-07,"Adam Hoyle",0.25,"call w/ YouTube",,,"iris NY","Dev./Misc. Support"
2012-08-02,"Adam Hoyle",0.25,"add 2 press releases that were missed",,,"iris NY","Dev./Misc. Support"
2012-08-02,"Adam Hoyle",0.25,"center pagination on press releases",,,"iris NY","Dev./Misc. Support"
2012-07-31,"Adam Hoyle",1.25,,,,"iris NY","Dev./Misc. Support"
2012-07-30,"Adam Hoyle",0.5,"review Door3 tech doc",,,"iris NY","Dev./Misc. Support"
2012-07-27,"Adam Hoyle",0.5,"weekly status call",,,"iris NY","Dev./Misc. Support"
2012-07-26,"Adam Hoyle",0.5,"emails re: coty.com 1.2",,,"iris NY","Dev./Misc. Support"
2012-07-25,"Adam Hoyle",1.0,"troubleshooting sort order on press releases, added secondary sort order",,,"iris NY","Dev./Misc. Support"
2012-07-24,"Adam Hoyle",0.25,"call w/ J, J, J re: Caching for press releases.",,,"iris NY","Dev./Misc. Support"
2012-07-24,"Adam Hoyle",0.25,"send Madonna login details to Lisa for Iconix",,,"iris NY","Dev./Misc. Support"
2012-07-23,"Adam Hoyle",0.75,"review Beyonce FY 13 SOW",,,"iris NY","Dev./Misc. Support"
2012-07-19,"Adam Hoyle",0.25,"pull Beyonce sample request results and send to Lisa",,,"iris NY","Dev./Misc. Support"
2012-07-11,"Adam Hoyle",0.5,"download and test new homepage background video",,,"iris NY","Dev./Misc. Support"
2012-07-10,"Adam Hoyle",0.5,"call w/ Jason W. re: status",,,"iris NY","Dev./Misc. Support"
2012-07-10,"Adam Hoyle",0.5,"conference call re: performance and servers and codefreeze",,,"iris NY","Dev./Misc. Support"
2012-07-06,"Adam Hoyle",1.0,"add print tracking for dorian",,,"iris NY","Dev./Misc. Support"
2012-07-06,"Adam Hoyle",0.75,"conference call with PM Digital",,,"iris NY","Dev./Misc. Support"
2012-07-06,"Adam Hoyle",0.25,"confirm german chars in drupal",,,"iris NY","Dev./Misc. Support"
2012-07-06,"Adam Hoyle",0.25,"test committing code to dev7 and updating via SVN",,,"iris NY","Dev./Misc. Support"
2012-07-06,"Adam Hoyle",0.5,"respond re: internationalization steps",,,"iris NY","Dev./Misc. Support"
2012-07-05,"Adam Hoyle",1.5,"misc. project coordination and emails with iris",,,"iris NY","Dev./Misc. Support"
2012-07-02,"Adam Hoyle",2.0,"emails and calls re: omniture, servers, and other misc. requests",,,"iris NY","Dev./Misc. Support"
2012-05-30,"Adam Hoyle",1.25,"review Beyonce fiscal2013 doc to prep for 1pm call.",,,"iris NY","Dev./Misc. Support"
2012-05-23,"Adam Hoyle",1.0,"install URL redirect module and create QR code URL",,,"iris NY","Dev./Misc. Support"
2012-05-22,"Adam Hoyle",0.5,"update node posted date on agent post detail pages",,,"iris NY","Dev./Misc. Support"
2012-05-22,"Adam Hoyle",0.5,"call w/ Kat and Kevin re: Clearasil",,,"iris NY","Dev./Misc. Support"
2012-05-22,"Adam Hoyle",0.25,"CSS update for sweeps page status message",,,"iris NY","Dev./Misc. Support"
2012-01-26,"Adam Hoyle",0.5,"review options for new QR code landing page, call w/ Lisa",,,"iris NY","Dev./Misc. Support"
2012-01-25,"Adam Hoyle",0.25,"update Mobile playlist, per Belinda",,,"iris NY","Dev./Misc. Support"
2012-01-05,"Adam Hoyle",0.25,"call w/ Adam Brooks re: obtaining edit content URLs",,,"iris NY","Dev./Misc. Support"
2012-01-04,"Adam Hoyle",0.5,"recut nav image, upload test, update FB and YT to use Pulse for Pulse Summer",,,"iris NY","Dev./Misc. Support"
2012-06-27,"Adam Hoyle",3.0,"phone calls, revisions and project coordination",,,"iris NY","DONE: Coty.com Printer Friendly Pages"
2012-06-27,"Adam Hoyle",0.5,"conference calls with Coty to discuss",,,"iris NY","DONE: Coty.com Printer Friendly Pages"
2014-11-17,"Adam Hoyle",0.5,"test BFY email capture on prod, email linkwell",,,"Linkwell Health","03. BFY.com"
2014-11-10,"Adam Hoyle",0.25,"review coupon printing email capture",,,"Linkwell Health","03. BFY.com"
2014-11-06,"Adam Hoyle",0.25,"check mailchimp lists and respond to Arun",,,"Linkwell Health","03. BFY.com"
2014-11-05,"Adam Hoyle",1.5,"QA the BFY print email capture feature",,,"Linkwell Health","03. BFY.com"
2014-10-29,"Adam Hoyle",0.25,"review coupon collection window comps, draft email to Linkwell",,,"Linkwell Health","03. BFY.com"
2014-10-29,"Adam Hoyle",0.25,"mail chimp list export for Katie",,,"Linkwell Health","03. BFY.com"
2014-10-03,"Adam Hoyle",0.5,"review BFY coupon print modal and send to client",,,"Linkwell Health","03. BFY.com"
2014-09-30,"Adam Hoyle",1.0,"GA tracking meeting",,,"Linkwell Health","03. BFY.com"
2014-06-19,"Adam Hoyle",1.0,"block reassignment on staging",,,"Linkwell Health","03. BFY.com"
2014-04-04,"Adam Hoyle",0.25,"review BFY with John",,,"Linkwell Health","03. BFY.com"
2014-04-03,"Adam Hoyle",1.0,"QA updates",,,"Linkwell Health","03. BFY.com"
2013-06-06,"Adam Hoyle",4.0,"BFY usability testing",,,"Linkwell Health","03. BFY.com"
2013-06-04,"Adam Hoyle",1.75,,,,"Linkwell Health","03. BFY.com"
2013-03-05,"Adam Hoyle",0.25,"review homepage edit links, email steve instructions",,,"Linkwell Health","03. BFY.com"
2013-01-16,"Adam Hoyle",1.0,"weekly product call",,,"Linkwell Health","03. BFY.com"
2012-12-17,"Adam Hoyle",0.75,"walkthrough call w/ Linkwell for email management",,,"Linkwell Health","03. BFY.com"
2012-12-12,"Adam Hoyle",0.75,"final campaign setup",,,"Linkwell Health","03. BFY.com"
2012-12-11,"Adam Hoyle",0.25,"more email tweaks",,,"Linkwell Health","03. BFY.com"
2012-12-11,"Adam Hoyle",0.5,"type notes for BFY newsletter changes and add to BC",,,"Linkwell Health","03. BFY.com"
2012-12-10,"Adam Hoyle",0.25,"review and give feedback on BFY email",,,"Linkwell Health","03. BFY.com"
2012-11-27,"Adam Hoyle",0.25,"update email signup block copy per steve",,,"Linkwell Health","03. BFY.com"
2012-11-06,"Adam Hoyle",0.25,"support for BFY blogs, published items showing on list page but ""Not authorized"" once clicking through. cleared cache",,,"Linkwell Health","03. BFY.com"
2012-11-01,"Adam Hoyle",0.5,"review BFY homepage and related todos",,,"Linkwell Health","03. BFY.com"
2012-10-31,"Adam Hoyle",0.75,"review BFY homepage",,,"Linkwell Health","03. BFY.com"
2012-10-22,"Adam Hoyle",0.25,"tweak CSS for blog list page",,,"Linkwell Health","03. BFY.com"
2012-10-17,"Adam Hoyle",0.75,"catalina feed update firedrill",,,"Linkwell Health","03. BFY.com"
2012-10-17,"Adam Hoyle",0.25,"notes on digital offers",,,"Linkwell Health","03. BFY.com"
2012-10-05,"Adam Hoyle",0.25,"review PDF download pages, email steve",,,"Linkwell Health","03. BFY.com"
2012-10-05,"Adam Hoyle",0.25,"look at FB comments and likes on BFY",,,"Linkwell Health","03. BFY.com"
2012-10-04,"Adam Hoyle",0.25,"setup new blog admin roles and send instructions to bloggers",,,"Linkwell Health","03. BFY.com"
2012-10-04,"Adam Hoyle",0.5,"review email acquisition designs and provide feedback",,,"Linkwell Health","03. BFY.com"
2012-10-04,"Adam Hoyle",0.25,"review and note homepage",,,"Linkwell Health","03. BFY.com"
2012-10-03,"Adam Hoyle",0.5,"check blogs and client communication",,,"Linkwell Health","03. BFY.com"
2012-10-02,"Adam Hoyle",1.0,"compile blog info and add to local",,,"Linkwell Health","03. BFY.com"
2012-09-25,"Adam Hoyle",0.5,"review BFY blog",,,"Linkwell Health","03. BFY.com"
2012-09-24,"Adam Hoyle",0.75,"review blogs and followup with steve",,,"Linkwell Health","03. BFY.com"
2012-09-24,"Adam Hoyle",0.25,"make swaps live on BFY",,,"Linkwell Health","03. BFY.com"
2012-09-11,"Adam Hoyle",0.25,"look into swaps menu count",,,"Linkwell Health","03. BFY.com"
2012-09-06,"Adam Hoyle",0.5,"allow nitrutional fields to be optional",,,"Linkwell Health","03. BFY.com"
2012-08-30,"Adam Hoyle",1.0,"CMS walkthrough for Swaps, call w/ Steve",,,"Linkwell Health","03. BFY.com"
2012-08-29,"Adam Hoyle",0.25,"add ad sense code to BFY per Steve",,,"Linkwell Health","03. BFY.com"
2012-08-27,"Adam Hoyle",1.0,"add swap content to dev for testing and create internal QA list",,,"Linkwell Health","03. BFY.com"
2012-08-24,"Adam Hoyle",0.5,"email communication w/ client re: swaps content",,,"Linkwell Health","03. BFY.com"
2012-08-21,"Adam Hoyle",1.25,"design tweaks to swaps, review homepage, misc. project coordination and other communication",,,"Linkwell Health","03. BFY.com"
2012-08-20,"Adam Hoyle",1.25,"review and coordinate responses to dev questions about Swaps and Blogs",,,"Linkwell Health","03. BFY.com"
2012-08-14,"Adam Hoyle",0.5,"review MIB designs",,,"Linkwell Health","03. BFY.com"
2012-07-31,"Adam Hoyle",0.25,"call w/ Steve re: Swaps",,,"Linkwell Health","03. BFY.com"
2012-07-26,"Adam Hoyle",0.25,"default recipe image",,,"Linkwell Health","03. BFY.com"
2012-07-26,"Adam Hoyle",1.25,"process emails and QA from LW",,,"Linkwell Health","03. BFY.com"
2012-07-26,"Adam Hoyle",0.5,"BFY status call",,,"Linkwell Health","03. BFY.com"
2012-07-25,"Adam Hoyle",0.5,"process feedback",,,"Linkwell Health","03. BFY.com"
2012-07-18,"Adam Hoyle",0.25,"review site",,,"Linkwell Health","03. BFY.com"
2012-07-10,"Adam Hoyle",0.25,"udpate image sprite for BFY coupons",,,"Linkwell Health","03. BFY.com"
2012-07-09,"Adam Hoyle",0.25,"project coordination w/ Adam B and Jay re: coupon selected states and other misc. design notes",,,"Linkwell Health","03. BFY.com"
2012-05-14,"Adam Hoyle",0.5,"emails",,,"Linkwell Health","03. BFY.com"
2012-04-16,"Adam Hoyle",1.75,"BFY weekly shopper newsletter",,,"Linkwell Health","03. BFY.com"
2012-04-10,"Adam Hoyle",2.0,"finalize and post designs, conference call to walkthrough",,,"Linkwell Health","03. BFY.com"
2012-04-10,"Adam Hoyle",5.0,"designs",,,"Linkwell Health","03. BFY.com"
2012-04-09,"Adam Hoyle",6.0,"designs",,,"Linkwell Health","03. BFY.com"
2012-04-06,"Adam Hoyle",3.0,"designs",,,"Linkwell Health","03. BFY.com"
2012-04-06,"Adam Hoyle",0.25,"wireframe revise",,,"Linkwell Health","03. BFY.com"
2012-04-05,"Adam Hoyle",2.25,"revise and finalize wires, design research",,,"Linkwell Health","03. BFY.com"
2012-04-03,"Adam Hoyle",1.0,"wireframe updates",,,"Linkwell Health","03. BFY.com"
2012-04-03,"Adam Hoyle",0.75,"call w/ Regina re: recipe IA",,,"Linkwell Health","03. BFY.com"
2012-03-29,"Adam Hoyle",1.0,"wireframe review call",,,"Linkwell Health","03. BFY.com"
2012-03-29,"Adam Hoyle",1.5,"wireframe updates, prep for review call",,,"Linkwell Health","03. BFY.com"
2012-03-28,"Adam Hoyle",0.75,"wireframe updates",,,"Linkwell Health","03. BFY.com"
2012-03-21,"Adam Hoyle",1.25,"continue work on additional wireframe pages",,,"Linkwell Health","03. BFY.com"
2012-03-20,"Adam Hoyle",0.75,"wireframe updates and review",,,"Linkwell Health","03. BFY.com"
2012-03-19,"Adam Hoyle",2.0,"bfy wireframe updates",,,"Linkwell Health","03. BFY.com"
2012-03-13,"Adam Hoyle",1.0,"call to review r1 wireframes",,,"Linkwell Health","03. BFY.com"
2012-03-11,"Adam Hoyle",3.0,"bfy wireframes",,,"Linkwell Health","03. BFY.com"
2012-03-09,"Adam Hoyle",1.79,"bfy wireframes",,,"Linkwell Health","03. BFY.com"
2012-03-08,"Adam Hoyle",3.0,"bfy wireframes",,,"Linkwell Health","03. BFY.com"
2012-03-07,"Adam Hoyle",0.75,"bfy wireframes",,,"Linkwell Health","03. BFY.com"
2012-03-06,"Adam Hoyle",1.25,"bfy wireframes",,,"Linkwell Health","03. BFY.com"
2012-02-27,"Adam Hoyle",1.75,"conference call with Bill, Regina, Sean, Greg, Justin to discuss ""the 3 ideas""",,,"Linkwell Health","03. BFY.com"
2012-02-27,"Adam Hoyle",3.0,"Create notes on ""3 ideas"" for the brainstorming session",,,"Linkwell Health","03. BFY.com"
2012-02-27,"Adam Hoyle",2.0,"start wireframes",,,"Linkwell Health","03. BFY.com"
2012-02-09,"Adam Hoyle",0.75,"research",,,"Linkwell Health","03. BFY.com"
2012-02-07,"Adam Hoyle",1.0,"research",,,"Linkwell Health","03. BFY.com"
2012-02-07,"Adam Hoyle",0.75,"conference call w/ Regina re: Catalina, Impact Radius, analytics and other misc. project stuff",,,"Linkwell Health","03. BFY.com"
2012-02-07,"Adam Hoyle",0.5,"setup db and install WP",,,"Linkwell Health","03. BFY.com"
2012-01-31,"Adam Hoyle",1.0,"conference call w/ Regina, Sean, Bill",,,"Linkwell Health","03. BFY.com"
2012-01-13,"Adam Hoyle",1.0,"negotiate domain name purchase and transfer details",,,"Linkwell Health","03. BFY.com"
2012-01-12,"Adam Hoyle",1.5,"process notes and research from Sean, add to basecamp, research coupon printing restrictions",,,"Linkwell Health","03. BFY.com"
2012-01-11,"Adam Hoyle",1.25,"process meeting notes and email to the team",,,"Linkwell Health","03. BFY.com"
2012-08-28,"Adam Hoyle",0.25,"remove email block from ND site",,,"Linkwell Health","04. Replica sites"
2012-08-20,"Adam Hoyle",0.5,"update font size on ND site to accomodate longer descriptions",,,"Linkwell Health","04. Replica sites"
2012-08-13,"Adam Hoyle",1.5,"upload site","Setup site URL","North Dakota - Replica Site Deployment","Linkwell Health","04. Replica sites"
2012-08-07,"Adam Hoyle",0.25,"troubleshoot duplicate offers on emblem (centrum) reported by Katie",,,"Linkwell Health","04. Replica sites"
2012-08-01,"Adam Hoyle",1.0,"coordination for catalina API updates",,,"Linkwell Health","04. Replica sites"
2012-07-23,"Adam Hoyle",1.0,"troubleshoot duplicates on demo… then update to dev",,,"Linkwell Health","04. Replica sites"
2012-07-16,"Adam Hoyle",0.5,"troubleshoot duplicate offer issue on EMC, Emblem, BCBSM",,,"Linkwell Health","04. Replica sites"
2012-07-12,"Adam Hoyle",1.25,"troubleshoot cookie issue on tufts due to hardcoded path to offtmp.js which didn't include php base path",,,"Linkwell Health","04. Replica sites"
2012-07-12,"Adam Hoyle",3.5,"Tufts microsite deployment",,,"Linkwell Health","04. Replica sites"
2012-07-03,"Adam Hoyle",0.5,"updates to referrer module and testing",,,"Linkwell Health","04. Replica sites"
2012-06-28,"Adam Hoyle",1.75,"update paths to be https and ivestigate emblem.",,,"Linkwell Health","04. Replica sites"
2012-06-27,"Adam Hoyle",2.5,"look into the issues reported by emblem not being able to access the site from their secure (https) portal",,,"Linkwell Health","04. Replica sites"
2012-06-26,"Adam Hoyle",0.25,"troubleshoot inactive offers, and update demo",,,"Linkwell Health","04. Replica sites"
2012-06-25,"Adam Hoyle",0.12,"addnew referral to BCBSMI",,,"Linkwell Health","04. Replica sites"
2012-06-25,"Adam Hoyle",0.174167,"add additional referral URL to Emblem",,,"Linkwell Health","04. Replica sites"
2012-06-20,"Adam Hoyle",0.25,"push BCBSMI live",,,"Linkwell Health","04. Replica sites"
2012-06-18,"Adam Hoyle",1.5,"troubleshoot duplicate brands",,,"Linkwell Health","04. Replica sites"
2012-06-11,"Adam Hoyle",0.5,"remove referral restrictions from demo",,,"Linkwell Health","04. Replica sites"
2012-06-11,"Adam Hoyle",0.75,"","Please push dev to demo!! - remember admin privileges, maintain passwords.","1.3 -> 1.31","Linkwell Health","04. Replica sites"
2012-06-04,"Adam Hoyle",0.5,"update BCBSMI url, test",,,"Linkwell Health","04. Replica sites"
2012-06-01,"Adam Hoyle",3.5,"BCBS MI microsite deployment",,,"Linkwell Health","04. Replica sites"
2012-05-21,"Adam Hoyle",1.75,,,,"Linkwell Health","04. Replica sites"
2012-05-21,"Adam Hoyle",0.25,"create new vhost configuration","Set up URL for emblem: /emblemhealth","Onboard - Emblem","Linkwell Health","04. Replica sites"
2012-05-21,"Adam Hoyle",1.0,"review 1.3 list, create healthyoptions header design variations/ideas",,,"Linkwell Health","04. Replica sites"
2012-05-18,"Adam Hoyle",1.0,,,,"Linkwell Health","04. Replica sites"
2012-05-14,"Adam Hoyle",1.0,"Update demo.hc.com to 1.2",,,"Linkwell Health","04. Replica sites"
2012-05-08,"Adam Hoyle",0.75,"troubleshoot FL redirect",,,"Linkwell Health","04. Replica sites"
2012-05-08,"Adam Hoyle",0.5,"troubleshoot legacy site redirects",,,"Linkwell Health","04. Replica sites"
2012-05-08,"Adam Hoyle",1.75,"EMC updates",,,"Linkwell Health","04. Replica sites"
2012-05-07,"Adam Hoyle",0.5,"investigate changing field types without data loss",,,"Linkwell Health","04. Replica sites"
2012-05-07,"Adam Hoyle",0.5,"Update logo, favicon, and our apologies copy for EMC",,,"Linkwell Health","04. Replica sites"
2012-05-07,"Adam Hoyle",0.75,"EMC QA",,,"Linkwell Health","04. Replica sites"
2012-05-06,"Adam Hoyle",0.789444,"EMC QA",,,"Linkwell Health","04. Replica sites"
2012-05-04,"Adam Hoyle",1.75,"push 1.2 to EMC",,,"Linkwell Health","04. Replica sites"
2012-05-04,"Adam Hoyle",4.0,"work out redirect issues, archive 1.2, and other misc. QA regression testing",,,"Linkwell Health","04. Replica sites"
2012-05-03,"Adam Hoyle",1.1825,"change nutrition fields to integer and add suffixes",,,"Linkwell Health","04. Replica sites"
2012-05-02,"Adam Hoyle",1.5,"1.2 updates",,,"Linkwell Health","04. Replica sites"
2012-05-01,"Adam Hoyle",3.25,"review 1.1 > 1.2 requests and assign to dev",,,"Linkwell Health","04. Replica sites"
2012-04-19,"Adam Hoyle",0.0922222,,"Please add this FAQ item as item 20.","Future Replica development","Linkwell Health","04. Replica sites"
2012-04-19,"Adam Hoyle",0.5,"update all sites to allow editor role to edit T&C, FAQ and Our Apologies",,,"Linkwell Health","04. Replica sites"
2012-04-17,"Adam Hoyle",1.25,"misc. tweaks for EMC",,,"Linkwell Health","04. Replica sites"
2012-04-17,"Adam Hoyle",0.5,"misc. tweaks for EMC",,,"Linkwell Health","04. Replica sites"
2012-04-16,"Adam Hoyle",1.25,"misc. QA and tweaks for EMC",,,"Linkwell Health","04. Replica sites"
2012-04-13,"Adam Hoyle",0.75,"QA EMC",,,"Linkwell Health","04. Replica sites"
2012-04-13,"Adam Hoyle",3.0,"EMC updates",,,"Linkwell Health","04. Replica sites"
2012-04-12,"Adam Hoyle",0.5,"","Freeze v1.1 build & archive","Future Replica development","Linkwell Health","04. Replica sites"
2012-04-11,"Adam Hoyle",0.25,"","Add subid tracking to lightbox URL param.","Future Replica development","Linkwell Health","04. Replica sites"
2012-04-11,"Adam Hoyle",0.25,"","Remove ""Back to"" links on Recipes detail page","Future Replica development","Linkwell Health","04. Replica sites"
2012-04-11,"Adam Hoyle",0.75,"archive v1",,,"Linkwell Health","04. Replica sites"
2012-04-09,"Adam Hoyle",0.25,"verify/update permissions for administrator account to edit recipe content",,,"Linkwell Health","04. Replica sites"
2012-04-04,"Adam Hoyle",0.75,"run through requests and clarify/prioritize w/ John",,,"Linkwell Health","04. Replica sites"
2012-03-29,"Adam Hoyle",0.75,"review outstanding to-dos, re-assign. implement static referrer page for hc.com per Regina to test cookie recognition",,,"Linkwell Health","04. Replica sites"
2012-03-26,"Adam Hoyle",0.25,"QA","Text on selected coupons should swap to read ""Selected"" when selected, and swap back to ""Select this Deal"" when un-selected.","Future Replica development","Linkwell Health","04. Replica sites"
2012-03-22,"Adam Hoyle",0.5,"brainstorm solutions w/ Adam B, QA/test","Implement a means of recognizing previously authenticated users (see comment for details)","Future Replica development","Linkwell Health","04. Replica sites"
2012-03-21,"Adam Hoyle",0.5,"testing and notes on coupon removal",,,"Linkwell Health","04. Replica sites"
2012-03-20,"Adam Hoyle",0.5,"coordinate update w/ Adam B",,,"Linkwell Health","04. Replica sites"
2014-05-01,"Adam Hoyle",0.75,"site inventory","Research and outline roadmap for conversion of LMS to SaaS","Misc.","Linkwell Health","09. Convert LMS to SaaS platform"
2014-04-29,"Adam Hoyle",1.25,"work on site inventory: content types, views, blocks",,,"Linkwell Health","09. Convert LMS to SaaS platform"
2014-04-29,"Adam Hoyle",2.5,"work on schedule revisions",,,"Linkwell Health","09. Convert LMS to SaaS platform"
2014-04-15,"Adam Hoyle",4.0,"project planning and schedule",,,"Linkwell Health","09. Convert LMS to SaaS platform"
2014-04-14,"Adam Hoyle",1.25,,,,"Linkwell Health","09. Convert LMS to SaaS platform"
2014-04-11,"Adam Hoyle",2.0,"SaaS requirements and timeline",,,"Linkwell Health","09. Convert LMS to SaaS platform"
2014-04-10,"Adam Hoyle",0.5,"call w/ Steve",,,"Linkwell Health","09. Convert LMS to SaaS platform"
2014-04-01,"Adam Hoyle",1.0,"help with SaaS screens",,,"Linkwell Health","09. Convert LMS to SaaS platform"
2014-04-01,"Adam Hoyle",1.0,"help with SaaS screens",,,"Linkwell Health","09. Convert LMS to SaaS platform"
2014-03-28,"Adam Hoyle",0.75,"discuss with jay",,,"Linkwell Health","09. Convert LMS to SaaS platform"
2014-03-06,"Adam Hoyle",2.0,"meeting with Sean and Bill",,,"Linkwell Health","09. Convert LMS to SaaS platform"
2014-03-05,"Adam Hoyle",1.0,"SaaS research and notes",,,"Linkwell Health","09. Convert LMS to SaaS platform"
2014-03-04,"Adam Hoyle",0.75,"work on notes for meeting notes",,,"Linkwell Health","09. Convert LMS to SaaS platform"
2013-09-03,"Adam Hoyle",0.25,"update to contact block and about us page on LWH.com, per Katie, flip order of MA and NY offices",,,"Linkwell Health","09. Corporate Site"
2013-06-11,"Adam Hoyle",0.25,"coordinate updates to LWH marketing email",,,"Linkwell Health","09. Corporate Site"
2013-05-16,"Adam Hoyle",1.5,"create Linkwell YouTube account, upload video, coordinate website updates",,,"Linkwell Health","09. Corporate Site"
2013-01-12,"Adam Hoyle",2.0,"research video production vendors",,,"Linkwell Health","09. Corporate Site"
2012-12-19,"Adam Hoyle",0.5,"test and review email newsletter signup",,,"Linkwell Health","09. Corporate Site"
2012-12-18,"Adam Hoyle",0.25,"newsletter signup coordination",,,"Linkwell Health","09. Corporate Site"
2012-11-29,"Adam Hoyle",0.656389,"add linkwell showcase content",,,"Linkwell Health","09. Corporate Site"
2012-11-27,"Adam Hoyle",0.5,"walk through showcase requirements with John",,,"Linkwell Health","09. Corporate Site"
2012-11-27,"Adam Hoyle",0.25,"type up notes for Showcase page",,,"Linkwell Health","09. Corporate Site"
2012-11-19,"Adam Hoyle",0.25,"add BFY link to footer on corp. site",,,"Linkwell Health","09. Corporate Site"
2012-11-15,"Adam Hoyle",0.421667,"create new list for Showcase email",,,"Linkwell Health","09. Corporate Site"
2012-11-13,"Adam Hoyle",0.25,"review showcase designs",,,"Linkwell Health","09. Corporate Site"
2012-08-28,"Adam Hoyle",0.25,"remove job listing from website",,,"Linkwell Health","09. Corporate Site"
2012-08-07,"Adam Hoyle",0.5,"gather and prep graphics for Nina",,,"Linkwell Health","09. Corporate Site"
2012-08-06,"Adam Hoyle",0.25,"setup Nina's account access and post Linkwell illustration files",,,"Linkwell Health","09. Corporate Site"
2012-06-25,"Adam Hoyle",0.5,"add new Board of Directors bio to site (Brett) per Dennis",,,"Linkwell Health","09. Corporate Site"
2012-06-19,"Adam Hoyle",0.25,"update logo on prod",,,"Linkwell Health","09. Corporate Site"
2012-06-19,"Adam Hoyle",0.5,"investigate corporate site exploits due to Google email",,,"Linkwell Health","09. Corporate Site"
2012-06-13,"Adam Hoyle",0.5,"updates to retailer graphic, remove logos, etc.",,,"Linkwell Health","09. Corporate Site"
2012-06-13,"Adam Hoyle",0.25,"update Ben's bio",,,"Linkwell Health","09. Corporate Site"
2012-06-12,"Adam Hoyle",0.509722,"misc. todos and copy edits",,,"Linkwell Health","09. Corporate Site"
2012-06-11,"Adam Hoyle",0.75,"monitor DNS propagation and site errors.",,,"Linkwell Health","09. Corporate Site"
2012-06-11,"Adam Hoyle",1.75,"push corp site live",,,"Linkwell Health","09. Corporate Site"
2012-06-11,"Adam Hoyle",0.5,"misc. text changes and updates",,,"Linkwell Health","09. Corporate Site"
2012-06-06,"Adam Hoyle",0.75,"updates to animation audio, re-export, and upload to YouTube",,,"Linkwell Health","09. Corporate Site"
2012-06-06,"Adam Hoyle",1.5,"create new animation movie using new voiceover",,,"Linkwell Health","09. Corporate Site"
2012-06-01,"Adam Hoyle",0.5,"call re: animation w/ Bill and Eileen",,,"Linkwell Health","09. Corporate Site"
2012-05-31,"Adam Hoyle",1.5,"corp site final updates and todos",,,"Linkwell Health","09. Corporate Site"
2012-05-30,"Adam Hoyle",1.5,,,,"Linkwell Health","09. Corporate Site"
2012-05-22,"Adam Hoyle",1.25,"add grocery logos, QA",,,"Linkwell Health","09. Corporate Site"
2012-05-17,"Adam Hoyle",1.58806,"animation",,,"Linkwell Health","09. Corporate Site"
2012-05-17,"Adam Hoyle",1.0,"animation",,,"Linkwell Health","09. Corporate Site"
2012-05-15,"Adam Hoyle",0.724722,"animation and script work",,,"Linkwell Health","09. Corporate Site"
2012-05-15,"Adam Hoyle",2.75,"animation and script, record audio for testing",,,"Linkwell Health","09. Corporate Site"
2012-05-15,"Adam Hoyle",2.0,"build prezi, test screen recording for video of prezi, editing script and tweaking prezi path",,,"Linkwell Health","09. Corporate Site"
2012-05-14,"Adam Hoyle",7.25,"animation",,,"Linkwell Health","09. Corporate Site"
2012-05-03,"Adam Hoyle",2.31083,"story board concepts",,,"Linkwell Health","09. Corporate Site"
2012-04-25,"Adam Hoyle",0.33,"conference call w/ Bill re: animation",,,"Linkwell Health","09. Corporate Site"
2012-04-19,"Adam Hoyle",1.25,"review script, work on sourcing illustrations and creating some early mockups",,,"Linkwell Health","09. Corporate Site"
2012-04-11,"Adam Hoyle",0.75,"clean and remove malicious code from site, update exploit scanner",,,"Linkwell Health","09. Corporate Site"
2012-04-06,"Adam Hoyle",5.5,"clean and remove malicious code from site, update exploit scanner",,,"Linkwell Health","09. Corporate Site"
2012-04-04,"Adam Hoyle",0.75,"review wires and work with Jay on ideas for single-page format",,,"Linkwell Health","09. Corporate Site"
2012-03-20,"Adam Hoyle",0.25,"meet w/ Jay to discuss outcome of meeting",,,"Linkwell Health","09. Corporate Site"
2012-03-14,"Adam Hoyle",0.5,"review and discuss sitemap and wires w/ Jay, post click throughs for team",,,"Linkwell Health","09. Corporate Site"
2012-03-12,"Adam Hoyle",1.25,"call w/ Regina",,,"Linkwell Health","09. Corporate Site"
2013-02-12,"Adam Hoyle",0.5,"coordinate updates, emails with steve",,,"Linkwell Health","13. Coupon of the Week"
2013-02-11,"Adam Hoyle",0.5,"coordinate updates, emails with steve",,,"Linkwell Health","13. Coupon of the Week"
2013-01-31,"Adam Hoyle",0.75,"test, email Linkwell",,,"Linkwell Health","13. Coupon of the Week"
2013-01-24,"Adam Hoyle",4.25,"type notes for COW, discuss with Balsam, send notes to Linkwell, update comps",,,"Linkwell Health","13. Coupon of the Week"
2012-10-15,"Adam Hoyle",0.5,"final QA, email Steve w/ instructions",,,"Linkwell Health","13. Coupon of the Week"
2012-10-15,"Adam Hoyle",0.25,"QA",,,"Linkwell Health","13. Coupon of the Week"
2012-10-12,"Adam Hoyle",0.5,"review and test the local site",,,"Linkwell Health","13. Coupon of the Week"
2012-10-11,"Adam Hoyle",0.5,"spec fonts",,,"Linkwell Health","13. Coupon of the Week"
2012-10-11,"Adam Hoyle",0.5,"create sprite graphics",,,"Linkwell Health","13. Coupon of the Week"
2012-10-10,"Adam Hoyle",0.75,"review and test coupon of the day dev",,,"Linkwell Health","13. Coupon of the Week"
2012-10-10,"Adam Hoyle",0.25,"comp for image sizes",,,"Linkwell Health","13. Coupon of the Week"
2012-10-09,"Adam Hoyle",2.0,"updates to COTD comps and post notes to basecamp, get steve's approval",,,"Linkwell Health","13. Coupon of the Week"
2012-10-01,"Adam Hoyle",1.75,"revisions to Coupon of the day",,,"Linkwell Health","13. Coupon of the Week"
2012-09-20,"Adam Hoyle",2.5,"research requirements and begin design",,,"Linkwell Health","13. Coupon of the Week"
2014-10-23,"Adam Hoyle",0.75,"monitor sites during DM blast...",,,"Linkwell Health","25. Disease Management - Q4/Fall 2014"
2014-10-22,"Adam Hoyle",1.5,"troubleshoot landing page coupons per Katie - invalid coupon IDs",,,"Linkwell Health","25. Disease Management - Q4/Fall 2014"
2014-10-22,"Adam Hoyle",0.75,"look into block quotes that were added to articles, fix, multiple cache clears for copy edits, email Katie",,,"Linkwell Health","25. Disease Management - Q4/Fall 2014"
2014-10-21,"Adam Hoyle",0.25,"landing page copy edits from Arun",,,"Linkwell Health","25. Disease Management - Q4/Fall 2014"
2014-10-17,"Adam Hoyle",0.5,"updates to DM landing page copy per Arun",,,"Linkwell Health","25. Disease Management - Q4/Fall 2014"
2014-10-16,"Adam Hoyle",1.75,,"Create final coupon images and update redirects (see comment for details)","General","Linkwell Health","25. Disease Management - Q4/Fall 2014"
2014-10-15,"Adam Hoyle",0.25,"create final coupon images and redirects",,,"Linkwell Health","25. Disease Management - Q4/Fall 2014"
2014-10-06,"Adam Hoyle",0.5,"download, review and post final press DM templates",,,"Linkwell Health","25. Disease Management - Q4/Fall 2014"
2014-09-18,"Adam Hoyle",1.0,,,,"Linkwell Health","25. Disease Management - Q4/Fall 2014"
2014-09-18,"Adam Hoyle",0.5,"fix typo in HR program text",,,"Linkwell Health","25. Disease Management - Q4/Fall 2014"
2014-09-18,"Adam Hoyle",1.75,"troubleshoot ordering",,,"Linkwell Health","25. Disease Management - Q4/Fall 2014"
2014-09-17,"Adam Hoyle",0.75,"troublshoot secondary article list order",,,"Linkwell Health","25. Disease Management - Q4/Fall 2014"
2014-09-17,"Adam Hoyle",0.75,"troublshoot secondary article list order",,,"Linkwell Health","25. Disease Management - Q4/Fall 2014"
2014-09-15,"Adam Hoyle",0.25,"email update to Kim",,,"Linkwell Health","25. Disease Management - Q4/Fall 2014"
2014-09-15,"Adam Hoyle",0.75,"review feedback from Kim, update basecamp, solve photo credits for recipe",,,"Linkwell Health","25. Disease Management - Q4/Fall 2014"
2014-09-12,"Adam Hoyle",4.75,"QA and finalizing",,,"Linkwell Health","25. Disease Management - Q4/Fall 2014"
2014-09-11,"Adam Hoyle",0.75,,"Add HR node ids to the DM module so the varblock displays the appropriate callout copy (long vs. short version)","General","Linkwell Health","25. Disease Management - Q4/Fall 2014"
2014-09-03,"Adam Hoyle",0.75,"review and send email images, create coupon placeholder images and redirects",,,"Linkwell Health","25. Disease Management - Q4/Fall 2014"
2014-08-28,"Adam Hoyle",0.5,"review feedback from Kim, post to BC",,,"Linkwell Health","25. Disease Management - Q4/Fall 2014"
2014-08-27,"Adam Hoyle",2.5,"review DM Q4",,,"Linkwell Health","25. Disease Management - Q4/Fall 2014"
2014-08-26,"Adam Hoyle",0.5,"review comps",,,"Linkwell Health","25. Disease Management - Q4/Fall 2014"
2014-07-17,"Adam Hoyle",0.5,"install SSL, call acquia",,,"Linkwell Health","Acquia"
2014-07-15,"Adam Hoyle",0.25,"send request to investigate 504 gateway errors",,,"Linkwell Health","Acquia"
2014-07-07,"Adam Hoyle",1.0,"deploy latest tag, clear caches, run cron",,,"Linkwell Health","Acquia"
2014-06-26,"Adam Hoyle",0.25,"QA the 6.31 update on staging",,,"Linkwell Health","Acquia"
2014-06-26,"Adam Hoyle",0.5,"review security update and update notes in BC",,,"Linkwell Health","Acquia"
2014-06-23,"Adam Hoyle",0.5,"smoketest php fixes on prod, test printing, email client",,,"Linkwell Health","Acquia"
2014-06-18,"Adam Hoyle",0.25,"respond to followup questions frmo Steve re: custom domains and look into DNS settings",,,"Linkwell Health","Acquia"
2014-06-17,"Adam Hoyle",0.5,"traffic crisis",,,"Linkwell Health","Acquia"
2014-06-16,"Adam Hoyle",0.25,"respond to Acquia support tickets",,,"Linkwell Health","Acquia"
2014-06-16,"Adam Hoyle",0.25,"respond to Acquia support tickets",,,"Linkwell Health","Acquia"
2014-06-03,"Adam Hoyle",0.25,"tweak cron settings",,,"Linkwell Health","Acquia"
2014-04-28,"Adam Hoyle",1.0,"change A records to CNAME",,,"Linkwell Health","Acquia"
2014-04-02,"Adam Hoyle",0.25,"post-coverover call",,,"Linkwell Health","Acquia"
2014-03-31,"Adam Hoyle",2.75,"cutover prep",,,"Linkwell Health","Acquia"
2014-03-31,"Adam Hoyle",0.75,"data sync QA",,,"Linkwell Health","Acquia"
2014-03-31,"Adam Hoyle",1.0,"finalize deployment play and send to Linkwell",,,"Linkwell Health","Acquia"
2014-03-31,"Adam Hoyle",0.5,"adjustments to cron tab - run it every day at midnight with LMS, BFY and HC offset by 15 minutes",,,"Linkwell Health","Acquia"
2014-03-27,"Adam Hoyle",2.5,"data sync dryrun with john",,,"Linkwell Health","Acquia"
2014-03-27,"Adam Hoyle",0.5,"acquia pre-launch call",,,"Linkwell Health","Acquia"
2014-03-25,"Adam Hoyle",1.25,"cache exclude testing and load test",,,"Linkwell Health","Acquia"
2014-03-25,"Adam Hoyle",2.0,"LOAD TEST CREDITS",,,"Linkwell Health","Acquia"
2014-03-24,"Adam Hoyle",1.0,"test cache exclude",,,"Linkwell Health","Acquia"
2014-03-13,"Adam Hoyle",0.5,"100u load test",,,"Linkwell Health","Acquia"
2014-03-13,"Adam Hoyle",0.5,"call to discuss load test results and cutover plan",,,"Linkwell Health","Acquia"
2014-03-12,"Adam Hoyle",3.5,"load test",,,"Linkwell Health","Acquia"
2014-02-27,"Adam Hoyle",1.25,"discuss caching strategies",,,"Linkwell Health","Acquia"
2014-02-21,"Adam Hoyle",0.75,"review optimization notes",,,"Linkwell Health","Acquia"
2014-02-19,"Adam Hoyle",1.5,"local environment tweaks",,,"Linkwell Health","Acquia"
2014-02-12,"Adam Hoyle",1.0,"blazemeter training",,,"Linkwell Health","Acquia"
2014-02-11,"Adam Hoyle",0.5,"performance review call",,,"Linkwell Health","Acquia"
2014-02-05,"Adam Hoyle",1.0,"re-sync RS with acquia",,,"Linkwell Health","Acquia"
2014-01-21,"Adam Hoyle",2.0,"QA",,,"Linkwell Health","Acquia"
2014-01-17,"Adam Hoyle",2.0,"QA sites and review support ticket history",,,"Linkwell Health","Acquia"
2014-01-16,"Adam Hoyle",0.75,"early QA",,,"Linkwell Health","Acquia"
2014-01-14,"Adam Hoyle",0.25,"re-point DNS for Acquia based on SSL documentation",,,"Linkwell Health","Acquia"
2014-01-09,"Adam Hoyle",0.75,"call w/ Kim & Steve",,,"Linkwell Health","Acquia"
2014-01-09,"Adam Hoyle",0.5,"create new DNS records for Acquia",,,"Linkwell Health","Acquia"
2014-07-24,"Adam Hoyle",1.75,"review redemption code demo in staging and draft email to Linkwell",,,"Linkwell Health","Amazon Store"
2014-07-21,"Adam Hoyle",0.25,"review amazon gift card reqs. with John",,,"Linkwell Health","Amazon Store"
2014-07-11,"Adam Hoyle",0.75,"swap affiliate ID and test",,,"Linkwell Health","Amazon Store"
2014-06-25,"Adam Hoyle",1.5,"test new amazon affiliate code, troubleshoot, complete registration process for Katie, update, test again. Success!",,,"Linkwell Health","Amazon Store"
2014-06-24,"Adam Hoyle",0.5,"update and test new amazon affiliate id from katie",,,"Linkwell Health","Amazon Store"
2014-06-24,"Adam Hoyle",1.0,"discuss with john, prep notes for Steve...",,,"Linkwell Health","Amazon Store"
2014-06-23,"Adam Hoyle",2.5,"functional notes and BC update",,,"Linkwell Health","Amazon Store"
2014-06-20,"Adam Hoyle",0.5,"respond to arun with server setup instructions",,,"Linkwell Health","Amazon Store"
2014-06-19,"Adam Hoyle",0.5,"add new affiliate keys",,,"Linkwell Health","Amazon Store"
2014-06-16,"Adam Hoyle",0.25,"call to discuss store phase 2",,,"Linkwell Health","Amazon Store"
2014-05-30,"Adam Hoyle",0.25,"confirm under $15 products and send links to steve",,,"Linkwell Health","Amazon Store"
2014-05-29,"Adam Hoyle",0.5,"investigate Amazon store code and make updates",,,"Linkwell Health","Amazon Store"
2014-05-29,"Adam Hoyle",0.5,"investigate Amazon store code and make updates",,,"Linkwell Health","Amazon Store"
2014-05-29,"Adam Hoyle",0.25,"investigate Amazon store code and make updates",,,"Linkwell Health","Amazon Store"
2014-05-19,"Adam Hoyle",0.25,"update affiliate ID",,,"Linkwell Health","Amazon Store"
2014-05-07,"Adam Hoyle",0.5,"amazon page updates",,,"Linkwell Health","Amazon Store"
2014-02-12,"Adam Hoyle",0.5,"prep notes and instructions for inventory maintenence",,,"Linkwell Health","Amazon Store"
2014-01-28,"Adam Hoyle",0.5,"help troubleshoot missing store menu block",,,"Linkwell Health","Amazon Store"
2014-01-28,"Adam Hoyle",0.5,"add content from dev to prod, QA and test",,,"Linkwell Health","Amazon Store"
2014-01-27,"Adam Hoyle",0.25,"test release 1 features on Acquia",,,"Linkwell Health","Amazon Store"
2014-01-27,"Adam Hoyle",0.5,"move content from dev to prod for Amazon Store...",,,"Linkwell Health","Amazon Store"
2014-01-09,"Adam Hoyle",1.0,"research gift codes, email contacts at Amazon and setup meetings",,,"Linkwell Health","Amazon Store"
2014-01-07,"Adam Hoyle",0.5,"Amazon store research and call with Linkwell team",,,"Linkwell Health","Amazon Store"
2014-01-07,"Adam Hoyle",2.25,"research Amazon gift code",,,"Linkwell Health","Amazon Store"
2014-01-02,"Adam Hoyle",0.25,"swap API keys",,,"Linkwell Health","Amazon Store"
2013-12-23,"Adam Hoyle",1.25,"weekly status call w/ Linkwell re: Amazon Store",,,"Linkwell Health","Amazon Store"
2013-12-18,"Adam Hoyle",0.75,"QA store on mobile, coordination and client emails",,,"Linkwell Health","Amazon Store"
2013-12-17,"Adam Hoyle",0.75,"call w/ Linkwell and demo store",,,"Linkwell Health","Amazon Store"
2013-12-17,"Adam Hoyle",1.75,"test amazon store on dev",,,"Linkwell Health","Amazon Store"
2013-12-11,"Adam Hoyle",0.5,"review store progress with John",,,"Linkwell Health","Amazon Store"
2013-12-04,"Adam Hoyle",1.0,"meet with John and Adam re: Amazon store",,,"Linkwell Health","Amazon Store"
2013-11-27,"Adam Hoyle",0.75,"project coordination and client emails",,,"Linkwell Health","Amazon Store"
2013-11-26,"Adam Hoyle",0.75,"project coordination and client emails",,,"Linkwell Health","Amazon Store"
2013-11-26,"Adam Hoyle",0.5,"call w/ Kevin, Steve, Katie",,,"Linkwell Health","Amazon Store"
2013-11-25,"Adam Hoyle",3.75,"review and type notes for schedule and build plan/requirements/features",,,"Linkwell Health","Amazon Store"
2013-11-22,"Adam Hoyle",0.75,"review MLR comps and contextual coupon content and send to Steve",,,"Linkwell Health","Amazon Store"
2013-11-20,"Adam Hoyle",0.75,"Amazon store account creation and testing",,,"Linkwell Health","Amazon Store"
2013-11-18,"Adam Hoyle",0.75,"close amazon webstore and selling on amazon trial, review API notes and docs for affiliate program API",,,"Linkwell Health","Amazon Store"
2013-11-18,"Adam Hoyle",1.5,"review docs and roadmap from Kevin Riley. Call w/ Kevin, Steve, Katie",,,"Linkwell Health","Amazon Store"
2013-11-12,"Adam Hoyle",1.0,"review doc from Kevin, call with Steve and Kevin",,,"Linkwell Health","Amazon Store"
2013-11-05,"Adam Hoyle",0.25,"weekly call with Kevin, Katie",,,"Linkwell Health","Amazon Store"
2013-11-04,"Adam Hoyle",0.25,"review Kevin Riley sheet",,,"Linkwell Health","Amazon Store"
2012-03-14,"Adam Hoyle",3.25,"general QA and minor fixes post-migration to Linkwell prod. Test and get demo site ready for Sean's VC meeting.",,,"Linkwell Health","BILLED: Health Plan Microsites (v1.0)"
2012-03-13,"Adam Hoyle",2.25,"QA, project coordination",,,"Linkwell Health","BILLED: Health Plan Microsites (v1.0)"
2012-03-12,"Adam Hoyle",2.5,"finish round 1 wires",,,"Linkwell Health","BILLED: Health Plan Microsites (v1.0)"
2012-03-11,"Adam Hoyle",1.0,"weekly status call",,,"Linkwell Health","BILLED: Health Plan Microsites (v1.0)"
2012-03-11,"Adam Hoyle",3.0,"wires and architecture",,,"Linkwell Health","BILLED: Health Plan Microsites (v1.0)"
2012-03-07,"Adam Hoyle",0.75,"QA and project cooridnation",,,"Linkwell Health","BILLED: Health Plan Microsites (v1.0)"
2012-02-27,"Adam Hoyle",2.0,"review dev progress, email the team, plan flow for linkwell demo",,,"Linkwell Health","BILLED: Health Plan Microsites (v1.0)"
2012-02-23,"Adam Hoyle",0.75,"setup content types for recipes, FAQs",,,"Linkwell Health","BILLED: Health Plan Microsites (v1.0)"
2012-02-20,"Adam Hoyle",3.0,"work on Catalina json feed importer, import brands and categories to taxonomy, and offers to nodes",,,"Linkwell Health","BILLED: Health Plan Microsites (v1.0)"
2012-02-20,"Adam Hoyle",2.0,"review meeting notes from 2/13 sent by Regina, review emails and update basecamp",,,"Linkwell Health","BILLED: Health Plan Microsites (v1.0)"
2012-02-10,"Adam Hoyle",0.75,"organize and process notes and update basecamp, review designs, coded templates, and project notes",,,"Linkwell Health","BILLED: Health Plan Microsites (v1.0)"
2012-02-09,"Adam Hoyle",1.0,"conference call with Regina, Sean, Greg",,,"Linkwell Health","BILLED: Health Plan Microsites (v1.0)"
2013-05-14,"Adam Hoyle",0.25,"call w/ Coupons.com re: plan site tracking",,,"Linkwell Health","Coupons.com"
2013-05-05,"Adam Hoyle",0.5,"update FAQs",,,"Linkwell Health","Coupons.com"
2013-05-03,"Adam Hoyle",0.5,"email the team re: transition plan",,,"Linkwell Health","Coupons.com"
2013-04-24,"Adam Hoyle",0.25,"test related offers in articles and blogs on BFY and plan sites",,,"Linkwell Health","Coupons.com"
2013-04-23,"Adam Hoyle",0.5,"QA",,,"Linkwell Health","Coupons.com"
2013-04-18,"Adam Hoyle",3.5,"Finish plan site QA test plan",,,"Linkwell Health","Coupons.com"
2013-04-18,"Adam Hoyle",2.5,"QA test plan",,,"Linkwell Health","Coupons.com"
2013-04-16,"Adam Hoyle",3.0,"begin QA, write test script, call w/ Steve to review IMP feedback and plan site redesign feedback",,,"Linkwell Health","Coupons.com"
2013-04-08,"Adam Hoyle",0.75,"meet with Balsam, Hipps and Nycz re: Coupons.com printing",,,"Linkwell Health","Coupons.com"
2013-03-27,"Adam Hoyle",0.25,"Coupons.com call",,,"Linkwell Health","Coupons.com"
2013-03-21,"Adam Hoyle",0.5,"create new A records for CI testing",,,"Linkwell Health","Coupons.com"
2013-03-20,"Adam Hoyle",0.5,"weekly status call w/ Coupons.com",,,"Linkwell Health","Coupons.com"
2014-04-30,"Adam Hoyle",0.5,"monitor second wave of blast",,,"Linkwell Health","DONE: 20. Disease Management - Q2 2014"
2014-04-30,"Adam Hoyle",1.0,"monitor performance during blast",,,"Linkwell Health","DONE: 20. Disease Management - Q2 2014"
2014-04-28,"Adam Hoyle",0.25,"look into Kim's question about images not loading in Outlook for wellpoint contact, respond via email",,,"Linkwell Health","DONE: 20. Disease Management - Q2 2014"
2014-04-26,"Adam Hoyle",0.5,"check updated DM content matric HTTPS",,,"Linkwell Health","DONE: 20. Disease Management - Q2 2014"
2014-04-25,"Adam Hoyle",0.25,"more HTTP/HTTPS issues/emails",,,"Linkwell Health","DONE: 20. Disease Management - Q2 2014"
2014-04-25,"Adam Hoyle",0.5,"test and investigate HTTPS issues reported by Steve",,,"Linkwell Health","DONE: 20. Disease Management - Q2 2014"
2014-04-25,"Adam Hoyle",0.75,"test and investigate HTTPS issues reported by Steve",,,"Linkwell Health","DONE: 20. Disease Management - Q2 2014"
2014-04-25,"Adam Hoyle",1.75,"create final images and update redirects","Slice and save 3-up coupon images as placeholders to be used in emails, and create associated 301s.","General","Linkwell Health","DONE: 20. Disease Management - Q2 2014"
2014-04-25,"Adam Hoyle",0.25,"QA the HR article direct link bug fix",,,"Linkwell Health","DONE: 20. Disease Management - Q2 2014"
2014-04-25,"Adam Hoyle",2.0,"look into HR node IDs in varblock module to confirm that the correct IDs are in, along with all LP and article IDs. Troubleshoot why HR varblock is not triggered when visiting article pages directly",,,"Linkwell Health","DONE: 20. Disease Management - Q2 2014"
2014-04-24,"Adam Hoyle",0.5,"create additional condition-based coupons placeholder images and redirections",,,"Linkwell Health","DONE: 20. Disease Management - Q2 2014"
2014-04-24,"Adam Hoyle",0.25,"coupon images",,,"Linkwell Health","DONE: 20. Disease Management - Q2 2014"
2014-04-24,"Adam Hoyle",1.5,"create additional condition-based coupons placeholder images and redirections",,,"Linkwell Health","DONE: 20. Disease Management - Q2 2014"
2014-04-24,"Adam Hoyle",0.25,"QA emails",,,"Linkwell Health","DONE: 20. Disease Management - Q2 2014"
2014-04-24,"Adam Hoyle",0.25,"process coupon asset attachments/notes, update BC",,,"Linkwell Health","DONE: 20. Disease Management - Q2 2014"
2014-04-09,"Adam Hoyle",0.25,"deploy block quotes to prod",,,"Linkwell Health","DONE: 20. Disease Management - Q2 2014"
2014-04-07,"Adam Hoyle",0.75,"respond to email re: QA on DM from Kim",,,"Linkwell Health","DONE: 20. Disease Management - Q2 2014"
2014-04-07,"Adam Hoyle",0.5,"respond to email re: QA on DM from Kim",,,"Linkwell Health","DONE: 20. Disease Management - Q2 2014"
2014-04-04,"Adam Hoyle",0.25,"re-check after changes",,,"Linkwell Health","DONE: 20. Disease Management - Q2 2014"
2014-04-04,"Adam Hoyle",2.75,"review all content and landing pages",,,"Linkwell Health","DONE: 20. Disease Management - Q2 2014"
2014-04-02,"Adam Hoyle",1.0,"review DM content and landing pages",,,"Linkwell Health","DONE: 20. Disease Management - Q2 2014"
2014-03-26,"Adam Hoyle",0.75,"revie URLs for emails and respond/send list to Kim",,,"Linkwell Health","DONE: 20. Disease Management - Q2 2014"
2014-03-25,"Adam Hoyle",0.5,"misc. emails and project coordination for DM content and URLs",,,"Linkwell Health","DONE: 20. Disease Management - Q2 2014"
2014-03-25,"Adam Hoyle",0.5,"review URL list",,,"Linkwell Health","DONE: 20. Disease Management - Q2 2014"
2014-03-25,"Adam Hoyle",0.25,"create DM coupon redirects",,,"Linkwell Health","DONE: 20. Disease Management - Q2 2014"
2014-03-20,"Adam Hoyle",1.0,"project coordination, emails and basecamp updates",,,"Linkwell Health","DONE: 20. Disease Management - Q2 2014"
2014-03-05,"Adam Hoyle",0.25,"move to linkwell server, send updated link",,,"Linkwell Health","DONE: 20. Disease Management - Q2 2014"
2014-03-05,"Adam Hoyle",0.5,"process feedback, look at email touts from last year (single version) update BC, respond to Kim's email",,,"Linkwell Health","DONE: 20. Disease Management - Q2 2014"
2014-03-05,"Adam Hoyle",0.75,"review and send full set of DM comps",,,"Linkwell Health","DONE: 20. Disease Management - Q2 2014"
2014-03-04,"Adam Hoyle",0.5,"review comps and send next batch.",,,"Linkwell Health","DONE: 20. Disease Management - Q2 2014"
2014-03-03,"Adam Hoyle",0.5,"review Asthma HR/LR comps, email client",,,"Linkwell Health","DONE: 20. Disease Management - Q2 2014"
2014-03-03,"Adam Hoyle",0.25,"update basecamp with email copy, respond to kim re: deadline",,,"Linkwell Health","DONE: 20. Disease Management - Q2 2014"
2014-02-26,"Adam Hoyle",0.25,"download, review new PDFs, add to basecamp",,,"Linkwell Health","DONE: 20. Disease Management - Q2 2014"
2014-02-25,"Adam Hoyle",0.5,"download and review PDFs, update Basecamp",,,"Linkwell Health","DONE: 20. Disease Management - Q2 2014"
2014-06-18,"Adam Hoyle",0.25,"update coupon redirects",,,"Linkwell Health","DONE: 21. Mandated Communications - Q2 2014"
2014-06-18,"Adam Hoyle",1.75,"monitor",,,"Linkwell Health","DONE: 21. Mandated Communications - Q2 2014"
2014-06-18,"Adam Hoyle",0.25,"check mandated traffic levels, review site",,,"Linkwell Health","DONE: 21. Mandated Communications - Q2 2014"
2014-06-17,"Adam Hoyle",0.5,"QA site after error/notice/warning updates",,,"Linkwell Health","DONE: 21. Mandated Communications - Q2 2014"
2014-06-17,"Adam Hoyle",1.0,"review Acquia tickets and recommendations",,,"Linkwell Health","DONE: 21. Mandated Communications - Q2 2014"
2014-06-13,"Adam Hoyle",0.75,"QA and project coordination",,,"Linkwell Health","DONE: 21. Mandated Communications - Q2 2014"
2014-06-13,"Adam Hoyle",1.5,"update load test script, run load tests",,,"Linkwell Health","DONE: 21. Mandated Communications - Q2 2014"
2014-06-12,"Adam Hoyle",0.25,"review mandated updates on prod, test, email client",,,"Linkwell Health","DONE: 21. Mandated Communications - Q2 2014"
2014-06-11,"Adam Hoyle",0.75,"review Mandated updates on staging",,,"Linkwell Health","DONE: 21. Mandated Communications - Q2 2014"
2014-06-11,"Adam Hoyle",0.25,"discuss mandated udpates with john",,,"Linkwell Health","DONE: 21. Mandated Communications - Q2 2014"
2014-06-09,"Adam Hoyle",0.75,"research a solution to IE8 cmpatibiility mode...",,,"Linkwell Health","DONE: 21. Mandated Communications - Q2 2014"
2014-06-09,"Adam Hoyle",0.25,"cache clear for content edit",,,"Linkwell Health","DONE: 21. Mandated Communications - Q2 2014"
2014-06-04,"Adam Hoyle",1.25,"commset updates",,,"Linkwell Health","DONE: 21. Mandated Communications - Q2 2014"
2014-06-04,"Adam Hoyle",0.25,"add additional commsets",,,"Linkwell Health","DONE: 21. Mandated Communications - Q2 2014"
2014-06-03,"Adam Hoyle",1.5,"QA Mandated",,,"Linkwell Health","DONE: 21. Mandated Communications - Q2 2014"
2014-06-02,"Adam Hoyle",1.75,"create SS commsets","Create Mandated 2014 commsets from Linkwell node groupings","General","Linkwell Health","DONE: 21. Mandated Communications - Q2 2014"
2014-06-02,"Adam Hoyle",3.0,,"Create Mandated 2014 commsets from Linkwell node groupings","General","Linkwell Health","DONE: 21. Mandated Communications - Q2 2014"
2014-05-31,"Adam Hoyle",1.5,"and send coupon images","Create Mandated 2014 commsets from Linkwell node groupings","General","Linkwell Health","DONE: 21. Mandated Communications - Q2 2014"
2014-05-30,"Adam Hoyle",0.75,,"Create final coupon images and redirects (see comment)","General","Linkwell Health","DONE: 21. Mandated Communications - Q2 2014"
2014-05-30,"Adam Hoyle",1.25,"commsets",,,"Linkwell Health","DONE: 21. Mandated Communications - Q2 2014"
2014-05-29,"Adam Hoyle",0.75,,"Create Mandated 2014 commsets from Linkwell node groupings","General","Linkwell Health","DONE: 21. Mandated Communications - Q2 2014"
2014-05-29,"Adam Hoyle",0.15,"process coupon notes and update basecamp",,,"Linkwell Health","DONE: 21. Mandated Communications - Q2 2014"
2014-05-29,"Adam Hoyle",0.5,"review email updates and send to Kim",,,"Linkwell Health","DONE: 21. Mandated Communications - Q2 2014"
2014-05-27,"Adam Hoyle",0.75,"review mandated groupings",,,"Linkwell Health","DONE: 21. Mandated Communications - Q2 2014"
2014-05-27,"Adam Hoyle",1.75,"QA mandated on prod",,,"Linkwell Health","DONE: 21. Mandated Communications - Q2 2014"
2014-05-21,"Adam Hoyle",1.0,"process mandated QA",,,"Linkwell Health","DONE: 21. Mandated Communications - Q2 2014"
2014-05-21,"Adam Hoyle",0.75,"add image thumbnails to mandated articles",,,"Linkwell Health","DONE: 21. Mandated Communications - Q2 2014"
2014-05-21,"Adam Hoyle",0.25,"test on staging",,,"Linkwell Health","DONE: 21. Mandated Communications - Q2 2014"
2014-05-20,"Adam Hoyle",1.0,"add Mandated article images",,,"Linkwell Health","DONE: 21. Mandated Communications - Q2 2014"
2014-05-20,"Adam Hoyle",1.0,"QA",,,"Linkwell Health","DONE: 21. Mandated Communications - Q2 2014"
2014-05-19,"Adam Hoyle",1.0,"QA Mandated on John's local",,,"Linkwell Health","DONE: 21. Mandated Communications - Q2 2014"
2014-05-18,"Adam Hoyle",0.75,,"Add Mandated Communications - Q2 2014 content to LMS and update spreadsheet","General","Linkwell Health","DONE: 21. Mandated Communications - Q2 2014"
2014-05-18,"Adam Hoyle",0.5,,"Add Mandated Communications - Q2 2014 content to LMS and update spreadsheet","General","Linkwell Health","DONE: 21. Mandated Communications - Q2 2014"
2014-05-18,"Adam Hoyle",0.5,"check all URLs","Duplicate 2013 nodes for Linkwell to edit for 2014 use. (see comment)","General","Linkwell Health","DONE: 21. Mandated Communications - Q2 2014"
2014-05-18,"Adam Hoyle",1.75,,"Duplicate 2013 nodes for Linkwell to edit for 2014 use. (see comment)","General","Linkwell Health","DONE: 21. Mandated Communications - Q2 2014"
2014-05-16,"Adam Hoyle",0.25,"weekly status calls",,,"Linkwell Health","DONE: 21. Mandated Communications - Q2 2014"
2014-05-16,"Adam Hoyle",2.25,"QA, email communication with Kim, publishing nodes",,,"Linkwell Health","DONE: 21. Mandated Communications - Q2 2014"
2014-05-16,"Adam Hoyle",1.25,"QA, email communication with Kim, publishing nodes",,,"Linkwell Health","DONE: 21. Mandated Communications - Q2 2014"
2014-05-16,"Adam Hoyle",0.5,"duplicate 2013 mandated content, rename, update spreadsheet","Create placeholder URLs for secondary articles and update spreadsheet","General","Linkwell Health","DONE: 21. Mandated Communications - Q2 2014"
2014-05-15,"Adam Hoyle",1.25,"create placeholder URLs","Create placeholder URLs for secondary articles and update spreadsheet","General","Linkwell Health","DONE: 21. Mandated Communications - Q2 2014"
2014-05-15,"Adam Hoyle",0.5,"review mandated timeline from kim and respond","Cut Mandated Communications - Q2 2014 placeholder coupon images and create URLs/redirects","General","Linkwell Health","DONE: 21. Mandated Communications - Q2 2014"
2014-05-15,"Adam Hoyle",0.75,,"Cut Mandated Communications - Q2 2014 placeholder coupon images and create URLs/redirects","General","Linkwell Health","DONE: 21. Mandated Communications - Q2 2014"
2014-05-15,"Adam Hoyle",0.25,"edit commset to add URL to incentive copy per Kim",,,"Linkwell Health","DONE: 21. Mandated Communications - Q2 2014"
2014-05-15,"Adam Hoyle",0.25,,,,"Linkwell Health","DONE: 21. Mandated Communications - Q2 2014"
2014-05-15,"Adam Hoyle",0.5,"quick review of Mandated y/n/s on acquia staging.",,,"Linkwell Health","DONE: 21. Mandated Communications - Q2 2014"
2014-05-13,"Adam Hoyle",0.75,"mandated emails",,,"Linkwell Health","DONE: 21. Mandated Communications - Q2 2014"
2014-05-12,"Adam Hoyle",2.0,"project coorindation, basecamp updates, client emails",,,"Linkwell Health","DONE: 21. Mandated Communications - Q2 2014"
2014-05-09,"Adam Hoyle",0.25,"email updates - dek and trap",,,"Linkwell Health","DONE: 21. Mandated Communications - Q2 2014"
2014-05-09,"Adam Hoyle",0.75,"meet with John to review mandated",,,"Linkwell Health","DONE: 21. Mandated Communications - Q2 2014"
2014-05-08,"Adam Hoyle",1.5,"review mandated and coupons=y/n/s with john",,,"Linkwell Health","DONE: 21. Mandated Communications - Q2 2014"
2014-05-06,"Adam Hoyle",1.0,"landing page, article page updates",,,"Linkwell Health","DONE: 21. Mandated Communications - Q2 2014"
2014-05-02,"Adam Hoyle",0.5,"test block bug",,,"Linkwell Health","DONE: 21. Mandated Communications - Q2 2014"
2014-05-01,"Adam Hoyle",0.25,"review design requirements with Kyle",,,"Linkwell Health","DONE: 21. Mandated Communications - Q2 2014"
2014-04-30,"Adam Hoyle",1.5,"create static test version of super simple mandated landing page",,,"Linkwell Health","DONE: 21. Mandated Communications - Q2 2014"
2014-04-30,"Adam Hoyle",0.75,"discuss super-simple landing page",,,"Linkwell Health","DONE: 21. Mandated Communications - Q2 2014"
2014-04-29,"Adam Hoyle",0.25,"update email wireframes",,,"Linkwell Health","DONE: 21. Mandated Communications - Q2 2014"
2014-04-28,"Adam Hoyle",0.5,"update version to hide articles section","Design comps for ""super simple"" landing page that strips out all nav and blocks (see comment for details)","General","Linkwell Health","DONE: 21. Mandated Communications - Q2 2014"
2014-04-28,"Adam Hoyle",0.25,"research ""super simple"" execution, respond to Steve, send screenshot",,,"Linkwell Health","DONE: 21. Mandated Communications - Q2 2014"
2014-04-28,"Adam Hoyle",0.5,"research ""super simple"" execution, respond to Steve, send screenshot",,,"Linkwell Health","DONE: 21. Mandated Communications - Q2 2014"
2014-04-25,"Adam Hoyle",0.25,"review responsive email wires, send to client",,,"Linkwell Health","DONE: 21. Mandated Communications - Q2 2014"
2014-04-25,"Adam Hoyle",0.5,"call w/ Steve re: SG page feedback from last year",,,"Linkwell Health","DONE: 21. Mandated Communications - Q2 2014"
2014-04-24,"Adam Hoyle",0.25,"process first batch of content and update basecamp",,,"Linkwell Health","DONE: 21. Mandated Communications - Q2 2014"
2014-04-04,"Adam Hoyle",0.25,"create landing page",,,"Linkwell Health","DONE: 21. Mandated Communications - Q2 2014"
2014-04-04,"Adam Hoyle",0.5,"respond to URL request email from Arun",,,"Linkwell Health","DONE: 21. Mandated Communications - Q2 2014"
2014-03-19,"Adam Hoyle",1.0,"review emails, vanity URLs, add dates, etc.",,,"Linkwell Health","DONE: 21. Mandated Communications - Q2 2014"
2014-03-05,"Adam Hoyle",0.25,"review mandated milestones and add to Basecamp",,,"Linkwell Health","DONE: 21. Mandated Communications - Q2 2014"
2014-05-29,"Adam Hoyle",0.5,"Monitor sites/analytics for HW blast",,,"Linkwell Health","DONE: 23. Healthy Woman/Future Moms - Q2 2014"
2014-05-28,"Adam Hoyle",5.26,"final QA, incentive copy updates, emails, etc.",,,"Linkwell Health","DONE: 23. Healthy Woman/Future Moms - Q2 2014"
2014-05-27,"Adam Hoyle",1.0,"add new HW formnum",,,"Linkwell Health","DONE: 23. Healthy Woman/Future Moms - Q2 2014"
2014-05-19,"Adam Hoyle",0.75,,"Create final email offer images and update redirects","General","Linkwell Health","DONE: 23. Healthy Woman/Future Moms - Q2 2014"
2014-05-13,"Adam Hoyle",0.25,"confirm coupon images and redirects, cross off remaining todos",,,"Linkwell Health","DONE: 23. Healthy Woman/Future Moms - Q2 2014"
2014-05-13,"Adam Hoyle",0.5,"update bullets in HW MM article to match PDF",,,"Linkwell Health","DONE: 23. Healthy Woman/Future Moms - Q2 2014"
2014-05-13,"Adam Hoyle",0.25,"troubleshoot missing block",,,"Linkwell Health","DONE: 23. Healthy Woman/Future Moms - Q2 2014"
2014-05-12,"Adam Hoyle",0.5,"update head on landing pages",,,"Linkwell Health","DONE: 23. Healthy Woman/Future Moms - Q2 2014"
2014-05-08,"Adam Hoyle",1.5,"deploy to prod, QA",,,"Linkwell Health","DONE: 23. Healthy Woman/Future Moms - Q2 2014"
2014-05-08,"Adam Hoyle",0.75,"QA",,,"Linkwell Health","DONE: 23. Healthy Woman/Future Moms - Q2 2014"
2014-05-08,"Adam Hoyle",1.75,"QA",,,"Linkwell Health","DONE: 23. Healthy Woman/Future Moms - Q2 2014"
2014-05-07,"Adam Hoyle",0.5,"QA",,,"Linkwell Health","DONE: 23. Healthy Woman/Future Moms - Q2 2014"
2014-05-07,"Adam Hoyle",5.0,"finish HW formnums and push to stage, troubleshoot import",,,"Linkwell Health","DONE: 23. Healthy Woman/Future Moms - Q2 2014"
2014-05-06,"Adam Hoyle",0.5,"commit and test incentive definitions",,,"Linkwell Health","DONE: 23. Healthy Woman/Future Moms - Q2 2014"
2014-05-06,"Adam Hoyle",2.75,,"Update commsets with incentive copy and formnums for Woman/Future Moms - Q2 2014","General","Linkwell Health","DONE: 23. Healthy Woman/Future Moms - Q2 2014"
2014-05-05,"Adam Hoyle",0.25,"review and send HW landing pages and articles",,,"Linkwell Health","DONE: 23. Healthy Woman/Future Moms - Q2 2014"
2014-04-28,"Adam Hoyle",0.5,"updates to coupons and redirects to support different coupons per risk level",,,"Linkwell Health","DONE: 23. Healthy Woman/Future Moms - Q2 2014"
2014-04-16,"Adam Hoyle",0.5,"review URL matrix, send to Kim",,,"Linkwell Health","DONE: 23. Healthy Woman/Future Moms - Q2 2014"
2014-04-15,"Adam Hoyle",0.25,"coordinate and send email assets, create coupon placeholders, send to Kim",,,"Linkwell Health","DONE: 23. Healthy Woman/Future Moms - Q2 2014"
2014-04-15,"Adam Hoyle",0.5,"coordinate and send email assets, create coupon placeholders, send to Kim",,,"Linkwell Health","DONE: 23. Healthy Woman/Future Moms - Q2 2014"
2014-04-11,"Adam Hoyle",0.5,"project coordination and emails",,,"Linkwell Health","DONE: 23. Healthy Woman/Future Moms - Q2 2014"
2014-04-08,"Adam Hoyle",0.75,"respond to emails re: HW, move comps to linkwell server",,,"Linkwell Health","DONE: 23. Healthy Woman/Future Moms - Q2 2014"
2014-04-08,"Adam Hoyle",1.0,,,,"Linkwell Health","DONE: 23. Healthy Woman/Future Moms - Q2 2014"
2014-04-03,"Adam Hoyle",0.25,,,,"Linkwell Health","DONE: 23. Healthy Woman/Future Moms - Q2 2014"
2014-04-01,"Adam Hoyle",0.75,"review designs",,,"Linkwell Health","DONE: 23. Healthy Woman/Future Moms - Q2 2014"
2014-03-11,"Adam Hoyle",0.25,"review schedule with Kim",,,"Linkwell Health","DONE: 23. Healthy Woman/Future Moms - Q2 2014"
2014-07-14,"Adam Hoyle",0.25,"update coupon graphics per Kim and Katie",,,"Linkwell Health","DONE: 24. Disease Management - Q3/Summer 2014"
2014-07-08,"Adam Hoyle",0.25,"adjustments to coupon images",,,"Linkwell Health","DONE: 24. Disease Management - Q3/Summer 2014"
2014-07-07,"Adam Hoyle",0.25,"HTML adjustments to DM email HTML for content matrix per Kim",,,"Linkwell Health","DONE: 24. Disease Management - Q3/Summer 2014"
2014-07-07,"Adam Hoyle",0.25,"update coupon redirects with tracking params",,,"Linkwell Health","DONE: 24. Disease Management - Q3/Summer 2014"
2014-07-07,"Adam Hoyle",1.25,,"Create duplicate versions of the DASH article (see comment)","QA","Linkwell Health","DONE: 24. Disease Management - Q3/Summer 2014"
2014-07-07,"Adam Hoyle",0.25,,"Fix typo in HR tout (otherhealth)","QA","Linkwell Health","DONE: 24. Disease Management - Q3/Summer 2014"
2014-07-07,"Adam Hoyle",0.25,"change redirects per Katie, update to include utm_campaign param","Create final coupon images and update redirects (see comment for details)","General","Linkwell Health","DONE: 24. Disease Management - Q3/Summer 2014"
2014-07-07,"Adam Hoyle",2.5,,"Create final coupon images and update redirects (see comment for details)","General","Linkwell Health","DONE: 24. Disease Management - Q3/Summer 2014"
2014-06-20,"Adam Hoyle",3.5,"QA landing pages and articles",,,"Linkwell Health","DONE: 24. Disease Management - Q3/Summer 2014"
2014-06-19,"Adam Hoyle",0.75,"review landing pages and articles",,,"Linkwell Health","DONE: 24. Disease Management - Q3/Summer 2014"
2014-06-12,"Adam Hoyle",0.25,"review mandated updates on prod, test, email client",,,"Linkwell Health","DONE: 24. Disease Management - Q3/Summer 2014"
2014-06-11,"Adam Hoyle",1.25,"review placeholder URLs, send to Kim",,,"Linkwell Health","DONE: 24. Disease Management - Q3/Summer 2014"
2014-06-10,"Adam Hoyle",1.0,"create landing pages","Add all content to LMS and update spreadsheet","General","Linkwell Health","DONE: 24. Disease Management - Q3/Summer 2014"
2014-10-02,"Adam Hoyle",0.5,"QA edits from Arun",,,"Linkwell Health","DONE: 26. Healthy Woman/Future Moms - Q4 Fall 2014"
2014-09-30,"Adam Hoyle",0.25,"change symlink for mhs health",,,"Linkwell Health","DONE: 26. Healthy Woman/Future Moms - Q4 Fall 2014"
2014-09-30,"Adam Hoyle",0.5,"update header image on MM article",,,"Linkwell Health","DONE: 26. Healthy Woman/Future Moms - Q4 Fall 2014"
2014-09-30,"Adam Hoyle",0.5,"project coordination and client emails",,,"Linkwell Health","DONE: 26. Healthy Woman/Future Moms - Q4 Fall 2014"
2014-09-25,"Adam Hoyle",0.5,"finalize coupon image",,,"Linkwell Health","DONE: 26. Healthy Woman/Future Moms - Q4 Fall 2014"
2014-09-17,"Adam Hoyle",0.25,"process coupon selections and update basecamp",,,"Linkwell Health","DONE: 26. Healthy Woman/Future Moms - Q4 Fall 2014"
2014-09-12,"Adam Hoyle",0.25,"QA",,,"Linkwell Health","DONE: 26. Healthy Woman/Future Moms - Q4 Fall 2014"
2014-09-11,"Adam Hoyle",1.75,"HW QA",,,"Linkwell Health","DONE: 26. Healthy Woman/Future Moms - Q4 Fall 2014"
2014-09-11,"Adam Hoyle",1.25,"check VZ forumnums, add, commit, clear caches, test, email Linkwell",,,"Linkwell Health","DONE: 26. Healthy Woman/Future Moms - Q4 Fall 2014"
2014-09-10,"Adam Hoyle",3.0,"review incentive copy and finalize definitions, import to staging, test, import to prod, test, inform Linkwell",,,"Linkwell Health","DONE: 26. Healthy Woman/Future Moms - Q4 Fall 2014"
2014-09-08,"Adam Hoyle",1.0,"review HW commsets with Ethan",,,"Linkwell Health","DONE: 26. Healthy Woman/Future Moms - Q4 Fall 2014"
2014-08-17,"Adam Hoyle",1.25,"coupon placeholder images and URLs",,,"Linkwell Health","DONE: 26. Healthy Woman/Future Moms - Q4 Fall 2014"
2014-08-12,"Adam Hoyle",0.25,"review updated schedule from kim, update basecamp",,,"Linkwell Health","DONE: 26. Healthy Woman/Future Moms - Q4 Fall 2014"
2014-08-11,"Adam Hoyle",0.75,"Review and send HW email image assets",,,"Linkwell Health","DONE: 26. Healthy Woman/Future Moms - Q4 Fall 2014"
2014-08-08,"Adam Hoyle",0.5,"review revised schedule and update basecamp",,,"Linkwell Health","DONE: 26. Healthy Woman/Future Moms - Q4 Fall 2014"
2014-07-31,"Adam Hoyle",0.5,"review updates, feedback, send to client",,,"Linkwell Health","DONE: 26. Healthy Woman/Future Moms - Q4 Fall 2014"
2014-07-30,"Adam Hoyle",1.25,"review URL matrix and send to Linkwell",,,"Linkwell Health","DONE: 26. Healthy Woman/Future Moms - Q4 Fall 2014"
2014-07-29,"Adam Hoyle",0.25,"test HW headline and VZ article updates",,,"Linkwell Health","DONE: 26. Healthy Woman/Future Moms - Q4 Fall 2014"
2014-07-29,"Adam Hoyle",2.0,"review comps and send to client, update formnums for VZ and test",,,"Linkwell Health","DONE: 26. Healthy Woman/Future Moms - Q4 Fall 2014"
2014-07-23,"Adam Hoyle",0.5,"review comps, send to client",,,"Linkwell Health","DONE: 26. Healthy Woman/Future Moms - Q4 Fall 2014"
2014-07-22,"Adam Hoyle",0.5,"review first round comps, post notes to BC",,,"Linkwell Health","DONE: 26. Healthy Woman/Future Moms - Q4 Fall 2014"
2014-07-21,"Adam Hoyle",0.25,"download new image assets, add to basecamp",,,"Linkwell Health","DONE: 26. Healthy Woman/Future Moms - Q4 Fall 2014"
2014-07-18,"Adam Hoyle",0.5,"review PDFs, upload to basecamp, organize content, create todos",,,"Linkwell Health","DONE: 26. Healthy Woman/Future Moms - Q4 Fall 2014"
2014-07-17,"Adam Hoyle",0.75,"deploy HW article branch, test, update content per Arun, deploy, re-test",,,"Linkwell Health","DONE: 26. Healthy Woman/Future Moms - Q4 Fall 2014"
2014-07-16,"Adam Hoyle",0.5,"deploy HW custom article formnum to stage, re-test, email Linkwell",,,"Linkwell Health","DONE: 26. Healthy Woman/Future Moms - Q4 Fall 2014"
2014-07-16,"Adam Hoyle",1.0,"test custom HW article feature",,,"Linkwell Health","DONE: 26. Healthy Woman/Future Moms - Q4 Fall 2014"
2014-07-15,"Adam Hoyle",0.75,"document requirements for custom HW article by formnum",,,"Linkwell Health","DONE: 26. Healthy Woman/Future Moms - Q4 Fall 2014"
2014-05-21,"Adam Hoyle",1.5,"replace HW image",,,"Linkwell Health","DONE: 26. Healthy Woman/Future Moms - Q4 Fall 2014"
2014-03-07,"Adam Hoyle",0.25,,,,"Linkwell Health","Grocery Server"
2014-01-29,"Adam Hoyle",0.5,"investigate GS discrepency and email Kevin at GS",,,"Linkwell Health","Grocery Server"
2014-01-15,"Adam Hoyle",0.25,"switch to production API on dev for testing, email GS and Linkwell",,,"Linkwell Health","Grocery Server"
2014-01-08,"Adam Hoyle",0.25,,,,"Linkwell Health","Grocery Server"
2013-05-16,"Adam Hoyle",0.25,"post comps for GS feedback",,,"Linkwell Health","Grocery Server"
2013-05-03,"Adam Hoyle",0.25,"test connection to Mike's machine over VPN to view his local dev",,,"Linkwell Health","Grocery Server"
2013-04-29,"Adam Hoyle",0.5,"coordinate with mike to get the work into the repo for handoff to balsam",,,"Linkwell Health","Grocery Server"
2013-04-04,"Adam Hoyle",1.0,"create button images",,,"Linkwell Health","Grocery Server"
2013-03-27,"Adam Hoyle",1.0,"QA",,,"Linkwell Health","Grocery Server"
2013-03-21,"Adam Hoyle",1.0,"project coordination, review XML for GS, clarify w/ Mike, post for Kevin",,,"Linkwell Health","Grocery Server"
2013-02-14,"Adam Hoyle",0.5,"respond to GS inquiry",,,"Linkwell Health","Grocery Server"
2013-02-12,"Adam Hoyle",0.5,"grocery server walk-though/ progress w/ Mike",,,"Linkwell Health","Grocery Server"
2013-01-31,"Adam Hoyle",0.5,"type up notes from meeting and post to basecamp",,,"Linkwell Health","Grocery Server"
2013-01-31,"Adam Hoyle",0.5,"quick meeting with Mike and Jay to review functional progress and designs",,,"Linkwell Health","Grocery Server"
2013-01-23,"Adam Hoyle",0.75,"type up notes on GS recommended integration and send to Steve",,,"Linkwell Health","Grocery Server"
2013-01-23,"Adam Hoyle",0.5,"meet w/ Mike to discuss Grocery Server integration",,,"Linkwell Health","Grocery Server"
2012-02-05,"Adam Hoyle",6.0,"web comp using BFY newsletter",,,"Linkwell Health","Kellogg’s: The Power of Breakfast"
2014-12-04,"Adam Hoyle",0.5,"update footer on corporate site for Katie - remove address and update phone.",,,"Linkwell Health","Linkwell Corporate Site"
2014-10-27,"Adam Hoyle",0.25,"meeting",,,"Linkwell Health","Linkwell Corporate Site"
2014-09-22,"Adam Hoyle",0.25,"process case studies feedback and update basecamp",,,"Linkwell Health","Linkwell Corporate Site"
2014-09-18,"Adam Hoyle",0.5,"troubleshoot jobs page on corp site per Katie",,,"Linkwell Health","Linkwell Corporate Site"
2014-09-11,"Adam Hoyle",0.25,"add Ethan to Assembla, email, review designs",,,"Linkwell Health","Linkwell Corporate Site"
2014-09-08,"Adam Hoyle",0.25,"review case studies",,,"Linkwell Health","Linkwell Corporate Site"
2014-07-24,"Adam Hoyle",0.5,"discuss corporate site case study graphics with Jay",,,"Linkwell Health","Linkwell Corporate Site"
2014-07-23,"Adam Hoyle",0.25,"type notes for corp site showcase/case studies updates",,,"Linkwell Health","Linkwell Corporate Site"
2014-07-10,"Adam Hoyle",1.25,,"Create new images for Linkwell corp site Health Plan and Products sections","Misc.","Linkwell Health","Linkwell Corporate Site"
2014-06-10,"Adam Hoyle",2.25,"corp site graphics",,,"Linkwell Health","Linkwell Corporate Site"
2014-06-05,"Adam Hoyle",3.5,"graphics",,,"Linkwell Health","Linkwell Corporate Site"
2014-06-04,"Adam Hoyle",0.25,"corp site news changes",,,"Linkwell Health","Linkwell Corporate Site"
2014-06-03,"Adam Hoyle",2.5,"508 research",,,"Linkwell Health","Linkwell Corporate Site"
2014-05-30,"Adam Hoyle",1.5,"showcase art",,,"Linkwell Health","Linkwell Corporate Site"
2014-05-30,"Adam Hoyle",1.0,"showcase art",,,"Linkwell Health","Linkwell Corporate Site"
2014-05-29,"Adam Hoyle",1.25,,,,"Linkwell Health","Linkwell Corporate Site"
2014-05-21,"Adam Hoyle",0.5,"new section updates",,,"Linkwell Health","Linkwell Corporate Site"
2014-05-18,"Adam Hoyle",1.5,,"Create new images for Linkwell corp site Health Plan and Products sections","Misc.","Linkwell Health","Linkwell Corporate Site"
2014-05-16,"Adam Hoyle",1.0,"new graphics",,,"Linkwell Health","Linkwell Corporate Site"
2014-05-16,"Adam Hoyle",1.25,"new graphics",,,"Linkwell Health","Linkwell Corporate Site"
2014-05-13,"Adam Hoyle",0.25,"add new factoids to staging",,,"Linkwell Health","Linkwell Corporate Site"
2014-05-13,"Adam Hoyle",0.25,"troubleshoot issue with brand node",,,"Linkwell Health","Linkwell Corporate Site"
2014-05-13,"Adam Hoyle",0.5,"send script to Bill, email thoughts on corp site next steps.",,,"Linkwell Health","Linkwell Corporate Site"
2014-05-12,"Adam Hoyle",0.75,"upload new brand images, troubleshoot db issue",,,"Linkwell Health","Linkwell Corporate Site"
2014-04-17,"Adam Hoyle",0.25,"PC browser QA",,,"Linkwell Health","Linkwell Corporate Site"
2014-04-16,"Adam Hoyle",1.0,"review final edits, email steve",,,"Linkwell Health","Linkwell Corporate Site"
2014-04-14,"Adam Hoyle",0.5,"copy edits",,,"Linkwell Health","Linkwell Corporate Site"
2014-04-09,"Adam Hoyle",1.5,,,,"Linkwell Health","Linkwell Corporate Site"
2014-04-09,"Adam Hoyle",0.75,,,,"Linkwell Health","Linkwell Corporate Site"
2014-04-09,"Adam Hoyle",0.25,"updates",,,"Linkwell Health","Linkwell Corporate Site"
2014-04-09,"Adam Hoyle",0.25,"create better product image",,,"Linkwell Health","Linkwell Corporate Site"
2014-04-09,"Adam Hoyle",0.75,"copy edits",,,"Linkwell Health","Linkwell Corporate Site"
2014-04-08,"Adam Hoyle",1.75,"add final content and images, misc. coordination with John and Jay",,,"Linkwell Health","Linkwell Corporate Site"
2014-04-08,"Adam Hoyle",1.75,"add final content and images, misc. coordination with John and Jay",,,"Linkwell Health","Linkwell Corporate Site"
2014-04-07,"Adam Hoyle",0.25,"review final content",,,"Linkwell Health","Linkwell Corporate Site"
2014-04-03,"Adam Hoyle",0.75,"meet to review breakpoints",,,"Linkwell Health","Linkwell Corporate Site"
2014-04-03,"Adam Hoyle",0.5,"corporate site breakpoint printing and review",,,"Linkwell Health","Linkwell Corporate Site"
2014-04-01,"Adam Hoyle",0.5,"review breakpoints with john",,,"Linkwell Health","Linkwell Corporate Site"
2014-03-28,"Adam Hoyle",1.0,"corp site content",,,"Linkwell Health","Linkwell Corporate Site"
2014-03-28,"Adam Hoyle",2.0,,,,"Linkwell Health","Linkwell Corporate Site"
2014-03-13,"Adam Hoyle",1.25,"download images from Katie, add to BC, discuss with Jay",,,"Linkwell Health","Linkwell Corporate Site"
2014-03-12,"Adam Hoyle",1.0,"discuss progress, questions, challenges, etc.",,,"Linkwell Health","Linkwell Corporate Site"
2014-03-12,"Adam Hoyle",0.5,"create contact sheets and post for review","Find new images and present to Steve for selection","Misc.","Linkwell Health","Linkwell Corporate Site"
2014-03-12,"Adam Hoyle",0.25,"corp site images",,,"Linkwell Health","Linkwell Corporate Site"
2014-03-04,"Adam Hoyle",0.25,"discuss project with John",,,"Linkwell Health","Linkwell Corporate Site"
2014-03-03,"Adam Hoyle",0.25,"add design notes from Steve",,,"Linkwell Health","Linkwell Corporate Site"
2014-01-30,"Adam Hoyle",5.25,"create homepage graphics",,,"Linkwell Health","Linkwell Corporate Site"
2014-01-29,"Adam Hoyle",0.5,"review site design",,,"Linkwell Health","Linkwell Corporate Site"
2014-01-29,"Adam Hoyle",1.0,"meet w/ Jay to review Linkwell design and illustrations",,,"Linkwell Health","Linkwell Corporate Site"
2014-01-24,"Adam Hoyle",1.5,"update prototype with new iamges from jay",,,"Linkwell Health","Linkwell Corporate Site"
2014-01-24,"Adam Hoyle",0.5,"review sitemap and wires",,,"Linkwell Health","Linkwell Corporate Site"
2014-01-22,"Adam Hoyle",2.0,"meet w/ Jay, Kyle re: site redesign and wireframes",,,"Linkwell Health","Linkwell Corporate Site"
2013-02-19,"Adam Hoyle",2.75,"create diagram showing publishing architecture",,,"Linkwell Health","LMS"
2013-01-16,"Adam Hoyle",2.5,"project coordination",,,"Linkwell Health","LMS"
2013-01-15,"Adam Hoyle",0.5,"review downloads feature page",,,"Linkwell Health","LMS"
2012-12-17,"Adam Hoyle",0.5,"review email instructions, send notes to Jess",,,"Linkwell Health","LMS"
2012-12-12,"Adam Hoyle",0.75,"review articles on BFY and LMS",,,"Linkwell Health","LMS"
2012-11-19,"Adam Hoyle",0.5,"updates to digital offers background",,,"Linkwell Health","LMS"
2012-11-15,"Adam Hoyle",0.5,"test","Development for new ""PDF Downloads"" content type on BFY and Plan microsites (see comment for details)","Development","Linkwell Health","LMS"
2012-11-14,"Adam Hoyle",0.5,"review PDF download designs and discuss with Jay and Adam",,,"Linkwell Health","LMS"
2012-11-14,"Adam Hoyle",0.25,"review updated article page designs",,,"Linkwell Health","LMS"
2012-11-14,"Adam Hoyle",0.75,"review and provide feedback on BFY and Plan articles",,,"Linkwell Health","LMS"
2012-11-09,"Adam Hoyle",2.0,"meeting with Sean and call w/ Steve",,,"Linkwell Health","LMS"
2012-11-08,"Adam Hoyle",0.25,"support for recipe update for Steve and Katie",,,"Linkwell Health","LMS"
2012-11-08,"Adam Hoyle",0.75,"review, test and respond to Steve's digital offer feedback",,,"Linkwell Health","LMS"
2012-11-08,"Adam Hoyle",0.75,"review and email Steve re: digital offers",,,"Linkwell Health","LMS"
2012-11-07,"Adam Hoyle",0.25,"process notes and todos for LMS",,,"Linkwell Health","LMS"
2012-09-07,"Adam Hoyle",0.5,"create Sargento microsite on dev",,,"Linkwell Health","LMS"
2012-08-29,"Adam Hoyle",1.5,"final QA on plan sites, update colors and fonts on current plan sites to prep for deployment",,,"Linkwell Health","LMS"
2012-08-27,"Adam Hoyle",1.0,"additional QA and troubleshooting of dev and prd",,,"Linkwell Health","LMS"
2012-08-13,"Adam Hoyle",0.75,"move BCBSND to LMS",,,"Linkwell Health","LMS"
2012-07-27,"Adam Hoyle",0.25,"create new A record",,,"Linkwell Health","LMS"
2012-07-03,"Adam Hoyle",0.25,"create user accounts on dev LMS",,,"Linkwell Health","LMS"
2012-07-03,"Adam Hoyle",0.75,"Recipe training",,,"Linkwell Health","LMS"
2012-06-04,"Adam Hoyle",1.5,"CMS setup, taxonomy research",,,"Linkwell Health","LMS"
2014-12-23,"Adam Hoyle",0.5,,,,"Linkwell Health","Miscellaneous"
2014-12-23,"Adam Hoyle",0.75,"support for angela on client FTP site.",,,"Linkwell Health","Miscellaneous"
2014-12-18,"Adam Hoyle",0.25,"weekly status call",,,"Linkwell Health","Miscellaneous"
2014-12-18,"Adam Hoyle",0.25,"updates to IBX welcome comps",,,"Linkwell Health","Miscellaneous"
2014-12-18,"Adam Hoyle",0.25,"updates to IBX welcome comps",,,"Linkwell Health","Miscellaneous"
2014-12-18,"Adam Hoyle",0.5,"call w/ Steve, updates to third comp.",,,"Linkwell Health","Miscellaneous"
2014-12-17,"Adam Hoyle",0.25,"process notes from call with Steve, update basecamp",,,"Linkwell Health","Miscellaneous"
2014-12-17,"Adam Hoyle",0.5,"process notes from call with Steve, update basecamp",,,"Linkwell Health","Miscellaneous"
2014-12-17,"Adam Hoyle",0.5,"call w/ Steve",,,"Linkwell Health","Miscellaneous"
2014-12-16,"Adam Hoyle",0.75,"review EOB comps and send to Linkwell",,,"Linkwell Health","Miscellaneous"
2014-12-16,"Adam Hoyle",0.5,"review first round EOB comps, quick meet with Kyle",,,"Linkwell Health","Miscellaneous"
2014-12-16,"Adam Hoyle",0.5,"updates to SSemail template",,,"Linkwell Health","Miscellaneous"
2014-12-16,"Adam Hoyle",0.5,"reciew BCBSMI EOB w/ Kyle",,,"Linkwell Health","Miscellaneous"
2014-12-15,"Adam Hoyle",0.75,"call from steve, update basecamp",,,"Linkwell Health","Miscellaneous"
2014-12-15,"Adam Hoyle",0.25,"call w/ Arun, look into email template that generates app emails",,,"Linkwell Health","Miscellaneous"
2014-12-11,"Adam Hoyle",2.0,"mandated",,,"Linkwell Health","Miscellaneous"
2014-12-11,"Adam Hoyle",0.75,"review ET notes and update basecamp",,,"Linkwell Health","Miscellaneous"
2014-12-10,"Adam Hoyle",1.25,"misc. project coordination and client emails, update basecamp",,,"Linkwell Health","Miscellaneous"
2014-12-09,"Adam Hoyle",1.0,"call to review HW/DM design updates",,,"Linkwell Health","Miscellaneous"
2014-12-09,"Adam Hoyle",0.25,"update client FTP passwords per Katie",,,"Linkwell Health","Miscellaneous"
2014-12-08,"Adam Hoyle",0.25,"add Chris Capezzuto to Linkwell FTP",,,"Linkwell Health","Miscellaneous"
2014-12-05,"Adam Hoyle",1.0,"update basecamp with new requests from steve",,,"Linkwell Health","Miscellaneous"
2014-12-05,"Adam Hoyle",0.25,"call w/ ListEngage",,,"Linkwell Health","Miscellaneous"
2014-12-04,"Adam Hoyle",0.5,"weekly status call",,,"Linkwell Health","Miscellaneous"
2014-12-04,"Adam Hoyle",0.25,"call w/ steve",,,"Linkwell Health","Miscellaneous"
2014-12-04,"Adam Hoyle",0.25,"review and post IBX icon updates",,,"Linkwell Health","Miscellaneous"
2014-12-04,"Adam Hoyle",0.25,"review and post IBX icon updates",,,"Linkwell Health","Miscellaneous"
2014-12-03,"Adam Hoyle",0.25,"move IBX app icons and assets to Linkwell server",,,"Linkwell Health","Miscellaneous"
2014-12-02,"Adam Hoyle",0.25,"create logo file for IBX per Steve",,,"Linkwell Health","Miscellaneous"
2014-12-02,"Adam Hoyle",2.0,"deployment",,,"Linkwell Health","Miscellaneous"
2014-12-01,"Adam Hoyle",0.25,"another full cache clear for Katie",,,"Linkwell Health","Miscellaneous"
2014-12-01,"Adam Hoyle",0.25,"full cache clears for Katie",,,"Linkwell Health","Miscellaneous"
2014-12-01,"Adam Hoyle",0.75,"Misc. project coordination and emails",,,"Linkwell Health","Miscellaneous"
2014-11-25,"Adam Hoyle",0.75,"misc. project coordinations and client emails",,,"Linkwell Health","Miscellaneous"
2014-11-21,"Adam Hoyle",0.5,"misc project coordination and email, review and send comps for landing pages.",,,"Linkwell Health","Miscellaneous"
2014-11-20,"Adam Hoyle",1.0,"review taxonomy terms per Katie",,,"Linkwell Health","Miscellaneous"
2014-11-20,"Adam Hoyle",0.25,"Move IBC comps to Linkwell server",,,"Linkwell Health","Miscellaneous"
2014-11-20,"Adam Hoyle",0.5,"weekly status call",,,"Linkwell Health","Miscellaneous"
2014-11-20,"Adam Hoyle",1.5,"Meet with Sean",,,"Linkwell Health","Miscellaneous"
2014-11-19,"Adam Hoyle",1.25,"test mandated",,,"Linkwell Health","Miscellaneous"
2014-11-19,"Adam Hoyle",0.5,"call w/ steve",,,"Linkwell Health","Miscellaneous"
2014-11-19,"Adam Hoyle",0.25,"call w/ steve",,,"Linkwell Health","Miscellaneous"
2014-11-19,"Adam Hoyle",0.25,"Discuss mandated chart with Jay and Kyle",,,"Linkwell Health","Miscellaneous"
2014-11-18,"Adam Hoyle",0.75,"misc. project coordination and email",,,"Linkwell Health","Miscellaneous"
2014-11-17,"Adam Hoyle",0.25,"move icons to linkwell server",,,"Linkwell Health","Miscellaneous"
2014-11-17,"Adam Hoyle",0.75,"review and send IBC app icons",,,"Linkwell Health","Miscellaneous"
2014-11-14,"Adam Hoyle",2.0,"work on updates to Mandated chart",,,"Linkwell Health","Miscellaneous"
2014-11-13,"Adam Hoyle",5.5,"meeting with Steve, Acquia demo and more.",,,"Linkwell Health","Miscellaneous"
2014-11-12,"Adam Hoyle",3.25,"review projects, plan and organize, prioritize for day",,,"Linkwell Health","Miscellaneous"
2014-11-12,"Adam Hoyle",0.5,"call w/ Steve",,,"Linkwell Health","Miscellaneous"
2014-11-11,"Adam Hoyle",0.75,"misc. project coorindation, client emails, basecamp updates",,,"Linkwell Health","Miscellaneous"
2014-11-10,"Adam Hoyle",0.5,"review Acquia Lift, brainstorm ideas for LMS 2015.",,,"Linkwell Health","Miscellaneous"
2014-11-07,"Adam Hoyle",0.75,"organize and finalize brainstorming notes",,,"Linkwell Health","Miscellaneous"
2014-11-07,"Adam Hoyle",0.75,"SNIPP page updates, review, launch",,,"Linkwell Health","Miscellaneous"
2014-11-07,"Adam Hoyle",0.25,"review SNIPP pages, move to stage, email client",,,"Linkwell Health","Miscellaneous"
2014-11-07,"Adam Hoyle",0.25,"review Tufts print to web comps, move to Linkwell server and email Steve",,,"Linkwell Health","Miscellaneous"
2014-11-06,"Adam Hoyle",0.5,"weekly status call",,,"Linkwell Health","Miscellaneous"
2014-11-05,"Adam Hoyle",0.5,"respond to Katie re: expiring MC and services it's tied to.",,,"Linkwell Health","Miscellaneous"
2014-11-04,"Adam Hoyle",0.25,"cache clears for Katie",,,"Linkwell Health","Miscellaneous"
2014-11-04,"Adam Hoyle",0.25,"clear all caches per Katie",,,"Linkwell Health","Miscellaneous"
2014-11-03,"Adam Hoyle",0.25,"call w/ Steve",,,"Linkwell Health","Miscellaneous"
2014-11-03,"Adam Hoyle",0.25,"cache clear for Katie",,,"Linkwell Health","Miscellaneous"
2014-10-30,"Adam Hoyle",0.5,"snipp landing page and promo block visibility",,,"Linkwell Health","Miscellaneous"
2014-10-30,"Adam Hoyle",0.75,"weekly status call, followup call w/ Steve",,,"Linkwell Health","Miscellaneous"
2014-10-30,"Adam Hoyle",1.0,"deployment plan email",,,"Linkwell Health","Miscellaneous"
2014-10-29,"Adam Hoyle",0.75,"launch SNIPP pages on specific sites, update staging first.",,,"Linkwell Health","Miscellaneous"
2014-10-29,"Adam Hoyle",0.25,"find and re-post BCBSLA email to Linkwell server per Steve",,,"Linkwell Health","Miscellaneous"
2014-10-28,"Adam Hoyle",1.25,"misc. project coordination and client emails.",,,"Linkwell Health","Miscellaneous"
2014-10-28,"Adam Hoyle",0.75,"add DM and HW notes to BC",,,"Linkwell Health","Miscellaneous"
2014-10-27,"Adam Hoyle",0.25,"move HC app comps to Linkwell server",,,"Linkwell Health","Miscellaneous"
2014-10-23,"Adam Hoyle",0.5,"weekly project status meeting",,,"Linkwell Health","Miscellaneous"
2014-10-21,"Adam Hoyle",1.25,"project coordination, client emails, update basecamp, look into NetSol account issues and email Steve, cache clears for Katie,",,,"Linkwell Health","Miscellaneous"
2014-10-20,"Adam Hoyle",0.75,"Review Acquia load reports, call w/ Steve, send Pingdom uptime report.",,,"Linkwell Health","Miscellaneous"
2014-10-15,"Adam Hoyle",2.75,"db schema diagram",,,"Linkwell Health","Miscellaneous"
2014-10-15,"Adam Hoyle",0.25,"call w/ steve",,,"Linkwell Health","Miscellaneous"
2014-10-15,"Adam Hoyle",1.25,"respond to Steve re: mandated rebuild",,,"Linkwell Health","Miscellaneous"
2014-10-14,"Adam Hoyle",0.75,"misc. project coordination and emails",,,"Linkwell Health","Miscellaneous"
2014-10-11,"Adam Hoyle",2.5,"Call w/ Steve on Saturday re:",,,"Linkwell Health","Miscellaneous"
2014-10-10,"Adam Hoyle",0.5,"process feedback on SNIPP, update basecamp",,,"Linkwell Health","Miscellaneous"
2014-10-10,"Adam Hoyle",1.0,"stock photo",,,"Linkwell Health","Miscellaneous"
2014-10-09,"Adam Hoyle",0.5,"weekly status call",,,"Linkwell Health","Miscellaneous"
2014-10-09,"Adam Hoyle",0.5,"review and send SNIPP updates",,,"Linkwell Health","Miscellaneous"
2014-10-08,"Adam Hoyle",0.5,"review feedback on Snipp page, update basecamp",,,"Linkwell Health","Miscellaneous"
2014-10-07,"Adam Hoyle",0.75,"misc. project coordination and client emails",,,"Linkwell Health","Miscellaneous"
2014-10-07,"Adam Hoyle",0.5,"call with Steve re: cookie and user data storage",,,"Linkwell Health","Miscellaneous"
2014-10-07,"Adam Hoyle",0.5,"domain ownership research",,,"Linkwell Health","Miscellaneous"
2014-10-03,"Adam Hoyle",0.75,"monitor plan sites during HW blast",,,"Linkwell Health","Miscellaneous"
2014-10-02,"Adam Hoyle",0.5,"weekly status call",,,"Linkwell Health","Miscellaneous"
2014-10-02,"Adam Hoyle",0.5,"review and send SNIPP landing page designs",,,"Linkwell Health","Miscellaneous"
2014-10-01,"Adam Hoyle",1.0,"mandated",,,"Linkwell Health","Miscellaneous"
2014-09-26,"Adam Hoyle",0.5,"misc. project coord and emails",,,"Linkwell Health","Miscellaneous"
2014-09-26,"Adam Hoyle",0.75,"review SNIPP feedback, update basecamp, review with Jay, email Steve",,,"Linkwell Health","Miscellaneous"
2014-09-25,"Adam Hoyle",2.25,"shellshock updates and communication with client, RS, and Acquia",,,"Linkwell Health","Miscellaneous"
2014-09-25,"Adam Hoyle",0.5,"weekly checkin...",,,"Linkwell Health","Miscellaneous"
2014-09-25,"Adam Hoyle",0.75,"misc. project coordination",,,"Linkwell Health","Miscellaneous"
2014-09-24,"Adam Hoyle",0.25,"Linkwell subdomain delegation for ET",,,"Linkwell Health","Miscellaneous"
2014-09-24,"Adam Hoyle",0.5,,"Create subdomain delegation for email.linkwellhealth.com for use with Exact Target (see comment)","Misc.","Linkwell Health","Miscellaneous"
2014-09-24,"Adam Hoyle",0.5,"respond to emails from Katie and Arun",,,"Linkwell Health","Miscellaneous"
2014-09-23,"Adam Hoyle",0.75,"project coordination and emails",,,"Linkwell Health","Miscellaneous"
2014-09-22,"Adam Hoyle",0.75,"misc. project coordinateion and client emails",,,"Linkwell Health","Miscellaneous"
2014-09-19,"Adam Hoyle",0.75,"misc. project coordination, emails",,,"Linkwell Health","Miscellaneous"
2014-09-18,"Adam Hoyle",0.25,"check code in HTML email with 2 coupons from Arun",,,"Linkwell Health","Miscellaneous"
2014-09-18,"Adam Hoyle",0.5,"weekly status update call",,,"Linkwell Health","Miscellaneous"
2014-09-17,"Adam Hoyle",1.5,"misc. project coordination and client emails/communication",,,"Linkwell Health","Miscellaneous"
2014-09-15,"Adam Hoyle",0.25,"finalize email with new recipe image",,,"Linkwell Health","Miscellaneous"
2014-09-11,"Adam Hoyle",0.25,"weekly status call",,,"Linkwell Health","Miscellaneous"
2014-09-11,"Adam Hoyle",1.75,"add final copy","Code email templates for BCBSLA & IBC (See comment for details)","Marketing requests","Linkwell Health","Miscellaneous"
2014-09-09,"Adam Hoyle",0.75,"review projects, email communications",,,"Linkwell Health","Miscellaneous"
2014-09-05,"Adam Hoyle",0.75,"weekly status call",,,"Linkwell Health","Miscellaneous"
2014-09-03,"Adam Hoyle",0.25,"review designs, discuss feedback with Jay","Designs for SNIPP landing page and sidebar promo block (see comment for details)","Marketing requests","Linkwell Health","Miscellaneous"
2014-09-03,"Adam Hoyle",0.25,"review designs, discuss feedback with Jay","Designs for SNIPP landing page and sidebar promo block (see comment for details)","Marketing requests","Linkwell Health","Miscellaneous"
2014-08-29,"Adam Hoyle",0.25,"move comps to linkwell server",,,"Linkwell Health","Miscellaneous"
2014-08-29,"Adam Hoyle",0.5,"look into HW content and check all placeholder URLs are published",,,"Linkwell Health","Miscellaneous"
2014-08-29,"Adam Hoyle",1.0,"review SNIPP, type up notes, update basecamp",,,"Linkwell Health","Miscellaneous"
2014-08-28,"Adam Hoyle",0.25,"quick call w/ Steve re: coupons=n and logo linking",,,"Linkwell Health","Miscellaneous"
2014-08-28,"Adam Hoyle",0.75,"review upcoming milestones, status and due-dates",,,"Linkwell Health","Miscellaneous"
2014-08-27,"Adam Hoyle",0.5,"review and send tracking pixel",,,"Linkwell Health","Miscellaneous"
2014-08-27,"Adam Hoyle",0.75,,,,"Linkwell Health","Miscellaneous"
2014-08-26,"Adam Hoyle",0.25,"move highmark web-print comps to Linkwell server",,,"Linkwell Health","Miscellaneous"
2014-08-26,"Adam Hoyle",0.5,"Call w/ Steve",,,"Linkwell Health","Miscellaneous"
2014-08-26,"Adam Hoyle",0.25,"weekly status call w/ Arun, Linkwell",,,"Linkwell Health","Miscellaneous"
2014-08-13,"Adam Hoyle",0.75,"configure custom domain for bcbsla",,,"Linkwell Health","Miscellaneous"
2014-08-12,"Adam Hoyle",0.25,"review icons and delivery to Arun",,,"Linkwell Health","Miscellaneous"
2014-08-12,"Adam Hoyle",0.25,"review updated tracking JS from Avantica",,,"Linkwell Health","Miscellaneous"
2014-08-11,"Adam Hoyle",1.5,"misc. project coordination, client emails.",,,"Linkwell Health","Miscellaneous"
2014-08-08,"Adam Hoyle",0.5,"review, finalize with Jay, send to client","Create a set of print-to-web comps for BCBS Kansas (see comment for details)","Marketing requests","Linkwell Health","Miscellaneous"
2014-08-08,"Adam Hoyle",0.5,"process misc. requests and update basecamp",,,"Linkwell Health","Miscellaneous"
2014-08-07,"Adam Hoyle",1.25,"misc. project coordination, add 1800 contacts block to prod",,,"Linkwell Health","Miscellaneous"
2014-08-07,"Adam Hoyle",0.25,"weekly conference call",,,"Linkwell Health","Miscellaneous"
2014-08-07,"Adam Hoyle",0.75,"assist Charlie Miller with audit requests",,,"Linkwell Health","Miscellaneous"
2014-08-05,"Adam Hoyle",0.5,"weekly status call",,,"Linkwell Health","Miscellaneous"
2014-08-05,"Adam Hoyle",1.0,"re-test recipe header image feature, email Linkwell",,,"Linkwell Health","Miscellaneous"
2014-08-05,"Adam Hoyle",0.5,"re-test recipe header image feature",,,"Linkwell Health","Miscellaneous"
2014-08-04,"Adam Hoyle",5.25,"misc. project cooridnation, emails and basecamp updates",,,"Linkwell Health","Miscellaneous"
2014-07-31,"Adam Hoyle",0.25,"review iOS7 linkwell-branded app and send to Linkwell",,,"Linkwell Health","Miscellaneous"
2014-07-31,"Adam Hoyle",2.0,"misc. project coordination, emails, basecamp updates",,,"Linkwell Health","Miscellaneous"
2014-07-30,"Adam Hoyle",0.75,"misc. project coorindation and emails",,,"Linkwell Health","Miscellaneous"
2014-07-30,"Adam Hoyle",1.5,"misc. project coordination and email",,,"Linkwell Health","Miscellaneous"
2014-07-29,"Adam Hoyle",0.25,"misc. project coorindation and basecamp updates, client emails",,,"Linkwell Health","Miscellaneous"
2014-07-28,"Adam Hoyle",2.0,"misc. project coordination, emails and basecamp updates",,,"Linkwell Health","Miscellaneous"
2014-07-24,"Adam Hoyle",0.5,"weekly status call",,,"Linkwell Health","Miscellaneous"
2014-07-24,"Adam Hoyle",1.5,"emails, project coordination",,,"Linkwell Health","Miscellaneous"
2014-07-23,"Adam Hoyle",1.0,"vitality app PSDs",,,"Linkwell Health","Miscellaneous"
2014-07-18,"Adam Hoyle",1.5,"move premera email images to Linkwell server and update code",,,"Linkwell Health","Miscellaneous"
2014-07-17,"Adam Hoyle",0.5,"Weekly status call",,,"Linkwell Health","Miscellaneous"
2014-07-17,"Adam Hoyle",0.75,"update SOW and MSA docs, sign, return to Steve",,,"Linkwell Health","Miscellaneous"
2014-07-17,"Adam Hoyle",0.25,"look into coupon event tracking for Katie",,,"Linkwell Health","Miscellaneous"
2014-07-16,"Adam Hoyle",0.5,"call w/ Steve",,,"Linkwell Health","Miscellaneous"
2014-07-16,"Adam Hoyle",0.25,"mutliple cache clears for Katie",,,"Linkwell Health","Miscellaneous"
2014-07-16,"Adam Hoyle",1.25,"type up notes on how to point a domain to linkwell microsite",,,"Linkwell Health","Miscellaneous"
2014-07-15,"Adam Hoyle",0.25,"cache clear for Katie and check content filtering syntax.",,,"Linkwell Health","Miscellaneous"
2014-07-15,"Adam Hoyle",0.5,"meet with John to discuss HW and VZ custom HW article",,,"Linkwell Health","Miscellaneous"
2014-07-15,"Adam Hoyle",0.5,"research and re-testing of content filtering",,,"Linkwell Health","Miscellaneous"
2014-07-15,"Adam Hoyle",0.25,"send steve notes on content filtering",,,"Linkwell Health","Miscellaneous"
2014-07-15,"Adam Hoyle",0.25,"MSA, SOW for Linkwell",,,"Linkwell Health","Miscellaneous"
2014-07-11,"Adam Hoyle",1.0,"review Premera email, post and draft email to Linkwell with notes",,,"Linkwell Health","Miscellaneous"
2014-07-10,"Adam Hoyle",0.25,"weekly status call",,,"Linkwell Health","Miscellaneous"
2014-07-09,"Adam Hoyle",2.5,"review projects and todos, prioritize",,,"Linkwell Health","Miscellaneous"
2014-07-02,"Adam Hoyle",1.0,"misc. project coordination, process emails, client communications, etc.",,,"Linkwell Health","Miscellaneous"
2014-07-02,"Adam Hoyle",1.5,"misc. project coordination",,,"Linkwell Health","Miscellaneous"
2014-07-02,"Adam Hoyle",1.25,"misc. project coordination and emails, basecamp updates, reviews",,,"Linkwell Health","Miscellaneous"
2014-06-30,"Adam Hoyle",1.5,"misc. project coordination, emails, basecamp updates.",,,"Linkwell Health","Miscellaneous"
2014-06-26,"Adam Hoyle",0.25,"updates to microsite customization guide based on feedback from steve",,,"Linkwell Health","Miscellaneous"
2014-06-26,"Adam Hoyle",0.25,"look into broken image for katie, clear cache and run cron.",,,"Linkwell Health","Miscellaneous"
2014-06-26,"Adam Hoyle",0.5,"weekly status call",,,"Linkwell Health","Miscellaneous"
2014-06-25,"Adam Hoyle",0.25,"Move IBC email comps to Linkwell server, per steve",,,"Linkwell Health","Miscellaneous"
2014-06-24,"Adam Hoyle",0.5,"cache clear for katie and run cron, test updates",,,"Linkwell Health","Miscellaneous"
2014-06-24,"Adam Hoyle",0.5,"update demo site with cigna colors per steve",,,"Linkwell Health","Miscellaneous"
2014-06-24,"Adam Hoyle",0.75,"weekly status call...",,,"Linkwell Health","Miscellaneous"
2014-06-20,"Adam Hoyle",1.0,"call w/ Arun and research VZ formnum question",,,"Linkwell Health","Miscellaneous"
2014-06-20,"Adam Hoyle",0.25,"send Charlie Miller RS invoice and provide RS account access",,,"Linkwell Health","Miscellaneous"
2014-06-20,"Adam Hoyle",0.5,"respond to arun with server setup instructions",,,"Linkwell Health","Miscellaneous"
2014-06-19,"Adam Hoyle",1.75,"assistance with phpmyadmin connection for Arun RVS for production reporting project",,,"Linkwell Health","Miscellaneous"
2014-06-18,"Adam Hoyle",1.5,"misc. project coorindation and client emails",,,"Linkwell Health","Miscellaneous"
2014-06-18,"Adam Hoyle",0.5,"respond to Steve re: custom domains and look into DNS settings",,,"Linkwell Health","Miscellaneous"
2014-06-16,"Adam Hoyle",0.5,"review Acquia security update, call w/ Steve.",,,"Linkwell Health","Miscellaneous"
2014-06-13,"Adam Hoyle",0.5,,,,"Linkwell Health","Miscellaneous"
2014-06-12,"Adam Hoyle",3.75,"project coordination, create redirects and coupon placehodlers, corp site updates, call with Linkwell for project status, etc.",,,"Linkwell Health","Miscellaneous"
2014-06-11,"Adam Hoyle",0.25,"cache clear requests, review and send email templates for IBC and BCBSLA",,,"Linkwell Health","Miscellaneous"
2014-06-11,"Adam Hoyle",1.0,"call w/ Katie and Arun to review adding News items to corp site. Misc. project coorindation and emails, basecamp updates.",,,"Linkwell Health","Miscellaneous"
2014-06-10,"Adam Hoyle",1.0,"misc. project coordination and basecamp updates",,,"Linkwell Health","Miscellaneous"
2014-06-10,"Adam Hoyle",1.25,"review upcoming milestones and deliverables, organie to-dos",,,"Linkwell Health","Miscellaneous"
2014-06-05,"Adam Hoyle",0.5,"weekly status call",,,"Linkwell Health","Miscellaneous"
2014-06-04,"Adam Hoyle",0.5,,"Provision new servers for data reporting project per Kim (see comments)","Operations","Linkwell Health","Miscellaneous"
2014-06-04,"Adam Hoyle",0.5,"misc. project coorindation, updates, emails",,,"Linkwell Health","Miscellaneous"
2014-06-03,"Adam Hoyle",0.25,"domain transfer",,,"Linkwell Health","Miscellaneous"
2014-06-03,"Adam Hoyle",0.25,"move amazon comps to LWH server",,,"Linkwell Health","Miscellaneous"
2014-05-29,"Adam Hoyle",0.25,"investigate mexican corn image issue for katie",,,"Linkwell Health","Miscellaneous"
2014-05-29,"Adam Hoyle",0.5,"respond to misc. quesitons from Steve re: LMS tech for investor deck and info sec inquiries.",,,"Linkwell Health","Miscellaneous"
2014-05-29,"Adam Hoyle",0.5,"weekly status call",,,"Linkwell Health","Miscellaneous"
2014-05-29,"Adam Hoyle",0.75,"call w/ Steve",,,"Linkwell Health","Miscellaneous"
2014-05-28,"Adam Hoyle",0.5,"domain transfer for Humana2014.com",,,"Linkwell Health","Miscellaneous"
2014-05-27,"Adam Hoyle",1.5,"process email, update basecamp",,,"Linkwell Health","Miscellaneous"
2014-05-27,"Adam Hoyle",1.0,"Process email and update basecamo",,,"Linkwell Health","Miscellaneous"
2014-05-22,"Adam Hoyle",0.75,"weekly call",,,"Linkwell Health","Miscellaneous"
2014-05-22,"Adam Hoyle",3.5,"misc. client communications, email, basecamp updates",,,"Linkwell Health","Miscellaneous"
2014-05-22,"Adam Hoyle",0.75,"misc. client communications, email, basecamp updates",,,"Linkwell Health","Miscellaneous"
2014-05-20,"Adam Hoyle",1.0,"review projects, todos, update basecamp, misc. email comm.",,,"Linkwell Health","Miscellaneous"
2014-05-19,"Adam Hoyle",0.75,"misc. project coordination, basecamp updates, client emails.",,,"Linkwell Health","Miscellaneous"
2014-05-16,"Adam Hoyle",0.5,"weekly status calls",,,"Linkwell Health","Miscellaneous"
2014-05-15,"Adam Hoyle",0.25,"modify play store button high res to match app store",,,"Linkwell Health","Miscellaneous"
2014-05-15,"Adam Hoyle",0.25,"setup user account for Katie on Linkwell corp site.",,,"Linkwell Health","Miscellaneous"
2014-05-15,"Adam Hoyle",0.25,"grab high res Google Play and App Store buttons for Arun",,,"Linkwell Health","Miscellaneous"
2014-05-14,"Adam Hoyle",1.75,"review schedules for next HW and DM and update basecam",,,"Linkwell Health","Miscellaneous"
2014-05-14,"Adam Hoyle",1.75,"process email, update basecamp, call w/ Arun",,,"Linkwell Health","Miscellaneous"
2014-05-13,"Adam Hoyle",0.75,"renew HC.com SSL",,,"Linkwell Health","Miscellaneous"
2014-05-13,"Adam Hoyle",0.25,"check RS billing",,,"Linkwell Health","Miscellaneous"
2014-05-09,"Adam Hoyle",1.5,"weekly status call",,,"Linkwell Health","Miscellaneous"
2014-05-08,"Adam Hoyle",0.754,"project coordination and client emails",,,"Linkwell Health","Miscellaneous"
2014-05-08,"Adam Hoyle",0.5,"create contact sheet for new images",,,"Linkwell Health","Miscellaneous"
2014-05-07,"Adam Hoyle",1.0,"project coordination and emails",,,"Linkwell Health","Miscellaneous"
2014-05-06,"Adam Hoyle",0.5,"misc. project coordination and emails",,,"Linkwell Health","Miscellaneous"
2014-05-05,"Adam Hoyle",0.25,"call w/ steve",,,"Linkwell Health","Miscellaneous"
2014-05-05,"Adam Hoyle",0.25,"misc. project coordination, emails, BC updates",,,"Linkwell Health","Miscellaneous"
2014-05-05,"Adam Hoyle",1.5,"misc. project coordination, emails, BC updates",,,"Linkwell Health","Miscellaneous"
2014-05-05,"Adam Hoyle",0.5,"misc. project coordination, emails, BC updates",,,"Linkwell Health","Miscellaneous"
2014-05-01,"Adam Hoyle",0.75,"misc. project coordination",,,"Linkwell Health","Miscellaneous"
2014-05-01,"Adam Hoyle",0.5,"weekly status call",,,"Linkwell Health","Miscellaneous"
2014-05-01,"Adam Hoyle",0.75,"updates","Create email, landing page, article comps for Tufts Well! magazine (see comment for details)","Marketing requests","Linkwell Health","Miscellaneous"
2014-05-01,"Adam Hoyle",0.5,"call w/ Steve",,,"Linkwell Health","Miscellaneous"
2014-05-01,"Adam Hoyle",1.0,"create email","Create email, landing page, article comps for Tufts Well! magazine (see comment for details)","Marketing requests","Linkwell Health","Miscellaneous"
2014-04-30,"Adam Hoyle",2.0,"tufts Well! landing page, email, article comps","Create email, landing page, article comps for Tufts Well! magazine (see comment for details)","Marketing requests","Linkwell Health","Miscellaneous"
2014-04-30,"Adam Hoyle",0.5,"tufts Well! landing page, email, article comps",,,"Linkwell Health","Miscellaneous"
2014-04-29,"Adam Hoyle",0.75,"process todos, update basecamp",,,"Linkwell Health","Miscellaneous"
2014-04-28,"Adam Hoyle",1.0,"process email, respond to Katie at Acquia re: expected traffic spike.",,,"Linkwell Health","Miscellaneous"
2014-04-25,"Adam Hoyle",0.25,,,,"Linkwell Health","Miscellaneous"
2014-04-24,"Adam Hoyle",0.75,"weekly status call",,,"Linkwell Health","Miscellaneous"
2014-04-24,"Adam Hoyle",0.25,"process email, update basecamp, review projects and status",,,"Linkwell Health","Miscellaneous"
2014-04-24,"Adam Hoyle",1.0,"catchup on emails, review basecamp, todos and prioritizing",,,"Linkwell Health","Miscellaneous"
2014-04-16,"Adam Hoyle",0.5,"verfiy and confirm resize",,,"Linkwell Health","Miscellaneous"
2014-04-16,"Adam Hoyle",1.0,"downsize Rackspace servers",,,"Linkwell Health","Miscellaneous"
2014-04-16,"Adam Hoyle",0.75,"weekly status call",,,"Linkwell Health","Miscellaneous"
2014-04-16,"Adam Hoyle",0.25,"fix banner images",,,"Linkwell Health","Miscellaneous"
2014-04-15,"Adam Hoyle",0.25,"Remove Humana, create 301",,,"Linkwell Health","Miscellaneous"
2014-04-15,"Adam Hoyle",0.5,"investigate coupons=n per Kim",,,"Linkwell Health","Miscellaneous"
2014-04-14,"Adam Hoyle",0.75,"project coordination and emails",,,"Linkwell Health","Miscellaneous"
2014-04-14,"Adam Hoyle",0.5,"project coordination and emails",,,"Linkwell Health","Miscellaneous"
2014-04-11,"Adam Hoyle",0.25,"emails",,,"Linkwell Health","Miscellaneous"
2014-04-10,"Adam Hoyle",0.5,"weekly status call",,,"Linkwell Health","Miscellaneous"
2014-04-10,"Adam Hoyle",0.25,"prep updated task list for Arun",,,"Linkwell Health","Miscellaneous"
2014-04-10,"Adam Hoyle",0.25,"investigate microsite article internlinking (""infer the microsite invoked"")",,,"Linkwell Health","Miscellaneous"
2014-04-09,"Adam Hoyle",1.0,"rekey and reinstall SSL",,,"Linkwell Health","Miscellaneous"
2014-04-09,"Adam Hoyle",0.25,"email and project coordination",,,"Linkwell Health","Miscellaneous"
2014-04-09,"Adam Hoyle",0.75,"review DM Q3 schedule, update basecamp",,,"Linkwell Health","Miscellaneous"
2014-04-07,"Adam Hoyle",0.25,"call w/ Katie",,,"Linkwell Health","Miscellaneous"
2014-04-07,"Adam Hoyle",1.0,"misc. emails and project coordination",,,"Linkwell Health","Miscellaneous"
2014-04-04,"Adam Hoyle",0.25,"misc. project coordination and email",,,"Linkwell Health","Miscellaneous"
2014-04-03,"Adam Hoyle",1.25,"misc. project coordination, basecamp updates",,,"Linkwell Health","Miscellaneous"
2014-04-03,"Adam Hoyle",2.0,"meeting with Sean, Arun, Katie, Steve",,,"Linkwell Health","Miscellaneous"
2014-04-02,"Adam Hoyle",1.5,"meeting with Steve",,,"Linkwell Health","Miscellaneous"
2014-04-02,"Adam Hoyle",0.75,"misc. project coordination, organization, prioritization, etc.",,,"Linkwell Health","Miscellaneous"
2014-04-01,"Adam Hoyle",1.0,,"Create an email index linking to demo-plus (see notes)","Marketing requests","Linkwell Health","Miscellaneous"
2014-04-01,"Adam Hoyle",0.25,"review and organize todos",,,"Linkwell Health","Miscellaneous"
2014-03-31,"Adam Hoyle",0.25,"email re: content freeze, coorindation for cutover",,,"Linkwell Health","Miscellaneous"
2014-03-28,"Adam Hoyle",1.0,"weekly status, checkin call",,,"Linkwell Health","Miscellaneous"
2014-03-28,"Adam Hoyle",0.25,"misc. coordination, emails and basecamp updates",,,"Linkwell Health","Miscellaneous"
2014-03-27,"Adam Hoyle",0.75,"project coordination and emails",,,"Linkwell Health","Miscellaneous"
2014-03-26,"Adam Hoyle",1.0,"review DM, HW, SG schedules, update basecamp",,,"Linkwell Health","Miscellaneous"
2014-03-26,"Adam Hoyle",0.75,"call w/ Steve",,,"Linkwell Health","Miscellaneous"
2014-03-25,"Adam Hoyle",0.5,"respond to Kim re: load and cache testing on acquia prod",,,"Linkwell Health","Miscellaneous"
2014-03-25,"Adam Hoyle",0.25,"review and send vanity URLs",,,"Linkwell Health","Miscellaneous"
2014-03-25,"Adam Hoyle",0.25,"discuss DM content entry with Kyle",,,"Linkwell Health","Miscellaneous"
2014-03-24,"Adam Hoyle",0.25,"call w/ Steve",,,"Linkwell Health","Miscellaneous"
2014-03-24,"Adam Hoyle",0.5,,,,"Linkwell Health","Miscellaneous"
2014-03-24,"Adam Hoyle",1.0,"Misc. project coordination, call w/ Kim re: Acquia block bug and cron run, process emails, update basecamp",,,"Linkwell Health","Miscellaneous"
2014-03-20,"Adam Hoyle",0.5,"review shopping list comps",,,"Linkwell Health","Miscellaneous"
2014-03-20,"Adam Hoyle",0.75,"weekly status call",,,"Linkwell Health","Miscellaneous"
2014-03-20,"Adam Hoyle",0.5,"create to-do list for Arun",,,"Linkwell Health","Miscellaneous"
2014-03-19,"Adam Hoyle",0.5,"test printing on prod acquia",,,"Linkwell Health","Miscellaneous"
2014-03-19,"Adam Hoyle",0.5,"organize todos, email client",,,"Linkwell Health","Miscellaneous"
2014-03-19,"Adam Hoyle",0.5,"call w/ Steve re: caching and general catchup",,,"Linkwell Health","Miscellaneous"
2014-03-18,"Adam Hoyle",2.5,"coordination w/ John re: printing, emails to Katie re: printing, emails to Kim re: block cache, etc.",,,"Linkwell Health","Miscellaneous"
2014-03-18,"Adam Hoyle",1.25,"discuss shopping list comps with Steve and Arun",,,"Linkwell Health","Miscellaneous"
2014-03-18,"Adam Hoyle",0.5,"call w/ Steve re: caching",,,"Linkwell Health","Miscellaneous"
2014-03-14,"Adam Hoyle",0.25,"linkwell MSA",,,"Linkwell Health","Miscellaneous"
2014-03-14,"Adam Hoyle",0.25,"send KJ info for domain pointing",,,"Linkwell Health","Miscellaneous"
2014-03-14,"Adam Hoyle",0.25,"send high res PNG logo and EPS to Fallon",,,"Linkwell Health","Miscellaneous"
2014-03-14,"Adam Hoyle",0.25,"reivew and send","Create promo graphics for BCBSGA Mobile App (see comment for details)","Marketing requests","Linkwell Health","Miscellaneous"
2014-03-14,"Adam Hoyle",0.5,"Review 404 pages and genberic site homepage",,,"Linkwell Health","Miscellaneous"
2014-03-13,"Adam Hoyle",0.5,"respond to Katie about google analytics question",,,"Linkwell Health","Miscellaneous"
2014-03-13,"Adam Hoyle",0.25,"weekly status call with Arun and Katie",,,"Linkwell Health","Miscellaneous"
2014-03-13,"Adam Hoyle",1.0,"review and prioritize todos",,,"Linkwell Health","Miscellaneous"
2014-03-12,"Adam Hoyle",0.25,"troubleshoot avantica code for Katie",,,"Linkwell Health","Miscellaneous"
2014-03-12,"Adam Hoyle",1.5,"create todo lists for HW, Mandated, save and send todos to Arun",,,"Linkwell Health","Miscellaneous"
2014-03-12,"Adam Hoyle",0.25,"BCBSGA promo banners",,,"Linkwell Health","Miscellaneous"
2014-03-12,"Adam Hoyle",0.5,"check avantica scripts",,,"Linkwell Health","Miscellaneous"
2014-03-11,"Adam Hoyle",0.5,"review and process feedback from arun, update basecamp","Create promo graphics for BCBSGA Mobile App (see comment for details)","Marketing requests","Linkwell Health","Miscellaneous"
2014-03-11,"Adam Hoyle",0.5,"Updated super saver comps for CoOportunity Health",,,"Linkwell Health","Miscellaneous"
2014-03-11,"Adam Hoyle",0.25,"organize and brainstorm with Kyle","Create promo graphics for BCBSGA Mobile App (see comment for details)","Marketing requests","Linkwell Health","Miscellaneous"
2014-03-10,"Adam Hoyle",0.5,"review and process feedback for BCBSGA comps and update basecamp",,,"Linkwell Health","Miscellaneous"
2014-03-10,"Adam Hoyle",0.5,"fix broke image on email archive template",,,"Linkwell Health","Miscellaneous"
2014-03-10,"Adam Hoyle",0.5,"review linkwell HW schedule",,,"Linkwell Health","Miscellaneous"
2014-03-10,"Adam Hoyle",0.25,"review shopping list comps",,,"Linkwell Health","Miscellaneous"
2014-03-10,"Adam Hoyle",0.25,"discuss with kyle BCBSM email promo",,,"Linkwell Health","Miscellaneous"
2014-03-10,"Adam Hoyle",0.25,"update celticare color per Arun",,,"Linkwell Health","Miscellaneous"
2014-03-10,"Adam Hoyle",0.25,"update secondary colors for NH and Celticare, per Arun",,,"Linkwell Health","Miscellaneous"
2014-03-09,"Adam Hoyle",2.0,"THIRD-PARTY COST FOR LOAD TEST CREDITS",,,"Linkwell Health","Miscellaneous"
2014-03-09,"Adam Hoyle",0.25,"hide 1800 contacts promo block",,,"Linkwell Health","Miscellaneous"
2014-03-07,"Adam Hoyle",2.0,,"Create index page for plan site program emails (see comment)","Marketing requests","Linkwell Health","Miscellaneous"
2014-03-06,"Adam Hoyle",0.75,"weekly status call",,,"Linkwell Health","Miscellaneous"
2014-03-05,"Adam Hoyle",0.25,"review misc. todos on plan sites with john,",,,"Linkwell Health","Miscellaneous"
2014-03-05,"Adam Hoyle",0.25,"respond to Arun",,,"Linkwell Health","Miscellaneous"
2014-03-05,"Adam Hoyle",0.25,"discuss and prioritize todos with john",,,"Linkwell Health","Miscellaneous"
2014-03-04,"Adam Hoyle",0.5,"to-dos to Arun",,,"Linkwell Health","Miscellaneous"
2014-03-03,"Adam Hoyle",0.25,"Add secondary color for Celticare",,,"Linkwell Health","Miscellaneous"
2014-03-03,"Adam Hoyle",0.5,"Discuss SaaS planning",,,"Linkwell Health","Miscellaneous"
2014-02-28,"Adam Hoyle",1.0,"weekly status call",,,"Linkwell Health","Miscellaneous"
2014-02-27,"Adam Hoyle",0.25,"add Mnika to FTP notifications",,,"Linkwell Health","Miscellaneous"
2014-02-26,"Adam Hoyle",0.5,"create 1800 contacts block on dev",,,"Linkwell Health","Miscellaneous"
2014-02-26,"Adam Hoyle",0.25,"respond to Katie re: analytics scripts",,,"Linkwell Health","Miscellaneous"
2014-02-26,"Adam Hoyle",0.25,"1800 contacts offer comps to steve",,,"Linkwell Health","Miscellaneous"
2014-02-26,"Adam Hoyle",0.5,"call w/ steve re: acquia",,,"Linkwell Health","Miscellaneous"
2014-02-25,"Adam Hoyle",0.25,"analytics quesiton from Katie",,,"Linkwell Health","Miscellaneous"
2014-02-25,"Adam Hoyle",0.5,"call w/ Steve and Arun re: Sas next steps",,,"Linkwell Health","Miscellaneous"
2014-02-24,"Adam Hoyle",0.75,"add notes for new projects",,,"Linkwell Health","Miscellaneous"
2014-02-24,"Adam Hoyle",0.5,"Linkwell MSA",,,"Linkwell Health","Miscellaneous"
2014-02-24,"Adam Hoyle",0.25,"Linkwell MSA",,,"Linkwell Health","Miscellaneous"
2014-02-24,"Adam Hoyle",0.25,"troubleshoot featured offer for Cambell's per Katie",,,"Linkwell Health","Miscellaneous"
2014-02-21,"Adam Hoyle",1.25,"call/meeting w/ Steve and Sean",,,"Linkwell Health","Miscellaneous"
2014-02-20,"Adam Hoyle",0.5,"QA and troubleshoot featured coupons",,,"Linkwell Health","Miscellaneous"
2014-02-20,"Adam Hoyle",0.5,"project coordination for secondary accent colors and featured coupons",,,"Linkwell Health","Miscellaneous"
2014-02-20,"Adam Hoyle",1.25,"weekly status call",,,"Linkwell Health","Miscellaneous"
2014-02-19,"Adam Hoyle",1.0,"review all Linkwell to-do, save lists as PDFs, send to Arun",,,"Linkwell Health","Miscellaneous"
2014-02-19,"Adam Hoyle",1.0,"basecamp updates",,,"Linkwell Health","Miscellaneous"
2014-02-19,"Adam Hoyle",1.25,"Coordinate DM dates and project details with Kim, update basecamp",,,"Linkwell Health","Miscellaneous"
2014-02-14,"Adam Hoyle",1.25,"local setup",,,"Linkwell Health","Miscellaneous"
2014-02-14,"Adam Hoyle",0.5,"call w/ steve",,,"Linkwell Health","Miscellaneous"
2014-02-13,"Adam Hoyle",0.75,"local RS setup",,,"Linkwell Health","Miscellaneous"
2014-02-13,"Adam Hoyle",2.25,"prioritize and review todos for linkwell, add and update basecamp",,,"Linkwell Health","Miscellaneous"
2014-02-13,"Adam Hoyle",0.5,"weekly status call with Arun, Steve, Katie",,,"Linkwell Health","Miscellaneous"
2014-02-12,"Adam Hoyle",0.5,"email Tayla re: CNAME and DNS records, review and email steve re: amazon store categories",,,"Linkwell Health","Miscellaneous"
2014-02-12,"Adam Hoyle",0.5,"review server specs from Acquia and respond with recommendations",,,"Linkwell Health","Miscellaneous"
2014-02-11,"Adam Hoyle",0.25,"deploy avantica scripts",,,"Linkwell Health","Miscellaneous"
2014-02-11,"Adam Hoyle",0.5,"get RS version of the site running",,,"Linkwell Health","Miscellaneous"
2014-02-11,"Adam Hoyle",0.5,"fix expired coupon issue on plan site emails, call Arun to discuss",,,"Linkwell Health","Miscellaneous"
2014-02-11,"Adam Hoyle",0.5,"status call re: Acquia migration",,,"Linkwell Health","Miscellaneous"
2014-02-11,"Adam Hoyle",0.5,"update video player code on iPad page",,,"Linkwell Health","Miscellaneous"
2014-02-10,"Adam Hoyle",0.5,"fix Mandated issue for Steve",,,"Linkwell Health","Miscellaneous"
2014-02-07,"Adam Hoyle",2.25,"linkwell support for old landing pages, emails and links broken",,,"Linkwell Health","Miscellaneous"
2014-02-07,"Adam Hoyle",0.75,"review linkwell contracts",,,"Linkwell Health","Miscellaneous"
2014-02-06,"Adam Hoyle",0.25,"independence comps",,,"Linkwell Health","Miscellaneous"
2014-02-05,"Adam Hoyle",0.5,"acquia migration",,,"Linkwell Health","Miscellaneous"
2014-02-05,"Adam Hoyle",2.0,"linkwell acquia",,,"Linkwell Health","Miscellaneous"
2014-02-05,"Adam Hoyle",0.75,"check Linkwell link validation",,,"Linkwell Health","Miscellaneous"
2014-02-04,"Adam Hoyle",1.0,"review acquia questions with balsam",,,"Linkwell Health","Miscellaneous"
2014-02-04,"Adam Hoyle",1.5,"process notes and add to basecamp, discuss with Jay",,,"Linkwell Health","Miscellaneous"
2014-02-04,"Adam Hoyle",0.25,"call with steve for independent healthcare comps for Indepencence BCBS",,,"Linkwell Health","Miscellaneous"
2014-02-04,"Adam Hoyle",0.25,"acquia local setup",,,"Linkwell Health","Miscellaneous"
2014-02-04,"Adam Hoyle",0.5,"pull files directory",,,"Linkwell Health","Miscellaneous"
2014-02-03,"Adam Hoyle",1.75,"read acquia documentation, get local instance of sites running",,,"Linkwell Health","Miscellaneous"
2014-02-03,"Adam Hoyle",0.75,"acquia training and LMS training",,,"Linkwell Health","Miscellaneous"
2014-01-31,"Adam Hoyle",1.0,"meet with Sean",,,"Linkwell Health","Miscellaneous"
2014-01-31,"Adam Hoyle",1.25,"print and prep for meeting with sean",,,"Linkwell Health","Miscellaneous"
2014-01-31,"Adam Hoyle",0.25,"call w/ Steve re; Humana mobile comps",,,"Linkwell Health","Miscellaneous"
2014-01-31,"Adam Hoyle",0.25,"mailchimp support for Katie",,,"Linkwell Health","Miscellaneous"
2014-01-30,"Adam Hoyle",0.25,"create new user for veronica, call w/ Steve and Katie",,,"Linkwell Health","Miscellaneous"
2014-01-30,"Adam Hoyle",0.5,"documentation",,,"Linkwell Health","Miscellaneous"
2014-01-29,"Adam Hoyle",0.75,"transfer Assembla account ownership",,,"Linkwell Health","Miscellaneous"
2014-01-29,"Adam Hoyle",0.5,"update wiki",,,"Linkwell Health","Miscellaneous"
2014-01-29,"Adam Hoyle",0.25,"update wiki",,,"Linkwell Health","Miscellaneous"
2014-01-28,"Adam Hoyle",0.25,"process notes on Humana app updates and print/redemption process",,,"Linkwell Health","Miscellaneous"
2014-01-27,"Adam Hoyle",1.25,"QA deployment of release 1",,,"Linkwell Health","Miscellaneous"
2014-01-24,"Adam Hoyle",1.75,"purchase SSL for LWH.com, fix Upgrade Your Walk, move all images",,,"Linkwell Health","Miscellaneous"
2014-01-23,"Adam Hoyle",0.75,"QA",,,"Linkwell Health","Miscellaneous"
2014-01-23,"Adam Hoyle",2.0,"project coordination, emails, QA feeds, email API",,,"Linkwell Health","Miscellaneous"
2014-01-23,"Adam Hoyle",0.5,"weekly status call",,,"Linkwell Health","Miscellaneous"
2014-01-23,"Adam Hoyle",0.25,"emails with Kim re: hosts file confusion",,,"Linkwell Health","Miscellaneous"
2014-01-23,"Adam Hoyle",0.5,"Misc. project coordination and client emails",,,"Linkwell Health","Miscellaneous"
2014-01-22,"Adam Hoyle",0.5,"setup Acquia SSH keys, test SSH, review Acquia tickets.",,,"Linkwell Health","Miscellaneous"
2014-01-22,"Adam Hoyle",1.5,"misc. project cooridnation and emails",,,"Linkwell Health","Miscellaneous"
2014-01-21,"Adam Hoyle",0.25,"call w/ Steve, Katie, Arun re: Avantica integation",,,"Linkwell Health","Miscellaneous"
2014-01-21,"Adam Hoyle",0.5,"analytics question from Katie, add site to Google Webmaster interface, verify via DNS entry and file upload. Confirm accounts are linked.",,,"Linkwell Health","Miscellaneous"
2014-01-21,"Adam Hoyle",0.25,"Acquia status call",,,"Linkwell Health","Miscellaneous"
2014-01-17,"Adam Hoyle",0.5,"call w/ Aaron at Amazon re: on-demand gift codes",,,"Linkwell Health","Miscellaneous"
2014-01-16,"Adam Hoyle",0.5,"project status call",,,"Linkwell Health","Miscellaneous"
2014-01-16,"Adam Hoyle",0.25,"call w/ Amazon re: on-demand gift codes",,,"Linkwell Health","Miscellaneous"
2014-01-16,"Adam Hoyle",1.75,"client emails and misc. project coordination",,,"Linkwell Health","Miscellaneous"
2014-01-15,"Adam Hoyle",0.25,"Update GoDaddy contacts so Jeff Zammet isn't the account contact",,,"Linkwell Health","Miscellaneous"
2014-01-15,"Adam Hoyle",0.5,"checking/status call w/ Steve, Kim, Katie, Arun",,,"Linkwell Health","Miscellaneous"
2014-01-14,"Adam Hoyle",1.0,"Call w/ Arun re: GS, call w/ Kim re: Acquia",,,"Linkwell Health","Miscellaneous"
2014-01-13,"Adam Hoyle",0.25,"dig up SSL cert from Godaddy, send to Balsam",,,"Linkwell Health","Miscellaneous"
2014-01-13,"Adam Hoyle",0.5,"client email and project coordination",,,"Linkwell Health","Miscellaneous"
2014-01-10,"Adam Hoyle",1.25,"status call w/ Arun, Katie, Steve. Followup call w/ Steve to discuss Humana app, discuss feedback with Jay",,,"Linkwell Health","Miscellaneous"
2014-01-09,"Adam Hoyle",2.25,"Misc. project coordination and client emails",,,"Linkwell Health","Miscellaneous"
2014-01-09,"Adam Hoyle",0.25,"process notes and update BC and Assembla with new CLIP docs to address devideID ERROR",,,"Linkwell Health","Miscellaneous"
2014-01-08,"Adam Hoyle",1.0,"review Humana super saver updates with Jay",,,"Linkwell Health","Miscellaneous"
2014-01-08,"Adam Hoyle",0.5,"call with Advantica",,,"Linkwell Health","Miscellaneous"
2014-01-08,"Adam Hoyle",0.5,"call with Aquia",,,"Linkwell Health","Miscellaneous"
2014-01-07,"Adam Hoyle",0.25,"call w/ Steve",,,"Linkwell Health","Miscellaneous"
2014-01-06,"Adam Hoyle",0.5,"gather and resend design links for Linkwell Release 2 features",,,"Linkwell Health","Miscellaneous"
2014-01-02,"Adam Hoyle",0.5,"weekly status call with Arun and Katie",,,"Linkwell Health","Miscellaneous"
2013-12-27,"Adam Hoyle",0.5,"crop, save, re-upload humana images",,,"Linkwell Health","Miscellaneous"
2013-12-26,"Adam Hoyle",3.0,"client communication w/ Arun re: Humana",,,"Linkwell Health","Miscellaneous"
2013-12-23,"Adam Hoyle",0.5,"release 1 status update email to Arun",,,"Linkwell Health","Miscellaneous"
2013-12-23,"Adam Hoyle",1.0,"add Humana content",,,"Linkwell Health","Miscellaneous"
2013-12-23,"Adam Hoyle",0.5,"call w/ Avantic",,,"Linkwell Health","Miscellaneous"
2013-12-23,"Adam Hoyle",0.75,"Humana landing page notes, updates and coordination",,,"Linkwell Health","Miscellaneous"
2013-12-23,"Adam Hoyle",0.75,"process email notes, add to basecamp, coordinate updates, client emails...",,,"Linkwell Health","Miscellaneous"
2013-12-21,"Adam Hoyle",1.0,"Updates to UYW landing page, pdf, timer",,,"Linkwell Health","Miscellaneous"
2013-12-20,"Adam Hoyle",0.25,"copy edits to UYW",,,"Linkwell Health","Miscellaneous"
2013-12-20,"Adam Hoyle",0.5,"misc. project coordination and client emails",,,"Linkwell Health","Miscellaneous"
2013-12-20,"Adam Hoyle",0.5,"fix broken image on UYW",,,"Linkwell Health","Miscellaneous"
2013-12-20,"Adam Hoyle",1.0,"project coordination, client emails",,,"Linkwell Health","Miscellaneous"
2013-12-19,"Adam Hoyle",1.0,"add remaining items to Linkwell amazon store",,,"Linkwell Health","Miscellaneous"
2013-12-19,"Adam Hoyle",0.75,"call w/ Steve",,,"Linkwell Health","Miscellaneous"
2013-12-18,"Adam Hoyle",0.25,"review humana2014 notes from Arun",,,"Linkwell Health","Miscellaneous"
2013-12-18,"Adam Hoyle",0.25,"move NH Healthy Families site to prod",,,"Linkwell Health","Miscellaneous"
2013-12-17,"Adam Hoyle",1.5,"review Arun's requests for Humana, call Arun re: humana",,,"Linkwell Health","Miscellaneous"
2013-12-13,"Adam Hoyle",0.5,"color changes for NHHF",,,"Linkwell Health","Miscellaneous"
2013-12-13,"Adam Hoyle",0.5,"humana domain registrtaion and emails to Linkwell regarding the custom domain approach",,,"Linkwell Health","Miscellaneous"
2013-12-13,"Adam Hoyle",0.5,"update BCBS app landing page with itunes link, test app, misc. client emails re: humana MLR",,,"Linkwell Health","Miscellaneous"
2013-12-12,"Adam Hoyle",0.5,"weekly status call w/ Arun, Steve, Katie",,,"Linkwell Health","Miscellaneous"
2013-12-12,"Adam Hoyle",1.0,"weekly status call w/ Arun, Steve, Katie",,,"Linkwell Health","Miscellaneous"
2013-12-12,"Adam Hoyle",0.5,"project coordination, update basecamp, client emails",,,"Linkwell Health","Miscellaneous"
2013-12-12,"Adam Hoyle",0.25,"project coordination, update basecamp, client emails",,,"Linkwell Health","Miscellaneous"
2013-12-11,"Adam Hoyle",0.5,"misc. project coordination and client emails",,,"Linkwell Health","Miscellaneous"
2013-12-10,"Adam Hoyle",0.75,"testing for Upgrade Your Walk timer",,,"Linkwell Health","Miscellaneous"
2013-12-10,"Adam Hoyle",1.5,"misc. project coordination and emails",,,"Linkwell Health","Miscellaneous"
2013-12-10,"Adam Hoyle",0.5,"setup Arun on BC, respond re: weekly calls and send links to misc. comps that were requested.",,,"Linkwell Health","Miscellaneous"
2013-12-09,"Adam Hoyle",0.75,"misc. project coordination and client emails",,,"Linkwell Health","Miscellaneous"
2013-12-06,"Adam Hoyle",1.0,"call w/ Arun and Steve",,,"Linkwell Health","Miscellaneous"
2013-12-06,"Adam Hoyle",0.5,"call w/ Steve",,,"Linkwell Health","Miscellaneous"
2013-12-06,"Adam Hoyle",1.0,"misc. project coordination - upgrade your walk, BCBSGA landing page, Amazon Store",,,"Linkwell Health","Miscellaneous"
2013-12-05,"Adam Hoyle",2.0,"misc project coordination and client emails",,,"Linkwell Health","Miscellaneous"
2013-12-04,"Adam Hoyle",2.75,"misc. project coordination, client emails, prep for amazon store meeting",,,"Linkwell Health","Miscellaneous"
2013-12-04,"Adam Hoyle",1.0,"misc. project coordination, client emails, prep for amazon store meeting",,,"Linkwell Health","Miscellaneous"
2013-12-03,"Adam Hoyle",1.75,"project coordination and client emails",,,"Linkwell Health","Miscellaneous"
2013-12-02,"Adam Hoyle",1.5,"project coordination, emails, followups",,,"Linkwell Health","Miscellaneous"
2013-11-25,"Adam Hoyle",0.25,"misc. project coordination, emails to client",,,"Linkwell Health","Miscellaneous"
2013-11-22,"Adam Hoyle",0.25,"review MLR comps and contextual coupon content and send to Steve",,,"Linkwell Health","Miscellaneous"
2013-11-21,"Adam Hoyle",0.75,"call w/ Steve re: plan 2.0 phase 2 priorities",,,"Linkwell Health","Miscellaneous"
2013-11-21,"Adam Hoyle",0.5,"organize plan site priority notes and send to Steve",,,"Linkwell Health","Miscellaneous"
2013-11-21,"Adam Hoyle",0.25,"acquia questions...",,,"Linkwell Health","Miscellaneous"
2013-11-20,"Adam Hoyle",0.25,"discuss Upgrade Your Walk with Kyle",,,"Linkwell Health","Miscellaneous"
2013-11-20,"Adam Hoyle",2.0,,"Create mobile comps for Independent Health and Tops Grocer","Marketing requests","Linkwell Health","Miscellaneous"
2013-11-20,"Adam Hoyle",0.5,"find send Steve documentation on link validation",,,"Linkwell Health","Miscellaneous"
2013-11-19,"Adam Hoyle",0.5,"organize notes for plan site phase 2 and email balsam",,,"Linkwell Health","Miscellaneous"
2013-11-19,"Adam Hoyle",0.75,"updates to comps and clickthroughs for digital presentation clickthrough and other comp requests from steve",,,"Linkwell Health","Miscellaneous"
2013-11-19,"Adam Hoyle",0.5,"update BCBSGA microsite fonts and colors",,,"Linkwell Health","Miscellaneous"
2013-11-18,"Adam Hoyle",2.25,"type notes on linkwell phase 2",,,"Linkwell Health","Miscellaneous"
2013-11-18,"Adam Hoyle",0.5,"create support page for BCBSGA",,,"Linkwell Health","Miscellaneous"
2013-11-18,"Adam Hoyle",0.25,"check RS credit card info and update accordinly.",,,"Linkwell Health","Miscellaneous"
2013-11-18,"Adam Hoyle",0.5,"prioritize notes from call with Steve for Phase 2, discuss MLR with Kyle",,,"Linkwell Health","Miscellaneous"
2013-11-18,"Adam Hoyle",0.5,"create 200x200 icon, clarify request for updated screens, add to BC",,,"Linkwell Health","Miscellaneous"
2013-11-15,"Adam Hoyle",0.25,,"Create design load to card comps for Anthem BCBS & Safeway (app and website)","Marketing requests","Linkwell Health","Miscellaneous"
2013-11-14,"Adam Hoyle",2.25,"Review Phase 2 plan site features, prep for call w/ Steve. call w/ steve",,,"Linkwell Health","Miscellaneous"
2013-11-14,"Adam Hoyle",0.5,"separate images for Katie","Create responsive comps showing the new site (see comment)","Marketing requests","Linkwell Health","Miscellaneous"
2013-11-14,"Adam Hoyle",0.25,"followup with Katie and delete custom view for recipe list",,,"Linkwell Health","Miscellaneous"
2013-11-13,"Adam Hoyle",0.75,"Neustar DNS cut-over",,,"Linkwell Health","Miscellaneous"
2013-11-13,"Adam Hoyle",1.25,"DNS move, call support",,,"Linkwell Health","Miscellaneous"
2013-11-13,"Adam Hoyle",0.5,"create LMS view to pull recipe content for Katie",,,"Linkwell Health","Miscellaneous"
2013-11-13,"Adam Hoyle",1.5,,,,"Linkwell Health","Miscellaneous"
2013-11-12,"Adam Hoyle",0.5,"create DNS records on Neustar",,,"Linkwell Health","Miscellaneous"
2013-11-12,"Adam Hoyle",0.75,"updates to safeway",,,"Linkwell Health","Miscellaneous"
2013-11-12,"Adam Hoyle",1.0,"updates to Smart Summary",,,"Linkwell Health","Miscellaneous"
2013-11-12,"Adam Hoyle",1.0,"call w/ Acquia",,,"Linkwell Health","Miscellaneous"
2013-11-12,"Adam Hoyle",1.75,"updates to Safeway comps",,,"Linkwell Health","Miscellaneous"
2013-11-12,"Adam Hoyle",0.25,"call w/ Steve",,,"Linkwell Health","Miscellaneous"
2013-11-08,"Adam Hoyle",0.5,"create and post clickthrough of Safeway/Anthem load to card integration comps",,,"Linkwell Health","Miscellaneous"
2013-11-07,"Adam Hoyle",1.75,,"Create design load to card comps for Anthem BCBS & Safeway (app and website)","Marketing requests","Linkwell Health","Miscellaneous"
2013-11-07,"Adam Hoyle",1.0,,"Create a set of SuperSaver comps (and PSDs) for Kroger/BCBSGA","Marketing requests","Linkwell Health","Miscellaneous"
2013-11-07,"Adam Hoyle",1.0,"email communication with steve",,,"Linkwell Health","Miscellaneous"
2013-11-07,"Adam Hoyle",1.75,"project coordination, assembla tickets, email comm with client",,,"Linkwell Health","Miscellaneous"
2013-11-06,"Adam Hoyle",1.5,"create comps for Kroger",,,"Linkwell Health","Miscellaneous"
2013-11-06,"Adam Hoyle",1.0,"review Neustar DNS migration notes and update basecamp",,,"Linkwell Health","Miscellaneous"
2013-11-05,"Adam Hoyle",1.5,"process email and client communication, project review and prioritization",,,"Linkwell Health","Miscellaneous"
2013-11-05,"Adam Hoyle",0.25,"troubleshoot broken image on BetterYou landing page",,,"Linkwell Health","Miscellaneous"
2013-11-04,"Adam Hoyle",3.5,"create comps showing plan site homepage recipe and coupon tab, on desktop, mobile and tablet",,,"Linkwell Health","Miscellaneous"
2013-11-04,"Adam Hoyle",1.5,"further testing, troubleshooting and emails re: CLIP printing issues.",,,"Linkwell Health","Miscellaneous"
2013-11-02,"Adam Hoyle",6.0,"troubleshoot printing issues on prod",,,"Linkwell Health","Miscellaneous"
2013-11-01,"Adam Hoyle",2.0,"meet with Sean and NPS",,,"Linkwell Health","Miscellaneous"
2013-11-01,"Adam Hoyle",0.5,"call w/ Steve",,,"Linkwell Health","Miscellaneous"
2013-10-31,"Adam Hoyle",0.25,"cooridate with Neustar and get agreement signed and returned",,,"Linkwell Health","Miscellaneous"
2013-10-31,"Adam Hoyle",0.25,"Highmark iphone app presentation image for Steve",,,"Linkwell Health","Miscellaneous"
2013-10-30,"Adam Hoyle",0.5,"coordination for marketing requests for Highmark and GE",,,"Linkwell Health","Miscellaneous"
2013-10-30,"Adam Hoyle",0.5,"create images for Katie for presentation (icons and other visuals)",,,"Linkwell Health","Miscellaneous"
2013-10-29,"Adam Hoyle",0.5,"review NPS assessment",,,"Linkwell Health","Miscellaneous"
2013-10-29,"Adam Hoyle",0.25,"client email communication, notes for Highmark/Giant Eagle",,,"Linkwell Health","Miscellaneous"
2013-10-28,"Adam Hoyle",0.5,"call w/ steve",,,"Linkwell Health","Miscellaneous"
2013-10-28,"Adam Hoyle",1.0,"call with Steve and Kevin Riley re: Amazon store, review Kevin's doc",,,"Linkwell Health","Miscellaneous"
2013-10-25,"Adam Hoyle",0.5,"call w/ LWH team re: deployment of plan 2.0",,,"Linkwell Health","Miscellaneous"
2013-10-25,"Adam Hoyle",2.75,"client communications, plan site final review, tickets, cooridnation",,,"Linkwell Health","Miscellaneous"
2013-10-24,"Adam Hoyle",2.75,"research amazon webstore",,,"Linkwell Health","Miscellaneous"
2013-10-23,"Adam Hoyle",0.5,"call w/ Ultra DNS",,,"Linkwell Health","Miscellaneous"
2013-10-22,"Adam Hoyle",0.5,"clickthroughs for focus groups",,,"Linkwell Health","Miscellaneous"
2013-10-22,"Adam Hoyle",1.0,"troubleshoot site outage issues (DNS outage at netsol)",,,"Linkwell Health","Miscellaneous"
2013-10-21,"Adam Hoyle",0.5,"updates to serveitup comps for steve",,,"Linkwell Health","Miscellaneous"
2013-10-21,"Adam Hoyle",0.75,"updates to serve it up comps - welcome message, per Steve",,,"Linkwell Health","Miscellaneous"
2013-10-09,"Adam Hoyle",1.5,"MLR comp for walking",,,"Linkwell Health","Miscellaneous"
2013-10-09,"Adam Hoyle",0.5,"process and add notes for SuperSaver API updates",,,"Linkwell Health","Miscellaneous"
2013-10-04,"Adam Hoyle",1.5,"meeting with Sean, plan site QA",,,"Linkwell Health","Miscellaneous"
2013-10-03,"Adam Hoyle",0.25,"update basecamp with board meeting comp requests",,,"Linkwell Health","Miscellaneous"
2013-10-02,"Adam Hoyle",0.5,"call w/ Steve",,,"Linkwell Health","Miscellaneous"
2013-10-01,"Adam Hoyle",0.25,"next steps on BFY domain transfer",,,"Linkwell Health","Miscellaneous"
2013-09-30,"Adam Hoyle",2.5,"call w/ Steve, start putting together outstanding issues list and email, misc. client emails and communication",,,"Linkwell Health","Miscellaneous"
2013-09-30,"Adam Hoyle",0.5,"initiate transfer of BFY to Network Solutions",,,"Linkwell Health","Miscellaneous"
2013-09-25,"Adam Hoyle",0.5,"pull email and confirmation screen from download user flow",,,"Linkwell Health","Miscellaneous"
2013-09-25,"Adam Hoyle",0.25,"update and resend MLR comps","Create comps for MLR tools/features (see comment for details)","Marketing requests","Linkwell Health","Miscellaneous"
2013-09-24,"Adam Hoyle",1.25,"create third MLR comp","Create comps for MLR tools/features (see comment for details)","Marketing requests","Linkwell Health","Miscellaneous"
2013-09-24,"Adam Hoyle",0.5,"Call w/ Steve",,,"Linkwell Health","Miscellaneous"
2013-09-24,"Adam Hoyle",3.0,,,,"Linkwell Health","Miscellaneous"
2013-09-24,"Adam Hoyle",2.0,"project coordination, client emails",,,"Linkwell Health","Miscellaneous"
2013-09-17,"Adam Hoyle",0.25,"search for gregg and sean",,,"Linkwell Health","Miscellaneous"
2013-09-16,"Adam Hoyle",0.25,"look into login issue for Sallie",,,"Linkwell Health","Miscellaneous"
2013-09-16,"Adam Hoyle",1.0,"project coordination, client updates and email",,,"Linkwell Health","Miscellaneous"
2013-09-13,"Adam Hoyle",2.25,"project coordination and client emails for downloads, smart summary and HW",,,"Linkwell Health","Miscellaneous"
2013-09-10,"Adam Hoyle",0.25,"project coordination, client emails",,,"Linkwell Health","Miscellaneous"
2013-09-10,"Adam Hoyle",0.75,"project coordination, client emails",,,"Linkwell Health","Miscellaneous"
2013-09-10,"Adam Hoyle",0.5,"research itunes app reporting for steve",,,"Linkwell Health","Miscellaneous"
2013-09-09,"Adam Hoyle",0.5,"project coordination, update redesign schedule",,,"Linkwell Health","Miscellaneous"
2013-09-06,"Adam Hoyle",1.0,"call w/ Steve",,,"Linkwell Health","Miscellaneous"
2013-09-04,"Adam Hoyle",2.0,"project coordination, client emails, review HW and DM",,,"Linkwell Health","Miscellaneous"
2013-09-03,"Adam Hoyle",0.25,"call w/ Steve",,,"Linkwell Health","Miscellaneous"
2013-08-21,"Adam Hoyle",1.5,"finish documenting notes for various programs",,,"Linkwell Health","Miscellaneous"
2013-08-21,"Adam Hoyle",2.0,"project coordination for Healthy Woman",,,"Linkwell Health","Miscellaneous"
2013-08-21,"Adam Hoyle",3.25,"coding for HW emails, solution for MM call-out",,,"Linkwell Health","Miscellaneous"
2013-08-19,"Adam Hoyle",0.25,,,,"Linkwell Health","Miscellaneous"
2013-08-15,"Adam Hoyle",2.5,"project coordination, call w/ Steve",,,"Linkwell Health","Miscellaneous"
2013-08-14,"Adam Hoyle",3.0,"project coordination, call w/ Steve",,,"Linkwell Health","Miscellaneous"
2013-08-12,"Adam Hoyle",1.5,"enable DM for demo-plus",,,"Linkwell Health","Miscellaneous"
2013-08-09,"Adam Hoyle",4.0,"create clickthroughs for Katie",,,"Linkwell Health","Miscellaneous"
2013-08-08,"Adam Hoyle",5.25,"client emails, project coordiation, type up notes from meetings with steve, update basecamp",,,"Linkwell Health","Miscellaneous"
2013-08-07,"Adam Hoyle",8.0,"usability test sessions for Linkwell, meetings with Steve and Sean",,,"Linkwell Health","Miscellaneous"
2013-08-06,"Adam Hoyle",3.0,"usability test prep",,,"Linkwell Health","Miscellaneous"
2013-07-31,"Adam Hoyle",0.5,"review WTD mobile RFP",,,"Linkwell Health","Miscellaneous"
2013-07-30,"Adam Hoyle",0.5,"call w/ DynDNS",,,"Linkwell Health","Miscellaneous"
2013-07-25,"Adam Hoyle",16.0,"server monitoring, coordination and damage control",,,"Linkwell Health","Miscellaneous"
2013-07-23,"Adam Hoyle",0.5,"setup DM offers for Chobani",,,"Linkwell Health","Miscellaneous"
2013-07-23,"Adam Hoyle",1.0,"client emails, misc. project coordination for SG and DM",,,"Linkwell Health","Miscellaneous"
2013-07-22,"Adam Hoyle",0.5,"look into secondary DNS hosting with Rackspace",,,"Linkwell Health","Miscellaneous"
2013-07-22,"Adam Hoyle",0.5,"review QA reports from IE7/8 for plan sites DM and Mandated",,,"Linkwell Health","Miscellaneous"
2013-07-22,"Adam Hoyle",0.5,"recap server updates to Steve",,,"Linkwell Health","Miscellaneous"
2013-07-22,"Adam Hoyle",0.25,"Call w/ Katie re: coupon assignments for SG",,,"Linkwell Health","Miscellaneous"
2013-07-22,"Adam Hoyle",1.75,"call w/ Steve, load supersaver onto iphone for Sean, add coupons to landing pages per Katie, catch up on Mandated emails",,,"Linkwell Health","Miscellaneous"
2013-07-18,"Adam Hoyle",2.25,"call with Kim, Steve, Nolan to discuss SG QA, make privacy policy updates, add www to all links and target blank, cut image for emails with rounded corners",,,"Linkwell Health","Miscellaneous"
2013-07-18,"Adam Hoyle",0.5,"call w/ Sean and Steve re: DNS",,,"Linkwell Health","Miscellaneous"
2013-07-17,"Adam Hoyle",0.75,"project coordination, call w/ Steve, discuss plan sites with Kyle, review plan site comps",,,"Linkwell Health","Miscellaneous"
2013-07-17,"Adam Hoyle",0.5,"call w/ Steve and Neustar",,,"Linkwell Health","Miscellaneous"
2013-07-17,"Adam Hoyle",1.0,"troubleshoot server outage and monitor DNS outage",,,"Linkwell Health","Miscellaneous"
2013-07-16,"Adam Hoyle",0.25,"coordinate Linkwell load testing",,,"Linkwell Health","Miscellaneous"
2013-07-12,"Adam Hoyle",0.5,"dig up launch dates for Katie",,,"Linkwell Health","Miscellaneous"
2013-07-11,"Adam Hoyle",0.75,"misc. project coordination, respond to emails, update basecamp",,,"Linkwell Health","Miscellaneous"
2013-07-09,"Adam Hoyle",0.5,"call w/ Steve",,,"Linkwell Health","Miscellaneous"
2013-07-08,"Adam Hoyle",0.25,"call w/ Sean to discuss pricing",,,"Linkwell Health","Miscellaneous"
2013-07-08,"Adam Hoyle",0.5,"revnew apple developer account",,,"Linkwell Health","Miscellaneous"
2013-07-02,"Adam Hoyle",3.5,"misc. project coordination, QA varblocks, figure out images for required communications, call w/ Steve, Kim, Angela re: SG content.",,,"Linkwell Health","Miscellaneous"
2013-06-25,"Adam Hoyle",0.5,"call w/ steve",,,"Linkwell Health","Miscellaneous"
2013-06-25,"Adam Hoyle",0.5,"call w/ Katie",,,"Linkwell Health","Miscellaneous"
2013-06-25,"Adam Hoyle",0.25,"initial review DM content matrix",,,"Linkwell Health","Miscellaneous"
2013-06-21,"Adam Hoyle",2.0,"project coordination, testing, client emails, call w/ Steve",,,"Linkwell Health","Miscellaneous"
2013-06-19,"Adam Hoyle",0.25,"call w/ Steve",,,"Linkwell Health","Miscellaneous"
2013-06-18,"Adam Hoyle",1.5,"client emails and project coordination",,,"Linkwell Health","Miscellaneous"
2013-06-17,"Adam Hoyle",0.25,,,,"Linkwell Health","Miscellaneous"
2013-06-13,"Adam Hoyle",0.25,"call w/ Kim Jones",,,"Linkwell Health","Miscellaneous"
2013-06-12,"Adam Hoyle",2.5,"project cooridnation, call w/ Sean, Kim, Katie",,,"Linkwell Health","Miscellaneous"
2013-06-10,"Adam Hoyle",1.25,"project coordination, client emails, basecamp updates",,,"Linkwell Health","Miscellaneous"
2013-06-07,"Adam Hoyle",1.0,"call w/ steve",,,"Linkwell Health","Miscellaneous"
2013-06-07,"Adam Hoyle",0.5,"misc. project coordination",,,"Linkwell Health","Miscellaneous"
2013-06-06,"Adam Hoyle",1.25,"process emails, update basecamp, project coordination",,,"Linkwell Health","Miscellaneous"
2013-06-05,"Adam Hoyle",0.5,"call w/ Steve",,,"Linkwell Health","Miscellaneous"
2013-05-30,"Adam Hoyle",1.25,"review and organize various projects, priorities and update basecamp",,,"Linkwell Health","Miscellaneous"
2013-05-30,"Adam Hoyle",0.75,"call w/ Steve re: SuperSaver and landing page for FitOrbit, update notes, basecamp, project coordination",,,"Linkwell Health","Miscellaneous"
2013-05-30,"Adam Hoyle",0.5,"obtain renewed SSL for HC.com and send info to Balsam for installation",,,"Linkwell Health","Miscellaneous"
2013-05-28,"Adam Hoyle",1.0,"project coordination, updates to mandated designs",,,"Linkwell Health","Miscellaneous"
2013-05-23,"Adam Hoyle",4.75,"create new site for UHC, call w/ Sean, updates to LMS diagram and mandated",,,"Linkwell Health","Miscellaneous"
2013-05-21,"Adam Hoyle",5.0,"project coordination for mobile app API, IMP email coding, Plan site redesign. Call w/ Steve re: feedback from Mandated comps, update basecamp with notes and todos.",,,"Linkwell Health","Miscellaneous"
2013-05-20,"Adam Hoyle",4.25,"misc. project coordination for plan site redesign, DM emails, etc.",,,"Linkwell Health","Miscellaneous"
2013-05-16,"Adam Hoyle",0.75,"misc. project coordination, LMS diagram, SuperSaver updates, client email",,,"Linkwell Health","Miscellaneous"
2013-05-15,"Adam Hoyle",0.5,"firedrill for steve re: presentation",,,"Linkwell Health","Miscellaneous"
2013-05-15,"Adam Hoyle",0.5,"call w/ Steve",,,"Linkwell Health","Miscellaneous"
2013-05-15,"Adam Hoyle",1.5,"add test articles for DM to LMS, oragnize PDFs and hand off to ashley for copy/pasting, review new LWH corp. video, coordination on mandated",,,"Linkwell Health","Miscellaneous"
2013-05-14,"Adam Hoyle",1.0,,,,"Linkwell Health","Miscellaneous"
2013-05-13,"Adam Hoyle",0.25,"call w/ Steve, move wellpoint comps to brunello server",,,"Linkwell Health","Miscellaneous"
2013-05-13,"Adam Hoyle",0.5,"project coordination, meet with kyle re: Smart Summary, review IMP email updates, email client",,,"Linkwell Health","Miscellaneous"
2013-05-10,"Adam Hoyle",0.5,"call w/ Steve",,,"Linkwell Health","Miscellaneous"
2013-05-10,"Adam Hoyle",0.25,"process notes for Humana SmartSummary, add to basecamp",,,"Linkwell Health","Miscellaneous"
2013-05-09,"Adam Hoyle",2.5,"call w/ Steve, meet with Kyle",,,"Linkwell Health","Miscellaneous"
2013-05-09,"Adam Hoyle",2.5,"process notes from brainstorming session and add to basecamp writeboard, meet with Sean and Steve",,,"Linkwell Health","Miscellaneous"
2013-05-08,"Adam Hoyle",0.5,"call w/ Steve, email with Kim re: DM",,,"Linkwell Health","Miscellaneous"
2013-05-07,"Adam Hoyle",1.25,"project coordination, client emails, update basecamp",,,"Linkwell Health","Miscellaneous"
2013-05-06,"Adam Hoyle",1.5,"project coordination, client emails, update basecamp",,,"Linkwell Health","Miscellaneous"
2013-05-03,"Adam Hoyle",0.25,"call w steve, misc status updates",,,"Linkwell Health","Miscellaneous"
2013-05-02,"Adam Hoyle",0.5,"call with steve and kyle re: presentation",,,"Linkwell Health","Miscellaneous"
2013-05-02,"Adam Hoyle",1.0,"brainstorming meeting, call with Steve, Katie, Kim",,,"Linkwell Health","Miscellaneous"
2013-05-01,"Adam Hoyle",1.25,"project coordination",,,"Linkwell Health","Miscellaneous"
2013-04-30,"Adam Hoyle",0.25,"call w/ Steve",,,"Linkwell Health","Miscellaneous"
2013-04-29,"Adam Hoyle",0.75,,"Updates to slider images and sidebar CTA for BCBS-Mi Healthy Blue extras based on new design specs (see comment for details)","Marketing requests","Linkwell Health","Miscellaneous"
2013-04-29,"Adam Hoyle",0.25,"cut a zip files for Anthem BC and BCBSGA homepage promos","Create design comps showing special offer promo and gateway page on Anthem (and other WLP sites) (see comment for details)","Marketing requests","Linkwell Health","Miscellaneous"
2013-04-29,"Adam Hoyle",0.75,"update comps to show 3 additional brands","Create design comps showing special offer promo and gateway page on Anthem (and other WLP sites) (see comment for details)","Marketing requests","Linkwell Health","Miscellaneous"
2013-04-29,"Adam Hoyle",1.5,"misc. project coordination",,,"Linkwell Health","Miscellaneous"
2013-04-26,"Adam Hoyle",1.5,"misc. project coordination, process email, update basecamp",,,"Linkwell Health","Miscellaneous"
2013-04-25,"Adam Hoyle",3.25,"project coordination, plan site redesign feedback and discussion with Kyle, DM and mandated variables, printing loader, etc.",,,"Linkwell Health","Miscellaneous"
2013-04-24,"Adam Hoyle",1.75,"misc. project coordination and calls",,,"Linkwell Health","Miscellaneous"
2013-04-23,"Adam Hoyle",0.25,"call w/ Steve",,,"Linkwell Health","Miscellaneous"
2013-04-23,"Adam Hoyle",1.5,"misc. project coordination",,,"Linkwell Health","Miscellaneous"
2013-04-22,"Adam Hoyle",1.0,"misc. project coordination",,,"Linkwell Health","Miscellaneous"
2013-04-15,"Adam Hoyle",0.5,"project coordination, notes for presentation needs",,,"Linkwell Health","Miscellaneous"
2013-04-12,"Adam Hoyle",0.5,"call w/ steve",,,"Linkwell Health","Miscellaneous"
2013-04-11,"Adam Hoyle",0.5,"call w/ Steve",,,"Linkwell Health","Miscellaneous"
2013-04-08,"Adam Hoyle",2.0,"updates to DM newsletter",,,"Linkwell Health","Miscellaneous"
2013-04-08,"Adam Hoyle",3.25,"project coordination",,,"Linkwell Health","Miscellaneous"
2013-04-05,"Adam Hoyle",2.5,"misc. project coordination, update basecamp",,,"Linkwell Health","Miscellaneous"
2013-04-05,"Adam Hoyle",0.25,"call w/ Steve re: DM",,,"Linkwell Health","Miscellaneous"
2013-04-05,"Adam Hoyle",1.0,"Meet w/ Sean, call w/ Steve, discuss Wellpoint DM, budget, forecast",,,"Linkwell Health","Miscellaneous"
2013-04-04,"Adam Hoyle",1.25,"resource utilization notes for sean",,,"Linkwell Health","Miscellaneous"
2013-04-04,"Adam Hoyle",2.25,"project coordination, call with Kim, review Anthem Diabetes designs, QA GS",,,"Linkwell Health","Miscellaneous"
2013-04-04,"Adam Hoyle",1.0,"call w/ Katie re: adding coupons to plan landing pages, troubleshoot and fix broken article page on BFY",,,"Linkwell Health","Miscellaneous"
2013-04-03,"Adam Hoyle",0.5,"coupons.com call and followup call w/ Steve and Kim",,,"Linkwell Health","Miscellaneous"
2013-04-03,"Adam Hoyle",0.25,"send Katie images from PDF download page, call w/ Katie",,,"Linkwell Health","Miscellaneous"
2013-04-02,"Adam Hoyle",1.75,"misc. project coordination, client emails",,,"Linkwell Health","Miscellaneous"
2013-04-02,"Adam Hoyle",0.25,"call w/ Steve",,,"Linkwell Health","Miscellaneous"
2013-04-01,"Adam Hoyle",1.25,"misc. project coordination",,,"Linkwell Health","Miscellaneous"
2013-03-28,"Adam Hoyle",10.0,"meeting at linkwell",,,"Linkwell Health","Miscellaneous"
2013-03-26,"Adam Hoyle",2.5,"misc. project coordination, basecamp updates",,,"Linkwell Health","Miscellaneous"
2013-03-26,"Adam Hoyle",0.25,"review WellPoint integration Schedule from KJ",,,"Linkwell Health","Miscellaneous"
2013-03-25,"Adam Hoyle",0.5,"call w/ Steve, Katie, Kim re: Wellpoint email program",,,"Linkwell Health","Miscellaneous"
2013-03-25,"Adam Hoyle",1.5,"email Kim jones re: landing pages and syndication, review and send updated newsletter designs.",,,"Linkwell Health","Miscellaneous"
2013-03-22,"Adam Hoyle",1.5,"outline for digital update meeting",,,"Linkwell Health","Miscellaneous"
2013-03-21,"Adam Hoyle",0.75,"review moodboards and responsive comps",,,"Linkwell Health","Miscellaneous"
2013-03-21,"Adam Hoyle",0.75,"look into missing blog post for Katie",,,"Linkwell Health","Miscellaneous"
2013-03-21,"Adam Hoyle",0.25,"call w/ Katie re: outlook domain verification and review pending projects",,,"Linkwell Health","Miscellaneous"
2013-03-21,"Adam Hoyle",1.0,"misc. project cooridnation, client emails and basecamp updates/tracking",,,"Linkwell Health","Miscellaneous"
2013-03-20,"Adam Hoyle",3.0,"misc. project coordination, basecamp updates and client emails",,,"Linkwell Health","Miscellaneous"
2013-03-19,"Adam Hoyle",1.0,"Call w/ Steve",,,"Linkwell Health","Miscellaneous"
2013-03-19,"Adam Hoyle",4.25,"process email, update basecamp, misc project coordination",,,"Linkwell Health","Miscellaneous"
2013-03-18,"Adam Hoyle",0.5,"misc project coordination",,,"Linkwell Health","Miscellaneous"
2013-03-18,"Adam Hoyle",0.25,"Add KJ and Jackie to LMS and Basecamp.",,,"Linkwell Health","Miscellaneous"
2013-03-15,"Adam Hoyle",2.5,"Final prep and meeting w/ Sean",,,"Linkwell Health","Miscellaneous"
2013-03-14,"Adam Hoyle",2.5,"prep for status meeting with Sean",,,"Linkwell Health","Miscellaneous"
2013-03-14,"Adam Hoyle",1.0,"call w/ Steve to discuss Coupons.com and meeting with Sean",,,"Linkwell Health","Miscellaneous"
2013-03-14,"Adam Hoyle",0.75,"updates to presentation",,,"Linkwell Health","Miscellaneous"
2013-03-13,"Adam Hoyle",3.75,,"Create design comps showing special offer promo and gateway page on Anthem (and other WLP sites) (see comment for details)","Marketing requests","Linkwell Health","Miscellaneous"
2013-03-12,"Adam Hoyle",1.25,"Parse notes from meeting with Steve, update basecamp",,,"Linkwell Health","Miscellaneous"
2013-03-12,"Adam Hoyle",0.5,"Find, download and send original BCBSMI slider stock photo to Katie",,,"Linkwell Health","Miscellaneous"
2013-03-12,"Adam Hoyle",0.25,"Lookup and send BFY domain registrar, DNS host info to Katie.",,,"Linkwell Health","Miscellaneous"
2013-03-11,"Adam Hoyle",0.75,"presentation updates based on Katie's feedback",,,"Linkwell Health","Miscellaneous"
2013-03-11,"Adam Hoyle",3.5,"work on presentation udpates",,,"Linkwell Health","Miscellaneous"
2013-03-08,"Adam Hoyle",2.0,"meeting at Linkwell",,,"Linkwell Health","Miscellaneous"
2013-03-06,"Adam Hoyle",0.5,"call w/ coupons.com",,,"Linkwell Health","Miscellaneous"
2013-03-06,"Adam Hoyle",0.75,"call w/ Steve",,,"Linkwell Health","Miscellaneous"
2013-03-06,"Adam Hoyle",0.25,"investigate bad PDF downloads for Katie",,,"Linkwell Health","Miscellaneous"
2013-03-05,"Adam Hoyle",1.25,"call w/ Steve and Katie",,,"Linkwell Health","Miscellaneous"
2013-03-05,"Adam Hoyle",0.5,"misc. project coordination and emails",,,"Linkwell Health","Miscellaneous"
2013-03-03,"Adam Hoyle",2.0,"misc. project coordination",,,"Linkwell Health","Miscellaneous"
2013-02-22,"Adam Hoyle",0.75,"misc. email and project coorindation",,,"Linkwell Health","Miscellaneous"
2013-02-21,"Adam Hoyle",1.25,"misc. project coordination and email",,,"Linkwell Health","Miscellaneous"
2013-02-20,"Adam Hoyle",4.25,"presentation revisions...",,,"Linkwell Health","Miscellaneous"
2013-02-20,"Adam Hoyle",1.25,"call w/ steve and katie",,,"Linkwell Health","Miscellaneous"
2013-02-19,"Adam Hoyle",2.0,"Finalize presentation graphics, update slide deck, send to steve",,,"Linkwell Health","Miscellaneous"
2013-02-19,"Adam Hoyle",2.0,"review inventory of comps for presentation, respond to Steve, discuss analytics with Nicole, query db for total content counts for steve",,,"Linkwell Health","Miscellaneous"
2013-02-18,"Adam Hoyle",6.0,"prioritize presentation notes and design tasks, meet w/ Kyle, update basecamp, email Steve",,,"Linkwell Health","Miscellaneous"
2013-02-15,"Adam Hoyle",1.75,"review outstanding projects, update basecamp, parse notes from meetings with Steve, Katie, Bill, Sean and Nicole, email Steve re: analytics, give steve a status update on responsive redesign,",,,"Linkwell Health","Miscellaneous"
2013-02-15,"Adam Hoyle",2.25,"catchup call w/ Katie and Steve to review all projects",,,"Linkwell Health","Miscellaneous"
2013-02-15,"Adam Hoyle",0.5,"process notes from Linkwell ""presentation needs"" call, update basecamp",,,"Linkwell Health","Miscellaneous"
2013-02-14,"Adam Hoyle",1.0,"call w/ Katie and Steve to catchup on projects",,,"Linkwell Health","Miscellaneous"
2013-02-14,"Adam Hoyle",2.25,"misc. email, project organization, prioritization, updates to BC",,,"Linkwell Health","Miscellaneous"
2013-02-14,"Adam Hoyle",0.25,"call w/ Linkwell re: hosting bill and PPC billing (move to new CC and apply for credit)",,,"Linkwell Health","Miscellaneous"
2013-02-12,"Adam Hoyle",3.5,"call w/ Katie, project coordination, review priorities, update basecamp, email Steve",,,"Linkwell Health","Miscellaneous"
2013-02-11,"Adam Hoyle",0.75,"weekly digital call",,,"Linkwell Health","Miscellaneous"
2013-02-08,"Adam Hoyle",0.5,"update user account permissions, email Katie and Steve",,,"Linkwell Health","Miscellaneous"
2013-02-08,"Adam Hoyle",0.25,"review standalone email signup page, provide feedback, send to client",,,"Linkwell Health","Miscellaneous"
2013-02-08,"Adam Hoyle",1.5,"call w/ Steve, Bill, Sean re: mandatory annual communications from plans",,,"Linkwell Health","Miscellaneous"
2013-02-06,"Adam Hoyle",1.0,"call w/ Steve",,,"Linkwell Health","Miscellaneous"
2013-02-06,"Adam Hoyle",0.25,"create A records for fb and dev-fb.hc.com",,,"Linkwell Health","Miscellaneous"
2013-02-06,"Adam Hoyle",0.75,"misc. client emails",,,"Linkwell Health","Miscellaneous"
2013-02-05,"Adam Hoyle",2.25,"project coordination, client emails",,,"Linkwell Health","Miscellaneous"
2013-02-04,"Adam Hoyle",1.0,"process notes from call w/ Steve, update basecamp",,,"Linkwell Health","Miscellaneous"
2013-02-04,"Adam Hoyle",1.0,"call w/ steve",,,"Linkwell Health","Miscellaneous"
2013-02-04,"Adam Hoyle",2.75,"misc. project coordination and client emails",,,"Linkwell Health","Miscellaneous"
2013-02-01,"Adam Hoyle",0.75,"Investigate bad coupon assignments for tufts, email communication w/ Steve, Katie, Elieen",,,"Linkwell Health","Miscellaneous"
2013-01-31,"Adam Hoyle",0.75,"Call w/ Katie, help with email",,,"Linkwell Health","Miscellaneous"
2013-01-29,"Adam Hoyle",0.25,"Call w/ Steve",,,"Linkwell Health","Miscellaneous"
2013-01-23,"Adam Hoyle",0.25,"call w/ Steve",,,"Linkwell Health","Miscellaneous"
2013-01-23,"Adam Hoyle",1.0,"call w/ BCBS re: Blue365",,,"Linkwell Health","Miscellaneous"
2013-01-23,"Adam Hoyle",0.5,"call w/ Katie",,,"Linkwell Health","Miscellaneous"
2013-01-23,"Adam Hoyle",0.25,"update user permissions for Katie so view opt-ins",,,"Linkwell Health","Miscellaneous"
2013-01-22,"Adam Hoyle",1.25,"Misc. project coordination",,,"Linkwell Health","Miscellaneous"
2013-01-21,"Adam Hoyle",1.25,"misc. project coordination, discuss savings widget",,,"Linkwell Health","Miscellaneous"
2013-01-18,"Adam Hoyle",2.75,,,,"Linkwell Health","Miscellaneous"
2013-01-17,"Adam Hoyle",0.75,"review and test article/blog images in LMS, email Linkwell",,,"Linkwell Health","Miscellaneous"
2013-01-15,"Adam Hoyle",5.5,"multiple projects",,,"Linkwell Health","Miscellaneous"
2013-01-14,"Adam Hoyle",1.75,"misc. project coordination and client emails, call w/ Steve",,,"Linkwell Health","Miscellaneous"
2013-01-14,"Adam Hoyle",1.5,"outline process for responsive design, create timeline",,,"Linkwell Health","Miscellaneous"
2013-01-12,"Adam Hoyle",2.5,"project coordination",,,"Linkwell Health","Miscellaneous"
2013-01-11,"Adam Hoyle",2.5,"meeting w/ linkwell",,,"Linkwell Health","Miscellaneous"
2013-01-10,"Adam Hoyle",5.75,"project coordination, review emails and notes, prioritize work",,,"Linkwell Health","Miscellaneous"
2013-01-10,"Adam Hoyle",0.5,"research and support for Katie w/ SalesForce",,,"Linkwell Health","Miscellaneous"
2013-01-08,"Adam Hoyle",5.0,"misc. project coorindation and client communication",,,"Linkwell Health","Miscellaneous"
2013-01-08,"Adam Hoyle",1.5,"misc. project coorindation and client communication",,,"Linkwell Health","Miscellaneous"
2013-01-08,"Adam Hoyle",1.0,"look into Google Analytics",,,"Linkwell Health","Miscellaneous"
2013-01-08,"Adam Hoyle",3.5,"project coordination",,,"Linkwell Health","Miscellaneous"
2013-01-08,"Adam Hoyle",0.5,"review file transfer site with Adam B",,,"Linkwell Health","Miscellaneous"
2013-01-07,"Adam Hoyle",1.0,"review analytics",,,"Linkwell Health","Miscellaneous"
2013-01-07,"Adam Hoyle",0.5,"review analytics",,,"Linkwell Health","Miscellaneous"
2013-01-07,"Adam Hoyle",0.75,"weekly product call",,,"Linkwell Health","Miscellaneous"
2013-01-07,"Adam Hoyle",0.5,"respond to Katie re: LWH plan email",,,"Linkwell Health","Miscellaneous"
2013-01-04,"Adam Hoyle",1.0,"misc. project coordination and emails for downloads, plan site email, plan site landing pages, etc.",,,"Linkwell Health","Miscellaneous"
2013-01-03,"Adam Hoyle",1.5,"project coordination and client emails",,,"Linkwell Health","Miscellaneous"
2013-01-02,"Adam Hoyle",0.75,,,,"Linkwell Health","Miscellaneous"
2012-12-27,"Adam Hoyle",0.25,,,,"Linkwell Health","Miscellaneous"
2012-12-27,"Adam Hoyle",1.0,"review coupons.com contract",,,"Linkwell Health","Miscellaneous"
2012-12-26,"Adam Hoyle",0.25,"update basecamp with newcall w/ Katie to discuss Anthem landing page",,,"Linkwell Health","Miscellaneous"
2012-12-18,"Adam Hoyle",0.5,"call w/ Steve",,,"Linkwell Health","Miscellaneous"
2012-12-17,"Adam Hoyle",0.5,"weekly digital call",,,"Linkwell Health","Miscellaneous"
2012-12-17,"Adam Hoyle",0.75,"review meeting agenda for noon, misc. client emails",,,"Linkwell Health","Miscellaneous"
2012-12-13,"Adam Hoyle",5.0,"meeting with Linkwell",,,"Linkwell Health","Miscellaneous"
2012-12-11,"Adam Hoyle",0.5,"email newsletter review and coordination, followup with Steve on link validation",,,"Linkwell Health","Miscellaneous"
2012-12-11,"Adam Hoyle",0.5,"weekly digital call",,,"Linkwell Health","Miscellaneous"
2012-12-10,"Adam Hoyle",0.5,"look into FTP errors for dennis",,,"Linkwell Health","Miscellaneous"
2012-12-10,"Adam Hoyle",1.25,"misc. project coordination",,,"Linkwell Health","Miscellaneous"
2012-12-10,"Adam Hoyle",0.5,"support for ""ftp site"" file uploads",,,"Linkwell Health","Miscellaneous"
2012-12-10,"Adam Hoyle",0.5,"re-create DNS records for healthycoupons.com on Network Solutions",,,"Linkwell Health","Miscellaneous"
2012-12-07,"Adam Hoyle",1.0,,,,"Linkwell Health","Miscellaneous"
2012-12-07,"Adam Hoyle",0.5,"walkthrough process of adding PDF downloads to LMS",,,"Linkwell Health","Miscellaneous"
2012-12-06,"Adam Hoyle",0.75,"call w/ Steve",,,"Linkwell Health","Miscellaneous"
2012-12-05,"Adam Hoyle",0.5,"project coordination on email newsletter, create table structure example for jill",,,"Linkwell Health","Miscellaneous"
2012-12-04,"Adam Hoyle",1.0,"misc. project coordination",,,"Linkwell Health","Miscellaneous"
2012-12-04,"Adam Hoyle",0.25,"call w/ Steve",,,"Linkwell Health","Miscellaneous"
2012-12-04,"Adam Hoyle",0.5,"call w/ Steve",,,"Linkwell Health","Miscellaneous"
2012-12-03,"Adam Hoyle",0.25,"complete authorization on domain transfew",,,"Linkwell Health","Miscellaneous"
2012-12-03,"Adam Hoyle",0.75,"showcase updates, organize article and sweeps designs for handoff to developer",,,"Linkwell Health","Miscellaneous"
2012-12-03,"Adam Hoyle",0.25,"process notes for BFY email and get Jill started on the coding...",,,"Linkwell Health","Miscellaneous"
2012-12-03,"Adam Hoyle",0.75,"changes to showcase email and landing page",,,"Linkwell Health","Miscellaneous"
2012-12-03,"Adam Hoyle",0.5,"email about spanish version of the site, updates and coordination on showcase email",,,"Linkwell Health","Miscellaneous"
2012-12-03,"Adam Hoyle",0.5,"weekly call",,,"Linkwell Health","Miscellaneous"
2012-12-03,"Adam Hoyle",1.5,"updates to showcase email",,,"Linkwell Health","Miscellaneous"
2012-11-30,"Adam Hoyle",2.75,"look into gaps in linkwell email, call w/ steve and katie, finalize email, send secure links info to steve",,,"Linkwell Health","Miscellaneous"
2012-11-30,"Adam Hoyle",0.5,"showcase page updates, respond to sean with questions about Spanish version of the site(s)",,,"Linkwell Health","Miscellaneous"
2012-11-30,"Adam Hoyle",0.5,"review and send Showcase page to Steve, update to TN footer…. instructions for link validation",,,"Linkwell Health","Miscellaneous"
2012-11-29,"Adam Hoyle",4.25,"projects",,,"Linkwell Health","Miscellaneous"
2012-11-28,"Adam Hoyle",1.25,"misc. project coordination, emailing, etc.",,,"Linkwell Health","Miscellaneous"
2012-11-28,"Adam Hoyle",0.25,"call to review showcase page with Steve and Nina",,,"Linkwell Health","Miscellaneous"
2012-11-28,"Adam Hoyle",1.0,"client communication re: Showcase, finish mailchimp setup",,,"Linkwell Health","Miscellaneous"
2012-11-28,"Adam Hoyle",0.75,"package up email newsletter and send to steve… call w/ Katie",,,"Linkwell Health","Miscellaneous"
2012-11-27,"Adam Hoyle",0.75,"review and respond to notes from Steve on Showcase email, send updates to Jill",,,"Linkwell Health","Miscellaneous"
2012-11-27,"Adam Hoyle",1.25,"orgnize landing page notes and creative for handoff",,,"Linkwell Health","Miscellaneous"
2012-11-26,"Adam Hoyle",0.25,"send requirements for PDF downloads",,,"Linkwell Health","Miscellaneous"
2012-11-26,"Adam Hoyle",0.25,"gather assets for showcase email and send to Katie",,,"Linkwell Health","Miscellaneous"
2012-11-26,"Adam Hoyle",0.75,"call w/ Katie and Steve",,,"Linkwell Health","Miscellaneous"
2012-11-26,"Adam Hoyle",0.25,"download DNS entries from GoDaddy, request ANOTHER auth code, agree to NetSold terms",,,"Linkwell Health","Miscellaneous"
2012-11-26,"Adam Hoyle",0.5,"weekly digital call",,,"Linkwell Health","Miscellaneous"
2012-11-26,"Adam Hoyle",0.25,"initiate domain transfer for hc.com",,,"Linkwell Health","Miscellaneous"
2012-11-20,"Adam Hoyle",0.75,"review new features that were pushed to prod, move blocks to page footers, email steve, confirm bing authorization code",,,"Linkwell Health","Miscellaneous"
2012-11-20,"Adam Hoyle",0.75,"call w/ Katie re: landing pages, subsequent research on design and fold",,,"Linkwell Health","Miscellaneous"
2012-11-20,"Adam Hoyle",0.75,"client communication and project coordination",,,"Linkwell Health","Miscellaneous"
2012-11-19,"Adam Hoyle",0.5,"weekly digital call",,,"Linkwell Health","Miscellaneous"
2012-11-15,"Adam Hoyle",1.0,"research mailchimp options, call w/ steve",,,"Linkwell Health","Miscellaneous"
2012-11-15,"Adam Hoyle",0.5,"client communication w/ steve, respond to questions about PDF download",,,"Linkwell Health","Miscellaneous"
2012-11-15,"Adam Hoyle",0.5,"install and test new tablish app, send to steve",,,"Linkwell Health","Miscellaneous"
2012-11-15,"Adam Hoyle",0.5,"review showcase emails, respond to Steve and send new comps for approval",,,"Linkwell Health","Miscellaneous"
2012-11-14,"Adam Hoyle",0.5,"call w/ steve re: Showcase, PDFs,",,,"Linkwell Health","Miscellaneous"
2012-11-14,"Adam Hoyle",0.25,"call w/ Steve",,,"Linkwell Health","Miscellaneous"
2012-11-14,"Adam Hoyle",0.75,"review steve's notes on ipad mag, research zoom, look into mail chimp dynamic naming, CC options",,,"Linkwell Health","Miscellaneous"
2012-11-13,"Adam Hoyle",0.25,"grab Bing code and instructions",,,"Linkwell Health","Miscellaneous"
2012-11-13,"Adam Hoyle",1.0,"respond to PDF download questions, email Steve",,,"Linkwell Health","Miscellaneous"
2012-11-13,"Adam Hoyle",1.25,"call w/ Steve re: SLA, make revisions to SLA",,,"Linkwell Health","Miscellaneous"
2012-11-13,"Adam Hoyle",0.75,"send digital magazine assets to Tablish with instructions",,,"Linkwell Health","Miscellaneous"
2012-11-12,"Adam Hoyle",0.5,"review open projects and prioritize, give feedback to Jay on Articles and PDF downloads so we can finalize and move to development",,,"Linkwell Health","Miscellaneous"
2012-11-12,"Adam Hoyle",0.25,"review showcase design notes and comps",,,"Linkwell Health","Miscellaneous"
2012-11-12,"Adam Hoyle",3.5,"write linkwell digital product SLA",,,"Linkwell Health","Miscellaneous"
2012-11-09,"Adam Hoyle",0.5,"call w/ Steve re: outbrain",,,"Linkwell Health","Miscellaneous"
2012-11-09,"Adam Hoyle",1.0,"review, organize and email multiple updates to Steve",,,"Linkwell Health","Miscellaneous"
2012-11-08,"Adam Hoyle",0.5,"review and prioritize misc. tasks",,,"Linkwell Health","Miscellaneous"
2012-11-07,"Adam Hoyle",0.25,"review ipad digizine",,,"Linkwell Health","Miscellaneous"
2012-11-07,"Adam Hoyle",0.5,"call w/ steve re: current projects and priorities",,,"Linkwell Health","Miscellaneous"
2012-11-06,"Adam Hoyle",0.5,"call w/ Steve",,,"Linkwell Health","Miscellaneous"
2012-11-06,"Adam Hoyle",0.25,"LMS support quesitons from Steve, Nicole Kwan",,,"Linkwell Health","Miscellaneous"
2012-11-06,"Adam Hoyle",0.25,"LMS support quesitons from Steve",,,"Linkwell Health","Miscellaneous"
2012-11-06,"Adam Hoyle",1.0,"Monitor Domain transfer to net sol, set up advanced DNS entries, email LWH",,,"Linkwell Health","Miscellaneous"
2012-11-05,"Adam Hoyle",0.5,"call w/ Steve",,,"Linkwell Health","Miscellaneous"
2012-11-05,"Adam Hoyle",0.75,"call w/ Steve, review next dev tasks, weekly product call",,,"Linkwell Health","Miscellaneous"
2012-11-02,"Adam Hoyle",0.5,"call w/ steve re: inserting site into iframe, testing on demo",,,"Linkwell Health","Miscellaneous"
2012-11-01,"Adam Hoyle",0.75,"look at customization options in mail chimp for confirmation pages",,,"Linkwell Health","Miscellaneous"
2012-11-01,"Adam Hoyle",0.5,"respond to Steve's LMS questions",,,"Linkwell Health","Miscellaneous"
2012-11-01,"Adam Hoyle",3.75,"organization of design and dev todos, moving around some items and projects, email correspondence with Steve",,,"Linkwell Health","Miscellaneous"
2012-10-30,"Adam Hoyle",1.0,"domain name move, unlock, update admin email, request auth code",,,"Linkwell Health","Miscellaneous"
2012-10-25,"Adam Hoyle",0.5,"misc. project communication w/ Steve",,,"Linkwell Health","Miscellaneous"
2012-10-25,"Adam Hoyle",0.25,"email Steve and check on project status",,,"Linkwell Health","Miscellaneous"
2012-10-24,"Adam Hoyle",2.0,"project coordination, organization, emails to Steve re: projects and status",,,"Linkwell Health","Miscellaneous"
2012-10-22,"Adam Hoyle",0.75,"another call with Steve",,,"Linkwell Health","Miscellaneous"
2012-10-22,"Adam Hoyle",0.25,"coordinate PureMatters",,,"Linkwell Health","Miscellaneous"
2012-10-22,"Adam Hoyle",0.5,"weekly call",,,"Linkwell Health","Miscellaneous"
2012-10-22,"Adam Hoyle",0.75,"call godaddy for auth code, complete transfer process",,,"Linkwell Health","Miscellaneous"
2012-10-22,"Adam Hoyle",0.75,"domain transfer, call w/ steve",,,"Linkwell Health","Miscellaneous"
2012-10-22,"Adam Hoyle",0.25,"review upcoming deadlines, email Jay and Adam",,,"Linkwell Health","Miscellaneous"
2012-10-19,"Adam Hoyle",0.25,"look into ""no new offers"" in Catalina feed",,,"Linkwell Health","Miscellaneous"
2012-10-19,"Adam Hoyle",0.5,"respond to emails from angela and steve re: schedule publishing and post dates",,,"Linkwell Health","Miscellaneous"
2012-10-18,"Adam Hoyle",1.5,"coordinate digizine with tablish and package assets",,,"Linkwell Health","Miscellaneous"
2012-10-18,"Adam Hoyle",1.0,"finalize EMC newsletter design",,,"Linkwell Health","Miscellaneous"
2012-10-17,"Adam Hoyle",0.75,"design for EMC email newsletter",,,"Linkwell Health","Miscellaneous"
2012-10-17,"Adam Hoyle",0.25,"new basecamp accounts",,,"Linkwell Health","Miscellaneous"
2012-10-17,"Adam Hoyle",2.0,"communication w/ Erlinda re: feed and coupon codes… type up additional notes on coupon codes for design, meet w/ Adam and Jay",,,"Linkwell Health","Miscellaneous"
2012-10-16,"Adam Hoyle",0.25,"review Lysol Back to School comps",,,"Linkwell Health","Miscellaneous"
2012-10-16,"Adam Hoyle",0.5,"call w/ Steve re: app next steps",,,"Linkwell Health","Miscellaneous"
2012-10-16,"Adam Hoyle",0.5,"call w/ Steve and EIleen re: New Offers Tab",,,"Linkwell Health","Miscellaneous"
2012-10-16,"Adam Hoyle",0.5,"review and prioritize projects, add new requests to basecamp, followups with Steve",,,"Linkwell Health","Miscellaneous"
2012-10-15,"Adam Hoyle",0.25,"troubleshoot blog permissions for Sally. send instructions.",,,"Linkwell Health","Miscellaneous"
2012-10-15,"Adam Hoyle",0.25,"weekly digital call",,,"Linkwell Health","Miscellaneous"
2012-10-15,"Adam Hoyle",0.25,"create new A records for COTD and microsites",,,"Linkwell Health","Miscellaneous"
2012-10-12,"Adam Hoyle",1.27917,"status call, catchup w/ Steve",,,"Linkwell Health","Miscellaneous"
2012-10-11,"Adam Hoyle",0.5,"call w/ Steve",,,"Linkwell Health","Miscellaneous"
2012-10-09,"Adam Hoyle",0.25,"create new basecamp and LMS accounts for Nicole Kwan. email instructions",,,"Linkwell Health","Miscellaneous"
2012-10-09,"Adam Hoyle",0.25,"LMS support for Angela re: roles and permissions",,,"Linkwell Health","Miscellaneous"
2012-10-05,"Adam Hoyle",0.25,"meeting w/ Sean",,,"Linkwell Health","Miscellaneous"
2012-10-05,"Adam Hoyle",0.25,"call w/ steve",,,"Linkwell Health","Miscellaneous"
2012-10-05,"Adam Hoyle",0.5,"add nicole and emily to linkwell GA, confirm wellpoint profiles",,,"Linkwell Health","Miscellaneous"
2012-10-04,"Adam Hoyle",0.5,"triple-check filters and profiles in GA",,,"Linkwell Health","Miscellaneous"
2012-10-04,"Adam Hoyle",0.5,"client communication and re-prioritize and assign tasks",,,"Linkwell Health","Miscellaneous"
2012-10-03,"Adam Hoyle",1.25,"followups with steve on project status",,,"Linkwell Health","Miscellaneous"
2012-10-02,"Adam Hoyle",0.5,"troubleshoot favicon issue",,,"Linkwell Health","Miscellaneous"
2012-10-02,"Adam Hoyle",0.25,"look into caching on BFy and respond to Steve",,,"Linkwell Health","Miscellaneous"
2012-10-02,"Adam Hoyle",0.5,"review analaytics and update profiles/filters for custom domain tracking",,,"Linkwell Health","Miscellaneous"
2012-10-01,"Adam Hoyle",0.75,"call w/ Steve",,,"Linkwell Health","Miscellaneous"
2012-10-01,"Adam Hoyle",0.25,"testing analytics with custom domain",,,"Linkwell Health","Miscellaneous"
2012-10-01,"Adam Hoyle",0.5,"research multiple domain tracking",,,"Linkwell Health","Miscellaneous"
2012-09-26,"Adam Hoyle",8.0,"onsite meetings at Linkwell NYC",,,"Linkwell Health","Miscellaneous"
2012-09-25,"Adam Hoyle",2.25,"on Amtrak, review projects and notes, prep for meetings",,,"Linkwell Health","Miscellaneous"
2012-09-25,"Adam Hoyle",3.25,"coupon of the day (week) designs…",,,"Linkwell Health","Miscellaneous"
2012-09-24,"Adam Hoyle",2.75,"review Google Analytics requirements for multisite tracking",,,"Linkwell Health","Miscellaneous"
2012-09-24,"Adam Hoyle",0.25,"respond to angela re: blog photos, recrop photos",,,"Linkwell Health","Miscellaneous"
2012-09-24,"Adam Hoyle",0.5,"weekly product call",,,"Linkwell Health","Miscellaneous"
2012-09-24,"Adam Hoyle",0.75,"research google recipe taging",,,"Linkwell Health","Miscellaneous"
2012-09-20,"Adam Hoyle",0.5,"PPC estimate and notes",,,"Linkwell Health","Miscellaneous"
2012-09-18,"Adam Hoyle",0.25,"enable link verification on demo site, explain to steve",,,"Linkwell Health","Miscellaneous"
2012-09-18,"Adam Hoyle",0.5,"review and prioritize, client email",,,"Linkwell Health","Miscellaneous"
2012-09-17,"Adam Hoyle",0.5,"linkwell product call",,,"Linkwell Health","Miscellaneous"
2012-09-17,"Adam Hoyle",1.0,"update basecamp and process notes",,,"Linkwell Health","Miscellaneous"
2012-09-14,"Adam Hoyle",0.5,"call w/ steve",,,"Linkwell Health","Miscellaneous"
2012-09-14,"Adam Hoyle",0.75,"discuss new mom feature w/ jay, review designs, email steve",,,"Linkwell Health","Miscellaneous"
2012-09-12,"Adam Hoyle",2.0,"design for New Mom's feature section",,,"Linkwell Health","Miscellaneous"
2012-09-12,"Adam Hoyle",0.5,"call w/ steve",,,"Linkwell Health","Miscellaneous"
2012-09-12,"Adam Hoyle",0.5,"second call w/ Tablish",,,"Linkwell Health","Miscellaneous"
2012-09-11,"Adam Hoyle",0.5,"research and explore pdf to iPad mag conversion",,,"Linkwell Health","Miscellaneous"
2012-09-11,"Adam Hoyle",1.0,"call with Tablish for demo on pdf to iPad conversion",,,"Linkwell Health","Miscellaneous"
2012-09-10,"Adam Hoyle",0.5,"research DNS transfers and respond to Sean on recommendation",,,"Linkwell Health","Miscellaneous"
2012-09-10,"Adam Hoyle",0.5,"investigate site outage, discovered go-daddy hack and report to steve",,,"Linkwell Health","Miscellaneous"
2012-09-10,"Adam Hoyle",1.5,"digital mag research",,,"Linkwell Health","Miscellaneous"
2012-09-10,"Adam Hoyle",0.5,"weekly product call",,,"Linkwell Health","Miscellaneous"
2012-09-07,"Adam Hoyle",0.25,"call w/ Steve",,,"Linkwell Health","Miscellaneous"
2012-09-06,"Adam Hoyle",3.0,"meeting with Sean and Steve",,,"Linkwell Health","Miscellaneous"
2012-09-05,"Adam Hoyle",0.75,"update tufts ipad comps",,,"Linkwell Health","Miscellaneous"
2012-09-04,"Adam Hoyle",0.75,"respond to Eileen's questions about LMS, swaps and recipes",,,"Linkwell Health","Miscellaneous"
2012-09-04,"Adam Hoyle",0.25,"create new LMS accounts for",,,"Linkwell Health","Miscellaneous"
2012-09-04,"Adam Hoyle",2.0,"marketing/sales support for Tufts… mockup digital mag on ipad, and make newsletter updates",,,"Linkwell Health","Miscellaneous"
2012-08-29,"Adam Hoyle",0.25,"quick status check with Steve",,,"Linkwell Health","Miscellaneous"
2012-08-28,"Adam Hoyle",0.75,"weekly product call",,,"Linkwell Health","Miscellaneous"
2012-08-28,"Adam Hoyle",0.75,"project updates to Steve",,,"Linkwell Health","Miscellaneous"
2012-08-21,"Adam Hoyle",1.25,"call w/ Steve",,,"Linkwell Health","Miscellaneous"
2012-08-21,"Adam Hoyle",0.75,"email and call w/ Steve re: mulple items",,,"Linkwell Health","Miscellaneous"
2012-08-20,"Adam Hoyle",0.5,"weekly project call",,,"Linkwell Health","Miscellaneous"
2012-08-20,"Adam Hoyle",0.25,"misc. client communication and project coordination",,,"Linkwell Health","Miscellaneous"
2012-08-15,"Adam Hoyle",1.80444,"weight watchers design",,,"Linkwell Health","Miscellaneous"
2012-08-14,"Adam Hoyle",0.5,"call w/ steve re: wellpoint",,,"Linkwell Health","Miscellaneous"
2012-08-14,"Adam Hoyle",0.25,"call w/ steve",,,"Linkwell Health","Miscellaneous"
2012-08-13,"Adam Hoyle",0.75,"weekly project status call",,,"Linkwell Health","Miscellaneous"
2012-08-10,"Adam Hoyle",4.0,"meet w/ Sean and Steve",,,"Linkwell Health","Miscellaneous"
2012-08-09,"Adam Hoyle",1.5,"project status and checkin w/ Steve",,,"Linkwell Health","Miscellaneous"
2012-08-09,"Adam Hoyle",2.0,"comps for coupon of the day",,,"Linkwell Health","Miscellaneous"
2012-08-06,"Adam Hoyle",0.25,"add new job posting",,,"Linkwell Health","Miscellaneous"
2012-08-06,"Adam Hoyle",0.75,,"Healthy Blue Extras comp (see comment for details)","Marketing requests","Linkwell Health","Miscellaneous"
2012-08-06,"Adam Hoyle",0.5,"weekly digital call",,,"Linkwell Health","Miscellaneous"
2012-08-06,"Adam Hoyle",0.35,"process new marketing requests",,,"Linkwell Health","Miscellaneous"
2012-08-03,"Adam Hoyle",2.0,,"Healthy Blue Extras comp (see comment for details)","Marketing requests","Linkwell Health","Miscellaneous"
2012-08-03,"Adam Hoyle",0.5,"check-in call w/ steve",,,"Linkwell Health","Miscellaneous"
2012-07-31,"Adam Hoyle",0.25,"update microsite importers due to Catalina feed change happening on 8/2",,,"Linkwell Health","Miscellaneous"
2012-07-31,"Adam Hoyle",0.25,"remove duplicate offers from EMC and BCBSMI per Katie",,,"Linkwell Health","Miscellaneous"
2012-07-30,"Adam Hoyle",0.25,"call w/ Steve",,,"Linkwell Health","Miscellaneous"
2012-07-30,"Adam Hoyle",0.5,"weekly status call w/ linkwel",,,"Linkwell Health","Miscellaneous"
2012-07-30,"Adam Hoyle",0.5,"dig up info, initiate transfer [for deleted to-do: ""Move linkwellinc.com to GoDaddy (which has all other domains) and then part ways with Lunar Pages""]",,,"Linkwell Health","Miscellaneous"
2012-07-30,"Adam Hoyle",0.25,"Confirm healthyoptions in dreamhost, delete domains from control panel","Move domain management of linkwellhealth.com and healthcoupons.com","Operations","Linkwell Health","Miscellaneous"
2012-07-27,"Adam Hoyle",1.25,"[for deleted to-do: ""Move linkwellinc.com to GoDaddy (which has all other domains) and then part ways with Lunar Pages""]",,,"Linkwell Health","Miscellaneous"
2012-07-27,"Adam Hoyle",0.25,"call w/ Steve",,,"Linkwell Health","Miscellaneous"
2012-07-26,"Adam Hoyle",1.0,"P&G mockup",,,"Linkwell Health","Miscellaneous"
2012-07-25,"Adam Hoyle",5.0,"meeting w/ Sean and Steve",,,"Linkwell Health","Miscellaneous"
2012-07-23,"Adam Hoyle",0.25,"weekly status call",,,"Linkwell Health","Miscellaneous"
2012-07-23,"Adam Hoyle",1.75,"humana comp drill, finish emails",,,"Linkwell Health","Miscellaneous"
2012-07-23,"Adam Hoyle",0.5,"weekly status call",,,"Linkwell Health","Miscellaneous"
2012-07-20,"Adam Hoyle",1.75,"vitality ipad comps, cms training and review dev progress",,,"Linkwell Health","Miscellaneous"
2012-07-19,"Adam Hoyle",2.25,"Humana comp drill",,,"Linkwell Health","Miscellaneous"
2012-07-19,"Adam Hoyle",1.25,"Humana comp drill",,,"Linkwell Health","Miscellaneous"
2012-07-18,"Adam Hoyle",0.25,"sign and return BAA, update project notes for Humana Vitality drill",,,"Linkwell Health","Miscellaneous"
2012-07-18,"Adam Hoyle",1.0,"review and discuss BAA",,,"Linkwell Health","Miscellaneous"
2012-07-18,"Adam Hoyle",0.5,"Box walkthrough",,,"Linkwell Health","Miscellaneous"
2012-07-17,"Adam Hoyle",0.5,"Box.com account setup",,,"Linkwell Health","Miscellaneous"
2012-07-17,"Adam Hoyle",0.5,"discuss Humana Vitality comp drill with Steve",,,"Linkwell Health","Miscellaneous"
2012-07-16,"Adam Hoyle",0.5,"weekly status call",,,"Linkwell Health","Miscellaneous"
2012-07-13,"Adam Hoyle",0.75,"call w/ WellPoint",,,"Linkwell Health","Miscellaneous"
2012-07-13,"Adam Hoyle",1.25,"review wellpoint comps and requirements",,,"Linkwell Health","Miscellaneous"
2012-07-13,"Adam Hoyle",1.5,"troubleshoot microsite errors on rackspace - ""unable to allocate memory to pool""",,,"Linkwell Health","Miscellaneous"
2012-07-11,"Adam Hoyle",0.5,"review and sign NDA",,,"Linkwell Health","Miscellaneous"
2012-07-10,"Adam Hoyle",0.5,"updates to the click through for BFY to remove margins for Sean's board presentation",,,"Linkwell Health","Miscellaneous"
2012-07-09,"Adam Hoyle",2.75,"unilever slide updates",,,"Linkwell Health","Miscellaneous"
2012-07-09,"Adam Hoyle",0.5,"weekly digital products status call",,,"Linkwell Health","Miscellaneous"
2012-07-09,"Adam Hoyle",0.5,"call w/ Steve and Sean re: board meeting click through",,,"Linkwell Health","Miscellaneous"
2012-07-09,"Adam Hoyle",0.75,"call w/ Steve re: unilever slides",,,"Linkwell Health","Miscellaneous"
2012-07-08,"Adam Hoyle",1.54444,"unilever dove and ragu comps",,,"Linkwell Health","Miscellaneous"
2012-07-06,"Adam Hoyle",0.25,"finish apple app dev enrollment",,,"Linkwell Health","Miscellaneous"
2012-07-06,"Adam Hoyle",2.5,"ragu drill",,,"Linkwell Health","Miscellaneous"
2012-07-06,"Adam Hoyle",1.5,"security and best practices documents",,,"Linkwell Health","Miscellaneous"
2012-07-06,"Adam Hoyle",0.25,"look into referrer issue with Emblem",,,"Linkwell Health","Miscellaneous"
2012-07-06,"Adam Hoyle",0.25,"Call w/ Steve re: Unilever",,,"Linkwell Health","Miscellaneous"
2012-07-05,"Adam Hoyle",0.25,"update Pingdom notification list to include admin@linkwellhealth.com",,,"Linkwell Health","Miscellaneous"
2012-07-05,"Adam Hoyle",0.25,"expire demo passwords",,,"Linkwell Health","Miscellaneous"
2012-07-03,"Adam Hoyle",1.0,"Write backup notes for Regina/security policy",,,"Linkwell Health","Miscellaneous"
2012-07-02,"Adam Hoyle",1.0,"Regina's email about RAID, ECM, file checksums",,,"Linkwell Health","Miscellaneous"
2012-07-02,"Adam Hoyle",2.21722,"WW drill",,,"Linkwell Health","Miscellaneous"
2012-07-02,"Adam Hoyle",2.0,,,,"Linkwell Health","Miscellaneous"
2012-06-28,"Adam Hoyle",0.5,"test Kardea ads",,,"Linkwell Health","Miscellaneous"
2012-06-28,"Adam Hoyle",0.75,"create DNS entries",,,"Linkwell Health","Miscellaneous"
2012-06-25,"Adam Hoyle",1.83944,"create Lipton mockups",,,"Linkwell Health","Miscellaneous"
2012-06-25,"Adam Hoyle",0.758889,"weekly product call",,,"Linkwell Health","Miscellaneous"
2012-06-19,"Adam Hoyle",0.5,"call w/ Steve re: catchup",,,"Linkwell Health","Miscellaneous"
2012-06-18,"Adam Hoyle",1.25,"weekly digital status call",,,"Linkwell Health","Miscellaneous"
2012-06-13,"Adam Hoyle",2.0,"Q&A call w/ Steve",,,"Linkwell Health","Miscellaneous"
2012-06-13,"Adam Hoyle",2.0,"review wellpoint notes, conference call w/ Sean, Regina and Steve",,,"Linkwell Health","Miscellaneous"
2012-06-11,"Adam Hoyle",0.75,"Weekly digital projects status call",,,"Linkwell Health","Miscellaneous"
2012-06-11,"Adam Hoyle",1.5,"outline projects, meeting to review projects with Adam B",,,"Linkwell Health","Miscellaneous"
2012-06-06,"Adam Hoyle",0.5,"project coordination",,,"Linkwell Health","Miscellaneous"
2012-06-05,"Adam Hoyle",1.5,"project coordination",,,"Linkwell Health","Miscellaneous"
2012-06-05,"Adam Hoyle",0.5,"call w/ Wellpoint",,,"Linkwell Health","Miscellaneous"
2012-06-04,"Adam Hoyle",0.75,"call w/ Linkwell to discuss recipe content entry.",,,"Linkwell Health","Miscellaneous"
2012-06-04,"Adam Hoyle",2.0,"weekly status call and prep",,,"Linkwell Health","Miscellaneous"
2012-06-01,"Adam Hoyle",2.5,"project status meeting w/ Sean",,,"Linkwell Health","Miscellaneous"
2012-05-30,"Adam Hoyle",3.75,"troubleshoot duplicate offer errors and mismatch brand errors and implement hot fixes on all sites.",,,"Linkwell Health","Miscellaneous"
2012-05-29,"Adam Hoyle",3.14028,"Create linkwell demo site for plan sales at dev-savings.healthycoupons.com/linkwell",,,"Linkwell Health","Miscellaneous"
2012-05-23,"Adam Hoyle",0.25,"look into firehost usage",,,"Linkwell Health","Miscellaneous"
2012-05-21,"Adam Hoyle",1.0,"weekly digital status call",,,"Linkwell Health","Miscellaneous"
2012-05-17,"Adam Hoyle",0.5,"call to review requirements for LMS and MSV2",,,"Linkwell Health","Miscellaneous"
2012-05-14,"Adam Hoyle",1.0,"weekly status call",,,"Linkwell Health","Miscellaneous"
2012-05-11,"Adam Hoyle",0.833333,"setup, configure, test pingom monitoring",,,"Linkwell Health","Miscellaneous"
2012-05-07,"Adam Hoyle",1.0,"weekly call",,,"Linkwell Health","Miscellaneous"
2012-05-04,"Adam Hoyle",1.75,"meeting w/ Sean",,,"Linkwell Health","Miscellaneous"
2012-04-30,"Adam Hoyle",1.0,"Weekly status call",,,"Linkwell Health","Miscellaneous"
2012-04-23,"Adam Hoyle",0.5,"weekly call",,,"Linkwell Health","Miscellaneous"
2012-04-19,"Adam Hoyle",1.0,"onswipe call",,,"Linkwell Health","Miscellaneous"
2012-04-18,"Adam Hoyle",1.0,"meeting w/ Sean",,,"Linkwell Health","Miscellaneous"
2012-04-12,"Adam Hoyle",1.5,"meeting w/ Sean, conference call w/ Regina",,,"Linkwell Health","Miscellaneous"
2012-03-30,"Adam Hoyle",0.25,"review Fliesch requests with Kyle",,,"Linkwell Health","Miscellaneous"
2012-03-22,"Adam Hoyle",0.5,"coordination and testing re: separation of dev/demo into their own codebases and dbs",,,"Linkwell Health","Miscellaneous"
2012-03-20,"Adam Hoyle",0.5,"client FTP site updates",,,"Linkwell Health","Miscellaneous"
2012-03-15,"Adam Hoyle",5.5,"misc. fixes, updates, questions, support, email and project coordination.",,,"Linkwell Health","Miscellaneous"
2012-03-09,"Adam Hoyle",1.25,"process emails and base camp messages, project coordination",,,"Linkwell Health","Miscellaneous"
2012-03-08,"Adam Hoyle",1.0,"basecamp walkthrough",,,"Linkwell Health","Miscellaneous"
2012-03-08,"Adam Hoyle",0.25,"troubleshoot WP permission issues for site map generation",,,"Linkwell Health","Miscellaneous"
2012-03-07,"Adam Hoyle",1.5,"project review, process emails and notes",,,"Linkwell Health","Miscellaneous"
2012-03-06,"Adam Hoyle",1.0,"setup alias for demo.healthycoupons.com",,,"Linkwell Health","Miscellaneous"
2012-03-06,"Adam Hoyle",1.0,"troubleshoot basecamp and help with account setup for RK",,,"Linkwell Health","Miscellaneous"
2012-03-06,"Adam Hoyle",1.25,"process meeting notes from Regina to basecamp",,,"Linkwell Health","Miscellaneous"
2012-03-05,"Adam Hoyle",0.5,"project coordination",,,"Linkwell Health","Miscellaneous"
2012-03-05,"Adam Hoyle",1.0,"linkwell weekly status call",,,"Linkwell Health","Miscellaneous"
2012-03-04,"Adam Hoyle",4.0,"linkwell client FTP site",,,"Linkwell Health","Miscellaneous"
2012-03-02,"Adam Hoyle",2.0,"troubleshoot and fix WP clean URLs on RS cloud server",,,"Linkwell Health","Miscellaneous"
2012-03-02,"Adam Hoyle",1.0,"investigate Linkwell corporate FTP issues",,,"Linkwell Health","Miscellaneous"
2012-03-02,"Adam Hoyle",1.5,"page mockup for header, footer changes, email status to team, respond to emails, etc.",,,"Linkwell Health","Miscellaneous"
2012-02-29,"Adam Hoyle",4.0,"meeting with Sean, Bill, Dennis",,,"Linkwell Health","Miscellaneous"
2012-02-29,"Adam Hoyle",0.5,"United Healthcare - portal link designs",,,"Linkwell Health","Miscellaneous"
2012-02-28,"Adam Hoyle",8.0,"Linkwell company meeting",,,"Linkwell Health","Miscellaneous"
2012-02-27,"Adam Hoyle",1.5,"project review, process emails and notes",,,"Linkwell Health","Miscellaneous"
2012-02-27,"Adam Hoyle",0.5,"newsletter and microsite design tweaks per Sean/Regina for North Dakota",,,"Linkwell Health","Miscellaneous"
2012-02-24,"Adam Hoyle",0.5,"updates to redirect",,,"Linkwell Health","Miscellaneous"
2012-02-23,"Adam Hoyle",1.0,"conference call w/ Regina, Bill, Sean, Phil to discuss strategic plan, direction, etc.",,,"Linkwell Health","Miscellaneous"
2012-02-23,"Adam Hoyle",0.5,"site review and QA, demo to Sean",,,"Linkwell Health","Miscellaneous"
2012-02-22,"Adam Hoyle",1.25,"change redirect to point to auth.linkwellinc.com/adsys and create static html referrer page per Regina",,,"Linkwell Health","Miscellaneous"
2012-02-21,"Adam Hoyle",1.5,"change redirect for savings.healthycoupons.com/1 to point to auth.linkwellinc.com/adsys, edit httpd.conf so Janerio ROR sites are accessible again, troubleshoot redirect, test, email Regina and Sean",,,"Linkwell Health","Miscellaneous"
2012-02-21,"Adam Hoyle",0.75,"troubleshoot FTP issues with permissions, etc. for WP site",,,"Linkwell Health","Miscellaneous"
2012-02-21,"Adam Hoyle",0.5,"setup new FTP account for WP blog",,,"Linkwell Health","Miscellaneous"
2012-02-21,"Adam Hoyle",3.0,"prep notes and meeting with John and Adam re: linkwell microsites",,,"Linkwell Health","Miscellaneous"
2012-02-17,"Adam Hoyle",3.0,"call w/ Regina, process notes and catchup on BCBSFL issues, implement firehost redirect",,,"Linkwell Health","Miscellaneous"
2012-02-16,"Adam Hoyle",3.0,"research into mobile and loyalty cards, call with Chris Fagan from Keyring",,,"Linkwell Health","Miscellaneous"
2012-02-14,"Adam Hoyle",0.75,"call w/ Impact Radius",,,"Linkwell Health","Miscellaneous"
2012-02-14,"Adam Hoyle",1.5,"mobile couponing research",,,"Linkwell Health","Miscellaneous"
2012-02-13,"Adam Hoyle",7.0,"meeting with Regina, Bill, Sean re: microsite transition",,,"Linkwell Health","Miscellaneous"
2012-02-12,"Adam Hoyle",2.0,"research for catalina coupon feeds, printing functionality, and drupal integration",,,"Linkwell Health","Miscellaneous"
2012-02-10,"Adam Hoyle",1.5,"gain access to firehost account, VPN access and server access via firehost support",,,"Linkwell Health","Miscellaneous"
2012-02-10,"Adam Hoyle",1.0,"tech call w/ Catalina",,,"Linkwell Health","Miscellaneous"
2012-01-20,"Adam Hoyle",0.5,"tweaks per Greg, deliver final file for implementation",,,"Linkwell Health","Miscellaneous"
2012-01-20,"Adam Hoyle",0.5,"homepage mockups for health plan microsites, adding headline above coupon slider",,,"Linkwell Health","Miscellaneous"
2012-01-19,"Adam Hoyle",0.5,"followup with domain seller, confirm transfer",,,"Linkwell Health","Miscellaneous"
2012-01-17,"Adam Hoyle",0.5,"followup on domain transaction with seller and escrow.com",,,"Linkwell Health","Miscellaneous"
2012-01-17,"Adam Hoyle",1.0,"project rundown and status call with Sean, Greg, Justin, Bill",,,"Linkwell Health","Miscellaneous"
2012-01-12,"Adam Hoyle",0.5,"research cloud hosting and email options for Sean",,,"Linkwell Health","Miscellaneous"
2014-06-26,"Adam Hoyle",0.25,"move to Linkwell server",,,"Linkwell Health","Mobile Applications"
2014-06-26,"Adam Hoyle",0.5,"review final IBC comps",,,"Linkwell Health","Mobile Applications"
2014-06-18,"Adam Hoyle",0.5,"review IBC comps",,,"Linkwell Health","Mobile Applications"
2014-01-29,"Adam Hoyle",0.5,"create humana email, bulkcart and plugin screens for steve",,,"Linkwell Health","Mobile Applications"
2014-01-24,"Adam Hoyle",0.5,"look into analytics for coupon prints for steve",,,"Linkwell Health","Mobile Applications"
2014-01-10,"Adam Hoyle",0.25,"review humana design updates, move Humana comps to Linkwell server, ZIP images and send to Steve",,,"Linkwell Health","Mobile Applications"
2014-01-02,"Adam Hoyle",0.5,"review Humana app feedback, post to basecamp",,,"Linkwell Health","Mobile Applications"
2013-12-12,"Adam Hoyle",1.0,"call w/ Steve and Arun to review WTD app wires",,,"Linkwell Health","Mobile Applications"
2013-11-22,"Adam Hoyle",0.75,"install and test new app, check analytics",,,"Linkwell Health","Mobile Applications"
2013-11-14,"Adam Hoyle",0.5,"call w/ Anoop and team",,,"Linkwell Health","Mobile Applications"
2013-11-08,"Adam Hoyle",0.5,"create static coded FAQ, Privacy and About for the app",,,"Linkwell Health","Mobile Applications"
2013-11-08,"Adam Hoyle",0.75,"app status call with anoop, steve, kim, katie",,,"Linkwell Health","Mobile Applications"
2013-11-07,"Adam Hoyle",0.25,"tickets",,,"Linkwell Health","Mobile Applications"
2013-11-05,"Adam Hoyle",1.75,"review email template and update",,,"Linkwell Health","Mobile Applications"
2013-11-05,"Adam Hoyle",0.25,"review assembla tickets",,,"Linkwell Health","Mobile Applications"
2013-11-05,"Adam Hoyle",0.75,"call re: BCBS GA Mobile",,,"Linkwell Health","Mobile Applications"
2013-10-31,"Adam Hoyle",1.25,"call w/ Linkwell and RVS, misc. Linkwell coordination",,,"Linkwell Health","Mobile Applications"
2013-07-02,"Adam Hoyle",0.25,"call re: mobile app progress",,,"Linkwell Health","Mobile Applications"
2013-06-20,"Adam Hoyle",0.75,"troubleshoot broken image in recipe",,,"Linkwell Health","Mobile Applications"
2013-06-19,"Adam Hoyle",0.5,"add Kim's notes to BC for SuperSaver UI changes, discuss with Jay",,,"Linkwell Health","Mobile Applications"
2013-06-17,"Adam Hoyle",0.5,"call w/ Steve",,,"Linkwell Health","Mobile Applications"
2013-06-14,"Adam Hoyle",1.5,"call with kim and steve, project cooridnation",,,"Linkwell Health","Mobile Applications"
2013-06-11,"Adam Hoyle",0.25,"review mobile BCBSGA emails, give Jay feedback",,,"Linkwell Health","Mobile Applications"
2013-06-04,"Adam Hoyle",0.5,"weekly status call w/ Anoop and LWH",,,"Linkwell Health","Mobile Applications"
2013-05-28,"Adam Hoyle",0.5,"weekly status call w/ Anoop and LWH",,,"Linkwell Health","Mobile Applications"
2013-05-16,"Adam Hoyle",0.25,"android app dev status call w/ Anoop, Steve, Kim",,,"Linkwell Health","Mobile Applications"
2013-05-14,"Adam Hoyle",0.5,"coupon printer and recipe print functionality",,,"Linkwell Health","Mobile Applications"
2013-05-10,"Adam Hoyle",0.25,"review comps, send to Steve",,,"Linkwell Health","Mobile Applications"
2013-02-20,"Adam Hoyle",1.0,"finish app wire and sitemap clickthrough",,,"Linkwell Health","Mobile Applications"
2013-01-29,"Adam Hoyle",0.5,"review designs w/ Kyle, email Steve",,,"Linkwell Health","Mobile Applications"
2013-01-24,"Adam Hoyle",0.5,"organize notes and hand-off to Kyle for design",,,"Linkwell Health","Mobile Applications"
2012-12-28,"Adam Hoyle",2.0,"update win the day wires and post",,,"Linkwell Health","Mobile Applications"
2012-12-24,"Adam Hoyle",1.0,"call w/ Steve re: Win the Day wires",,,"Linkwell Health","Mobile Applications"
2012-12-21,"Adam Hoyle",3.0,"Win the Day wireframe revisions",,,"Linkwell Health","Mobile Applications"
2012-12-11,"Adam Hoyle",0.25,"email anoop and steve about the mobile feed",,,"Linkwell Health","Mobile Applications"
2012-11-19,"Adam Hoyle",0.25,"review and send to Steve",,,"Linkwell Health","Mobile Applications"
2012-11-16,"Adam Hoyle",1.39111,"call w/ Steve re: app next steps",,,"Linkwell Health","Mobile Applications"
2012-11-15,"Adam Hoyle",0.35,"create icon and splash screen and email tablish",,,"Linkwell Health","Mobile Applications"
2012-11-14,"Adam Hoyle",0.75,"install and test ad hoc release from tablish",,,"Linkwell Health","Mobile Applications"
2012-11-08,"Adam Hoyle",0.5,"call to discuss mobile app concept with bill and sean",,,"Linkwell Health","Mobile Applications"
2012-11-05,"Adam Hoyle",2.25,"finish app wires, save, create clickthrough, call w/ Steve",,,"Linkwell Health","Mobile Applications"
2012-11-02,"Adam Hoyle",2.25,"updates to Win Today app wires",,,"Linkwell Health","Mobile Applications"
2012-10-30,"Adam Hoyle",0.25,"coordinate digizine design comps with jay and next steps w/ jill",,,"Linkwell Health","Mobile Applications"
2012-10-30,"Adam Hoyle",0.5,"research ipad mag options",,,"Linkwell Health","Mobile Applications"
2012-10-26,"Adam Hoyle",0.5,"Super Saver app QA",,,"Linkwell Health","Mobile Applications"
2012-10-26,"Adam Hoyle",0.25,"move recipe email images to server, send all absolute paths to Anoop",,,"Linkwell Health","Mobile Applications"
2012-10-23,"Adam Hoyle",1.5,"call w/ Steve re: app wires and other misc. items",,,"Linkwell Health","Mobile Applications"
2012-10-23,"Adam Hoyle",5.0,"Win The Day wireframes",,,"Linkwell Health","Mobile Applications"
2012-10-22,"Adam Hoyle",4.0,"Win The Day research and wireframes",,,"Linkwell Health","Mobile Applications"
2012-10-16,"Adam Hoyle",0.25,"package and send recipe HTML email to anoop",,,"Linkwell Health","Mobile Applications"
2012-09-20,"Adam Hoyle",0.75,"save out images for digital magazine",,,"Linkwell Health","Mobile Applications"
2012-09-06,"Adam Hoyle",0.5,"review feeds",,,"Linkwell Health","Mobile Applications"
2012-08-30,"Adam Hoyle",0.25,"review notes and outstanding items from Anoop, pass to Adam B",,,"Linkwell Health","Mobile Applications"
2012-08-13,"Adam Hoyle",0.5,"weekly project status call",,,"Linkwell Health","Mobile Applications"
2012-08-06,"Adam Hoyle",1.0,"facebook and twitter sharing",,,"Linkwell Health","Mobile Applications"
2012-08-06,"Adam Hoyle",0.5,"weekly mobile status call w/ RVS",,,"Linkwell Health","Mobile Applications"
2012-07-30,"Adam Hoyle",0.5,"Weekly status call w/ RVS",,,"Linkwell Health","Mobile Applications"
2012-07-24,"Adam Hoyle",0.5,"weekly status call w/ RVS",,,"Linkwell Health","Mobile Applications"
2012-07-19,"Adam Hoyle",0.5,"review revisions with jay",,,"Linkwell Health","Mobile Applications"
2012-07-17,"Adam Hoyle",0.75,"mobile app feedback call w/ Steve",,,"Linkwell Health","Mobile Applications"
2012-07-16,"Adam Hoyle",0.5,"weekly status call w/ RVS",,,"Linkwell Health","Mobile Applications"
2012-07-12,"Adam Hoyle",0.5,"verify and complete setup of Apple developer account, provide Anoop with credentials",,,"Linkwell Health","Mobile Applications"
2012-07-11,"Adam Hoyle",0.5,"testing first release, reviewing app with Jay, send icon and updated PSD assets to RVS",,,"Linkwell Health","Mobile Applications"
2012-07-09,"Adam Hoyle",0.75,"weekly status call",,,"Linkwell Health","Mobile Applications"
2012-06-25,"Adam Hoyle",0.260278,"Aubmit followup paperwork for Apple developer enrollment",,,"Linkwell Health","Mobile Applications"
2012-06-25,"Adam Hoyle",0.5,"weekly status call",,,"Linkwell Health","Mobile Applications"
2012-06-19,"Adam Hoyle",1.0,"Conference call/screenshare with RVS to review mobile app.",,,"Linkwell Health","Mobile Applications"
2012-06-18,"Adam Hoyle",0.25,"setup iTunes developer account.",,,"Linkwell Health","Mobile Applications"
2012-06-12,"Adam Hoyle",0.5,"review and post full screen recipe design",,,"Linkwell Health","Mobile Applications"
2012-06-11,"Adam Hoyle",0.75,"conference call w/ RVS and LWH",,,"Linkwell Health","Mobile Applications"
2012-06-07,"Adam Hoyle",0.75,"review and discuss latest designs, design feedback, project coordination",,,"Linkwell Health","Mobile Applications"
2012-06-04,"Adam Hoyle",0.5,"Review latest comps with Jay and finalize to post PSD and clickthrough",,,"Linkwell Health","Mobile Applications"
2012-06-04,"Adam Hoyle",1.5,"conference call w/ RVS and LWH",,,"Linkwell Health","Mobile Applications"
2012-05-21,"Adam Hoyle",1.0,"weekly status call w/ RVS",,,"Linkwell Health","Mobile Applications"
2012-05-17,"Adam Hoyle",0.75,"kickoff call w/ Rapid Value",,,"Linkwell Health","Mobile Applications"
2012-04-19,"Adam Hoyle",0.25,"review RV questions",,,"Linkwell Health","Mobile Applications"
2012-04-03,"Adam Hoyle",0.75,"vendor interview - OMR",,,"Linkwell Health","Mobile Applications"
2012-04-02,"Adam Hoyle",1.0,"vendor interview - Ron Guida",,,"Linkwell Health","Mobile Applications"
2012-03-27,"Adam Hoyle",1.75,"project coordination, email template feedback, finalize and post final click-through",,,"Linkwell Health","Mobile Applications"
2012-03-26,"Adam Hoyle",4.75,"app design updates based on rnd. 1 feedback, save and post comps",,,"Linkwell Health","Mobile Applications"
2012-03-25,"Adam Hoyle",2.75,"app design, save and post comps",,,"Linkwell Health","Mobile Applications"
2012-03-24,"Adam Hoyle",3.0,"app design",,,"Linkwell Health","Mobile Applications"
2012-03-23,"Adam Hoyle",2.25,"app research and design",,,"Linkwell Health","Mobile Applications"
2012-04-23,"Adam Hoyle",0.5,"bfy nl updates",,,"Linkwell Health","Newsletters"
2012-04-19,"Adam Hoyle",0.75,"home depot newsletter updates and health challenge site mockup",,,"Linkwell Health","Newsletters"
2012-04-18,"Adam Hoyle",0.75,"nl updates",,,"Linkwell Health","Newsletters"
2012-04-17,"Adam Hoyle",0.5,"begin Home Depot updates",,,"Linkwell Health","Newsletters"
2012-04-17,"Adam Hoyle",1.0,"weekly shopper enewsletter design updates",,,"Linkwell Health","Newsletters"
2012-03-22,"Adam Hoyle",0.5,"review, edit and send email best practices document",,,"Linkwell Health","Newsletters"
2014-12-15,"Adam Hoyle",1.0,"review DM updates, send to Steve",,,"Linkwell Health","Plan Microsites"
2014-12-15,"Adam Hoyle",1.25,"get Jess started on creating commsets",,,"Linkwell Health","Plan Microsites"
2014-12-01,"Adam Hoyle",0.5,"Review and test coupon toggle on dev",,,"Linkwell Health","Plan Microsites"
2014-11-26,"Adam Hoyle",0.5,"test coupon toggle",,,"Linkwell Health","Plan Microsites"
2014-11-18,"Adam Hoyle",0.25,"remove UHC microsite",,,"Linkwell Health","Plan Microsites"
2014-11-06,"Adam Hoyle",0.5,"review Mcomm rebuild on staging",,,"Linkwell Health","Plan Microsites"
2014-11-05,"Adam Hoyle",0.5,"review DM/HW refresh and send to Linkwell",,,"Linkwell Health","Plan Microsites"
2014-11-05,"Adam Hoyle",0.25,"troubleshoot block visibility on snipp",,,"Linkwell Health","Plan Microsites"
2014-11-05,"Adam Hoyle",0.25,"move SNIPP to prod",,,"Linkwell Health","Plan Microsites"
2014-10-30,"Adam Hoyle",0.75,"deployment",,,"Linkwell Health","Plan Microsites"
2014-10-28,"Adam Hoyle",0.25,"quick preview of Mandated rebuild with John",,,"Linkwell Health","Plan Microsites"
2014-10-24,"Adam Hoyle",0.75,"review SNIPP pages, QA, create sidebar block, test, email Steve",,,"Linkwell Health","Plan Microsites"
2014-10-22,"Adam Hoyle",0.25,"test SL button change on prod and QA to make sure nothing else went out",,,"Linkwell Health","Plan Microsites"
2014-10-01,"Adam Hoyle",0.25,"Foods/Beverages to Food/Beverage",,,"Linkwell Health","Plan Microsites"
2014-09-29,"Adam Hoyle",0.5,"Update HBX logo in custom block",,,"Linkwell Health","Plan Microsites"
2014-09-29,"Adam Hoyle",0.5,"create new plan microsite for MHS",,,"Linkwell Health","Plan Microsites"
2014-09-23,"Adam Hoyle",0.75,"update BCBSGA logo",,,"Linkwell Health","Plan Microsites"
2014-09-03,"Adam Hoyle",0.5,"meet with jay, John, Ethan re: shopping list SMS feature",,,"Linkwell Health","Plan Microsites"
2014-09-03,"Adam Hoyle",0.25,"add notes for shopping list ""send to phone""",,,"Linkwell Health","Plan Microsites"
2014-08-29,"Adam Hoyle",0.25,"update logo link on BCBSMI microsite",,,"Linkwell Health","Plan Microsites"
2014-08-28,"Adam Hoyle",1.5,"research SMS APIs",,,"Linkwell Health","Plan Microsites"
2014-08-11,"Adam Hoyle",0.75,"deploy shopping list",,,"Linkwell Health","Plan Microsites"
2014-08-07,"Adam Hoyle",0.5,"misc. project coordination, client emails",,,"Linkwell Health","Plan Microsites"
2014-08-04,"Adam Hoyle",0.25,"replcae BCBSLA logo, move to prod, email client",,,"Linkwell Health","Plan Microsites"
2014-07-30,"Adam Hoyle",0.75,"multiple cache clears for Katie, respond re: proper usage of content filter, update and test",,,"Linkwell Health","Plan Microsites"
2014-07-29,"Adam Hoyle",0.75,"create Humana and IBX microsites and launch",,,"Linkwell Health","Plan Microsites"
2014-07-24,"Adam Hoyle",0.5,"process shopping list feedback and notes from Arun",,,"Linkwell Health","Plan Microsites"
2014-07-21,"Adam Hoyle",0.75,"test, email client","Develop a solution for deep-linking to an iframe'd page within Serve it Up microsite (see comment for details)","Dev.","Linkwell Health","Plan Microsites"
2014-07-21,"Adam Hoyle",0.25,"add notes re: Articles and Recipes for special programs",,,"Linkwell Health","Plan Microsites"
2014-07-21,"Adam Hoyle",0.25,"review merged HW article content branch on staging",,,"Linkwell Health","Plan Microsites"
2014-07-21,"Adam Hoyle",0.75,"review 508 compliance updates",,,"Linkwell Health","Plan Microsites"
2014-07-21,"Adam Hoyle",0.5,"research and add notes for Premera deep linking iframe",,,"Linkwell Health","Plan Microsites"
2014-07-17,"Adam Hoyle",0.5,"move to prod","Add custom logo block for BCBS Michigan (see comment for details)","Dev.","Linkwell Health","Plan Microsites"
2014-07-16,"Adam Hoyle",0.5,"bcbsmi comps and answer aruns questions",,,"Linkwell Health","Plan Microsites"
2014-07-16,"Adam Hoyle",1.0,"BCBS Michigan cutom logo block",,,"Linkwell Health","Plan Microsites"
2014-07-15,"Adam Hoyle",0.25,"review custom HW Article content (for VZ)",,,"Linkwell Health","Plan Microsites"
2014-07-15,"Adam Hoyle",0.75,"Review shopping list on dev, email linkwell",,,"Linkwell Health","Plan Microsites"
2014-07-09,"Adam Hoyle",0.75,"add 1800 contacts block to dev",,,"Linkwell Health","Plan Microsites"
2014-06-26,"Adam Hoyle",1.25,"update plan microsite custmization guide",,,"Linkwell Health","Plan Microsites"
2014-06-25,"Adam Hoyle",0.75,"shopping list QA",,,"Linkwell Health","Plan Microsites"
2014-06-24,"Adam Hoyle",0.75,"shopping list QA",,,"Linkwell Health","Plan Microsites"
2014-06-20,"Adam Hoyle",0.5,"create comp for IBC homepage",,,"Linkwell Health","Plan Microsites"
2014-06-19,"Adam Hoyle",0.75,"review shopping list with john and discuss php warning fixes",,,"Linkwell Health","Plan Microsites"
2014-06-18,"Adam Hoyle",0.5,"QA",,,"Linkwell Health","Plan Microsites"
2014-06-18,"Adam Hoyle",0.25,"BCBSLA microsite",,,"Linkwell Health","Plan Microsites"
2014-06-11,"Adam Hoyle",0.5,"review on staging","Increase the number of custom plan site links from 3 to 6.","Dev.","Linkwell Health","Plan Microsites"
2014-06-09,"Adam Hoyle",0.75,"verify meta tag and more research",,,"Linkwell Health","Plan Microsites"
2014-06-09,"Adam Hoyle",0.5,"call re: 508",,,"Linkwell Health","Plan Microsites"
2014-06-04,"Adam Hoyle",2.75,"508 audit",,,"Linkwell Health","Plan Microsites"
2014-06-04,"Adam Hoyle",3.75,"compliance audit",,,"Linkwell Health","Plan Microsites"
2014-06-03,"Adam Hoyle",0.5,"deploy and test printing updates.",,,"Linkwell Health","Plan Microsites"
2014-06-03,"Adam Hoyle",1.0,"print and review designs with John","Implement ""Build Your Shopping List"" feature (see comment)","Dev.","Linkwell Health","Plan Microsites"
2014-06-03,"Adam Hoyle",0.75,,"Create new microsite for BCBSLA (see comment)","Dev.","Linkwell Health","Plan Microsites"
2014-05-21,"Adam Hoyle",0.5,"call re: 508 compliance",,,"Linkwell Health","Plan Microsites"
2014-05-21,"Adam Hoyle",0.75,"review 508 compliance",,,"Linkwell Health","Plan Microsites"
2014-05-06,"Adam Hoyle",0.75,"test block bug fix on staging",,,"Linkwell Health","Plan Microsites"
2014-04-29,"Adam Hoyle",0.5,"cache work",,,"Linkwell Health","Plan Microsites"
2014-04-29,"Adam Hoyle",0.75,"QA and minor updates (links, fonts, image paths)","Design (and code) an HTML email and Word doc (yes, you read that correctly) to promote the BCBSGA SuperSaver App","Dev.","Linkwell Health","Plan Microsites"
2014-04-24,"Adam Hoyle",0.25,"troubleshoot broken image on new recipe UHC by Katie",,,"Linkwell Health","Plan Microsites"
2014-04-15,"Adam Hoyle",0.5,"deploy bcbsga app promo banners",,,"Linkwell Health","Plan Microsites"
2014-04-14,"Adam Hoyle",0.5,"create blocks in prod",,,"Linkwell Health","Plan Microsites"
2014-04-14,"Adam Hoyle",0.25,"bcbsga app promo block coordination",,,"Linkwell Health","Plan Microsites"
2014-04-14,"Adam Hoyle",0.25,,,,"Linkwell Health","Plan Microsites"
2014-04-01,"Adam Hoyle",0.75,"review shopping list updates, create click-through, send to client",,,"Linkwell Health","Plan Microsites"
2014-03-31,"Adam Hoyle",0.25,"review shopping list updates with Jess",,,"Linkwell Health","Plan Microsites"
2014-03-24,"Adam Hoyle",0.5,"create and post clickthrough","Updates to Shopping List Tool comps (see comment for notes/feedback)","Design","Linkwell Health","Plan Microsites"
2014-03-24,"Adam Hoyle",0.25,"review shopping list",,,"Linkwell Health","Plan Microsites"
2014-03-24,"Adam Hoyle",1.25,"launch new microsite for The Hartford, troubleshoot",,,"Linkwell Health","Plan Microsites"
2014-03-24,"Adam Hoyle",0.25,"review shopping list feature updates",,,"Linkwell Health","Plan Microsites"
2014-03-12,"Adam Hoyle",0.25,"add colors for NHHF and Celticare","Move plan site secondary accent colors to prod.","Dev.","Linkwell Health","Plan Microsites"
2014-03-11,"Adam Hoyle",0.5,"review, create clickthrough","Design comps showing proposed updates to Shopping List (Grocery Server) tool (see comment for details)","Design","Linkwell Health","Plan Microsites"
2014-03-11,"Adam Hoyle",0.5,"review designs, meet with Jess and Nicole","Design comps showing proposed updates to Shopping List (Grocery Server) tool (see comment for details)","Design","Linkwell Health","Plan Microsites"
2014-02-28,"Adam Hoyle",0.5,"QA secondary color, update microsites, send to Arun and Steve for review",,,"Linkwell Health","Plan Microsites"
2014-01-06,"Adam Hoyle",0.5,"review and QA Grocery Server on dev",,,"Linkwell Health","Plan Microsites"
2013-12-20,"Adam Hoyle",0.75,,"Create Humana MLR landing page (see comment for details)","Design","Linkwell Health","Plan Microsites"
2013-12-20,"Adam Hoyle",0.5,"copy updates","Create Humana MLR landing page (see comment for details)","Design","Linkwell Health","Plan Microsites"
2013-12-18,"Adam Hoyle",0.45,"update copy and text formatting on Humana landing page, text, move to prod, send emails",,,"Linkwell Health","Plan Microsites"
2013-12-18,"Adam Hoyle",1.0,"humana2014 splash page firedrill",,,"Linkwell Health","Plan Microsites"
2013-12-16,"Adam Hoyle",1.0,"review content, add to Basecamp, create microsite on prod, create landing page placeholder on prod, create symlink, update settings file with new case switcher","Create Humana MLR landing page (see comment for details)","Design","Linkwell Health","Plan Microsites"
2013-12-13,"Adam Hoyle",1.0,"move UYW to prod",,,"Linkwell Health","Plan Microsites"
2013-12-11,"Adam Hoyle",1.0,"review status on plan site phase 2, release 1, QA articles on dev",,,"Linkwell Health","Plan Microsites"
2013-12-03,"Adam Hoyle",0.75,"new microsite for New Hampshire families",,,"Linkwell Health","Plan Microsites"
2013-11-26,"Adam Hoyle",1.0,"plan site 2.0, phase 2, coordination, client emails",,,"Linkwell Health","Plan Microsites"
2013-11-04,"Adam Hoyle",0.75,,,,"Linkwell Health","Plan Microsites"
2013-10-31,"Adam Hoyle",0.25,"misc. post launch coordination, get taxonomy back",,,"Linkwell Health","Plan Microsites"
2013-10-31,"Adam Hoyle",0.25,"re-upload all plan site landing page images",,,"Linkwell Health","Plan Microsites"
2013-10-30,"Adam Hoyle",4.0,"plan site 2.0 deployment",,,"Linkwell Health","Plan Microsites"
2013-10-30,"Adam Hoyle",0.25,"prep for deployment, save and organize all logos",,,"Linkwell Health","Plan Microsites"
2013-10-23,"Adam Hoyle",0.5,"update FEP logo per KJ",,,"Linkwell Health","Plan Microsites"
2013-10-23,"Adam Hoyle",2.5,"assembla tickets",,,"Linkwell Health","Plan Microsites"
2013-10-21,"Adam Hoyle",1.25,"review assembla tickets",,,"Linkwell Health","Plan Microsites"
2013-10-18,"Adam Hoyle",7.0,"misc. plan site coordination, QA, review. marketing requests and coordination, client emails",,,"Linkwell Health","Plan Microsites"
2013-10-17,"Adam Hoyle",6.0,"",,,"Linkwell Health","Plan Microsites"
2013-10-15,"Adam Hoyle",0.75,"call w/ Steve, check in on QA",,,"Linkwell Health","Plan Microsites"
2013-10-11,"Adam Hoyle",2.0,,,,"Linkwell Health","Plan Microsites"
2013-10-11,"Adam Hoyle",0.5,,,,"Linkwell Health","Plan Microsites"
2013-10-11,"Adam Hoyle",2.25,,,,"Linkwell Health","Plan Microsites"
2013-10-10,"Adam Hoyle",1.75,"add responsive DM landing page code to dev from Kyle's local",,,"Linkwell Health","Plan Microsites"
2013-10-10,"Adam Hoyle",0.75,"status call w/ Steve, Katie, Kim",,,"Linkwell Health","Plan Microsites"
2013-10-10,"Adam Hoyle",0.25,"GA help for Katie",,,"Linkwell Health","Plan Microsites"
2013-10-10,"Adam Hoyle",0.25,,,,"Linkwell Health","Plan Microsites"
2013-10-10,"Adam Hoyle",0.25,"meet with Kyle re: prioritizing remaining tickets",,,"Linkwell Health","Plan Microsites"
2013-10-10,"Adam Hoyle",0.25,"add HR node IDS to microsite theme branch",,,"Linkwell Health","Plan Microsites"
2013-10-10,"Adam Hoyle",1.0,"grab node IDs for HR articles for fall DM, update varblock module",,,"Linkwell Health","Plan Microsites"
2013-10-10,"Adam Hoyle",1.25,"type test scenarios for new plan site",,,"Linkwell Health","Plan Microsites"
2013-10-09,"Adam Hoyle",2.25,"QA, call with Steve, Katie, Kim",,,"Linkwell Health","Plan Microsites"
2013-10-08,"Adam Hoyle",1.75,"review QA for plan site 2.0, call with Kim, Steve, Katie",,,"Linkwell Health","Plan Microsites"
2013-10-03,"Adam Hoyle",1.25,"email to steve with plan site redesign status",,,"Linkwell Health","Plan Microsites"
2013-10-03,"Adam Hoyle",2.5,"review open items, work on email copy, create landing page URL list and expected results",,,"Linkwell Health","Plan Microsites"
2013-10-02,"Adam Hoyle",1.5,"meet with Kyle and Adam to review outstanding dev priorities and assign tasks",,,"Linkwell Health","Plan Microsites"
2013-10-02,"Adam Hoyle",0.25,"type notes for desireduser-flow for printing/emailing coupons on mobile devices.",,,"Linkwell Health","Plan Microsites"
2013-10-01,"Adam Hoyle",0.25,"pull landing page images for Kyle",,,"Linkwell Health","Plan Microsites"
2013-10-01,"Adam Hoyle",0.25,"coordinate plan site next steps, look at site on tablet and iphone portrait",,,"Linkwell Health","Plan Microsites"
2013-09-25,"Adam Hoyle",2.0,"meet w/ Adam and Kyle",,,"Linkwell Health","Plan Microsites"
2013-09-25,"Adam Hoyle",1.25,"review plan site QA and make notes",,,"Linkwell Health","Plan Microsites"
2013-09-23,"Adam Hoyle",1.5,"review progress, start QA",,,"Linkwell Health","Plan Microsites"
2013-09-23,"Adam Hoyle",0.5,"review coupon layout with Kyle",,,"Linkwell Health","Plan Microsites"
2013-09-06,"Adam Hoyle",2.25,"timline notes for Steve",,,"Linkwell Health","Plan Microsites"
2013-09-05,"Adam Hoyle",1.0,"update customization guide document",,,"Linkwell Health","Plan Microsites"
2013-09-04,"Adam Hoyle",2.5,"create plan site customizaton notes for Katie",,,"Linkwell Health","Plan Microsites"
2013-07-16,"Adam Hoyle",0.75,"review plan site redesign feedback with Steve and KYle",,,"Linkwell Health","Plan Microsites"
2013-07-12,"Adam Hoyle",0.5,"review latest comps, send feedback to Kyle",,,"Linkwell Health","Plan Microsites"
2013-07-11,"Adam Hoyle",0.75,,,,"Linkwell Health","Plan Microsites"
2013-07-11,"Adam Hoyle",1.0,"review plan site redesign with Kyle",,,"Linkwell Health","Plan Microsites"
2013-07-02,"Adam Hoyle",0.75,"add plan site feedback for Kyle",,,"Linkwell Health","Plan Microsites"
2013-06-03,"Adam Hoyle",0.25,"review updated designs, email Steve",,,"Linkwell Health","Plan Microsites"
2013-05-30,"Adam Hoyle",0.5,"review comps, checkin with Kyle",,,"Linkwell Health","Plan Microsites"
2013-05-28,"Adam Hoyle",0.75,"review/refresh on notes, meet with Kyle to review feedback on plan site redesign",,,"Linkwell Health","Plan Microsites"
2013-05-22,"Adam Hoyle",2.0,"meeting at linkwell",,,"Linkwell Health","Plan Microsites"
2013-05-20,"Adam Hoyle",0.5,"review comps, meet with Kyle",,,"Linkwell Health","Plan Microsites"
2013-04-23,"Adam Hoyle",0.5,"Plan site redesign meeting with Kyle",,,"Linkwell Health","Plan Microsites"
2013-04-02,"Adam Hoyle",0.75,"review moodboard, discuss with Kyle, send to Steve",,,"Linkwell Health","Plan Microsites"
2013-03-27,"Adam Hoyle",0.75,"review wireframes",,,"Linkwell Health","Plan Microsites"
2013-03-14,"Adam Hoyle",0.5,"review homepage, plan with Kyle",,,"Linkwell Health","Plan Microsites"
2013-03-12,"Adam Hoyle",0.5,"review moodboards with Kyle",,,"Linkwell Health","Plan Microsites"
2013-03-10,"Adam Hoyle",1.25,"review wireframes, meet w/ Kyle",,,"Linkwell Health","Plan Microsites"
2013-03-05,"Adam Hoyle",0.5,"review content inventory updates",,,"Linkwell Health","Plan Microsites"
2013-03-05,"Adam Hoyle",1.5,"review content inventory, moodboard",,,"Linkwell Health","Plan Microsites"
2013-02-21,"Adam Hoyle",0.25,"discuss moodboard and wires w/ Kyle",,,"Linkwell Health","Plan Microsites"
2013-01-31,"Adam Hoyle",0.5,"talk to kyle about IA/content strategy work",,,"Linkwell Health","Plan Microsites"
2013-01-31,"Adam Hoyle",1.75,"work on outline project requirements, prepare project brief",,,"Linkwell Health","Plan Microsites"
2013-01-28,"Adam Hoyle",3.5,"outline project requirements, prepare project brief",,,"Linkwell Health","Plan Microsites"
2013-01-22,"Adam Hoyle",0.5,"Project setup",,,"Linkwell Health","Plan Microsites"
2013-10-17,"Adam Hoyle",4.25,"humana vitality, serve it up comps, call w/ Kim",,,"Linkwell Health","Plan Microsites 1.0"
2013-10-14,"Adam Hoyle",1.25,"re-test DM, update HR nids for landing pages, re-test, email LWH",,,"Linkwell Health","Plan Microsites 1.0"
2013-09-26,"Adam Hoyle",1.0,"review and respond to Kim Jone's email re: DM",,,"Linkwell Health","Plan Microsites 1.0"
2013-09-19,"Adam Hoyle",3.0,"meeting with steve and katie",,,"Linkwell Health","Plan Microsites 1.0"
2013-09-18,"Adam Hoyle",0.5,"updates for HW formnums per Kim",,,"Linkwell Health","Plan Microsites 1.0"
2013-09-17,"Adam Hoyle",0.5,"HW article copy updates per Kim",,,"Linkwell Health","Plan Microsites 1.0"
2013-09-17,"Adam Hoyle",0.5,"responsive chat re: plan sites",,,"Linkwell Health","Plan Microsites 1.0"
2013-09-17,"Adam Hoyle",0.5,"update generic coupon image for HW email, and update redirect in LMS",,,"Linkwell Health","Plan Microsites 1.0"
2013-09-17,"Adam Hoyle",0.25,"fix typos in program name block",,,"Linkwell Health","Plan Microsites 1.0"
2013-09-16,"Adam Hoyle",0.75,"update all carrot lists to bulleted lists and pull to prod",,,"Linkwell Health","Plan Microsites 1.0"
2013-09-16,"Adam Hoyle",0.5,"Updates to HW incentive copy, pull changes to prod, spot-check, landing page headline tweak",,,"Linkwell Health","Plan Microsites 1.0"
2013-09-13,"Adam Hoyle",1.0,"Updated and QA for HW definitions, reply to Kim",,,"Linkwell Health","Plan Microsites 1.0"
2013-09-12,"Adam Hoyle",1.5,"project coordination and client emails",,,"Linkwell Health","Plan Microsites 1.0"
2013-09-12,"Adam Hoyle",0.5,"send HW to KJ for QA",,,"Linkwell Health","Plan Microsites 1.0"
2013-09-12,"Adam Hoyle",2.75,"fix/finish HW definitions and test",,,"Linkwell Health","Plan Microsites 1.0"
2013-09-11,"Adam Hoyle",2.0,"update HW definitions",,,"Linkwell Health","Plan Microsites 1.0"
2013-09-09,"Adam Hoyle",1.25,"review DM emails, send to Kim",,,"Linkwell Health","Plan Microsites 1.0"
2013-09-06,"Adam Hoyle",0.5,"project coordination, client emails",,,"Linkwell Health","Plan Microsites 1.0"
2013-09-05,"Adam Hoyle",0.5,"call w/ Steve",,,"Linkwell Health","Plan Microsites 1.0"
2013-09-05,"Adam Hoyle",0.25,"review DM links and send to Kim",,,"Linkwell Health","Plan Microsites 1.0"
2013-09-05,"Adam Hoyle",0.25,"review landing pages, articles and discuss email requirements with Kyle",,,"Linkwell Health","Plan Microsites 1.0"
2013-09-03,"Adam Hoyle",1.25,"check DM article content, create inline images, add header images",,,"Linkwell Health","Plan Microsites 1.0"
2013-09-03,"Adam Hoyle",1.0,"project coordination, respond to emails, type up notes for HW for implementation",,,"Linkwell Health","Plan Microsites 1.0"
2013-08-30,"Adam Hoyle",0.75,"create image assets for DM emails",,,"Linkwell Health","Plan Microsites 1.0"
2013-08-30,"Adam Hoyle",0.5,"project coordination for DM",,,"Linkwell Health","Plan Microsites 1.0"
2013-08-29,"Adam Hoyle",0.75,"create DM landing page nodes",,,"Linkwell Health","Plan Microsites 1.0"
2013-08-29,"Adam Hoyle",1.0,"add images for HW",,,"Linkwell Health","Plan Microsites 1.0"
2013-08-28,"Adam Hoyle",2.0,"project coordination for HW, DM and Plan Site Redesign",,,"Linkwell Health","Plan Microsites 1.0"
2013-08-27,"Adam Hoyle",4.0,"project coordination, client emails, create HW articles and landing pages",,,"Linkwell Health","Plan Microsites 1.0"
2013-08-27,"Adam Hoyle",0.75,"project coordination, client emails",,,"Linkwell Health","Plan Microsites 1.0"
2013-08-26,"Adam Hoyle",1.0,"call w/ LWH re: DM/HW",,,"Linkwell Health","Plan Microsites 1.0"
2013-08-26,"Adam Hoyle",2.0,"project coordination, respond to emails, review DM comps",,,"Linkwell Health","Plan Microsites 1.0"
2013-08-21,"Adam Hoyle",0.75,"call with NPS",,,"Linkwell Health","Plan Microsites 1.0"
2013-08-20,"Adam Hoyle",4.5,"HW and DM requirements",,,"Linkwell Health","Plan Microsites 1.0"
2013-08-19,"Adam Hoyle",1.25,"update content matrix",,,"Linkwell Health","Plan Microsites 1.0"
2013-08-19,"Adam Hoyle",1.75,"process emails from Kim Jones",,,"Linkwell Health","Plan Microsites 1.0"
2013-08-19,"Adam Hoyle",0.5,"project coordination for HW and DM, update basecamp, respond to emails",,,"Linkwell Health","Plan Microsites 1.0"
2013-08-13,"Adam Hoyle",1.25,"work on getting DM onto Demo plus and put links together for Steve",,,"Linkwell Health","Plan Microsites 1.0"
2013-08-12,"Adam Hoyle",1.0,"create 2 new microsites - Excellus",,,"Linkwell Health","Plan Microsites 1.0"
2013-08-05,"Adam Hoyle",1.25,"review HW notes from Kim and Angela, respond",,,"Linkwell Health","Plan Microsites 1.0"
2013-07-30,"Adam Hoyle",1.0,"project coordination for HW, add to basecamp, work with Ashley on content entry",,,"Linkwell Health","Plan Microsites 1.0"
2013-07-30,"Adam Hoyle",2.5,"monitor servers for DM blast",,,"Linkwell Health","Plan Microsites 1.0"
2013-07-30,"Adam Hoyle",0.25,"look into SSL issue reported by Kim",,,"Linkwell Health","Plan Microsites 1.0"
2013-07-23,"Adam Hoyle",1.0,"articles for next WLP program, see email from Kim, add projects to Basecamp",,,"Linkwell Health","Plan Microsites 1.0"
2013-07-23,"Adam Hoyle",0.25,"look into DM feedback from Katie… bad link in header CTA",,,"Linkwell Health","Plan Microsites 1.0"
2013-07-23,"Adam Hoyle",0.25,"call w/ steve to review plan site updates",,,"Linkwell Health","Plan Microsites 1.0"
2013-07-23,"Adam Hoyle",1.0,"review plan sites with Kyle",,,"Linkwell Health","Plan Microsites 1.0"
2013-07-23,"Adam Hoyle",0.25,"call w/ Katie re: adding offers to DM landing pages",,,"Linkwell Health","Plan Microsites 1.0"
2013-07-22,"Adam Hoyle",0.75,"assign chobani coupon to SG, update redirect, rename featured coupon image on server, test redirects, review DM coupon assignments, respond and coordinate QA",,,"Linkwell Health","Plan Microsites 1.0"
2013-07-18,"Adam Hoyle",1.75,"project coordination, process email, client communication",,,"Linkwell Health","Plan Microsites 1.0"
2013-07-18,"Adam Hoyle",0.5,"project coordination, process email, client communication",,,"Linkwell Health","Plan Microsites 1.0"
2013-07-17,"Adam Hoyle",0.5,"look into content filtering for custom privacy policies",,,"Linkwell Health","Plan Microsites 1.0"
2013-07-17,"Adam Hoyle",0.5,"testing and updates, monitor and QA test emails from ET for Mandated",,,"Linkwell Health","Plan Microsites 1.0"
2013-07-17,"Adam Hoyle",0.5,"SG offers for ET test email",,,"Linkwell Health","Plan Microsites 1.0"
2013-07-16,"Adam Hoyle",0.25,"add disclaimers to plan sites",,,"Linkwell Health","Plan Microsites 1.0"
2013-07-16,"Adam Hoyle",0.25,"call w/ Steve",,,"Linkwell Health","Plan Microsites 1.0"
2013-07-16,"Adam Hoyle",0.75,"call with LWH re: Healthy Woman",,,"Linkwell Health","Plan Microsites 1.0"
2013-07-16,"Adam Hoyle",0.5,"article tweak for Mandated per Kim, send email about related coupons",,,"Linkwell Health","Plan Microsites 1.0"
2013-07-15,"Adam Hoyle",2.0,"review Mandated notes and QA from Angela",,,"Linkwell Health","Plan Microsites 1.0"
2013-07-11,"Adam Hoyle",0.25,"client emails re: form numbers and other QA",,,"Linkwell Health","Plan Microsites 1.0"
2013-07-11,"Adam Hoyle",0.25,"review and respond to SG QA",,,"Linkwell Health","Plan Microsites 1.0"
2013-07-10,"Adam Hoyle",0.25,"more QA on SG, prep to send to client",,,"Linkwell Health","Plan Microsites 1.0"
2013-07-10,"Adam Hoyle",0.75,"more QA on SG, prep to send to client",,,"Linkwell Health","Plan Microsites 1.0"
2013-07-10,"Adam Hoyle",0.5,"review DM feedback, add to BC, email Linkwell",,,"Linkwell Health","Plan Microsites 1.0"
2013-07-10,"Adam Hoyle",2.25,"check all commsets, create list of URLs with commset param, add SG images to editorial articles, early QA of commsets",,,"Linkwell Health","Plan Microsites 1.0"
2013-07-09,"Adam Hoyle",0.5,"add SG images to editorial articles, email Linkwell re: photo rights",,,"Linkwell Health","Plan Microsites 1.0"
2013-07-09,"Adam Hoyle",2.0,"SG/mandated content updates, review commsets",,,"Linkwell Health","Plan Microsites 1.0"
2013-07-09,"Adam Hoyle",0.5,"project coordination, respond to emails",,,"Linkwell Health","Plan Microsites 1.0"
2013-07-08,"Adam Hoyle",3.25,"add blanks for all mandated content, check all missing node IDs",,,"Linkwell Health","Plan Microsites 1.0"
2013-07-02,"Adam Hoyle",0.75,"call w/ Steve",,,"Linkwell Health","Plan Microsites 1.0"
2013-07-01,"Adam Hoyle",2.0,"check DM content and add salmon recipes",,,"Linkwell Health","Plan Microsites 1.0"
2013-06-27,"Adam Hoyle",1.0,"review plan site with Adam B",,,"Linkwell Health","Plan Microsites 1.0"
2013-06-26,"Adam Hoyle",1.0,"review mandated on dev",,,"Linkwell Health","Plan Microsites 1.0"
2013-06-26,"Adam Hoyle",0.25,"add outline to content area B",,,"Linkwell Health","Plan Microsites 1.0"
2013-06-26,"Adam Hoyle",0.75,"call re: Mandated/SG content",,,"Linkwell Health","Plan Microsites 1.0"
2013-06-26,"Adam Hoyle",1.75,"review DM content/link matrix",,,"Linkwell Health","Plan Microsites 1.0"
2013-06-25,"Adam Hoyle",0.5,"review DM content matrix",,,"Linkwell Health","Plan Microsites 1.0"
2013-06-25,"Adam Hoyle",0.5,"create clickthrough for plan site updates for branding",,,"Linkwell Health","Plan Microsites 1.0"
2013-06-24,"Adam Hoyle",1.25,"setup redirects for mandated coupon offer, put image on server",,,"Linkwell Health","Plan Microsites 1.0"
2013-06-20,"Adam Hoyle",0.5,"call w/ Steve & Kim",,,"Linkwell Health","Plan Microsites 1.0"
2013-06-20,"Adam Hoyle",1.0,"call w/ Steve and Kim",,,"Linkwell Health","Plan Microsites 1.0"
2013-06-20,"Adam Hoyle",2.0,"review and prep for mandated, meet with balsam",,,"Linkwell Health","Plan Microsites 1.0"
2013-06-19,"Adam Hoyle",1.0,"update mailchimp forms for UHC",,,"Linkwell Health","Plan Microsites 1.0"
2013-06-19,"Adam Hoyle",0.25,"update sprite png for email signup[",,,"Linkwell Health","Plan Microsites 1.0"
2013-06-19,"Adam Hoyle",0.75,"setup new list in mailchimp for UHC, add details to Basecmao",,,"Linkwell Health","Plan Microsites 1.0"
2013-06-17,"Adam Hoyle",0.25,"remove DNS entry for local.bfy, test password on dev.bfy",,,"Linkwell Health","Plan Microsites 1.0"
2013-06-17,"Adam Hoyle",0.5,"test URL rewrite rule",,,"Linkwell Health","Plan Microsites 1.0"
2013-06-17,"Adam Hoyle",1.0,"finish content matrix for Kim Jones - DM",,,"Linkwell Health","Plan Microsites 1.0"
2013-06-16,"Adam Hoyle",2.0,"create content matrix for DM",,,"Linkwell Health","Plan Microsites 1.0"
2013-06-13,"Adam Hoyle",0.25,"create high and low risk DM landing page",,,"Linkwell Health","Plan Microsites 1.0"
2013-06-11,"Adam Hoyle",2.25,"updates to LWH coporate email","Cut image assets from DM and Mandated emails and send to Exact Target","Wellpoint - Mandated Communications - Summer 2013","Linkwell Health","Plan Microsites 1.0"
2013-06-11,"Adam Hoyle",1.75,"documentation page for remote managed offers for emails",,,"Linkwell Health","Plan Microsites 1.0"
2013-06-05,"Adam Hoyle",0.75,"Review DM pages, send links to Kim",,,"Linkwell Health","Plan Microsites 1.0"
2013-06-05,"Adam Hoyle",0.75,"create new microsite for blue365, redirect traffic to offer detail page on plan microsite",,,"Linkwell Health","Plan Microsites 1.0"
2013-06-04,"Adam Hoyle",1.0,"review mandated updates",,,"Linkwell Health","Plan Microsites 1.0"
2013-06-03,"Adam Hoyle",1.75,"check DM articles, add images, email KJ the links",,,"Linkwell Health","Plan Microsites 1.0"
2013-06-03,"Adam Hoyle",1.0,"review updated designs, call with steve re: mandated feedback",,,"Linkwell Health","Plan Microsites 1.0"
2013-06-03,"Adam Hoyle",1.75,,"Develop a solution for the remote-serving of coupon images and offer URLs for DM emails (see comment for details)","Wellpoint - Disease Management Program - Summer 2013","Linkwell Health","Plan Microsites 1.0"
2013-06-03,"Adam Hoyle",0.25,"review coded feature article area, move to pastein format",,,"Linkwell Health","Plan Microsites 1.0"
2013-06-02,"Adam Hoyle",2.0,"add DM content",,,"Linkwell Health","Plan Microsites 1.0"
2013-06-01,"Adam Hoyle",1.25,"add DM content",,,"Linkwell Health","Plan Microsites 1.0"
2013-05-31,"Adam Hoyle",0.5,"prep for meeting with Sean",,,"Linkwell Health","Plan Microsites 1.0"
2013-05-30,"Adam Hoyle",1.25,"package DM HTML emails for Kim",,,"Linkwell Health","Plan Microsites 1.0"
2013-05-28,"Adam Hoyle",0.75,"review comps, discuss feedback with Kyle, move mandated comps to LWH server and send updated links to Steve",,,"Linkwell Health","Plan Microsites 1.0"
2013-05-22,"Adam Hoyle",2.75,"project coordination, client emails, test API, review project status and prioritize upcoming todos",,,"Linkwell Health","Plan Microsites 1.0"
2013-05-14,"Adam Hoyle",0.5,"project coordination",,,"Linkwell Health","Plan Microsites 1.0"
2013-05-14,"Adam Hoyle",1.75,"pm on disease management and mandated",,,"Linkwell Health","Plan Microsites 1.0"
2013-05-14,"Adam Hoyle",1.75,"create plan landing pages for DM",,,"Linkwell Health","Plan Microsites 1.0"
2013-05-13,"Adam Hoyle",0.5,"project coordination for Humana SmartSummary",,,"Linkwell Health","Plan Microsites 1.0"
2013-05-13,"Adam Hoyle",0.5,"call w/ steve to review mandated comps",,,"Linkwell Health","Plan Microsites 1.0"
2013-05-13,"Adam Hoyle",0.25,"create test microsite for Humana",,,"Linkwell Health","Plan Microsites 1.0"
2013-05-10,"Adam Hoyle",1.75,"project coordination",,,"Linkwell Health","Plan Microsites 1.0"
2013-05-03,"Adam Hoyle",1.5,"final tweaks and updates to DM article and landing page, review comps, make notes on updates needed to landing page and articles in LMS",,,"Linkwell Health","Plan Microsites 1.0"
2013-05-02,"Adam Hoyle",0.5,"review comps, project coordination",,,"Linkwell Health","Plan Microsites 1.0"
2013-05-01,"Adam Hoyle",1.5,"project coordination, client emails, updates to basecamp",,,"Linkwell Health","Plan Microsites 1.0"
2013-04-30,"Adam Hoyle",0.75,"project coordination, feedback and work with Kyle on DM program designs",,,"Linkwell Health","Plan Microsites 1.0"
2013-04-26,"Adam Hoyle",1.0,"create 2 new plan microsites: Anthem BCBS, Empire BC",,,"Linkwell Health","Plan Microsites 1.0"
2013-04-24,"Adam Hoyle",0.5,"design updates to anthem homepage promo, post comps, send images to Steve",,,"Linkwell Health","Plan Microsites 1.0"
2013-04-09,"Adam Hoyle",2.25,"project coordination and email newsletter design updates for Living Well w/ Asthma",,,"Linkwell Health","Plan Microsites 1.0"
2013-03-22,"Adam Hoyle",1.5,"plan site generic newsletter updates",,,"Linkwell Health","Plan Microsites 1.0"
2013-02-19,"Adam Hoyle",4.0,"create mockups for plan sites responsive",,,"Linkwell Health","Plan Microsites 1.0"
2013-02-19,"Adam Hoyle",3.0,"create mockups for plan sites responsive",,,"Linkwell Health","Plan Microsites 1.0"
2013-02-18,"Adam Hoyle",0.25,"create demo site plus",,,"Linkwell Health","Plan Microsites 1.0"
2013-02-15,"Adam Hoyle",0.5,"create Humana microsite on dev for presentation",,,"Linkwell Health","Plan Microsites 1.0"
2013-02-13,"Adam Hoyle",4.0,"re-create symlinks for plan microsites on dev, troubleshoot and move files directory, troubleshoot custom domains and landing page",,,"Linkwell Health","Plan Microsites 1.0"
2013-02-11,"Adam Hoyle",0.5,"review plan site mandatory communication comps, email steve",,,"Linkwell Health","Plan Microsites 1.0"
2013-02-11,"Adam Hoyle",1.25,"document notes and requirements for mandatory plan communcations",,,"Linkwell Health","Plan Microsites 1.0"
2013-01-18,"Adam Hoyle",1.5,"launch celticare",,,"Linkwell Health","Plan Microsites 1.0"
2013-01-17,"Adam Hoyle",0.5,"launch FEP site",,,"Linkwell Health","Plan Microsites 1.0"
2012-12-26,"Adam Hoyle",0.25,"updates to Anthm landing page",,,"Linkwell Health","Plan Microsites 1.0"
2012-12-20,"Adam Hoyle",0.75,"make tennessee live",,,"Linkwell Health","Plan Microsites 1.0"
2012-12-18,"Adam Hoyle",1.25,"update the sprite for plan sites for single digital offer",,,"Linkwell Health","Plan Microsites 1.0"
2012-12-11,"Adam Hoyle",0.5,"create CeltiCare microsite on dev",,,"Linkwell Health","Plan Microsites 1.0"
2012-12-11,"Adam Hoyle",0.5,"move premera to prod",,,"Linkwell Health","Plan Microsites 1.0"
2012-12-06,"Adam Hoyle",0.25,"setup Anthem landing page on prod",,,"Linkwell Health","Plan Microsites 1.0"
2012-12-05,"Adam Hoyle",0.25,"review plan microsite page designs, send notes to Jay, email steve",,,"Linkwell Health","Plan Microsites 1.0"
2012-12-05,"Adam Hoyle",0.75,"update URLs on plan landing page for Anthem, setup vanity URL, test, email Steve",,,"Linkwell Health","Plan Microsites 1.0"
2012-11-30,"Adam Hoyle",0.5,"create primera site",,,"Linkwell Health","Plan Microsites 1.0"
2012-11-28,"Adam Hoyle",0.5,"review plan site landing pages",,,"Linkwell Health","Plan Microsites 1.0"
2012-11-28,"Adam Hoyle",0.75,"process assets from print so we can design the landing pages",,,"Linkwell Health","Plan Microsites 1.0"
2012-11-20,"Adam Hoyle",0.75,"create Anthme FEP site",,,"Linkwell Health","Plan Microsites 1.0"
2012-11-19,"Adam Hoyle",0.25,"updates to BCBS TN website",,,"Linkwell Health","Plan Microsites 1.0"
2012-11-12,"Adam Hoyle",0.5,"updates to BCBS TN",,,"Linkwell Health","Plan Microsites 1.0"
2012-11-07,"Adam Hoyle",0.25,"update sprite for digital offers",,,"Linkwell Health","Plan Microsites 1.0"
2012-10-16,"Adam Hoyle",0.25,"update logo on BCBS TN site",,,"Linkwell Health","Plan Microsites 1.0"
2012-10-15,"Adam Hoyle",0.25,"review swap designs and give feedback",,,"Linkwell Health","Plan Microsites 1.0"
2012-10-15,"Adam Hoyle",0.5,"make sargento live",,,"Linkwell Health","Plan Microsites 1.0"
2012-10-05,"Adam Hoyle",0.25,"update FAQs on dev to match prod",,,"Linkwell Health","Plan Microsites 1.0"
2012-10-05,"Adam Hoyle",0.5,"setup BCBS Tennessee on dev",,,"Linkwell Health","Plan Microsites 1.0"
2012-10-03,"Adam Hoyle",0.75,"review design, email steve, misc. client comm.",,,"Linkwell Health","Plan Microsites 1.0"
2012-09-19,"Adam Hoyle",0.75,"setup wellpoint URLs on prod",,,"Linkwell Health","Plan Microsites 1.0"
2012-09-18,"Adam Hoyle",0.25,"create LMS demo site and decommission old demo site",,,"Linkwell Health","Plan Microsites 1.0"
2012-09-12,"Adam Hoyle",1.5,"setup www case for healthycoupons, install path redirect module on local, test, push to dev and prod",,,"Linkwell Health","Plan Microsites 1.0"
2012-09-10,"Adam Hoyle",0.5,"create wellpoint sites on production",,,"Linkwell Health","Plan Microsites 1.0"
2012-09-10,"Adam Hoyle",1.25,"update FAQ and set dev-savings.healthycoupons.com to point to new lms-driven dev server… in addition to a call w/ Steve",,,"Linkwell Health","Plan Microsites 1.0"
2012-09-10,"Adam Hoyle",0.5,"microsite cut-over and post-live QA",,,"Linkwell Health","Plan Microsites 1.0"
2012-09-07,"Adam Hoyle",0.25,"final checks on new lms-driven plan microsites, send Links to Steve","Add Google Analytics to the new lms-driven plan micro sites (use the code that's on the current savings.healthycoupons.com/emblemhealth sites)","Internal QA","Linkwell Health","Plan Microsites 1.0"
2012-09-07,"Adam Hoyle",0.5,,"Add Google Analytics to the new lms-driven plan micro sites (use the code that's on the current savings.healthycoupons.com/emblemhealth sites)","Internal QA","Linkwell Health","Plan Microsites 1.0"
2012-09-05,"Adam Hoyle",0.75,"setup plan demo site for Steve to show features to sales",,,"Linkwell Health","Plan Microsites 1.0"
2012-09-03,"Adam Hoyle",1.0,"setup custom domain names (on dev) for wellpoint",,,"Linkwell Health","Plan Microsites 1.0"
2012-08-31,"Adam Hoyle",0.25,"email steve notes on plan onboarding",,,"Linkwell Health","Plan Microsites 1.0"
2012-08-30,"Adam Hoyle",1.0,"review and test deployment plan",,,"Linkwell Health","Plan Microsites 1.0"
2012-08-30,"Adam Hoyle",1.0,"URL changes for wellpoint",,,"Linkwell Health","Plan Microsites 1.0"
2012-08-29,"Adam Hoyle",1.75,"create Wellpoint sites on local, dev, prod",,,"Linkwell Health","Plan Microsites 1.0"
2012-08-27,"Adam Hoyle",1.5,"setup all microsites on local, dev and prod",,,"Linkwell Health","Plan Microsites 1.0"
2012-08-09,"Adam Hoyle",0.25,"update microsite sprite",,,"Linkwell Health","Plan Microsites 1.0"
2012-08-07,"Adam Hoyle",1.5,"create sprite graphic",,,"Linkwell Health","Plan Microsites 1.0"
2012-08-06,"Adam Hoyle",0.25,"discuss customizations",,,"Linkwell Health","Plan Microsites 1.0"
2012-08-01,"Adam Hoyle",0.75,"add new fields for microsites",,,"Linkwell Health","Plan Microsites 1.0"
2012-08-01,"Adam Hoyle",0.75,"coordination for catalina API updates",,,"Linkwell Health","Plan Microsites 1.0"
2012-08-01,"Adam Hoyle",0.25,"respond re: IP addresses",,,"Linkwell Health","Plan Microsites 1.0"
2012-07-27,"Adam Hoyle",0.5,"call w/ Wellpoint re: nexzt steps",,,"Linkwell Health","Plan Microsites 1.0"
2012-07-27,"Adam Hoyle",1.25,"wellpoint customizations",,,"Linkwell Health","Plan Microsites 1.0"
2012-07-24,"Adam Hoyle",2.25,"design tweaks for plan microsite customizations for Wellpoint",,,"Linkwell Health","Plan Microsites 1.0"
2012-07-16,"Adam Hoyle",0.5,"quick check in call to discuss next steps for well point, update basecamp",,,"Linkwell Health","Plan Microsites 1.0"
2013-06-13,"Adam Hoyle",1.75,"emailing back and forth with Kim re: DM content, prep for Super saver call, call with Kim, Steve and Katie",,,"Linkwell Health","Production"
2012-04-16,"Adam Hoyle",0.75,"weekly digital products status call",,,"Linkwell Health","Research & Administration"
2012-04-11,"Adam Hoyle",0.5,"catchup/status call w/ RK",,,"Linkwell Health","Research & Administration"
2012-04-09,"Adam Hoyle",1.0,"weekly digital products status call",,,"Linkwell Health","Research & Administration"
2012-04-02,"Adam Hoyle",1.0,"weekly digital products status call",,,"Linkwell Health","Research & Administration"
2012-03-26,"Adam Hoyle",1.0,"weekly digital products status call",,,"Linkwell Health","Research & Administration"
2012-03-22,"Adam Hoyle",0.75,"project coordination, emails, basecamp, prioritizing, etc.",,,"Linkwell Health","Research & Administration"
2012-03-22,"Adam Hoyle",1.0,"conference call with Regina, Bill and Sean re: Arkansas app",,,"Linkwell Health","Research & Administration"
2012-03-19,"Adam Hoyle",1.5,"weekly conference call",,,"Linkwell Health","Research & Administration"
2012-07-11,"Adam Hoyle",0.25,"process notes and update requests",,,"Men's Health","BILLED: Adventure Guide"
2012-06-21,"Adam Hoyle",1.0,"meet w/ John, call w/ Dan",,,"Men's Health","BILLED: Adventure Guide"
2012-06-05,"Adam Hoyle",0.5,"review site, update notes in BC, project coordination",,,"Men's Health","BILLED: Adventure Guide"
2012-05-29,"Adam Hoyle",0.25,"process notes and feedback on outstanding todos",,,"Men's Health","BILLED: Adventure Guide"
2012-05-29,"Adam Hoyle",0.325278,"create DNS entry and review site",,,"Men's Health","BILLED: Adventure Guide"
2013-12-19,"Adam Hoyle",0.5,"project coordination",,,"Men's Health","BILLED: Adventure Guide Updates"
2013-09-25,"Adam Hoyle",0.5,"test VPN and update headline",,,"Men's Health","BILLED: Affordable Luxury"
2013-09-24,"Adam Hoyle",0.25,"review and finalize",,,"Men's Health","BILLED: Affordable Luxury"
2013-09-24,"Adam Hoyle",1.0,"stock photos",,,"Men's Health","BILLED: Affordable Luxury"
2012-04-05,"Adam Hoyle",0.5,"project coordination, work with Kyle on design ideas",,,"Men's Health","BILLED: Allergy Center"
2012-04-04,"Adam Hoyle",0.75,"project coordination, work with Kyle on design ideas",,,"Men's Health","BILLED: Allergy Center"
2012-03-29,"Adam Hoyle",0.25,"review designs w/ Kyle",,,"Men's Health","BILLED: Allergy Center"
2013-03-26,"Adam Hoyle",0.5,"project coordination",,,"Men's Health","BILLED: Baseball Feature Page"
2012-01-05,"Adam Hoyle",0.5,"update welcome, activation, and password email templates, with new copy and logo, and send back to Mani",,,"Men's Health","BILLED: Belly Off 2012"
2013-01-03,"Adam Hoyle",0.25,"update BellyOff 2013 CAS emails",,,"Men's Health","BILLED: Belly Off 2013"
2012-12-31,"Adam Hoyle",2.25,"belyoff deployment",,,"Men's Health","BILLED: Belly Off 2013"
2012-12-28,"Adam Hoyle",1.25,"tweaks from Kevin",,,"Men's Health","BILLED: Belly Off 2013"
2012-12-28,"Adam Hoyle",4.25,"add content, test, project coordination",,,"Men's Health","BILLED: Belly Off 2013"
2012-12-28,"Adam Hoyle",0.25,"testing bellyoff rsync",,,"Men's Health","BILLED: Belly Off 2013"
2012-12-27,"Adam Hoyle",3.5,"review content, begin adding new content",,,"Men's Health","BILLED: Belly Off 2013"
2012-12-19,"Adam Hoyle",0.75,"organize notes, discuss local site w/ Kyle",,,"Men's Health","BILLED: Belly Off 2013"
2012-12-18,"Adam Hoyle",0.75,"finish local setup",,,"Men's Health","BILLED: Belly Off 2013"
2012-12-18,"Adam Hoyle",0.5,"setup local version of BellyOff",,,"Men's Health","BILLED: Belly Off 2013"
2012-12-18,"Adam Hoyle",0.25,"communication with help desk, get FTP working, download backup files",,,"Men's Health","BILLED: Belly Off 2013"
2012-12-17,"Adam Hoyle",0.5,"organize and request BellyOff files, submit new ticket",,,"Men's Health","BILLED: Belly Off 2013"
2012-12-14,"Adam Hoyle",0.5,"process feedback and update basecamp",,,"Men's Health","BILLED: Belly Off 2013"
2012-12-12,"Adam Hoyle",0.25,"process bellyoff content and assets and add to basecamp",,,"Men's Health","BILLED: Belly Off 2013"
2012-12-12,"Adam Hoyle",0.25,"review designs, email KD",,,"Men's Health","BILLED: Belly Off 2013"
2012-12-11,"Adam Hoyle",0.25,"review designs",,,"Men's Health","BILLED: Belly Off 2013"
2012-12-05,"Adam Hoyle",0.25,"email notes to Kyle",,,"Men's Health","BILLED: Belly Off 2013"
2012-12-05,"Adam Hoyle",0.75,"review edit plan, call w/ KD",,,"Men's Health","BILLED: Belly Off 2013"
2013-12-26,"Adam Hoyle",0.5,"followups with Will for file uploads",,,"Men's Health","BILLED: BellyOff 2014"
2013-12-16,"Adam Hoyle",0.5,"coordinate updates with Will Stopa",,,"Men's Health","BILLED: BellyOff 2014"
2013-11-05,"Adam Hoyle",0.5,"create top banner",,,"Men's Health","BILLED: Fight Center / MMA"
2013-11-04,"Adam Hoyle",0.5,"launch",,,"Men's Health","BILLED: Fight Center / MMA"
2013-11-01,"Adam Hoyle",0.25,"project coordination",,,"Men's Health","BILLED: Fight Center / MMA"
2013-11-01,"Adam Hoyle",0.25,"review status with Kyle, find images, grab code for fight center",,,"Men's Health","BILLED: Fight Center / MMA"
2013-11-01,"Adam Hoyle",0.5,"stock photos",,,"Men's Health","BILLED: Fight Center / MMA"
2012-10-31,"Adam Hoyle",0.75,"call w/ Dan, process and organize content",,,"Men's Health","BILLED: Fit for Life"
2012-06-29,"Adam Hoyle",0.5,"copy updates from jackie",,,"Men's Health","BILLED: Foursquare Mobile Site"
2012-06-25,"Adam Hoyle",0.0283333,"update success page copy",,,"Men's Health","BILLED: Foursquare Mobile Site"
2012-06-05,"Adam Hoyle",1.0,"project coordination",,,"Men's Health","BILLED: Foursquare Mobile Site"
2012-05-29,"Adam Hoyle",0.261389,"process design feedback",,,"Men's Health","BILLED: Foursquare Mobile Site"
2012-05-29,"Adam Hoyle",0.583333,"review comps and work with Kyle on updates and delivery to client",,,"Men's Health","BILLED: Foursquare Mobile Site"
2012-05-29,"Adam Hoyle",0.252222,"review comps",,,"Men's Health","BILLED: Foursquare Mobile Site"
2012-05-23,"Adam Hoyle",0.25,"project setup",,,"Men's Health","BILLED: Foursquare Mobile Site"
2012-05-22,"Adam Hoyle",0.5,"phone call to discuss documentation and ""who is creating the plugin""",,,"Men's Health","BILLED: Foursquare Mobile Site"
2012-05-22,"Adam Hoyle",0.75,"project setup",,,"Men's Health","BILLED: Foursquare Mobile Site"
2013-03-19,"Adam Hoyle",0.75,"project coordination, check updates, email Jill and Dan",,,"Men's Health","BILLED: Gillette Shave Tool"
2013-04-24,"Adam Hoyle",0.25,"",,,"Men's Health","BILLED: Hydration Center"
2012-08-15,"Adam Hoyle",0.75,"emails, reviews and project coordination",,,"Men's Health","BILLED: iPhone/iPad Page rebuild"
2012-08-14,"Adam Hoyle",2.0,,"Create updated iPhone/iPad art","Misc.","Men's Health","BILLED: iPhone/iPad Page rebuild"
2012-08-07,"Adam Hoyle",0.5,"process request",,,"Men's Health","BILLED: iPhone/iPad Page rebuild"
2012-12-10,"Adam Hoyle",0.25,"download files, save JPGs, setup basecamp project",,,"Men's Health","BILLED: Krush"
2012-06-13,"Adam Hoyle",0.5,"call w/ Jackie and Radnor re: voting",,,"Men's Health","BILLED: Manliest Restaurants"
2012-06-11,"Adam Hoyle",0.25,"review notes from Jackie",,,"Men's Health","BILLED: Manliest Restaurants"
2012-02-15,"Adam Hoyle",0.5,"project coordination, post design comp and email client",,,"Men's Health","BILLED: MH Blogs Page Redo"
2012-02-14,"Adam Hoyle",0.5,"project coordination and feedback on designs w/ Ryan",,,"Men's Health","BILLED: MH Blogs Page Redo"
2012-02-08,"Adam Hoyle",0.25,"review blog designs from Ryan, give feedback",,,"Men's Health","BILLED: MH Blogs Page Redo"
2012-09-07,"Adam Hoyle",0.25,"text updates per Gabe",,,"Men's Health","BILLED: MH Election Center"
2012-03-29,"Adam Hoyle",0.25,"QA",,,"Men's Health","BILLED: MH Lists - Redesign"
2012-03-28,"Adam Hoyle",0.5,"meet with john re: status, feedback, changes, etc.",,,"Men's Health","BILLED: MH Lists - Redesign"
2012-03-21,"Adam Hoyle",0.5,"project coordination with Kyle",,,"Men's Health","BILLED: MH Lists - Redesign"
2012-02-10,"Adam Hoyle",0.5,"kickoff call w/ Mani, Kim, Kevin",,,"Men's Health","BILLED: MH Lists - Redesign"
2012-01-12,"Adam Hoyle",0.5,"call with Eric to review notes and next steps",,,"Men's Health","BILLED: MH Lists - Redesign"
2012-01-31,"Adam Hoyle",0.25,"post deployment QA",,,"Men's Health","BILLED: MH Living re-launch"
2012-01-30,"Adam Hoyle",0.75,"final QA, check on status of outstanding todos, get list of URLs for fix it center, other misc. project coordination",,,"Men's Health","BILLED: MH Living re-launch"
2012-01-24,"Adam Hoyle",0.5,"CMS training walkthrough",,,"Men's Health","BILLED: MH Living re-launch"
2012-01-23,"Adam Hoyle",0.5,"review site, send RAF and request security scan",,,"Men's Health","BILLED: MH Living re-launch"
2012-01-23,"Adam Hoyle",0.5,"discuss Fix It Center with Jay/Jill, review designs",,,"Men's Health","BILLED: MH Living re-launch"
2012-01-12,"Adam Hoyle",0.5,"review designs with Jay, feedback, send updated comps to client",,,"Men's Health","BILLED: MH Living re-launch"
2012-01-11,"Adam Hoyle",0.75,"review designs with Jay, email client first round designs, process feedback and notes to basecamp",,,"Men's Health","BILLED: MH Living re-launch"
2012-01-09,"Adam Hoyle",0.25,"meeting with Adam B and Jay",,,"Men's Health","BILLED: MH Living re-launch"
2012-01-05,"Adam Hoyle",0.75,"client communications, process notes and edit plan to basecamp, meet with Jay to review",,,"Men's Health","BILLED: MH Living re-launch"
2012-12-05,"Adam Hoyle",0.5,"check test polls and respond to john",,,"Men's Health","BILLED: MH Poll Feature"
2012-11-12,"Adam Hoyle",0.5,"process feedback from Jackie",,,"Men's Health","BILLED: MH Poll Feature"
2012-11-06,"Adam Hoyle",0.25,"review notes from Jackie, add to Basecamp and get John going on it",,,"Men's Health","BILLED: MH Poll Feature"
2012-11-06,"Adam Hoyle",0.5,"review final emails from Jackie and add to-dos, send to John",,,"Men's Health","BILLED: MH Poll Feature"
2012-10-18,"Adam Hoyle",0.75,"call w/ Gurgen and Jackie to walk through new MH poll",,,"Men's Health","BILLED: MH Poll Feature"
2012-10-15,"Adam Hoyle",0.5,"read Jacki's notes...",,,"Men's Health","BILLED: MH Poll Feature"
2012-10-12,"Adam Hoyle",0.5,"review and email jackie",,,"Men's Health","BILLED: MH Poll Feature"
2012-02-08,"Adam Hoyle",0.5,"project coordination",,,"Men's Health","BILLED: MH Style - Watches"
2012-02-14,"Adam Hoyle",0.4,"project coordination",,,"Men's Health","BILLED: MH Style Tools"
2012-02-09,"Adam Hoyle",0.5,"project coordination",,,"Men's Health","BILLED: MH Style Tools"
2012-02-08,"Adam Hoyle",0.5,"project coordination",,,"Men's Health","BILLED: MH Style Tools"
2012-03-01,"Adam Hoyle",0.25,"deployment QA",,,"Men's Health","BILLED: MH University"
2012-10-08,"Adam Hoyle",0.5,"image changes",,,"Men's Health","BILLED: MH Vitamin Shelf"
2012-10-05,"Adam Hoyle",0.5,"css tweaks",,,"Men's Health","BILLED: MH Vitamin Shelf"
2012-10-03,"Adam Hoyle",0.25,"project setup and add to basecamp",,,"Men's Health","BILLED: MH Vitamin Shelf"
2013-04-08,"Adam Hoyle",0.5,"project coordination",,,"Men's Health","BILLED: New Feed for MH Radio"
2013-12-20,"Adam Hoyle",0.25,"copy changes from Melissa",,,"Men's Health","BILLED: New Year, New You 2014"
2013-12-18,"Adam Hoyle",0.25,"update links",,,"Men's Health","BILLED: New Year, New You 2014"
2013-12-16,"Adam Hoyle",0.5,"move to Drupal",,,"Men's Health","BILLED: New Year, New You 2014"
2013-12-10,"Adam Hoyle",0.25,"project setup",,,"Men's Health","BILLED: New Year, New You 2014"
2013-08-28,"Adam Hoyle",0.25,"drop code into MH Drupal, test",,,"Men's Health","BILLED: NFL Center - 2013"
2013-08-28,"Adam Hoyle",0.5,"review designs, project coordination",,,"Men's Health","BILLED: NFL Center - 2013"
2012-01-06,"Adam Hoyle",0.25,"copy edits and graphic update to main header",,,"Men's Health","BILLED: NFL Playoff Center"
2012-01-05,"Adam Hoyle",0.25,"QA, check ads, project coordination",,,"Men's Health","BILLED: NFL Playoff Center"
2012-08-20,"Adam Hoyle",0.5,"review pages and screenshots",,,"Men's Health","BILLED: Our Knowledge Center"
2012-07-31,"Adam Hoyle",0.25,"update basecamp",,,"Men's Health","BILLED: Our Knowledge Center"
2012-12-19,"Adam Hoyle",0.25,"review and test calculator",,,"Men's Health","BILLED: Protein Center"
2014-02-27,"Adam Hoyle",0.5,"end Style quiz to client for review",,,"Men's Health","BILLED: Style Quiz (iPhone/iPad)"
2014-02-26,"Adam Hoyle",1.0,"QA style quiz",,,"Men's Health","BILLED: Style Quiz (iPhone/iPad)"
2014-02-26,"Adam Hoyle",0.25,"design button for john and type notes",,,"Men's Health","BILLED: Style Quiz (iPhone/iPad)"
2014-02-26,"Adam Hoyle",0.25,"call w/ Ellie re: Quiz logic, update basecamp",,,"Men's Health","BILLED: Style Quiz (iPhone/iPad)"
2014-02-25,"Adam Hoyle",0.5,"spec fonts, colors, save images, update notes in basecamp",,,"Men's Health","BILLED: Style Quiz (iPhone/iPad)"
2014-02-25,"Adam Hoyle",0.25,"review assets, email Domenica re: logic and size",,,"Men's Health","BILLED: Style Quiz (iPhone/iPad)"
2012-07-11,"Adam Hoyle",0.25,"download PSDs, setup basecamp project",,,"Men's Health","BILLED: Sunglasses Feature"
2013-10-03,"Adam Hoyle",0.5,"image update for terlato logo, request cache clear, etc.",,,"Men's Health","BILLED: Terlato Wine Pairing Tool"
2013-10-01,"Adam Hoyle",0.75,"move code to video section to test for mobify",,,"Men's Health","BILLED: Terlato Wine Pairing Tool"
2013-10-01,"Adam Hoyle",0.25,"discuss wine pairing changes with Kyle",,,"Men's Health","BILLED: Terlato Wine Pairing Tool"
2013-09-30,"Adam Hoyle",1.0,"add code to drupal page and troubleshoot overlap issues",,,"Men's Health","BILLED: Terlato Wine Pairing Tool"
2013-09-30,"Adam Hoyle",0.75,"check links and content",,,"Men's Health","BILLED: Terlato Wine Pairing Tool"
2013-09-30,"Adam Hoyle",0.75,"grab wine bottle art",,,"Men's Health","BILLED: Terlato Wine Pairing Tool"
2013-09-23,"Adam Hoyle",0.25,"review comps, send to dan",,,"Men's Health","BILLED: Terlato Wine Pairing Tool"
2012-01-05,"Adam Hoyle",1.0,"project coordination",,,"Men's Health","BILLED: Testosterone Transformation"
2012-03-20,"Adam Hoyle",0.25,"qa and coordinate project w/ jill",,,"Men's Health","BILLED: The Ultimate Guy's Girl"
2013-07-01,"Adam Hoyle",0.25,"call w/ Jackie re: TCG winnder",,,"Men's Health","BILLED: Total Cereal Guy"
2013-06-27,"Adam Hoyle",0.15,"voting closed.",,,"Men's Health","BILLED: Total Cereal Guy"
2013-06-24,"Adam Hoyle",0.5,"project coordination",,,"Men's Health","BILLED: Total Cereal Guy"
2013-06-24,"Adam Hoyle",0.75,"propose new voting solution",,,"Men's Health","BILLED: Total Cereal Guy"
2013-06-21,"Adam Hoyle",1.0,"explain how TCG was built to Gurgen",,,"Men's Health","BILLED: Total Cereal Guy"
2013-06-21,"Adam Hoyle",0.75,"project coordination",,,"Men's Health","BILLED: Total Cereal Guy"
2013-06-20,"Adam Hoyle",0.25,"review Jackie's notes, respond to email",,,"Men's Health","BILLED: Total Cereal Guy"
2013-06-20,"Adam Hoyle",2.0,"deployment",,,"Men's Health","BILLED: Total Cereal Guy"
2013-06-18,"Adam Hoyle",0.5,"recap of what happened and discuss next steps with Adam B and John",,,"Men's Health","BILLED: Total Cereal Guy"
2013-06-17,"Adam Hoyle",0.75,"add finalists and launch voting",,,"Men's Health","BILLED: Total Cereal Guy"
2013-06-17,"Adam Hoyle",0.75,"save small thumbs, coordinate final steps for TCG deployment, review content type",,,"Men's Health","BILLED: Total Cereal Guy"
2013-06-17,"Adam Hoyle",0.25,"review finalist content and check content types",,,"Men's Health","BILLED: Total Cereal Guy"
2013-06-13,"Adam Hoyle",0.5,"download content for finalists, add to basecamp, email client",,,"Men's Health","BILLED: Total Cereal Guy"
2013-06-13,"Adam Hoyle",0.75,"coordination and prep for changeover to finalize page",,,"Men's Health","BILLED: Total Cereal Guy"
2013-06-13,"Adam Hoyle",0.5,"coordination and prep for changeover to finalize page",,,"Men's Health","BILLED: Total Cereal Guy"
2013-06-10,"Adam Hoyle",0.25,,,,"Men's Health","BILLED: Total Cereal Guy"
2013-06-10,"Adam Hoyle",0.5,"project coordination",,,"Men's Health","BILLED: Total Cereal Guy"
2013-05-29,"Adam Hoyle",0.75,"add milestones to basecamp, review voting page on pre",,,"Men's Health","BILLED: Total Cereal Guy"
2013-05-22,"Adam Hoyle",0.5,"project coordination",,,"Men's Health","BILLED: Total Cereal Guy"
2013-05-21,"Adam Hoyle",0.25,"review early dev on voting",,,"Men's Health","BILLED: Total Cereal Guy"
2013-05-16,"Adam Hoyle",0.5,"process notes, updates basecamp",,,"Men's Health","BILLED: Total Cereal Guy"
2013-05-16,"Adam Hoyle",0.5,"call w/ jackie, john, gurgen to discuss voting",,,"Men's Health","BILLED: Total Cereal Guy"
2013-05-14,"Adam Hoyle",0.5,"project coordination",,,"Men's Health","BILLED: Total Cereal Guy"
2013-05-13,"Adam Hoyle",0.25,"email gurgen with form change requests since we do not have permission to make the required changes",,,"Men's Health","BILLED: Total Cereal Guy"
2013-05-13,"Adam Hoyle",1.25,"review changes from Jackie, meet with Jill and John",,,"Men's Health","BILLED: Total Cereal Guy"
2013-05-10,"Adam Hoyle",1.0,"copy edits",,,"Men's Health","BILLED: Total Cereal Guy"
2013-05-10,"Adam Hoyle",1.5,"project coordination",,,"Men's Health","BILLED: Total Cereal Guy"
2013-05-10,"Adam Hoyle",0.5,"test form, review update requests from Jackie",,,"Men's Health","BILLED: Total Cereal Guy"
2013-05-08,"Adam Hoyle",0.5,"call w/ Jackie, project coordination",,,"Men's Health","BILLED: Total Cereal Guy"
2013-05-08,"Adam Hoyle",0.25,"meet w/ Jill, discuss next steps",,,"Men's Health","BILLED: Total Cereal Guy"
2013-05-08,"Adam Hoyle",0.25,"project coordination, client emails, create JPGs for MH",,,"Men's Health","BILLED: Total Cereal Guy"
2013-05-08,"Adam Hoyle",0.75,"project coordination, client emails, create JPGs for MH",,,"Men's Health","BILLED: Total Cereal Guy"
2013-05-08,"Adam Hoyle",1.0,"project coordination",,,"Men's Health","BILLED: Total Cereal Guy"
2013-05-07,"Adam Hoyle",0.25,"review comps, email MH",,,"Men's Health","BILLED: Total Cereal Guy"
2013-05-07,"Adam Hoyle",0.5,"meet w/ john and jill",,,"Men's Health","BILLED: Total Cereal Guy"
2013-05-07,"Adam Hoyle",0.5,"review notes, email dan, coordinate internally",,,"Men's Health","BILLED: Total Cereal Guy"
2013-05-02,"Adam Hoyle",0.25,"project coordination",,,"Men's Health","BILLED: Total Cereal Guy"
2013-05-01,"Adam Hoyle",0.5,"project coordination",,,"Men's Health","BILLED: Total Cereal Guy"
2013-04-30,"Adam Hoyle",0.25,"call w/ Dan",,,"Men's Health","BILLED: Total Cereal Guy"
2013-04-25,"Adam Hoyle",0.5,"call w/ dan, misc. project coordination, send new comps to dan",,,"Men's Health","BILLED: Total Cereal Guy"
2014-02-06,"Adam Hoyle",0.5,"finalize and add to Drupal",,,"Men's Health","BILLED: Updates to iPad & iPhone Landing Pages"
2014-01-28,"Adam Hoyle",0.25,"QA pages",,,"Men's Health","BILLED: Updates to iPad & iPhone Landing Pages"
2014-01-28,"Adam Hoyle",0.75,"QA pages",,,"Men's Health","BILLED: Updates to iPad & iPhone Landing Pages"
2014-01-21,"Adam Hoyle",0.75,"review updates, send to Jackie, pull code from Drupal pages and add to Basecamp for Kyle",,,"Men's Health","BILLED: Updates to iPad & iPhone Landing Pages"
2014-01-17,"Adam Hoyle",1.25,"review MH pages with Jay",,,"Men's Health","BILLED: Updates to iPad & iPhone Landing Pages"
2014-01-10,"Adam Hoyle",0.75,"process notes and add to Basecamp",,,"Men's Health","BILLED: Updates to iPad & iPhone Landing Pages"
2013-07-15,"Adam Hoyle",0.25,"create reminders for event cut-over dates for countdown timer",,,"Men's Health","BILLED: Urbanathlon Page Refresh"
2013-07-11,"Adam Hoyle",0.5,"move clock to prod",,,"Men's Health","BILLED: Urbanathlon Page Refresh"
2013-06-24,"Adam Hoyle",1.0,"update links, deliver to Radnor",,,"Men's Health","BILLED: Urbanathlon Page Refresh"
2013-06-21,"Adam Hoyle",0.5,"project coordination",,,"Men's Health","BILLED: Urbanathlon Page Refresh"
2013-06-20,"Adam Hoyle",1.25,"pull template for Kyle for Urbanathlon",,,"Men's Health","BILLED: Urbanathlon Page Refresh"
2013-06-19,"Adam Hoyle",0.25,"",,,"Men's Health","BILLED: Urbanathlon Page Refresh"
2013-06-13,"Adam Hoyle",0.25,"process request, review notes, update basecamp",,,"Men's Health","BILLED: Urbanathlon Page Refresh"
2012-02-13,"Adam Hoyle",0.75,"Final round change, winner announced.",,,"Men's Health","BILLED: V-Day Gift Bracket"
2012-02-10,"Adam Hoyle",0.25,"v-day round change",,,"Men's Health","BILLED: V-Day Gift Bracket"
2012-02-08,"Adam Hoyle",0.25,"v-day round change",,,"Men's Health","BILLED: V-Day Gift Bracket"
2012-02-03,"Adam Hoyle",0.25,"v-day round 2 change",,,"Men's Health","BILLED: V-Day Gift Bracket"
2012-02-01,"Adam Hoyle",0.5,"followup on V-day launch, smoketest after F5 rule, enable cron",,,"Men's Health","BILLED: V-Day Gift Bracket"
2012-01-30,"Adam Hoyle",0.5,"monitor deployment, post launch QA, project coordination",,,"Men's Health","BILLED: V-Day Gift Bracket"
2012-01-30,"Adam Hoyle",0.25,"create valentine's gift guide graphic to link to SSMax (image for under bracket)",,,"Men's Health","BILLED: V-Day Gift Bracket"
2012-01-23,"Adam Hoyle",0.5,"update vote graphic sprite, create new logo, send RAF",,,"Men's Health","BILLED: V-Day Gift Bracket"
2012-01-20,"Adam Hoyle",0.62,"project coordination, client communication, round schedules, update background graphic, update vote graphic",,,"Men's Health","BILLED: V-Day Gift Bracket"
2014-01-31,"Adam Hoyle",0.25,"email coordination to finalize",,,"Men's Health","BILLED: Valentines Day - Feature Page"
2014-01-28,"Adam Hoyle",0.25,"download PSDs, review edit plan, update BC",,,"Men's Health","BILLED: Valentines Day - Feature Page"
2014-01-23,"Adam Hoyle",0.25,"project setup",,,"Men's Health","BILLED: Valentines Day - Feature Page"
2012-10-22,"Adam Hoyle",0.25,"review content, download and post PSDs and comps for JilL",,,"Men's Health","BILLED: Watch Feature"
2014-09-24,"Adam Hoyle",0.25,"daily standup",,,"Men's Health","BILLED: Workout Center"
2014-09-16,"Adam Hoyle",0.25,"workouts standup",,,"Men's Health","BILLED: Workout Center"
2014-09-08,"Adam Hoyle",0.25,"daily standup",,,"Men's Health","BILLED: Workout Center"
2014-09-05,"Adam Hoyle",0.25,"Daily standup",,,"Men's Health","BILLED: Workout Center"
2014-09-03,"Adam Hoyle",0.25,"daily scrum",,,"Men's Health","BILLED: Workout Center"
2014-08-14,"Adam Hoyle",0.25,"workout scrum",,,"Men's Health","BILLED: Workout Center"
2014-08-13,"Adam Hoyle",0.25,"daily scrum",,,"Men's Health","BILLED: Workout Center"
2014-08-12,"Adam Hoyle",0.25,"daily scrum",,,"Men's Health","BILLED: Workout Center"
2014-08-11,"Adam Hoyle",0.25,"daily scrum",,,"Men's Health","BILLED: Workout Center"
2014-08-08,"Adam Hoyle",1.25,"review WC in Jira, gather designs, daily scrum",,,"Men's Health","BILLED: Workout Center"
2012-05-15,"Adam Hoyle",1.5,"coordinate w/ Kelly, Jill, John",,,"Men's Health","iPad Beer Game"
2012-05-11,"Adam Hoyle",1.0,"Call w/ Kelly and Gabe",,,"Men's Health","iPad Beer Game"
2012-01-05,"Adam Hoyle",0.5,"project coordination and testing",,,"Men's Health","iPad Storefront"
2012-01-04,"Adam Hoyle",0.75,"troubleshooting for VPN, setup for iPad and laptop for Jill to test",,,"Men's Health","iPad Storefront"
2014-08-26,"Adam Hoyle",1.75,"process email, update basecamp",,,"Men's Health","MH - Dev / Misc. Support"
2014-08-21,"Adam Hoyle",6.0,"finish MHLists tagging updates and deployment",,,"Men's Health","MH - Dev / Misc. Support"
2014-08-14,"Adam Hoyle",5.0,"MHLists updates, pull local copy, work on tagging updates",,,"Men's Health","MH - Dev / Misc. Support"
2014-08-12,"Adam Hoyle",0.5,"respond to steve yeakel re: minisite list. Which CMS and who created it.",,,"Men's Health","MH - Dev / Misc. Support"
2014-08-11,"Adam Hoyle",0.5,"attempt to connect to servers, CMS, etc. Assess situation and email Steve Yeakel.","Update analytics scripts on MHLists (see comment)","Misc.","Men's Health","MH - Dev / Misc. Support"
2014-08-07,"Adam Hoyle",0.25,"troubleshoot VPN access, restore",,,"Men's Health","MH - Dev / Misc. Support"
2014-04-09,"Adam Hoyle",0.5,"review world cup quiz notes, update basecamp",,,"Men's Health","MH - Dev / Misc. Support"
2014-04-08,"Adam Hoyle",0.5,"Discuss FourSquare",,,"Men's Health","MH - Dev / Misc. Support"
2014-04-07,"Adam Hoyle",1.75,"research World Cup bars project, update Basecamop",,,"Men's Health","MH - Dev / Misc. Support"
2014-03-26,"Adam Hoyle",0.25,"call w/ Will Stopa",,,"Men's Health","MH - Dev / Misc. Support"
2014-03-25,"Adam Hoyle",0.5,"add new AG article",,,"Men's Health","MH - Dev / Misc. Support"
2014-03-25,"Adam Hoyle",0.25,"investigate BO password reset pre Jeanne Emry",,,"Men's Health","MH - Dev / Misc. Support"
2014-03-24,"Adam Hoyle",0.25,"update to AG kilimanjaro article per Eric",,,"Men's Health","MH - Dev / Misc. Support"
2014-03-24,"Adam Hoyle",0.25,"send Style Quiz assets to Jackie",,,"Men's Health","MH - Dev / Misc. Support"
2014-03-14,"Adam Hoyle",0.25,"AG tweaks",,,"Men's Health","MH - Dev / Misc. Support"
2014-03-14,"Adam Hoyle",0.25,"change placement of redbull can",,,"Men's Health","MH - Dev / Misc. Support"
2014-03-14,"Adam Hoyle",0.25,"AG video updates",,,"Men's Health","MH - Dev / Misc. Support"
2014-03-13,"Adam Hoyle",0.25,"AG video placement tweak",,,"Men's Health","MH - Dev / Misc. Support"
2014-03-13,"Adam Hoyle",0.25,"update videos",,,"Men's Health","MH - Dev / Misc. Support"
2014-03-12,"Adam Hoyle",0.25,"respond to Yeakel re: moduleGrabber.do",,,"Men's Health","MH - Dev / Misc. Support"
2014-03-10,"Adam Hoyle",0.5,"AG Kili updates",,,"Men's Health","MH - Dev / Misc. Support"
2014-03-07,"Adam Hoyle",1.0,"AG updates",,,"Men's Health","MH - Dev / Misc. Support"
2014-03-06,"Adam Hoyle",0.25,"AG updates",,,"Men's Health","MH - Dev / Misc. Support"
2014-03-06,"Adam Hoyle",1.25,"add AG Kili Gear article",,,"Men's Health","MH - Dev / Misc. Support"
2014-03-05,"Adam Hoyle",1.0,"add Kili content to AG",,,"Men's Health","MH - Dev / Misc. Support"
2014-03-04,"Adam Hoyle",0.25,"content update to AG article",,,"Men's Health","MH - Dev / Misc. Support"
2014-03-03,"Adam Hoyle",0.5,"call w/ Ellie from MH, updates to Style/Jeans quiz, send updates ZIP",,,"Men's Health","MH - Dev / Misc. Support"
2014-03-01,"Adam Hoyle",0.5,"troubleshoot HTDEB issue for Jackie (unclosed tag was breaking slider)",,,"Men's Health","MH - Dev / Misc. Support"
2014-02-27,"Adam Hoyle",0.25,"change width on AG video container",,,"Men's Health","MH - Dev / Misc. Support"
2014-02-27,"Adam Hoyle",0.25,"fix article typos on gear post",,,"Men's Health","MH - Dev / Misc. Support"
2014-02-26,"Adam Hoyle",0.75,"add gear article images to adventure guide",,,"Men's Health","MH - Dev / Misc. Support"
2014-02-26,"Adam Hoyle",0.5,"add the GC video, test, tweak, let the MH team know it's live.",,,"Men's Health","MH - Dev / Misc. Support"
2014-02-26,"Adam Hoyle",1.25,"call w/ Kevin re: Red Bull video. updates to adventure guide, add gear page, add video page",,,"Men's Health","MH - Dev / Misc. Support"
2014-02-26,"Adam Hoyle",0.25,"update customer service email on iPad/iPhone landing pages",,,"Men's Health","MH - Dev / Misc. Support"
2014-02-24,"Adam Hoyle",0.25,"adventure guide updates",,,"Men's Health","MH - Dev / Misc. Support"
2014-02-19,"Adam Hoyle",1.25,"updates to Adventure Guide",,,"Men's Health","MH - Dev / Misc. Support"
2014-02-18,"Adam Hoyle",2.0,"add new bucket list content and other edits.",,,"Men's Health","MH - Dev / Misc. Support"
2014-02-18,"Adam Hoyle",1.5,"add adventure guide articles and tweak view to omit Grand Canyon part 2",,,"Men's Health","MH - Dev / Misc. Support"
2014-02-18,"Adam Hoyle",1.0,"(stock images)",,,"Men's Health","MH - Dev / Misc. Support"
2014-02-17,"Adam Hoyle",1.75,"adventure guide bucket list updates",,,"Men's Health","MH - Dev / Misc. Support"
2014-02-14,"Adam Hoyle",0.5,"add credit to bucket list pages",,,"Men's Health","MH - Dev / Misc. Support"
2014-02-12,"Adam Hoyle",0.75,"add new AG article",,,"Men's Health","MH - Dev / Misc. Support"
2014-02-11,"Adam Hoyle",0.5,"add two new bucket list items",,,"Men's Health","MH - Dev / Misc. Support"
2014-02-11,"Adam Hoyle",0.25,"look into MH Lists header/footer includes and email Radnor",,,"Men's Health","MH - Dev / Misc. Support"
2014-01-13,"Adam Hoyle",0.25,"add new content for Adventure Guide Bucket List",,,"Men's Health","MH - Dev / Misc. Support"
2014-01-09,"Adam Hoyle",0.5,"call w/ Jackie re: iPad/iPhone landing page updates...",,,"Men's Health","MH - Dev / Misc. Support"
2014-01-08,"Adam Hoyle",0.75,"finish upload of new BellyOff content",,,"Men's Health","MH - Dev / Misc. Support"
2014-01-06,"Adam Hoyle",0.5,"respond to Rodale re: breakpoints",,,"Men's Health","MH - Dev / Misc. Support"
2014-01-01,"Adam Hoyle",0.5,"updates to Adventure Guide - homepage slider, dek and category image",,,"Men's Health","MH - Dev / Misc. Support"
2013-12-18,"Adam Hoyle",0.25,"look into adventure guide and try to gain accss, respond to Kevin Donahue's request",,,"Men's Health","MH - Dev / Misc. Support"
2013-12-10,"Adam Hoyle",0.75,"work with helpdesk to restore VPN access",,,"Men's Health","MH - Dev / Misc. Support"
2013-10-30,"Adam Hoyle",0.5,"project coordinaton for MMA Center and Women of MH",,,"Men's Health","MH - Dev / Misc. Support"
2013-10-25,"Adam Hoyle",0.75,"look into Women of MH assets for Jackie",,,"Men's Health","MH - Dev / Misc. Support"
2013-08-13,"Adam Hoyle",0.25,"Respond to Mikhail re: HTDEB updates",,,"Men's Health","MH - Dev / Misc. Support"
2013-08-08,"Adam Hoyle",0.75,"project coordination and client emails",,,"Men's Health","MH - Dev / Misc. Support"
2013-07-31,"Adam Hoyle",0.5,"process notes and update basecamp",,,"Men's Health","MH - Dev / Misc. Support"
2013-07-22,"Adam Hoyle",0.5,"call helpdesk for VPN password reset",,,"Men's Health","MH - Dev / Misc. Support"
2013-07-10,"Adam Hoyle",0.75,"respond to Dan re: bracket scope",,,"Men's Health","MH - Dev / Misc. Support"
2013-07-09,"Adam Hoyle",0.75,"estimate for Dan, process urbanathlon request",,,"Men's Health","MH - Dev / Misc. Support"
2013-06-26,"Adam Hoyle",0.25,"send Dan notes on Women of MH images",,,"Men's Health","MH - Dev / Misc. Support"
2013-06-17,"Adam Hoyle",0.25,"support for John Gilpatrick, MH Dad",,,"Men's Health","MH - Dev / Misc. Support"
2013-06-06,"Adam Hoyle",0.5,"support for Adventure Guide, CMS access and moving blocks around per Jackie",,,"Men's Health","MH - Dev / Misc. Support"
2013-06-05,"Adam Hoyle",1.0,"support for John Gilpatrick re: MH Dads CMS",,,"Men's Health","MH - Dev / Misc. Support"
2013-05-30,"Adam Hoyle",0.25,"Call Dan re: Prime for Life",,,"Men's Health","MH - Dev / Misc. Support"
2013-05-29,"Adam Hoyle",0.25,"support for Jackie and login for MH LIving",,,"Men's Health","MH - Dev / Misc. Support"
2013-05-29,"Adam Hoyle",1.0,"support for John Gilpatrick for new video on ipad promo page",,,"Men's Health","MH - Dev / Misc. Support"
2013-05-28,"Adam Hoyle",1.0,"update projects list in Basecamp",,,"Men's Health","MH - Dev / Misc. Support"
2013-04-29,"Adam Hoyle",1.5,"misc. project coordination",,,"Men's Health","MH - Dev / Misc. Support"
2013-04-16,"Adam Hoyle",0.5,"project coordination, update basecamp",,,"Men's Health","MH - Dev / Misc. Support"
2013-04-15,"Adam Hoyle",1.0,"project coordination, update basecamp",,,"Men's Health","MH - Dev / Misc. Support"
2013-04-09,"Adam Hoyle",0.5,"review notes, prep for call re: Workout center",,,"Men's Health","MH - Dev / Misc. Support"
2013-03-25,"Adam Hoyle",0.24,"misc. project coordination, update basecamp, email client",,,"Men's Health","MH - Dev / Misc. Support"
2013-03-18,"Adam Hoyle",0.5,"look into Darren McRae profile on Belly Off - delete profile",,,"Men's Health","MH - Dev / Misc. Support"
2013-03-06,"Adam Hoyle",1.0,"misc. project coordination and new biz",,,"Men's Health","MH - Dev / Misc. Support"
2013-03-05,"Adam Hoyle",0.5,"misc. project coordination and emails and followups",,,"Men's Health","MH - Dev / Misc. Support"
2013-02-12,"Adam Hoyle",0.25,"emails w/ Dans, update basecamp",,,"Men's Health","MH - Dev / Misc. Support"
2013-02-06,"Adam Hoyle",0.25,"look into issues on MH Dad, update, sync to prod, clear Akamai",,,"Men's Health","MH - Dev / Misc. Support"
2013-02-06,"Adam Hoyle",0.5,"look into all pages that were finished a while ago and never published",,,"Men's Health","MH - Dev / Misc. Support"
2013-02-04,"Adam Hoyle",0.75,"Had to track down some VPN info, setup a new RSYNC, etc.","Update to iPhone ETNT page (see comment)","Misc.","Men's Health","MH - Dev / Misc. Support"
2013-01-22,"Adam Hoyle",0.5,"call w/ Dan and Jackie re: projects",,,"Men's Health","MH - Dev / Misc. Support"
2013-01-14,"Adam Hoyle",0.25,"look into missing content and recipes on BellyOff",,,"Men's Health","MH - Dev / Misc. Support"
2013-01-10,"Adam Hoyle",0.75,"project coordination",,,"Men's Health","MH - Dev / Misc. Support"
2013-01-09,"Adam Hoyle",0.5,"misc. project coordination",,,"Men's Health","MH - Dev / Misc. Support"
2013-01-08,"Adam Hoyle",1.0,"call w/ Dan, Kevin re: projects",,,"Men's Health","MH - Dev / Misc. Support"
2013-01-07,"Adam Hoyle",0.5,"research deadspin and gawker video for Mike Darling",,,"Men's Health","MH - Dev / Misc. Support"
2013-01-03,"Adam Hoyle",0.75,"project coordination and client emails for multiple projects and feature pages: NFL, Your Body, and others",,,"Men's Health","MH - Dev / Misc. Support"
2013-01-03,"Adam Hoyle",0.25,"troubleshoot polls",,,"Men's Health","MH - Dev / Misc. Support"
2012-12-19,"Adam Hoyle",1.25,"misc. project coordination and client emails",,,"Men's Health","MH - Dev / Misc. Support"
2012-12-18,"Adam Hoyle",0.5,"reset rodale FTP password",,,"Men's Health","MH - Dev / Misc. Support"
2012-12-18,"Adam Hoyle",0.25,"call w/ Dan",,,"Men's Health","MH - Dev / Misc. Support"
2012-12-17,"Adam Hoyle",0.5,"call w/ Brad",,,"Men's Health","MH - Dev / Misc. Support"
2012-12-11,"Adam Hoyle",0.25,"call w/ Dan",,,"Men's Health","MH - Dev / Misc. Support"
2012-12-04,"Adam Hoyle",1.0,"misc. project coordination",,,"Men's Health","MH - Dev / Misc. Support"
2012-12-04,"Adam Hoyle",0.25,"process new projects to basecamp",,,"Men's Health","MH - Dev / Misc. Support"
2012-11-30,"Adam Hoyle",0.5,"project rundown with Dan and Jackie",,,"Men's Health","MH - Dev / Misc. Support"
2012-11-20,"Adam Hoyle",0.5,"disable autoplay on MHU",,,"Men's Health","MH - Dev / Misc. Support"
2012-11-20,"Adam Hoyle",0.25,"call w/ Dan re: project rundown",,,"Men's Health","MH - Dev / Misc. Support"
2012-11-19,"Adam Hoyle",0.5,"review projects, process new projects and update basecamp",,,"Men's Health","MH - Dev / Misc. Support"
2012-11-14,"Adam Hoyle",0.75,"proess new projects and update basecamp",,,"Men's Health","MH - Dev / Misc. Support"
2012-11-13,"Adam Hoyle",0.25,"remove profile from Belly Off site per KD",,,"Men's Health","MH - Dev / Misc. Support"
2012-11-13,"Adam Hoyle",0.25,"project rundown call w/ Dan",,,"Men's Health","MH - Dev / Misc. Support"
2012-10-30,"Adam Hoyle",0.5,"review project status and followups",,,"Men's Health","MH - Dev / Misc. Support"
2012-10-30,"Adam Hoyle",0.75,"updates to ipad digital edition tracking URLs on old and new landing page, sync to prod, clear akamai, email Gabe",,,"Men's Health","MH - Dev / Misc. Support"
2012-10-26,"Adam Hoyle",0.5,"meet /w Dan",,,"Men's Health","MH - Dev / Misc. Support"
2012-10-26,"Adam Hoyle",0.75,"call w/ Kevin re: projects in queue, forcasting for 2013, high-level discussion of goals",,,"Men's Health","MH - Dev / Misc. Support"
2012-10-24,"Adam Hoyle",0.5,"review projects, email Dan status",,,"Men's Health","MH - Dev / Misc. Support"
2012-10-16,"Adam Hoyle",0.25,"rodale VPN coordination",,,"Men's Health","MH - Dev / Misc. Support"
2012-10-16,"Adam Hoyle",0.5,"call w/ Dan re: project status",,,"Men's Health","MH - Dev / Misc. Support"
2012-10-15,"Adam Hoyle",1.0,"misc. project coordination and client emails",,,"Men's Health","MH - Dev / Misc. Support"
2012-10-09,"Adam Hoyle",0.5,"call w/ Dan re: project status. coordinate updates to sandwich center",,,"Men's Health","MH - Dev / Misc. Support"
2012-10-05,"Adam Hoyle",0.25,"spelling updates to sandwich builder",,,"Men's Health","MH - Dev / Misc. Support"
2012-10-05,"Adam Hoyle",0.25,"more tweaks to nutitient vitamin header per gabe",,,"Men's Health","MH - Dev / Misc. Support"
2012-10-05,"Adam Hoyle",0.5,"troubleshoot and make CSS updates to vitamin shelf",,,"Men's Health","MH - Dev / Misc. Support"
2012-10-05,"Adam Hoyle",0.5,"remove right sidebar","Pull MH Sandwich Builder code out of the MH feature page and create a stand-alone page that can be used on the iPad digital edition.","Misc.","Men's Health","MH - Dev / Misc. Support"
2012-10-01,"Adam Hoyle",0.75,"call w/ Sean Bumgarner re: Sandwhich Center on iPad",,,"Men's Health","MH - Dev / Misc. Support"
2012-09-27,"Adam Hoyle",0.5,"process new projects update basecamp",,,"Men's Health","MH - Dev / Misc. Support"
2012-09-25,"Adam Hoyle",0.25,"project checkin w/ Dan",,,"Men's Health","MH - Dev / Misc. Support"
2012-09-18,"Adam Hoyle",1.0,"call w/ Dan to run through projects, update basecamp, misc. support and project coordination",,,"Men's Health","MH - Dev / Misc. Support"
2012-09-12,"Adam Hoyle",0.5,"process new projects and feedback",,,"Men's Health","MH - Dev / Misc. Support"
2012-09-11,"Adam Hoyle",1.25,"call w/ Dan to review project, discuss new work, add to basecamp, communication w/ Jill re: projects and deadlines",,,"Men's Health","MH - Dev / Misc. Support"
2012-09-06,"Adam Hoyle",0.5,"review projects and update basecamp, Dan",,,"Men's Health","MH - Dev / Misc. Support"
2012-08-30,"Adam Hoyle",0.5,"respond to Jackie and setup ETNT Mobile user account, update view to allow editing of home and success pages",,,"Men's Health","MH - Dev / Misc. Support"
2012-08-29,"Adam Hoyle",0.25,"create new ETNT mobile page for Jackie",,,"Men's Health","MH - Dev / Misc. Support"
2012-08-29,"Adam Hoyle",0.25,"email Jackie re: ETNT/Foursquare analytics",,,"Men's Health","MH - Dev / Misc. Support"
2012-08-28,"Adam Hoyle",0.5,"project rundown w/ Dan",,,"Men's Health","MH - Dev / Misc. Support"
2012-08-23,"Adam Hoyle",0.25,"push power training updates to prod",,,"Men's Health","MH - Dev / Misc. Support"
2012-08-22,"Adam Hoyle",0.25,"respond to Gabe re: HTDEB tagging",,,"Men's Health","MH - Dev / Misc. Support"
2012-08-21,"Adam Hoyle",0.75,"troubleshoot Powertraining",,,"Men's Health","MH - Dev / Misc. Support"
2012-08-21,"Adam Hoyle",0.5,"project rundown",,,"Men's Health","MH - Dev / Misc. Support"
2012-08-20,"Adam Hoyle",0.25,"misc. client communication and project coordination",,,"Men's Health","MH - Dev / Misc. Support"
2012-08-14,"Adam Hoyle",0.5,"weekly project rundown with Dan",,,"Men's Health","MH - Dev / Misc. Support"
2012-08-07,"Adam Hoyle",0.25,"weekly project status call",,,"Men's Health","MH - Dev / Misc. Support"
2012-07-31,"Adam Hoyle",0.25,"review and respond to JP re: Adventure Guide updates",,,"Men's Health","MH - Dev / Misc. Support"
2012-07-31,"Adam Hoyle",0.5,"weekly project rundown with Dan",,,"Men's Health","MH - Dev / Misc. Support"
2012-07-26,"Adam Hoyle",0.75,"emails and project status",,,"Men's Health","MH - Dev / Misc. Support"
2012-07-24,"Adam Hoyle",0.5,"project rundown with Dan",,,"Men's Health","MH - Dev / Misc. Support"
2012-07-23,"Adam Hoyle",0.25,"process projects and add to basecamp",,,"Men's Health","MH - Dev / Misc. Support"
2012-07-18,"Adam Hoyle",0.25,"process new projects into basecamp - olympics and jumpstart",,,"Men's Health","MH - Dev / Misc. Support"
2012-07-18,"Adam Hoyle",0.25,"RAF for Adventure Guide",,,"Men's Health","MH - Dev / Misc. Support"
2012-07-17,"Adam Hoyle",0.25,"project status call w/ Dan",,,"Men's Health","MH - Dev / Misc. Support"
2012-07-11,"Adam Hoyle",0.25,"review celeb fitness w/ Jill",,,"Men's Health","MH - Dev / Misc. Support"
2012-07-10,"Adam Hoyle",0.75,"celeb fitness firedrill",,,"Men's Health","MH - Dev / Misc. Support"
2012-07-10,"Adam Hoyle",0.25,"celeb fitness rsync ad changes",,,"Men's Health","MH - Dev / Misc. Support"
2012-07-10,"Adam Hoyle",0.25,"coordinate celeb fitness ad tag updates w/ Jill and Jeremy",,,"Men's Health","MH - Dev / Misc. Support"
2012-07-10,"Adam Hoyle",0.5,"call to introduce and meet Gurgen",,,"Men's Health","MH - Dev / Misc. Support"
2012-07-10,"Adam Hoyle",0.25,"look into celeb fitness ad, sync jill's update to prod.",,,"Men's Health","MH - Dev / Misc. Support"
2012-07-09,"Adam Hoyle",0.5,"weekly status call",,,"Men's Health","MH - Dev / Misc. Support"
2012-07-05,"Adam Hoyle",0.5,"sync celeb fitness to prod.",,,"Men's Health","MH - Dev / Misc. Support"
2012-07-03,"Adam Hoyle",0.5,"weekly project status call w/ MH",,,"Men's Health","MH - Dev / Misc. Support"
2012-06-19,"Adam Hoyle",0.25,"push ipad updates to prod",,,"Men's Health","MH - Dev / Misc. Support"
2012-06-11,"Adam Hoyle",0.5,"weekly project call",,,"Men's Health","MH - Dev / Misc. Support"
2012-05-29,"Adam Hoyle",0.25,"customer request to delete account from Belly Off",,,"Men's Health","MH - Dev / Misc. Support"
2012-05-21,"Adam Hoyle",0.5,"weekly project status call",,,"Men's Health","MH - Dev / Misc. Support"
2012-05-17,"Adam Hoyle",0.5,"support for Brian Dalek on dad.mh.com CMS",,,"Men's Health","MH - Dev / Misc. Support"
2012-05-01,"Adam Hoyle",2.0,"updates to Belly Off caching plugin, test and push to prod",,,"Men's Health","MH - Dev / Misc. Support"
2012-04-17,"Adam Hoyle",0.5,"project status call w/ Eric and Dan",,,"Men's Health","MH - Dev / Misc. Support"
2012-04-13,"Adam Hoyle",0.25,"call w/ Dan and Eric re: new projects",,,"Men's Health","MH - Dev / Misc. Support"
2012-04-02,"Adam Hoyle",1.0,"project status call w/ Eric and Dan",,,"Men's Health","MH - Dev / Misc. Support"
2012-03-22,"Adam Hoyle",0.25,"standby and testing after DB mysqlcolo08 restart",,,"Men's Health","MH - Dev / Misc. Support"
2012-03-20,"Adam Hoyle",1.75,"universal pixel audit",,,"Men's Health","MH - Dev / Misc. Support"
2012-03-13,"Adam Hoyle",0.75,"review tracking pixel implementation per Mani",,,"Men's Health","MH - Dev / Misc. Support"
2012-03-05,"Adam Hoyle",0.5,"weekly status call with Dan, Eric, Gabe, Melissa",,,"Men's Health","MH - Dev / Misc. Support"
2012-03-04,"Adam Hoyle",1.0,"update MH lists, create a new field for embedded ads, update templates, test",,,"Men's Health","MH - Dev / Misc. Support"
2012-03-02,"Adam Hoyle",2.25,"Work with John G to accommodate ad campaign with embedded ad on MH List slideshows, troubleshoot ad code, troubleshoot CMS re-formatting of ad code",,,"Men's Health","MH - Dev / Misc. Support"
2012-03-01,"Adam Hoyle",1.5,"mysqlcolo07 cutover, test front and back-end of all sites on these servers",,,"Men's Health","MH - Dev / Misc. Support"
2012-02-27,"Adam Hoyle",0.5,"assemble project status list for dashboard call",,,"Men's Health","MH - Dev / Misc. Support"
2012-02-16,"Adam Hoyle",6.0,"full, detailed response to mhmini security vulnerabilities list from Jamil (working with Dave Edis)",,,"Men's Health","MH - Dev / Misc. Support"
2012-02-16,"Adam Hoyle",0.5,"call w/ Rodale IT to review the mysqlcolo07 cutover plan",,,"Men's Health","MH - Dev / Misc. Support"
2012-02-16,"Adam Hoyle",1.0,"review databases that will be effected by SA migration of mhmini and mhminidrup databases",,,"Men's Health","MH - Dev / Misc. Support"
2012-02-10,"Adam Hoyle",1.0,"bellyoff and celeb fitness permissions lockdown call w/ Jamil and fred",,,"Men's Health","MH - Dev / Misc. Support"
2012-02-10,"Adam Hoyle",0.5,"review bellyoff on dev for permissions lockdown call w/ Jamil",,,"Men's Health","MH - Dev / Misc. Support"
2012-02-09,"Adam Hoyle",0.5,"security call w/ Jamil to review archive and delete lists",,,"Men's Health","MH - Dev / Misc. Support"
2012-02-06,"Adam Hoyle",0.25,"update CHANNEL page nav sprite, per Melissa",,,"Men's Health","MH - Dev / Misc. Support"
2012-02-06,"Adam Hoyle",0.25,"updates to MH nav sprite - replace Grooming with Style and re-space other items, per Melissa",,,"Men's Health","MH - Dev / Misc. Support"
2012-02-06,"Adam Hoyle",0.5,"v-day round 3 changeover",,,"Men's Health","MH - Dev / Misc. Support"
2012-01-25,"Adam Hoyle",2.5,"Spartacus updates (prior to it being put on hold)",,,"Men's Health","MH - Dev / Misc. Support"
2012-01-25,"Adam Hoyle",0.5,"weekly conference call w/ Eric, Dan, Melissa",,,"Men's Health","MH - Dev / Misc. Support"
2012-01-25,"Adam Hoyle",0.5,"MyMH content edit",,,"Men's Health","MH - Dev / Misc. Support"
2012-01-25,"Adam Hoyle",0.5,"organize project status list for weekly call with MH/WH",,,"Men's Health","MH - Dev / Misc. Support"
2012-01-24,"Adam Hoyle",1.5,"general PM on multiple projects, process notes and todos into basecamp, client emails",,,"Men's Health","MH - Dev / Misc. Support"
2012-01-18,"Adam Hoyle",0.5,"Assemble project rundown list, weekly call with Eric, Dan and Gabe.",,,"Men's Health","MH - Dev / Misc. Support"
2012-01-12,"Adam Hoyle",1.0,"troubleshoot rodale VPN connection issues",,,"Men's Health","MH - Dev / Misc. Support"
2012-01-10,"Adam Hoyle",15.0,"exploit scanner (Dave E's time)",,,"Men's Health","MH - Dev / Misc. Support"
2012-01-06,"Adam Hoyle",1.75,"review writable directory list from IT and send list of directories that require these permissions",,,"Men's Health","MH - Dev / Misc. Support"
2012-01-04,"Adam Hoyle",1.0,"call with IT security to review and plan for next steps and assign tasks",,,"Men's Health","MH - Dev / Misc. Support"
2012-01-04,"Adam Hoyle",3.0,".htaccess updates for blocking scripts from uploads directory, updates to upload_functions to verify file type with extension",,,"Men's Health","MH - Dev / Misc. Support"
2012-01-04,"Adam Hoyle",0.75,"review grep results for encode/decode, identify sites managed by Brunello for review, call with Jamil",,,"Men's Health","MH - Dev / Misc. Support"
2012-01-03,"Adam Hoyle",0.5,"create project status list, conference call w/ Eric and Dan",,,"Men's Health","MH - Dev / Misc. Support"
2013-01-03,"Adam Hoyle",0.5,"download assets, process notes, update basecamp, email client",,,"Men's Health","MH Fragrance Quiz"
2012-03-27,"Adam Hoyle",0.5,"project coordination",,,"Men's Health","Slideshow Max - Gallery View"
2012-01-22,"Adam Hoyle",1.25,"backup db, backup dev site files, update homepage, science and about pages",,,"Men's Health","Spartacus 2012"
2012-01-22,"Adam Hoyle",1.0,"review requested changes and supplied content, review current site on dev",,,"Men's Health","Spartacus 2012"
2012-04-11,"Adam Hoyle",0.5,"call w/ John and Joel re: ongoing",,,"Next Avenue","BILLED: Drupal Support"
2014-12-26,"Adam Hoyle",0.75,"deployment",,,"Oldways/WGC","BILLED: OW Link Tracking"
2014-12-17,"Adam Hoyle",0.25,"discuss design updates w/ Kyle and Jess",,,"Oldways/WGC","BILLED: OW Link Tracking"
2014-12-16,"Adam Hoyle",1.25,"meet with Jess and John",,,"Oldways/WGC","BILLED: OW Link Tracking"
2014-07-25,"Adam Hoyle",1.5,"test db connection details, work with RS to troubleshoot",,,"Oldways/WGC","BILLED: OW New Template"
2014-04-01,"Adam Hoyle",0.25,"troubleshoot server connection and credentials",,,"Oldways/WGC","BILLED: OW/WGC misc requests Jan 2014"
2014-04-03,"Adam Hoyle",0.75,,,,"Oldways/WGC","BILLED: Restricted FTP account"
2014-04-02,"Adam Hoyle",1.5,,,,"Oldways/WGC","BILLED: Restricted FTP account"
2014-04-02,"Adam Hoyle",1.5,,,,"Oldways/WGC","BILLED: Restricted FTP account"
2013-02-12,"Adam Hoyle",0.25,"test 404 fixes, create 301, email Cynthia",,,"Oldways/WGC","BILLED: Site Migration"
2013-02-06,"Adam Hoyle",0.25,"post-launch QA",,,"Oldways/WGC","BILLED: Site Migration"
2013-02-05,"Adam Hoyle",2.0,"site cut-over",,,"Oldways/WGC","BILLED: Site Migration"
2013-02-04,"Adam Hoyle",0.5,"Finalize SSL",,,"Oldways/WGC","BILLED: Site Migration"
2013-02-04,"Adam Hoyle",1.0,"DNS transfer, monitoring, purchase SSL",,,"Oldways/WGC","BILLED: Site Migration"
2013-01-31,"Adam Hoyle",2.0,"server stuff, testing and QA of sites",,,"Oldways/WGC","BILLED: Site Migration"
2014-12-16,"Adam Hoyle",0.25,"update email alias",,,"Oldways/WGC","BILLED: WGC site updates Dec"
2014-12-15,"Adam Hoyle",1.0,"troubleshoot oldways DB connection, look up history for John.",,,"Oldways/WGC","Oldways - Dev/Misc Support"
2014-12-04,"Adam Hoyle",0.5,"review server config and respond to Cynthia",,,"Oldways/WGC","Oldways - Dev/Misc Support"
2014-04-26,"Adam Hoyle",2.75,"fix server login and file permissions",,,"Oldways/WGC","Oldways - Dev/Misc Support"
2014-04-26,"Adam Hoyle",0.5,"troubleshoot site outage alerts. concluded it was related to DNS hiccups.",,,"Oldways/WGC","Oldways - Dev/Misc Support"
2014-04-17,"Adam Hoyle",0.5,"call w/ Joan for PDF workaround",,,"Oldways/WGC","Oldways - Dev/Misc Support"
2014-04-16,"Adam Hoyle",0.5,"create disk image, patch heartbleed, fix lockout, fix permissions on files/files",,,"Oldways/WGC","Oldways - Dev/Misc Support"
2014-04-16,"Adam Hoyle",1.0,"create disk image, patch heartbleed, fix lockout, fix permissions on files/files",,,"Oldways/WGC","Oldways - Dev/Misc Support"
2014-04-16,"Adam Hoyle",0.25,"investigate ONE toolkit issue per Joan. Node was unpublished.",,,"Oldways/WGC","Oldways - Dev/Misc Support"
2014-04-16,"Adam Hoyle",1.0,"file permissions/ownership on files/files directory",,,"Oldways/WGC","Oldways - Dev/Misc Support"
2014-04-03,"Adam Hoyle",0.25,"fix file permissions",,,"Oldways/WGC","Oldways - Dev/Misc Support"
2013-07-17,"Adam Hoyle",0.5,"client emails re: DNS outage",,,"Oldways/WGC","Oldways - Dev/Misc Support"
2013-03-21,"Adam Hoyle",0.5,"site down, investigate, gameplan, email client",,,"Oldways/WGC","Oldways - Dev/Misc Support"
2013-03-12,"Adam Hoyle",1.0,"look into missing files on Oldways, copy files from old server to new, test, email Cynthia.",,,"Oldways/WGC","Oldways - Dev/Misc Support"
2013-02-13,"Adam Hoyle",0.25,"look into email blocking for Joan/Barb",,,"Oldways/WGC","Oldways - Dev/Misc Support"
2013-01-22,"Adam Hoyle",0.5,"call w/ Cynthia re: new server. Look into Rackspace setup.",,,"Oldways/WGC","WGC - Dev/Misc. Support"
2012-10-09,"Adam Hoyle",0.75,"renew and reinstall SSL",,,"Oldways/WGC","WGC - Dev/Misc. Support"
2012-03-01,"Adam Hoyle",1.5,"media template migration, troubleshooting, testing",,,"Paggala","BILLED: Alpha Website"
2012-02-09,"Adam Hoyle",0.75,"misc. support questions and post-launch items from mike",,,"Paggala","BILLED: Alpha Website"
2012-02-07,"Adam Hoyle",0.5,"alpha site meeting and demo with client",,,"Paggala","BILLED: Alpha Website"
2012-02-06,"Adam Hoyle",0.5,"paggala final review and status check",,,"Paggala","BILLED: Alpha Website"
2012-02-02,"Adam Hoyle",1.5,"review site, take notes, internal meeting to prioritize and put together a final ""nice to have"" push list.",,,"Paggala","BILLED: Alpha Website"
2012-01-30,"Adam Hoyle",1.15,"project coordination, sitemap for Jay, call with Mike",,,"Paggala","BILLED: Alpha Website"
2012-01-26,"Adam Hoyle",1.0,"project coordination, meeting with John and Jay to review designs and dev status",,,"Paggala","BILLED: Alpha Website"
2012-01-25,"Adam Hoyle",0.25,"review design and dev progress",,,"Paggala","BILLED: Alpha Website"
2012-01-25,"Adam Hoyle",0.5,"meeting with ryan, jay, john",,,"Paggala","BILLED: Alpha Website"
2012-01-24,"Adam Hoyle",0.5,"call w/ Mike to review designs and feedback",,,"Paggala","BILLED: Alpha Website"
2012-01-24,"Adam Hoyle",1.5,"organize and review paggala designs, add notes to basecamp",,,"Paggala","BILLED: Alpha Website"
2012-01-23,"Adam Hoyle",0.5,"kickoff meeting with John",,,"Paggala","BILLED: Alpha Website"
2012-08-29,"Adam Hoyle",0.25,"RAF",,,"Prevention","BILLED: Beauty Awards - Defy Your Age P2"
2012-08-21,"Adam Hoyle",0.25,"review updates against approved comps",,,"Prevention","BILLED: Beauty Awards - Defy Your Age P2"
2012-08-13,"Adam Hoyle",0.25,"update header mag cover",,,"Prevention","BILLED: Beauty Awards - Defy Your Age P2"
2012-05-29,"Adam Hoyle",0.253056,"process requests for updates to DYA",,,"Prevention","BILLED: Beauty Awards - Defy Your Age P2"
2012-05-17,"Adam Hoyle",0.5,"call w/ Steve to review beauty comps",,,"Prevention","BILLED: Beauty Awards - Defy Your Age P2"
2012-05-16,"Adam Hoyle",0.5,"review designs, meet w/ kyle",,,"Prevention","BILLED: Beauty Awards - Defy Your Age P2"
2012-05-15,"Adam Hoyle",0.5,"review designs and coordinate with kyle",,,"Prevention","BILLED: Beauty Awards - Defy Your Age P2"
2012-05-09,"Adam Hoyle",1.0,"call w/ Steve",,,"Prevention","BILLED: Beauty Awards - Defy Your Age P2"
2012-03-13,"Adam Hoyle",1.0,"conference call with Steve, Emily and PVN beauty team to talk about DYA phase 2",,,"Prevention","BILLED: Beauty Awards - Defy Your Age P2"
2012-12-28,"Adam Hoyle",1.25,"project coordination and client email",,,"Prevention","BILLED: Diabetes Center"
2012-12-27,"Adam Hoyle",0.5,"project coordination, client emails",,,"Prevention","BILLED: Diabetes Center"
2012-12-26,"Adam Hoyle",0.25,,,,"Prevention","BILLED: Diabetes Center"
2012-12-19,"Adam Hoyle",0.25,"review designs w/ Jay",,,"Prevention","BILLED: Diabetes Center"
2012-12-10,"Adam Hoyle",0.25,"project communication",,,"Prevention","BILLED: Diabetes Center"
2014-11-06,"Adam Hoyle",0.25,"daily standup",,,"Prevention","BILLED: Eat Clean"
2014-11-04,"Adam Hoyle",0.25,"daily standup",,,"Prevention","BILLED: Eat Clean"
2014-10-29,"Adam Hoyle",0.25,"daily standup",,,"Prevention","BILLED: Eat Clean"
2014-10-29,"Adam Hoyle",0.25,"daily standup",,,"Prevention","BILLED: Eat Clean"
2014-10-28,"Adam Hoyle",0.25,"daily standup",,,"Prevention","BILLED: Eat Clean"
2014-10-21,"Adam Hoyle",0.5,"daily standup",,,"Prevention","BILLED: Eat Clean"
2014-10-20,"Adam Hoyle",0.25,"daily standup",,,"Prevention","BILLED: Eat Clean"
2014-10-14,"Adam Hoyle",0.25,"daily standup",,,"Prevention","BILLED: Eat Clean"
2014-10-09,"Adam Hoyle",0.5,"daily zeus standup",,,"Prevention","BILLED: Eat Clean"
2014-10-09,"Adam Hoyle",0.5,"review designs",,,"Prevention","BILLED: Eat Clean"
2014-10-07,"Adam Hoyle",0.25,"review designs, project coordination",,,"Prevention","BILLED: Eat Clean"
2014-10-07,"Adam Hoyle",0.5,"zeus scrum",,,"Prevention","BILLED: Eat Clean"
2014-10-03,"Adam Hoyle",0.25,"kickoff call",,,"Prevention","BILLED: Eat Clean"
2012-01-24,"Adam Hoyle",0.25,"content update per Diana",,,"Prevention","BILLED: Flat Belly Community"
2012-01-23,"Adam Hoyle",1.5,"deployment coordination, QA, F5 rule emails, etc.",,,"Prevention","BILLED: Flat Belly Community"
2012-01-05,"Adam Hoyle",0.75,"organize feedback and notes, prioritize",,,"Prevention","BILLED: Flat Belly Community"
2012-09-13,"Adam Hoyle",0.5,"call w/ Dan and team to discuss Prevention site design updates",,,"Prevention","BILLED: Homepage Refresh"
2012-09-06,"Adam Hoyle",0.5,"call w/ Dan and Emily re:",,,"Prevention","BILLED: Homepage Refresh"
2012-08-30,"Adam Hoyle",0.5,"call w/ Dan and Emily re: homepage revisions",,,"Prevention","BILLED: Homepage Refresh"
2012-06-26,"Adam Hoyle",0.5,"call w/ Emily",,,"Prevention","BILLED: Homepage Refresh"
2012-05-23,"Adam Hoyle",0.25,"review designs, provide feedback, email client",,,"Prevention","BILLED: Homepage Refresh"
2012-12-27,"Adam Hoyle",0.5,"project coordination, client emails",,,"Prevention","BILLED: Horoscopes Center"
2012-12-19,"Adam Hoyle",0.25,"review designs w/ Jay",,,"Prevention","BILLED: Horoscopes Center"
2012-12-11,"Adam Hoyle",0.25,"review feed",,,"Prevention","BILLED: Horoscopes Center"
2012-12-11,"Adam Hoyle",0.5,"kickoff call w/ Emily",,,"Prevention","BILLED: Horoscopes Center"
2012-04-03,"Adam Hoyle",1.0,"launch coordination - F5 rule, ad QA, etc.",,,"Prevention","BILLED: How to Prevent Anything"
2012-03-20,"Adam Hoyle",0.35,"investigate status of security scan, followup with Jamil",,,"Prevention","BILLED: How to Prevent Anything"
2012-03-08,"Adam Hoyle",0.5,"update HTPA header with new PVN.com header",,,"Prevention","BILLED: How to Prevent Anything"
2014-05-15,"Adam Hoyle",0.25,"buy font per Domenica",,,"Prevention","BILLED: iPad Quiz - Beauty"
2014-01-08,"Adam Hoyle",0.25,"review and send code to Domenica",,,"Prevention","BILLED: Liver Toxicity Quiz"
2012-03-14,"Adam Hoyle",0.25,"project coordination",,,"Prevention","BILLED: Outbrain Landing Pages"
2012-03-07,"Adam Hoyle",0.75,"review pages, email Steve",,,"Prevention","BILLED: Outbrain Landing Pages"
2012-03-05,"Adam Hoyle",0.25,"project coordination",,,"Prevention","BILLED: Outbrain Landing Pages"
2012-10-26,"Adam Hoyle",0.25,"review and discuss designs w/ Jay",,,"Prevention","BILLED: Slideshow Max"
2013-12-10,"Adam Hoyle",0.25,"project setup",,,"Prevention","BILLED: Sugar Quiz for iPad"
2012-01-27,"Adam Hoyle",2.0,"css tweaks, add logo to footer on homepage, change main video title frame, add dek, upload to brightcove,",,,"Prevention","BILLED: White House - Cook w/ Your Kids"
2012-01-26,"Adam Hoyle",0.5,"QA, PM",,,"Prevention","BILLED: White House - Cook w/ Your Kids"
2012-01-26,"Adam Hoyle",2.5,"organize/review/QA final todos with Jill, complete design updates, new logo, new sidebar, prize pack, etc.",,,"Prevention","BILLED: White House - Cook w/ Your Kids"
2012-01-25,"Adam Hoyle",0.25,"troubleshoot poor image quality on video still",,,"Prevention","BILLED: White House - Cook w/ Your Kids"
2012-01-25,"Adam Hoyle",1.5,"QA, work with Jill to finalize, create video still graphics, call w/ Steve and Emily to review",,,"Prevention","BILLED: White House - Cook w/ Your Kids"
2012-01-25,"Adam Hoyle",0.25,"status updates w/ Jill, gather new content from Steve",,,"Prevention","BILLED: White House - Cook w/ Your Kids"
2012-01-19,"Adam Hoyle",0.5,"followup with Steve re: content, call w/ Steve re: video and images",,,"Prevention","BILLED: White House - Cook w/ Your Kids"
2012-01-12,"Adam Hoyle",0.5,"research flickr settings for emailing photos to gallery",,,"Prevention","BILLED: White House - Cook w/ Your Kids"
2012-01-12,"Adam Hoyle",0.5,"create pages in Drupal, test login, get Jill setup",,,"Prevention","BILLED: White House - Cook w/ Your Kids"
2012-01-11,"Adam Hoyle",0.75,"project coordination with Jill, and emails to Steve, Emily, Raj re: feature page workflow",,,"Prevention","BILLED: White House - Cook w/ Your Kids"
2012-01-06,"Adam Hoyle",0.5,"stock photo research, flickr research",,,"Prevention","BILLED: White House - Cook w/ Your Kids"
2012-01-06,"Adam Hoyle",0.25,"coordinate coming soon header for Steve",,,"Prevention","BILLED: White House - Cook w/ Your Kids"
2014-05-06,"Adam Hoyle",0.25,"process new ipad quiz for Hearing, update basecamp",,,"Prevention","Dev/Misc Support"
2013-03-06,"Adam Hoyle",0.25,"Per Emily - HTP Osteoporosis slide to be the inital HTP",,,"Prevention","Dev/Misc Support"
2013-02-12,"Adam Hoyle",0.25,"coordinate updates for HTPA ad iframe, email Emily",,,"Prevention","Dev/Misc Support"
2013-02-08,"Adam Hoyle",0.25,"coordinate update to HTPA ad keywords",,,"Prevention","Dev/Misc Support"
2013-01-10,"Adam Hoyle",0.25,"project coordination",,,"Prevention","Dev/Misc Support"
2012-12-27,"Adam Hoyle",0.5,"research PVN content types",,,"Prevention","Dev/Misc Support"
2012-12-19,"Adam Hoyle",0.25,"RAF for HTPA ads",,,"Prevention","Dev/Misc Support"
2012-12-18,"Adam Hoyle",0.25,"respond to zimmerman re: ads",,,"Prevention","Dev/Misc Support"
2012-12-17,"Adam Hoyle",0.25,"gather credentials and infor for minisites",,,"Prevention","Dev/Misc Support"
2012-12-07,"Adam Hoyle",0.5,"discuss new project",,,"Prevention","Dev/Misc Support"
2012-11-15,"Adam Hoyle",0.25,"respond to emily re: HTPA permissions and publishing nodes",,,"Prevention","Dev/Misc Support"
2012-11-14,"Adam Hoyle",0.25,"new user creation",,,"Prevention","Dev/Misc Support"
2012-10-19,"Adam Hoyle",0.25,"fix magazine cover on Your Beauty",,,"Prevention","Dev/Misc Support"
2012-08-24,"Adam Hoyle",0.5,"investigate images not showing up in IE (CMYK)",,,"Prevention","Dev/Misc Support"
2012-08-20,"Adam Hoyle",0.25,"update logo on iYogaLife, attempt sync to prod, email status to Emily and report RSYNC errors to Gurgen",,,"Prevention","Dev/Misc Support"
2012-08-13,"Adam Hoyle",0.25,"update to shop@prevention URL on DYA per Emily",,,"Prevention","Dev/Misc Support"
2012-07-26,"Adam Hoyle",0.25,"emails and project status",,,"Prevention","Dev/Misc Support"
2012-06-05,"Adam Hoyle",0.5,"call w/ Steve re: DYA status and homepage",,,"Prevention","Dev/Misc Support"
2012-05-30,"Adam Hoyle",0.5,"respond to IT about ad refresh code used on HTPA",,,"Prevention","Dev/Misc Support"
2012-05-23,"Adam Hoyle",0.25,"call w/ Steve and Emily re: FBC",,,"Prevention","Dev/Misc Support"
2012-05-14,"Adam Hoyle",0.5,"Call w/ Steve re: homepage refresh and checkin on beauty award comps",,,"Prevention","Dev/Misc Support"
2012-04-19,"Adam Hoyle",0.5,"QA Flat Belly site after nav updates/deployment",,,"Prevention","Dev/Misc Support"
2012-04-19,"Adam Hoyle",0.5,"Catch-up call w/ Steve",,,"Prevention","Dev/Misc Support"
2012-03-23,"Adam Hoyle",0.75,"[for deleted to-do: ""Nav updates (see comment from Steve)""]",,,"Prevention","Dev/Misc Support"
2012-03-14,"Adam Hoyle",0.5,"gather and organize all final PSDs for PVN redesign and send to Wes",,,"Prevention","Dev/Misc Support"
2012-03-01,"Adam Hoyle",0.25,"change sidebar Flat Belly Club ad block link per Emily",,,"Prevention","Dev/Misc Support"
2012-02-09,"Adam Hoyle",0.25,"troubleshoot URL alias on Flat Belly",,,"Prevention","Dev/Misc Support"
2012-02-06,"Adam Hoyle",0.25,"create Prevention Beauty twitter icon for Jenn Goldstein",,,"Prevention","Dev/Misc Support"
2012-01-24,"Adam Hoyle",0.5,"process notes and feedback from client into basecamp",,,"Prevention","Dev/Misc Support"
2012-01-23,"Adam Hoyle",0.25,"new user account for Steph Kuo (DYA)",,,"Prevention","Dev/Misc Support"
2012-01-12,"Adam Hoyle",0.25,"update mag cover subscribe ad for PVN header",,,"Prevention","Dev/Misc Support"
2012-01-09,"Adam Hoyle",0.5,"project checkin with Steve and Emily",,,"Prevention","Dev/Misc Support"
2012-01-06,"Adam Hoyle",0.25,"coordinate CM tag updates for DYA w/ Adam B",,,"Prevention","Dev/Misc Support"
2012-01-06,"Adam Hoyle",0.25,"coordinate CM tag updates for home gym sweeps",,,"Prevention","Dev/Misc Support"
2013-08-20,"Adam Hoyle",1.0,"move Sasaki to prod",,,"Problem Solved Daily","BILLED: PSD: Website Redesign"
2013-08-15,"Adam Hoyle",2.0,"CMS training",,,"Problem Solved Daily","BILLED: PSD: Website Redesign"
2013-06-28,"Adam Hoyle",2.25,"review feedback and draft response to Kim Flotteron",,,"Problem Solved Daily","BILLED: PSD: Website Redesign"
2013-06-04,"Adam Hoyle",2.25,"prep for PSD call",,,"Problem Solved Daily","BILLED: PSD: Website Redesign"
2013-05-08,"Adam Hoyle",0.5,"review feedback and notes",,,"Problem Solved Daily","BILLED: PSD: Website Redesign"
2013-04-05,"Adam Hoyle",0.25,"setup A record, early QA",,,"Problem Solved Daily","BILLED: PSD: Website Redesign"
2013-01-21,"Adam Hoyle",0.25,"Respond to questions from Kim",,,"Problem Solved Daily","BILLED: PSD: Website Redesign"
2013-01-18,"Adam Hoyle",0.75,"type notes from PSD meeting, email Kim Flotteron",,,"Problem Solved Daily","BILLED: PSD: Website Redesign"
2013-01-16,"Adam Hoyle",0.5,"review PSD",,,"Problem Solved Daily","BILLED: PSD: Website Redesign"
2012-12-20,"Adam Hoyle",0.5,"email to kim",,,"Problem Solved Daily","BILLED: PSD: Website Redesign"
2012-12-20,"Adam Hoyle",0.25,"discuss feedback w/ Jay",,,"Problem Solved Daily","BILLED: PSD: Website Redesign"
2012-12-17,"Adam Hoyle",0.25,"process feedback, update basecamp",,,"Problem Solved Daily","BILLED: PSD: Website Redesign"
2012-12-14,"Adam Hoyle",1.5,"review designs and email Flotteron",,,"Problem Solved Daily","BILLED: PSD: Website Redesign"
2012-12-12,"Adam Hoyle",0.75,"review designs with Jay",,,"Problem Solved Daily","BILLED: PSD: Website Redesign"
2012-12-12,"Adam Hoyle",0.5,"add PSD milestones to basecamp",,,"Problem Solved Daily","BILLED: PSD: Website Redesign"
2012-12-05,"Adam Hoyle",0.75,"review nicole's notes on feedback, add milestones to basecamp",,,"Problem Solved Daily","BILLED: PSD: Website Redesign"
2012-11-29,"Adam Hoyle",0.75,"project coordination",,,"Problem Solved Daily","BILLED: PSD: Website Redesign"
2012-11-07,"Adam Hoyle",0.5,"call with Kim re: tablet optimization",,,"Problem Solved Daily","BILLED: PSD: Website Redesign"
2012-03-14,"Adam Hoyle",0.25,"project coordination",,,"Problem Solved Daily","BILLED: PSD: Website Redesign"
2014-10-15,"Adam Hoyle",0.25,"pre-launch call",,,"Runner's World","BILLED: Zelle (RWW)"
2014-10-15,"Adam Hoyle",0.25,"daily standup",,,"Runner's World","BILLED: Zelle (RWW)"
2014-10-08,"Adam Hoyle",0.5,"zeus scrum and followup call with Scott",,,"Runner's World","BILLED: Zelle (RWW)"
2014-10-07,"Adam Hoyle",0.25,"project coordination",,,"Runner's World","BILLED: Zelle (RWW)"
2014-09-26,"Adam Hoyle",0.25,"Zelle standup",,,"Runner's World","BILLED: Zelle (RWW)"
2014-09-24,"Adam Hoyle",0.25,"daily standup",,,"Runner's World","BILLED: Zelle (RWW)"
2014-09-23,"Adam Hoyle",0.5,,,,"Runner's World","BILLED: Zelle (RWW)"
2014-09-22,"Adam Hoyle",0.25,"Daily Zelle standup",,,"Runner's World","BILLED: Zelle (RWW)"
2014-09-19,"Adam Hoyle",0.25,"Zelle standup",,,"Runner's World","BILLED: Zelle (RWW)"
2014-09-18,"Adam Hoyle",0.25,"Zelle standup",,,"Runner's World","BILLED: Zelle (RWW)"
2014-09-17,"Adam Hoyle",1.25,"review and print designs, bring Ethan up to speed.",,,"Runner's World","BILLED: Zelle (RWW)"
2014-09-16,"Adam Hoyle",0.25,"zelle standup",,,"Runner's World","BILLED: Zelle (RWW)"
2014-09-08,"Adam Hoyle",0.25,"daily standup",,,"Runner's World","BILLED: Zelle (RWW)"
2014-09-05,"Adam Hoyle",0.25,"Daily standup",,,"Runner's World","BILLED: Zelle (RWW)"
2014-09-03,"Adam Hoyle",0.25,"daily scrum",,,"Runner's World","BILLED: Zelle (RWW)"
2014-09-02,"Adam Hoyle",1.0,"weekly design call",,,"Runner's World","BILLED: Zelle (RWW)"
2014-08-26,"Adam Hoyle",0.5,"weekly design review call",,,"Runner's World","BILLED: Zelle (RWW)"
2014-08-12,"Adam Hoyle",0.5,"review latest designs and feedback",,,"Runner's World","BILLED: Zelle (RWW)"
2014-08-08,"Adam Hoyle",0.5,"review project schedule and update basecamp with major milestones",,,"Runner's World","BILLED: Zelle (RWW)"
2014-08-07,"Adam Hoyle",0.5,"discuss schedule with Scott",,,"Runner's World","BILLED: Zelle (RWW)"
2014-08-05,"Adam Hoyle",0.75,"project kickoff meeting",,,"Runner's World","BILLED: Zelle (RWW)"
2013-03-12,"Adam Hoyle",1.5,"Sasaki project coordination and graphics support, deliver final files to Lizzy",,,"Sasaki","BILLED: U Missouri Microsite"
2013-03-12,"Adam Hoyle",0.5,"Sasaki project coordination and graphics support",,,"Sasaki","BILLED: U Missouri Microsite"
2013-03-12,"Adam Hoyle",1.0,"Sasaki project coordination and graphics support",,,"Sasaki","BILLED: U Missouri Microsite"
2013-03-11,"Adam Hoyle",1.25,"compile maps and legends",,,"Sasaki","BILLED: U Missouri Microsite"
2013-03-11,"Adam Hoyle",0.75,"call w/ Jill and Lizzy",,,"Sasaki","BILLED: U Missouri Microsite"
2013-03-11,"Adam Hoyle",0.5,"process notes, update basecamp",,,"Sasaki","BILLED: U Missouri Microsite"
2013-03-10,"Adam Hoyle",1.0,"download project files, update basecamp, email Will",,,"Sasaki","BILLED: U Missouri Microsite"
2013-04-03,"Adam Hoyle",1.25,"meeting prep, draft email","Update MailChimp form designs with better, more consistent branding.","Phase 1","Sasaki","BILLED: Website Updates & Development - Phase 1"
2013-04-03,"Adam Hoyle",1.5,"design updates and investigate list groups and tracking referral source","Update MailChimp form designs with better, more consistent branding.","Phase 1","Sasaki","BILLED: Website Updates & Development - Phase 1"
2013-03-04,"Adam Hoyle",1.0,"create account, setup snapshots, obtain code, send to Mike","Click and heatmap analytics: Add Crazy Egg analytics","Phase 1","Sasaki","BILLED: Website Updates & Development - Phase 1"
2013-10-29,"Adam Hoyle",0.25,"re-upload lightbox image and send liz a note about max height/width",,,"Sasaki","BILLED: Website Updates & Development - Phase 2"
2013-10-22,"Adam Hoyle",2.0,"blog deployment",,,"Sasaki","BILLED: Website Updates & Development - Phase 2"
2013-10-22,"Adam Hoyle",0.5,"call w/ Sasaki",,,"Sasaki","BILLED: Website Updates & Development - Phase 2"
2013-10-21,"Adam Hoyle",1.5,"upload custom thumbnails",,,"Sasaki","BILLED: Website Updates & Development - Phase 2"
2013-10-21,"Adam Hoyle",0.5,"review updates, resave flyouts, email Liz",,,"Sasaki","BILLED: Website Updates & Development - Phase 2"
2013-10-21,"Adam Hoyle",0.25,"image dimensions for liz, adjust flyout images",,,"Sasaki","BILLED: Website Updates & Development - Phase 2"
2013-10-21,"Adam Hoyle",1.75,"review final QA and prep for go/nogo call",,,"Sasaki","BILLED: Website Updates & Development - Phase 2"
2013-10-15,"Adam Hoyle",3.0,"create PDF with blog management notes for Liz",,,"Sasaki","BILLED: Website Updates & Development - Phase 2"
2013-10-15,"Adam Hoyle",0.15,"update sprite for LinkedIn",,,"Sasaki","BILLED: Website Updates & Development - Phase 2"
2013-10-15,"Adam Hoyle",0.25,"quick call w/ Liz and Mike re: blog rollout",,,"Sasaki","BILLED: Website Updates & Development - Phase 2"
2013-10-09,"Adam Hoyle",3.75,"update images for secondary features, more QA, QA on PC, send Liz email with links",,,"Sasaki","BILLED: Website Updates & Development - Phase 2"
2013-10-08,"Adam Hoyle",1.25,"QA blog",,,"Sasaki","BILLED: Website Updates & Development - Phase 2"
2013-09-26,"Adam Hoyle",1.5,"review sasaki blog progress, QA, review specs",,,"Sasaki","BILLED: Website Updates & Development - Phase 2"
2013-09-25,"Adam Hoyle",0.5,"review sasaki progress",,,"Sasaki","BILLED: Website Updates & Development - Phase 2"
2013-09-23,"Adam Hoyle",0.5,"review blog progress",,,"Sasaki","BILLED: Website Updates & Development - Phase 2"
2013-09-04,"Adam Hoyle",0.25,"create draft timeline",,,"Sasaki","BILLED: Website Updates & Development - Phase 2"
2013-09-03,"Adam Hoyle",1.0,"cleanup blog landing page notes and add to basecamp",,,"Sasaki","BILLED: Website Updates & Development - Phase 2"
2013-08-29,"Adam Hoyle",2.0,"meet with Mike and Jay",,,"Sasaki","BILLED: Website Updates & Development - Phase 2"
2013-08-28,"Adam Hoyle",3.0,"Endless Scroll",,,"Sasaki","BILLED: Website Updates & Development - Phase 2"
2013-08-28,"Adam Hoyle",0.5,"review final comps, create PDF, email Liz",,,"Sasaki","BILLED: Website Updates & Development - Phase 2"
2013-08-27,"Adam Hoyle",1.5,"meeting at Sasaki",,,"Sasaki","BILLED: Website Updates & Development - Phase 2"
2013-08-26,"Adam Hoyle",1.75,"prep for meeting, create click-through and PDF",,,"Sasaki","BILLED: Website Updates & Development - Phase 2"
2013-08-19,"Adam Hoyle",1.0,"review Sasaki blog designs with Mike and Jay",,,"Sasaki","BILLED: Website Updates & Development - Phase 2"
2013-08-15,"Adam Hoyle",0.25,"review updated comps",,,"Sasaki","BILLED: Website Updates & Development - Phase 2"
2013-08-14,"Adam Hoyle",2.0,"meeting at Sasaki to review designs",,,"Sasaki","BILLED: Website Updates & Development - Phase 2"
2013-08-13,"Adam Hoyle",0.5,"review design and presentation PDF",,,"Sasaki","BILLED: Website Updates & Development - Phase 2"
2013-08-13,"Adam Hoyle",1.0,"review sasaki design updates",,,"Sasaki","BILLED: Website Updates & Development - Phase 2"
2013-08-01,"Adam Hoyle",2.5,"prep for sasaki meeting, assemble click-through, meet at Sasaki",,,"Sasaki","BILLED: Website Updates & Development - Phase 2"
2013-07-31,"Adam Hoyle",0.5,"prep for sasaki",,,"Sasaki","BILLED: Website Updates & Development - Phase 2"
2013-07-31,"Adam Hoyle",0.75,"review blog redesigns",,,"Sasaki","BILLED: Website Updates & Development - Phase 2"
2013-07-30,"Adam Hoyle",0.5,"Meet w/ Jay to discuss designs and feedback",,,"Sasaki","BILLED: Website Updates & Development - Phase 2"
2013-07-30,"Adam Hoyle",0.5,"review designs",,,"Sasaki","BILLED: Website Updates & Development - Phase 2"
2013-07-23,"Adam Hoyle",0.5,"meet w/ Jay & Mike re: status, build plan, review to-dos",,,"Sasaki","BILLED: Website Updates & Development - Phase 2"
2013-07-22,"Adam Hoyle",0.25,"research and documentation for FB tags",,,"Sasaki","BILLED: Website Updates & Development - Phase 2"
2013-07-18,"Adam Hoyle",0.5,"add Sasaki Phase 2 to-dos to BC",,,"Sasaki","BILLED: Website Updates & Development - Phase 2"
2013-07-15,"Adam Hoyle",1.0,"project setup",,,"Sasaki","BILLED: Website Updates & Development - Phase 2"
2014-12-22,"Adam Hoyle",2.75,"corp rewards proposal",,,"Sasaki","Curated Project Galleries"
2014-12-22,"Adam Hoyle",0.75,"review final curated gallery comps",,,"Sasaki","Curated Project Galleries"
2014-12-19,"Adam Hoyle",1.0,"review designs",,,"Sasaki","Curated Project Galleries"
2014-12-17,"Adam Hoyle",0.5,"meet to review progress",,,"Sasaki","Curated Project Galleries"
2014-12-15,"Adam Hoyle",0.5,"notes from review",,,"Sasaki","Curated Project Galleries"
2014-12-11,"Adam Hoyle",1.25,"review curated gallery pages with Jay and Kyle",,,"Sasaki","Curated Project Galleries"
2014-12-05,"Adam Hoyle",0.5,"troubleshoot errors in local dev to prep for new dev",,,"Sasaki","Dev./Misc. Support"
2014-12-04,"Adam Hoyle",0.25,"review revised menus and send to Sasaki",,,"Sasaki","Dev./Misc. Support"
2014-11-20,"Adam Hoyle",0.25,"Call w/ Will",,,"Sasaki","Dev./Misc. Support"
2014-11-17,"Adam Hoyle",0.25,"review RS security tickets",,,"Sasaki","Dev./Misc. Support"
2014-11-14,"Adam Hoyle",0.75,"test DB connections and credentials, call w/ Will",,,"Sasaki","Dev./Misc. Support"
2014-10-24,"Adam Hoyle",0.25,"","Fix display issues with share icons on windows (see screenshot)","Retainer: Misc. Design, Development, Support Requests","Sasaki","Dev./Misc. Support"
2014-10-16,"Adam Hoyle",0.5,"email sharing deployment, testing and cooridnation",,,"Sasaki","Dev./Misc. Support"
2014-10-09,"Adam Hoyle",0.5,"review, test and email sasaki re: social sharing.",,,"Sasaki","Dev./Misc. Support"
2014-10-09,"Adam Hoyle",0.25,"Review email functionality on staging, give feedback",,,"Sasaki","Dev./Misc. Support"
2014-10-08,"Adam Hoyle",0.25,"server outage",,,"Sasaki","Dev./Misc. Support"
2014-10-06,"Adam Hoyle",0.25,"Research AddThis email sharing, update basecamp",,,"Sasaki","Dev./Misc. Support"
2014-05-20,"Adam Hoyle",1.0,"respond to Will and Liz re: weird search results",,,"Sasaki","Dev./Misc. Support"
2014-05-02,"Adam Hoyle",0.25,"troubleshoot blog post images throwing authentication error",,,"Sasaki","Dev./Misc. Support"
2014-05-01,"Adam Hoyle",0.5,"discuss deloyment with John","Implement clean URL/Vanity URL/Redirect solution (see comment for details)","Retainer: Misc. Design, Development, Support Requests","Sasaki","Dev./Misc. Support"
2014-05-01,"Adam Hoyle",0.5,"add field notes and permissions to prod","Implement clean URL/Vanity URL/Redirect solution (see comment for details)","Retainer: Misc. Design, Development, Support Requests","Sasaki","Dev./Misc. Support"
2014-04-30,"Adam Hoyle",0.5,"QA","Implement clean URL/Vanity URL/Redirect solution (see comment for details)","Retainer: Misc. Design, Development, Support Requests","Sasaki","Dev./Misc. Support"
2014-04-17,"Adam Hoyle",0.25,"blog QA",,,"Sasaki","Dev./Misc. Support"
2014-04-16,"Adam Hoyle",0.75,"troubleshoot blog",,,"Sasaki","Dev./Misc. Support"
2014-04-16,"Adam Hoyle",0.5,"qa","Investigate bug on blog post with hero image (see comment)","Retainer: Misc. Design, Development, Support Requests","Sasaki","Dev./Misc. Support"
2014-04-16,"Adam Hoyle",0.25,"respond to Greg at Interactive tools re: Sasaki questions","Implement clean URL/Vanity URL/Redirect solution (see comment for details)","Retainer: Misc. Design, Development, Support Requests","Sasaki","Dev./Misc. Support"
2014-04-11,"Adam Hoyle",0.75,"project coordination, create new database table and fields, review requirements with developers","Implement clean URL/Vanity URL/Redirect solution (see comment for details)","Retainer: Misc. Design, Development, Support Requests","Sasaki","Dev./Misc. Support"
2014-04-09,"Adam Hoyle",0.75,"investigate bug reports from Liz, update basecamp",,,"Sasaki","Dev./Misc. Support"
2014-03-27,"Adam Hoyle",0.25,"delete inactive users",,,"Sasaki","Dev./Misc. Support"
2014-03-27,"Adam Hoyle",0.25,"coordinate with Will on prod upgrade",,,"Sasaki","Dev./Misc. Support"
2014-03-05,"Adam Hoyle",0.5,"discuss RSS with John, respond to Will with findings and recommendation.",,,"Sasaki","Dev./Misc. Support"
2014-03-05,"Adam Hoyle",0.25,"discuss and prioritize todos with john",,,"Sasaki","Dev./Misc. Support"
2014-02-25,"Adam Hoyle",1.5,"QA sasaki",,,"Sasaki","Dev./Misc. Support"
2014-02-14,"Adam Hoyle",0.25,"update /zh page to print project titles in Chinese","Upgrade Directus to 5.1.b","Retainer: Misc. Design, Development, Support Requests","Sasaki","Dev./Misc. Support"
2014-02-14,"Adam Hoyle",0.75,"configure local instance, diff directus alpha and beta to see what was modified in core","Upgrade Directus to 5.1.b","Retainer: Misc. Design, Development, Support Requests","Sasaki","Dev./Misc. Support"
2014-01-28,"Adam Hoyle",0.75,"change password for sasakisearch user",,,"Sasaki","Dev./Misc. Support"
2014-01-24,"Adam Hoyle",0.5,"troubleshoot username and open port 3306",,,"Sasaki","Dev./Misc. Support"
2014-01-24,"Adam Hoyle",0.5,"call w/ Will, test sasaskisearch user with new Brunello cleared IP",,,"Sasaki","Dev./Misc. Support"
2014-01-23,"Adam Hoyle",0.5,"investigate passwords for Sasaki DB and CodeGuard failed backup",,,"Sasaki","Dev./Misc. Support"
2014-01-16,"Adam Hoyle",0.5,"Check new GA code",,,"Sasaki","Dev./Misc. Support"
2014-01-16,"Adam Hoyle",0.5,"Call w/ Yueying re: OKTA SAML SSO",,,"Sasaki","Dev./Misc. Support"
2014-01-15,"Adam Hoyle",2.25,"Fix issue with rows not wrapping correctly on the Values page, remove blog date and remove client name, test on staging, pull to prod, email Liz.",,,"Sasaki","Dev./Misc. Support"
2014-01-15,"Adam Hoyle",0.25,"call w/ Lu re: translation",,,"Sasaki","Dev./Misc. Support"
2014-01-14,"Adam Hoyle",0.25,"Login redirect deployment",,,"Sasaki","Dev./Misc. Support"
2014-01-14,"Adam Hoyle",0.5,,"Create Chinese version(s) of MailChimp signup page(s) (see comment for details)","Retainer: Misc. Design, Development, Support Requests","Sasaki","Dev./Misc. Support"
2014-01-14,"Adam Hoyle",0.5,"Update content with new Chinese copy provided by Lu Men, take screenshots for additional required translations and send to Lu.","Create Chinese version(s) of MailChimp signup page(s) (see comment for details)","Retainer: Misc. Design, Development, Support Requests","Sasaki","Dev./Misc. Support"
2014-01-13,"Adam Hoyle",0.75,"Add translations from Lu, test forms, send to client for review",,,"Sasaki","Dev./Misc. Support"
2014-01-13,"Adam Hoyle",1.75,"seutp new list/group for Sasaki Chinese mailing in MailChimp, email Liz with followup questions and translation content, research MailChimp multilingual support",,,"Sasaki","Dev./Misc. Support"
2014-01-10,"Adam Hoyle",0.25,"discuss login page changes with John.",,,"Sasaki","Dev./Misc. Support"
2013-11-22,"Adam Hoyle",0.25,"check video lightbox on intership page, discuss with John",,,"Sasaki","Dev./Misc. Support"
2013-11-19,"Adam Hoyle",0.5,"review pagination updates, coordinate push live",,,"Sasaki","Dev./Misc. Support"
2013-11-18,"Adam Hoyle",0.5,"review and add sasaki pagination todo, get John up to speed on Sasaki",,,"Sasaki","Dev./Misc. Support"
2013-11-14,"Adam Hoyle",0.5,"look into dudley posts on ohio page",,,"Sasaki","Dev./Misc. Support"
2013-10-31,"Adam Hoyle",0.75,"review retainer hours, assign items to Mike",,,"Sasaki","Dev./Misc. Support"
2013-09-10,"Adam Hoyle",0.25,"create new AddThis account for Sasaki",,,"Sasaki","Dev./Misc. Support"
2013-09-10,"Adam Hoyle",0.5,"call w/ Will to discuss and prioritize tasks",,,"Sasaki","Dev./Misc. Support"
2013-09-09,"Adam Hoyle",1.5,"pull hourly reports, review, send to Will",,,"Sasaki","Dev./Misc. Support"
2013-09-04,"Adam Hoyle",0.5,"discuss status of stream to blog updates with Mike, coordinate a plan to finalize",,,"Sasaki","Dev./Misc. Support"
2013-08-13,"Adam Hoyle",0.5,"Link people's name to profile and push update live. Recommended to Liz based on Heatmaps.",,,"Sasaki","Dev./Misc. Support"
2013-08-02,"Adam Hoyle",0.5,"QA video lightbox on staging, post-live QA",,,"Sasaki","Dev./Misc. Support"
2013-07-30,"Adam Hoyle",0.5,"Confirm whether YT and Vimeo are supported within Directus, per Liz",,,"Sasaki","Dev./Misc. Support"
2013-07-12,"Adam Hoyle",0.25,"Review notes and prep with Mike","Git Meeting Prep","Retainer: Misc. Design, Development, Support Requests","Sasaki","Dev./Misc. Support"
2013-07-09,"Adam Hoyle",0.5,"Project coordination, process notes from Liz, send update on search, update Basecamp with new retainer to-dos and requests",,,"Sasaki","Dev./Misc. Support"
2013-07-02,"Adam Hoyle",0.5,"Project coordination, team meeting, update Basecamp notes and todos",,,"Sasaki","Dev./Misc. Support"
2013-07-02,"Adam Hoyle",0.5,"Review event tracking, discuss with Mike","Clean Up Analytics Report","Retainer: Misc. Design, Development, Support Requests","Sasaki","Dev./Misc. Support"
2013-06-27,"Adam Hoyle",0.5,"call w/ Directus to discuss upgrade from v5 to v6",,,"Sasaki","Dev./Misc. Support"
2013-06-27,"Adam Hoyle",0.25,"test all passwords","Change all passwords (see comment for details)","Retainer: Misc. Design, Development, Support Requests","Sasaki","Dev./Misc. Support"
2013-06-27,"Adam Hoyle",0.5,"change RS control panel password, coordinate change to all other pws, inform client of change.","Change all passwords (see comment for details)","Retainer: Misc. Design, Development, Support Requests","Sasaki","Dev./Misc. Support"
2013-06-24,"Adam Hoyle",1.0,"send Will misc. server-related updates/loose-ends",,,"Sasaki","Dev./Misc. Support"
2013-06-24,"Adam Hoyle",0.25,"send Will misc. server-related updates/loose-ends",,,"Sasaki","Dev./Misc. Support"
2013-06-20,"Adam Hoyle",0.5,"investigate server outage",,,"Sasaki","Dev./Misc. Support"
2013-06-19,"Adam Hoyle",0.5,"call re: back-end loose ends",,,"Sasaki","Dev./Misc. Support"
2013-06-18,"Adam Hoyle",0.5,"send heatmap reports, setup shared pages",,,"Sasaki","Dev./Misc. Support"
2013-06-13,"Adam Hoyle",0.25,"review Crazy Egg stats-restart screenshots",,,"Sasaki","Dev./Misc. Support"
2013-06-10,"Adam Hoyle",0.5,"project coordination",,,"Sasaki","Dev./Misc. Support"
2013-06-07,"Adam Hoyle",1.25,"review email signup flow, coordination push live, email Sasaki re: Phase 2 kickoff",,,"Sasaki","Dev./Misc. Support"
2013-06-06,"Adam Hoyle",0.5,"Coordinate Sasaki post-launch items",,,"Sasaki","Dev./Misc. Support"
2013-06-05,"Adam Hoyle",0.75,"meet w/ John re: email background",,,"Sasaki","Dev./Misc. Support"
2013-06-05,"Adam Hoyle",0.75,"email Liz, coordinate email sign-up changes",,,"Sasaki","Dev./Misc. Support"
2013-06-04,"Adam Hoyle",1.75,"review and test new features, email Liz",,,"Sasaki","Dev./Misc. Support"
2013-06-03,"Adam Hoyle",0.5,"call w/ Liz to clarify People filters",,,"Sasaki","Dev./Misc. Support"
2013-06-03,"Adam Hoyle",1.5,"review sasaki event tracking analytics",,,"Sasaki","Dev./Misc. Support"
2013-06-03,"Adam Hoyle",0.75,"review progress, check updates on staging and prod, misc. project coordination",,,"Sasaki","Dev./Misc. Support"
2013-05-30,"Adam Hoyle",0.25,"read Mike's questions about Sasaki, respond",,,"Sasaki","Dev./Misc. Support"
2013-05-29,"Adam Hoyle",1.75,"project coordination, client emails, basecamp updates, call with Sasaki to review People>Market contacts comps and discuss implementation",,,"Sasaki","Dev./Misc. Support"
2013-05-28,"Adam Hoyle",0.5,"project check-in with Mike",,,"Sasaki","Dev./Misc. Support"
2013-05-17,"Adam Hoyle",1.5,"download all media, create batch process action for all images over 112k, test, tweak script",,,"Sasaki","Dev./Misc. Support"
2013-05-15,"Adam Hoyle",0.5,"review and finalize sasaki instructions",,,"Sasaki","Dev./Misc. Support"
2013-05-15,"Adam Hoyle",1.5,"review notes for sasaki instructions",,,"Sasaki","Dev./Misc. Support"
2013-05-15,"Adam Hoyle",1.5,"send instructions for data entry to Liz",,,"Sasaki","Dev./Misc. Support"
2013-05-09,"Adam Hoyle",0.25,"send presentations to Liz",,,"Sasaki","Dev./Misc. Support"
2013-05-08,"Adam Hoyle",1.25,"project coordination",,,"Sasaki","Dev./Misc. Support"
2013-05-08,"Adam Hoyle",0.25,"type notes and send to Liz",,,"Sasaki","Dev./Misc. Support"
2013-05-08,"Adam Hoyle",1.0,"call w/ Sasaki",,,"Sasaki","Dev./Misc. Support"
2013-05-07,"Adam Hoyle",0.25,"meet w/ Mike, status update",,,"Sasaki","Dev./Misc. Support"
2013-05-07,"Adam Hoyle",0.75,"project coordination",,,"Sasaki","Dev./Misc. Support"
2013-05-07,"Adam Hoyle",0.75,"meet w/ jill and mike",,,"Sasaki","Dev./Misc. Support"
2013-05-06,"Adam Hoyle",1.5,"review work on staging, project coordination, email Mike and client",,,"Sasaki","Dev./Misc. Support"
2013-05-02,"Adam Hoyle",1.0,"meet with Jay, Jill, Mike re: Sasaki",,,"Sasaki","Dev./Misc. Support"
2013-05-01,"Adam Hoyle",2.0,"Meeting with Sasaki",,,"Sasaki","Dev./Misc. Support"
2013-04-30,"Adam Hoyle",4.5,"finalize and prep for sasaki presentation",,,"Sasaki","Dev./Misc. Support"
2013-04-26,"Adam Hoyle",0.25,"review Sasaki staging updates",,,"Sasaki","Dev./Misc. Support"
2013-04-25,"Adam Hoyle",2.24,"project coordination, review and test responsive carousel, work with jill and mike",,,"Sasaki","Dev./Misc. Support"
2013-04-24,"Adam Hoyle",1.0,"update Mail Chimp groups and NL design",,,"Sasaki","Dev./Misc. Support"
2013-04-24,"Adam Hoyle",0.25,"review comps and send to team",,,"Sasaki","Dev./Misc. Support"
2013-04-24,"Adam Hoyle",0.5,"review responsive slider",,,"Sasaki","Dev./Misc. Support"
2013-04-24,"Adam Hoyle",1.0,"process notes from call and meeting, update basecamp",,,"Sasaki","Dev./Misc. Support"
2013-04-23,"Adam Hoyle",0.75,"call w/ Sasaki, meet w/ Mike",,,"Sasaki","Dev./Misc. Support"
2013-04-23,"Adam Hoyle",1.0,"review designs and outstanding tasks, QA dropdown on project page, misc. project coordination",,,"Sasaki","Dev./Misc. Support"
2013-04-12,"Adam Hoyle",0.25,"followup and meeting notes",,,"Sasaki","Dev./Misc. Support"
2013-04-12,"Adam Hoyle",4.0,"meeting at Sasaki",,,"Sasaki","Dev./Misc. Support"
2013-04-11,"Adam Hoyle",9.0,"meeting prep and clickthrough",,,"Sasaki","Dev./Misc. Support"
2013-04-10,"Adam Hoyle",1.5,"final design review call w/ Sasaki",,,"Sasaki","Dev./Misc. Support"
2013-04-09,"Adam Hoyle",0.5,"call with Springman, Will and Mike re: Backup and restore walkthrough",,,"Sasaki","Dev./Misc. Support"
2013-04-09,"Adam Hoyle",1.0,"project coordination re: backup and restore",,,"Sasaki","Dev./Misc. Support"
2013-04-08,"Adam Hoyle",0.5,"discuss backup and restore plan with Mike, email Will",,,"Sasaki","Dev./Misc. Support"
2013-04-05,"Adam Hoyle",0.5,"review and post r2 designs",,,"Sasaki","Dev./Misc. Support"
2013-04-04,"Adam Hoyle",1.0,"misc. project coordination",,,"Sasaki","Dev./Misc. Support"
2013-04-03,"Adam Hoyle",1.5,"sasaki call to review designs",,,"Sasaki","Dev./Misc. Support"
2013-04-03,"Adam Hoyle",0.5,"call w/ Sasaki re: Backup and Restore",,,"Sasaki","Dev./Misc. Support"
2013-04-03,"Adam Hoyle",0.75,"quick comp for Sasaki, review Sasaki designs w/ Jay",,,"Sasaki","Dev./Misc. Support"
2013-04-02,"Adam Hoyle",0.75,"review Sasaki designs",,,"Sasaki","Dev./Misc. Support"
2013-04-01,"Adam Hoyle",1.0,"review Sasaki design comps and notes...",,,"Sasaki","Dev./Misc. Support"
2013-03-26,"Adam Hoyle",0.5,"project coordination, discuss people page with jay",,,"Sasaki","Dev./Misc. Support"
2013-03-22,"Adam Hoyle",0.75,"review and QA updates",,,"Sasaki","Dev./Misc. Support"
2013-03-22,"Adam Hoyle",1.0,"call w/ sasaki",,,"Sasaki","Dev./Misc. Support"
2013-03-20,"Adam Hoyle",1.25,"review progress and type notes for next Sasaki status update (to be sent Thursday or Friday)",,,"Sasaki","Dev./Misc. Support"
2013-03-08,"Adam Hoyle",0.5,"Misc. project coordination, client emails, update basecamp",,,"Sasaki","Dev./Misc. Support"
2013-03-07,"Adam Hoyle",0.5,"call w/ Liz from Sasaki",,,"Sasaki","Dev./Misc. Support"
2013-03-07,"Adam Hoyle",1.0,"update email to Will",,,"Sasaki","Dev./Misc. Support"
2013-03-05,"Adam Hoyle",0.5,"meet w/ Mike to review progress",,,"Sasaki","Dev./Misc. Support"
2013-03-05,"Adam Hoyle",1.25,"review Sasaki to-dos, coordinate with Mike and Nicole no sending update email to Will",,,"Sasaki","Dev./Misc. Support"
2013-03-04,"Adam Hoyle",0.25,"review task list in Basecamp and compare to Google doc",,,"Sasaki","Dev./Misc. Support"
2013-02-21,"Adam Hoyle",0.5,"importing Google Docs to Basecamp, assigning tasks",,,"Sasaki","Dev./Misc. Support"
2013-02-20,"Adam Hoyle",2.5,"meeting @ Sasaki",,,"Sasaki","Dev./Misc. Support"
2013-02-19,"Adam Hoyle",1.0,"research and prep for meeting",,,"Sasaki","Dev./Misc. Support"
2014-12-18,"Adam Hoyle",0.75,"review on local",,,"Sasaki","Project Landing Page Updates"
2014-12-09,"Adam Hoyle",0.25,"grid spec",,,"Sasaki","Project Landing Page Updates"
2014-12-08,"Adam Hoyle",0.5,"review with john",,,"Sasaki","Project Landing Page Updates"
2014-12-05,"Adam Hoyle",1.5,"review updated grids and pagination options, slider tease effects, and other misc. project coordination, email Doug, schedule meeting.",,,"Sasaki","Project Landing Page Updates"
2014-12-04,"Adam Hoyle",1.25,"dev handoff meeting",,,"Sasaki","Project Landing Page Updates"
2014-12-02,"Adam Hoyle",0.5,"review final designs, email Doug, review new requests",,,"Sasaki","Project Landing Page Updates"
2014-12-01,"Adam Hoyle",0.75,"review and finalize designs, email client",,,"Sasaki","Project Landing Page Updates"
2014-11-25,"Adam Hoyle",0.5,"call with Doug to review designs",,,"Sasaki","Project Landing Page Updates"
2014-11-19,"Adam Hoyle",0.5,"Review feedback w/ Kyle and Jay, send followup email.",,,"Sasaki","Project Landing Page Updates"
2014-11-14,"Adam Hoyle",0.75,"review designs, send email",,,"Sasaki","Project Landing Page Updates"
2014-11-11,"Adam Hoyle",0.5,"kickoff meeting with Jay, John, Kyle",,,"Sasaki","Project Landing Page Updates"
2014-11-06,"Adam Hoyle",1.0,"Project setup and response",,,"Sasaki","Project Landing Page Updates"
2013-10-23,"Adam Hoyle",1.0,"Call w/ Myngl to review comps and prototype",,,"TheMyngl","The Myngl - Design & Prototype"
2013-10-22,"Adam Hoyle",3.25,"save out comps, create click-through, email client",,,"TheMyngl","The Myngl - Design & Prototype"
2013-10-22,"Adam Hoyle",0.5,"meet with Adam B, research animation effects",,,"TheMyngl","The Myngl - Design & Prototype"
2013-10-21,"Adam Hoyle",4.0,"design comps",,,"TheMyngl","The Myngl - Design & Prototype"
2014-01-21,"Adam Hoyle",0.25,"FTP support, update passwords for Vik",,,"Total Recall Corporation","Dev/Misc. Support"
2012-05-31,"Adam Hoyle",0.5,"answer questions about FTP for Richard",,,"Total Recall Corporation","Dev/Misc. Support"
2012-02-07,"Adam Hoyle",0.5,"updates to nav, adding ® to crimeeye, spelling change for every day",,,"Total Recall Corporation","Dev/Misc. Support"
2012-01-25,"Adam Hoyle",0.25,"remove tradeshow banners per Vik",,,"Total Recall Corporation","Dev/Misc. Support"
2012-01-25,"Adam Hoyle",0.25,"create careers page for TRC and instruct Vik",,,"Total Recall Corporation","Dev/Misc. Support"
2012-01-13,"Adam Hoyle",0.5,"add google analytics to TRC site per Viktoriya",,,"Total Recall Corporation","Dev/Misc. Support"
2013-05-14,"Adam Hoyle",0.25,"project coordination",,,"Women's Health","BILLED: Beauty Awards"
2012-09-14,"Adam Hoyle",1.0,"troubleshoot and test blocks",,,"Women's Health","BILLED: Breast Cancer Center"
2012-08-09,"Adam Hoyle",0.25,"process and add to basecamp",,,"Women's Health","BILLED: Cook Yourself Sexy"
2012-10-03,"Adam Hoyle",0.25,"process project notes and assets.",,,"Women's Health","BILLED: Essential Nutrients"
2013-05-01,"Adam Hoyle",0.25,"project coordination, client emails",,,"Women's Health","BILLED: Fitness Star"
2012-10-23,"Adam Hoyle",0.5,"support and coordination",,,"Women's Health","BILLED: Giada Twitter Chat"
2012-10-17,"Adam Hoyle",0.25,"call to discuss caching",,,"Women's Health","BILLED: Giada Twitter Chat"
2012-03-07,"Adam Hoyle",0.5,"review site and schedule training",,,"Women's Health","BILLED: How to Get Gorgeous (formerly HTDAB)"
2012-02-03,"Adam Hoyle",0.5,"project coordination, gather content from Melissa, post to basecamp",,,"Women's Health","BILLED: How to Get Gorgeous (formerly HTDAB)"
2013-01-21,"Adam Hoyle",0.25,"project setup",,,"Women's Health","BILLED: Jumpstart Your Day"
2013-07-23,"Adam Hoyle",0.25,"review updates, send to Lee",,,"Women's Health","BILLED: Look Better Naked - Feature Updates"
2013-07-16,"Adam Hoyle",0.25,"process notes, update basecamp",,,"Women's Health","BILLED: Look Better Naked - Feature Updates"
2012-11-26,"Adam Hoyle",0.25,"download assets",,,"Women's Health","BILLED: New Year, New You"
2012-06-26,"Adam Hoyle",0.25,"process project files",,,"Women's Health","BILLED: Olympic Center"
2012-12-07,"Adam Hoyle",0.75,"create button, review project w/ John, hunt down drupal logins.",,,"Women's Health","BILLED: Pin It!"
2012-10-26,"Adam Hoyle",0.25,"process notes, research Pintrest integration",,,"Women's Health","BILLED: Pin It!"
2013-01-24,"Adam Hoyle",0.5,"review/test",,,"Women's Health","BILLED: PinIt! on Slideshows"
2012-12-11,"Adam Hoyle",0.25,"download assets and upload to basecamp",,,"Women's Health","BILLED: Protein Center"
2013-06-20,"Adam Hoyle",0.5,"review and delivery to Lee",,,"Women's Health","BILLED: Run 10 Feed 10"
2013-06-19,"Adam Hoyle",0.5,"download PSDs, locate JIll's templates, update Kyle and BC",,,"Women's Health","BILLED: Run 10 Feed 10"
2014-06-19,"Adam Hoyle",0.25,"quick typo fix",,,"Women's Health","BILLED: Summer iPad Quiz"
2014-06-18,"Adam Hoyle",0.25,"process feedback, update basecamp, review and send final",,,"Women's Health","BILLED: Summer iPad Quiz"
2014-06-17,"Adam Hoyle",0.5,"review stress quiz",,,"Women's Health","BILLED: Summer iPad Quiz"
2014-06-11,"Adam Hoyle",0.25,"project setup",,,"Women's Health","BILLED: Summer iPad Quiz"
2012-11-09,"Adam Hoyle",0.25,"",,,"Women's Health","BILLED: WH Gift Guide"
2012-11-28,"Adam Hoyle",0.25,"download PSDs and email communication w/ Melissa/Dan",,,"Women's Health","Harvard Health"
2012-11-28,"Adam Hoyle",0.25,"process assets",,,"Women's Health","Harvard Health"
2013-04-26,"Adam Hoyle",0.5,"update basecamp",,,"Women's Health","WH - Dev / Misc. Support"
2013-03-25,"Adam Hoyle",0.325,"misc. project coordination",,,"Women's Health","WH - Dev / Misc. Support"
2013-03-03,"Adam Hoyle",1.0,"review new projects, download assets, update basecamp",,,"Women's Health","WH - Dev / Misc. Support"
2013-01-10,"Adam Hoyle",0.25,"project coordination",,,"Women's Health","WH - Dev / Misc. Support"
2012-09-18,"Adam Hoyle",0.25,"support for Lee w/ CSS question",,,"Women's Health","WH - Dev / Misc. Support"
2012-08-27,"Adam Hoyle",0.25,"call w/ Lee re: HTGG",,,"Women's Health","WH - Dev / Misc. Support"
2012-07-26,"Adam Hoyle",0.5,"emails and project status",,,"Women's Health","WH - Dev / Misc. Support"
2012-01-11,"Adam Hoyle",0.5,"call with IT team and brand, and following emails re: WH microsite environment for HTDAB",,,"Women's Health","WH - Dev / Misc. Support"