date,person,hours,description,todo,list,company,project
2008-10-22,"Adam Hoyle",0.25,"post Brooks updates",,,"After Affects","DONE: Brooks Properties Website"
2008-10-21,"Adam Hoyle",0.25,"upload save and post revised designs to basecamp",,,"After Affects","DONE: Brooks Properties Website"
2008-10-21,"Adam Hoyle",0.5,"design revisions",,,"After Affects","DONE: Brooks Properties Website"
2008-10-21,"Adam Hoyle",1.5,"design adjustments to logo, repost and send to Tom",,,"After Affects","DONE: Brooks Properties Website"
2008-10-21,"Adam Hoyle",0.75,"Work on logo, review comps, prep for call with Tom",,,"After Affects","DONE: Brooks Properties Website"
2008-10-17,"Adam Hoyle",0.5,"ran into some server issues sent a message to technical support","Install CMS","Website","After Affects","DONE: Brooks Properties Website"
2008-10-17,"Adam Hoyle",1.25,"finalize first round designs and post to basecamp, email tom",,,"After Affects","DONE: Brooks Properties Website"
2008-10-09,"Adam Hoyle",0.25,"review site and make notes with Niki",,,"After Affects","DONE: Brooks Properties Website"
2008-06-24,"Adam Hoyle",0.25,"DNS mess",,,"Atlantic Bridge","Website"
2008-06-23,"Adam Hoyle",0.5,"DNS work",,,"Atlantic Bridge","Website"
2008-12-02,"Adam Hoyle",1.5,"implement slideshow",,,"Best Life","DONE: Slideshow"
2008-12-01,"Adam Hoyle",0.256389,,,,"Best Life","DONE: Slideshow"
2008-10-22,"Adam Hoyle",0.75,"assist Eileen with embedded flash setup through CMS",,,"Best Life","Website Updates"
2008-10-14,"Adam Hoyle",0.75,"create 301redirects for re-names directories",,,"Best Life","Website Updates"
2008-10-14,"Adam Hoyle",0.5,"fix search",,,"Best Life","Website Updates"
2008-10-14,"Adam Hoyle",0.75,"fix search - research the issue, check permissions, send Fred an email, create custom error page",,,"Best Life","Website Updates"
2008-10-14,"Adam Hoyle",0.25,"fix search - research the issue, check permissions, send Fred an email",,,"Best Life","Website Updates"
2008-10-08,"Adam Hoyle",0.5,"Upload all redirects and published files from old site",,,"Best Life","Website Updates"
2008-10-07,"Adam Hoyle",1.5,"update subscription module links",,,"Best Life","Website Updates"
2008-10-07,"Adam Hoyle",1.5,"work on Joel's final list, move all redirects over from Rackspace",,,"Best Life","Website Updates"
2008-10-06,"Adam Hoyle",0.5,"call with Joel - status update on site",,,"Best Life","Website Updates"
2008-09-26,"Adam Hoyle",0.5,"conference call with Joel and Sean",,,"Best Life","Website Updates"
2008-09-25,"Adam Hoyle",0.5,"troubleshoot CMS",,,"Best Life","Website Updates"
2008-09-24,"Adam Hoyle",0.25,"call with Joel to review site",,,"Best Life","Website Updates"
2008-09-24,"Adam Hoyle",2.5,"review site on prod, fix multiple minor issues with paths, ads, coremetrics, includes, footer, etc. sync and retest on prod. request DNS change",,,"Best Life","Website Updates"
2008-09-23,"Adam Hoyle",0.5,"test rsync",,,"Best Life","Website Updates"
2008-09-23,"Adam Hoyle",0.5,"review for launch, send request for new docroot and rsync to Rodale IT",,,"Best Life","Website Updates"
2008-09-11,"Adam Hoyle",0.5,"Troubleshooting unicode issue, replublish site",,,"Best Life","Website Updates"
2008-09-10,"Adam Hoyle",1.5,"homepage",,,"Best Life","Website Updates"
2008-09-10,"Adam Hoyle",0.5,,"Remove comment script (for now)","Odds & Ends","Best Life","Website Updates"
2008-09-10,"Adam Hoyle",0.5,,"Re-order navigation","Odds & Ends","Best Life","Website Updates"
2008-09-09,"Adam Hoyle",1.25,"Homepage",,,"Best Life","Website Updates"
2008-09-09,"Adam Hoyle",1.0,,"Create subscribe drop-down (see email from Joel for links)","Odds & Ends","Best Life","Website Updates"
2008-09-02,"Adam Hoyle",0.500278,"","Make the checkboxes more intuitive","Odds & Ends","Best Life","Website Updates"
2008-08-29,"Adam Hoyle",0.75,,,,"Best Life","Website Updates"
2008-08-28,"Adam Hoyle",4.25,"final to-dos",,,"Best Life","Website Updates"
2008-08-28,"Adam Hoyle",1.12556,"to-dos",,,"Best Life","Website Updates"
2008-08-28,"Adam Hoyle",1.0,"Work on to-dos",,,"Best Life","Website Updates"
2008-08-28,"Adam Hoyle",0.75,"Troubleshoot CMS",,,"Best Life","Website Updates"
2008-08-26,"Adam Hoyle",1.0,"fixed thumbnail images, tweaks publishing",,,"Best Life","Website Updates"
2008-08-25,"Adam Hoyle",2.25,"to-dos from Joel, conference call with Joel",,,"Best Life","Website Updates"
2008-08-22,"Adam Hoyle",0.25,"Review to-do list from Joel",,,"Best Life","Website Updates"
2008-07-31,"Adam Hoyle",0.5,"Research ad tag and test code",,,"Best Life","Website Updates"
2008-07-22,"Adam Hoyle",0.5,"Conference call with Joel and Mat to discuss homepage",,,"Best Life","Website Updates"
2008-06-27,"Adam Hoyle",0.5,"Review progress with Mat, call Joel Weber",,,"Best Life","Website Updates"
2008-06-26,"Adam Hoyle",1.25,"Troubleshoot server and CMS issues with Mat",,,"Best Life","Website Updates"
2008-06-04,"Adam Hoyle",0.5,"Request new docroot on dev, coordinate with Winifred",,,"Best Life","Website Updates"
2008-06-01,"Adam Hoyle",2.0,"(coder's time)",,,"Best Life","Website Updates"
2008-05-27,"Adam Hoyle",1.0,"Finish prepping files, and send to coders",,,"Best Life","Website Updates"
2008-05-23,"Adam Hoyle",0.5,"prep files for coders",,,"Best Life","Website Updates"
2008-05-08,"Adam Hoyle",0.5,"Update FactorTG tag, per Matt Linde",,,"Best Life","Website Updates"
2008-05-07,"Adam Hoyle",0.75,"Conference call with Joel to review comps",,,"Best Life","Website Updates"
2008-05-07,"Adam Hoyle",2.0,"Updated designs based on feedback, posted comps, prep for call with Joel",,,"Best Life","Website Updates"
2008-04-23,"Adam Hoyle",7.5,"Round 4 updates based on feedback and sketches from Brandon",,,"Best Life","Website Updates"
2008-04-18,"Adam Hoyle",6.75,"Round 3 updates to comps based on feedback and meeting in NY",,,"Best Life","Website Updates"
2008-04-10,"Adam Hoyle",6.0,"Round 2 updates to comps based on feedback",,,"Best Life","Website Updates"
2008-04-03,"Adam Hoyle",7.25,"Designed first round comps for channel pages and article detail pages",,,"Best Life","Website Updates"
2008-12-29,"Adam Hoyle",1.25,"mac mini setup",,,"Brunello, Inc.","*Brunello Admin"
2008-12-29,"Adam Hoyle",0.75,"renew domain names, call Jim castro re: taxes, pay rent, clean up office",,,"Brunello, Inc.","*Brunello Admin"
2008-12-22,"Adam Hoyle",0.25,"process email",,,"Brunello, Inc.","*Brunello Admin"
2008-12-17,"Adam Hoyle",1.0,"organize and prioritize for the day",,,"Brunello, Inc.","*Brunello Admin"
2008-12-16,"Adam Hoyle",0.25,"process email, respond to joel",,,"Brunello, Inc.","*Brunello Admin"
2008-12-15,"Adam Hoyle",0.5,"process email",,,"Brunello, Inc.","*Brunello Admin"
2008-12-12,"Adam Hoyle",0.75,"process email, review brunello brochures with jess, move phones, etc, etc.",,,"Brunello, Inc.","*Brunello Admin"
2008-12-09,"Adam Hoyle",0.25,"process email and organize projects",,,"Brunello, Inc.","*Brunello Admin"
2008-12-09,"Adam Hoyle",1.0,"process email, research multiple IP addresses from Comcast",,,"Brunello, Inc.","*Brunello Admin"
2008-12-09,"Adam Hoyle",0.75,"process email, review projects and updates",,,"Brunello, Inc.","*Brunello Admin"
2008-12-08,"Adam Hoyle",0.25,"process email",,,"Brunello, Inc.","*Brunello Admin"
2008-12-08,"Adam Hoyle",0.75,"process email, review projects, review brunello brochures and ideas with Jess, update basecamp",,,"Brunello, Inc.","*Brunello Admin"
2008-12-05,"Adam Hoyle",0.25,"Assist with fire drill from Joel Weber, mini-sub form not working and was published live",,,"Brunello, Inc.","*Brunello Admin"
2008-12-04,"Adam Hoyle",0.5,"process email and review project status",,,"Brunello, Inc.","*Brunello Admin"
2008-12-04,"Adam Hoyle",0.25,"sort out paychex issue",,,"Brunello, Inc.","*Brunello Admin"
2008-12-03,"Adam Hoyle",0.25,"process email, update basecamp",,,"Brunello, Inc.","*Brunello Admin"
2008-12-03,"Adam Hoyle",0.5,"process email and prioritize",,,"Brunello, Inc.","*Brunello Admin"
2008-12-02,"Adam Hoyle",0.75,"computer sales",,,"Brunello, Inc.","*Brunello Admin"
2008-12-02,"Adam Hoyle",0.75,"process email and check basecamp",,,"Brunello, Inc.","*Brunello Admin"
2008-12-02,"Adam Hoyle",1.25,"process email",,,"Brunello, Inc.","*Brunello Admin"
2008-12-01,"Adam Hoyle",1.5,"inbox zeroing, call with employer for patrizia, call with TCI - tech support, sold MacBook",,,"Brunello, Inc.","*Brunello Admin"
2008-11-29,"Adam Hoyle",2.0,"backup all obsoloete machines and prep for sale",,,"Brunello, Inc.","*Brunello Admin"
2008-11-26,"Adam Hoyle",0.5,"process email",,,"Brunello, Inc.","*Brunello Admin"
2008-11-26,"Adam Hoyle",0.25,"process email",,,"Brunello, Inc.","*Brunello Admin"
2008-11-25,"Adam Hoyle",1.25,"process email, review projects and post feedback to basecamp",,,"Brunello, Inc.","*Brunello Admin"
2008-11-25,"Adam Hoyle",0.75,"call hostway, troubleshoot email",,,"Brunello, Inc.","*Brunello Admin"
2008-11-24,"Adam Hoyle",1.0,"process email and update basecamp. review priorities, look into SBSB",,,"Brunello, Inc.","*Brunello Admin"
2008-11-21,"Adam Hoyle",0.75,"review billing for Nicole",,,"Brunello, Inc.","*Brunello Admin"
2008-11-20,"Adam Hoyle",0.75,"process email - ZEROED!",,,"Brunello, Inc.","*Brunello Admin"
2008-11-20,"Adam Hoyle",0.25,"process email",,,"Brunello, Inc.","*Brunello Admin"
2008-11-20,"Adam Hoyle",0.5,"process email and scan / send tax forms to Jim Castro",,,"Brunello, Inc.","*Brunello Admin"
2008-11-20,"Adam Hoyle",0.5,"review projects and prioritize with niki and mat",,,"Brunello, Inc.","*Brunello Admin"
2008-11-19,"Adam Hoyle",0.5,"review payroll, file Mass tax form and resend check, look over monthly bills, etc.",,,"Brunello, Inc.","*Brunello Admin"
2008-11-19,"Adam Hoyle",0.5,"process email",,,"Brunello, Inc.","*Brunello Admin"
2008-11-19,"Adam Hoyle",0.25,"process email",,,"Brunello, Inc.","*Brunello Admin"
2008-11-18,"Adam Hoyle",0.5,"review, and setup work station",,,"Brunello, Inc.","*Brunello Admin"
2008-11-18,"Adam Hoyle",1.0,"process email",,,"Brunello, Inc.","*Brunello Admin"
2008-11-18,"Adam Hoyle",0.25,"process email",,,"Brunello, Inc.","*Brunello Admin"
2008-11-17,"Adam Hoyle",0.5,"tackle some more emails, trying to get down to zero...",,,"Brunello, Inc.","*Brunello Admin"
2008-11-17,"Adam Hoyle",0.5,"process email, gather informaiton for payroll audit",,,"Brunello, Inc.","*Brunello Admin"
2008-11-17,"Adam Hoyle",0.5,"process email, return calls",,,"Brunello, Inc.","*Brunello Admin"
2008-11-14,"Adam Hoyle",0.5,"cancell one communications site",,,"Brunello, Inc.","*Brunello Admin"
2008-11-14,"Adam Hoyle",1.0,"process email update basecamp, contact PayChex about billing differences",,,"Brunello, Inc.","*Brunello Admin"
2008-11-13,"Adam Hoyle",1.0,"process email",,,"Brunello, Inc.","*Brunello Admin"
2008-11-13,"Adam Hoyle",0.5,"CNA Insurance Audit, email kelly fargo",,,"Brunello, Inc.","*Brunello Admin"
2008-11-13,"Adam Hoyle",0.25,"call comcastic",,,"Brunello, Inc.","*Brunello Admin"
2008-11-11,"Adam Hoyle",0.5,"process email",,,"Brunello, Inc.","*Brunello Admin"
2008-11-11,"Adam Hoyle",1.0,"process email",,,"Brunello, Inc.","*Brunello Admin"
2008-11-10,"Adam Hoyle",0.25,"Baystate - clicked ""reverse"" link in sorting of Index Headline rule, replublished",,,"Brunello, Inc.","*Brunello Admin"
2008-11-10,"Adam Hoyle",0.5,"process email",,,"Brunello, Inc.","*Brunello Admin"
2008-11-10,"Adam Hoyle",0.25,"process email",,,"Brunello, Inc.","*Brunello Admin"
2008-11-07,"Adam Hoyle",0.5,"email",,,"Brunello, Inc.","*Brunello Admin"
2008-11-06,"Adam Hoyle",1.0,"banking issues, closing accounts, freezing account, getting maintentence fee credits, etc.",,,"Brunello, Inc.","*Brunello Admin"
2008-11-06,"Adam Hoyle",0.5,"email",,,"Brunello, Inc.","*Brunello Admin"
2008-11-06,"Adam Hoyle",1.5,"process email, close paynet, amex merchant accounts",,,"Brunello, Inc.","*Brunello Admin"
2008-11-05,"Adam Hoyle",0.5,"process email, review CM stats",,,"Brunello, Inc.","*Brunello Admin"
2008-11-05,"Adam Hoyle",0.25,"search craigslist for php/mysql developer for etnt project, send some emails to potential fits",,,"Brunello, Inc.","*Brunello Admin"
2008-11-04,"Adam Hoyle",0.25,"email and review billing items with nicole",,,"Brunello, Inc.","*Brunello Admin"
2008-11-04,"Adam Hoyle",1.0,"send Good World the iYL templates, process email",,,"Brunello, Inc.","*Brunello Admin"
2008-11-03,"Adam Hoyle",0.5,"go over billing with nicole",,,"Brunello, Inc.","*Brunello Admin"
2008-11-03,"Adam Hoyle",1.75,"process email, review and file tax forms for brunello, look into BoA account overdraft",,,"Brunello, Inc.","*Brunello Admin"
2008-11-03,"Adam Hoyle",0.5,"process email",,,"Brunello, Inc.","*Brunello Admin"
2008-10-31,"Adam Hoyle",0.5,"process email",,,"Brunello, Inc.","*Brunello Admin"
2008-10-31,"Adam Hoyle",0.25,"install ram",,,"Brunello, Inc.","*Brunello Admin"
2008-10-30,"Adam Hoyle",0.25,"process email",,,"Brunello, Inc.","*Brunello Admin"
2008-10-30,"Adam Hoyle",0.5,"process email, update basecamp, order RAM",,,"Brunello, Inc.","*Brunello Admin"
2008-10-29,"Adam Hoyle",0.5,"setup Jess' iMac",,,"Brunello, Inc.","*Brunello Admin"
2008-10-29,"Adam Hoyle",0.25,"organize files for Lorie",,,"Brunello, Inc.","*Brunello Admin"
2008-10-29,"Adam Hoyle",1.5,"process email",,,"Brunello, Inc.","*Brunello Admin"
2008-10-28,"Adam Hoyle",0.5,"process email",,,"Brunello, Inc.","*Brunello Admin"
2008-10-27,"Adam Hoyle",0.5,"process email and basecamp",,,"Brunello, Inc.","*Brunello Admin"
2008-10-27,"Adam Hoyle",0.5,"process email",,,"Brunello, Inc.","*Brunello Admin"
2008-10-23,"Adam Hoyle",0.25,"process email",,,"Brunello, Inc.","*Brunello Admin"
2008-10-23,"Adam Hoyle",0.5,"process email and send status updates, update basecamp",,,"Brunello, Inc.","*Brunello Admin"
2008-10-22,"Adam Hoyle",0.5,"project updates and email",,,"Brunello, Inc.","*Brunello Admin"
2008-10-21,"Adam Hoyle",0.25,"process email",,,"Brunello, Inc.","*Brunello Admin"
2008-10-21,"Adam Hoyle",0.25,"process email",,,"Brunello, Inc.","*Brunello Admin"
2008-10-20,"Adam Hoyle",2.0,"process email, look into Niki's Mail issue",,,"Brunello, Inc.","*Brunello Admin"
2008-10-17,"Adam Hoyle",0.75,"process email, work on rodale int'l timeline",,,"Brunello, Inc.","*Brunello Admin"
2008-10-16,"Adam Hoyle",0.5,"process email",,,"Brunello, Inc.","*Brunello Admin"
2008-10-16,"Adam Hoyle",0.5,"review Jess and Niki's iRelai work and provide feedback",,,"Brunello, Inc.","*Brunello Admin"
2008-10-16,"Adam Hoyle",0.25,"process email",,,"Brunello, Inc.","*Brunello Admin"
2008-10-15,"Adam Hoyle",0.25,"process emai",,,"Brunello, Inc.","*Brunello Admin"
2008-10-15,"Adam Hoyle",0.75,"company meeting",,,"Brunello, Inc.","*Brunello Admin"
2008-10-15,"Adam Hoyle",0.25,"process email",,,"Brunello, Inc.","*Brunello Admin"
2008-10-15,"Adam Hoyle",0.75,"call with Steve re: current project updates",,,"Brunello, Inc.","*Brunello Admin"
2008-10-14,"Adam Hoyle",0.5,"process email",,,"Brunello, Inc.","*Brunello Admin"
2008-10-14,"Adam Hoyle",0.5,"figure out hostway billing and update accounts",,,"Brunello, Inc.","*Brunello Admin"
2008-10-14,"Adam Hoyle",0.25,"process email",,,"Brunello, Inc.","*Brunello Admin"
2008-10-13,"Adam Hoyle",0.25,"process email",,,"Brunello, Inc.","*Brunello Admin"
2008-10-10,"Adam Hoyle",0.5,"process email",,,"Brunello, Inc.","*Brunello Admin"
2008-10-09,"Adam Hoyle",0.25,"Call with Joel and Eileen, re: syncing and clearing Akamai",,,"Brunello, Inc.","*Brunello Admin"
2008-10-09,"Adam Hoyle",0.25,"process email",,,"Brunello, Inc.","*Brunello Admin"
2008-10-09,"Adam Hoyle",0.5,"respond to Dave Edis with details on BL issues",,,"Brunello, Inc.","*Brunello Admin"
2008-10-09,"Adam Hoyle",0.5,"process email",,,"Brunello, Inc.","*Brunello Admin"
2008-10-08,"Adam Hoyle",0.25,"meet with Nicole re: billing",,,"Brunello, Inc.","*Brunello Admin"
2008-10-08,"Adam Hoyle",0.5,"process email",,,"Brunello, Inc.","*Brunello Admin"
2008-10-07,"Adam Hoyle",0.25,"process email",,,"Brunello, Inc.","*Brunello Admin"
2008-10-06,"Adam Hoyle",0.5,"process email",,,"Brunello, Inc.","*Brunello Admin"
2008-10-06,"Adam Hoyle",0.75,"process email, update base and calendar",,,"Brunello, Inc.","*Brunello Admin"
2008-10-03,"Adam Hoyle",0.25,"process email",,,"Brunello, Inc.","*Brunello Admin"
2008-10-03,"Adam Hoyle",0.5,"process email and update basecamp",,,"Brunello, Inc.","*Brunello Admin"
2008-10-03,"Adam Hoyle",1.0,"project planning call with Sean and Steve",,,"Brunello, Inc.","*Brunello Admin"
2008-10-02,"Adam Hoyle",0.25,"project updates and basecamp",,,"Brunello, Inc.","*Brunello Admin"
2008-10-02,"Adam Hoyle",0.5,"research and test syncing files and folders between computers",,,"Brunello, Inc.","*Brunello Admin"
2008-10-02,"Adam Hoyle",0.25,"blog ideas with Niki",,,"Brunello, Inc.","*Brunello Admin"
2008-10-02,"Adam Hoyle",0.5,"process email",,,"Brunello, Inc.","*Brunello Admin"
2008-10-01,"Adam Hoyle",0.25,"process email",,,"Brunello, Inc.","*Brunello Admin"
2008-10-01,"Adam Hoyle",0.5,"process email",,,"Brunello, Inc.","*Brunello Admin"
2008-09-30,"Adam Hoyle",2.0,"Meeting with iRelai",,,"Brunello, Inc.","*Brunello Admin"
2008-09-30,"Adam Hoyle",1.04306,"process email",,,"Brunello, Inc.","*Brunello Admin"
2008-09-29,"Adam Hoyle",0.25,"process email",,,"Brunello, Inc.","*Brunello Admin"
2008-09-29,"Adam Hoyle",0.5,"process email",,,"Brunello, Inc.","*Brunello Admin"
2008-09-27,"Adam Hoyle",0.5,"process email and update BC",,,"Brunello, Inc.","*Brunello Admin"
2008-09-26,"Adam Hoyle",0.5,"process email",,,"Brunello, Inc.","*Brunello Admin"
2008-09-25,"Adam Hoyle",0.25,"process email",,,"Brunello, Inc.","*Brunello Admin"
2008-09-25,"Adam Hoyle",0.25,"process email",,,"Brunello, Inc.","*Brunello Admin"
2008-09-25,"Adam Hoyle",0.5,"process email",,,"Brunello, Inc.","*Brunello Admin"
2008-09-24,"Adam Hoyle",0.25,"process email and update priorities and BC",,,"Brunello, Inc.","*Brunello Admin"
2008-09-24,"Adam Hoyle",0.5,"process email",,,"Brunello, Inc.","*Brunello Admin"
2008-09-24,"Adam Hoyle",0.25,"process email",,,"Brunello, Inc.","*Brunello Admin"
2008-09-23,"Adam Hoyle",0.75,"Project review call with Steve",,,"Brunello, Inc.","*Brunello Admin"
2008-09-23,"Adam Hoyle",0.25,"process and respond to loong emails",,,"Brunello, Inc.","*Brunello Admin"
2008-09-23,"Adam Hoyle",0.25,"process email",,,"Brunello, Inc.","*Brunello Admin"
2008-09-22,"Adam Hoyle",0.254167,"process email and update basecamp, organize projects",,,"Brunello, Inc.","*Brunello Admin"
2008-09-22,"Adam Hoyle",1.0,"Setup Niki's Time Machine backup",,,"Brunello, Inc.","*Brunello Admin"
2008-09-22,"Adam Hoyle",0.75,"process email",,,"Brunello, Inc.","*Brunello Admin"
2008-09-22,"Adam Hoyle",0.5,"process email",,,"Brunello, Inc.","*Brunello Admin"
2008-09-19,"Adam Hoyle",0.5,"process email and review basecamp",,,"Brunello, Inc.","*Brunello Admin"
2008-09-19,"Adam Hoyle",0.75,"process email and prioritizing",,,"Brunello, Inc.","*Brunello Admin"
2008-09-18,"Adam Hoyle",0.5,"File management and cleanup",,,"Brunello, Inc.","*Brunello Admin"
2008-09-18,"Adam Hoyle",1.0,"Upgrade to CS 3",,,"Brunello, Inc.","*Brunello Admin"
2008-09-18,"Adam Hoyle",0.25,"process email",,,"Brunello, Inc.","*Brunello Admin"
2008-09-17,"Adam Hoyle",0.5,"email and basecamp",,,"Brunello, Inc.","*Brunello Admin"
2008-09-17,"Adam Hoyle",0.5,"process email",,,"Brunello, Inc.","*Brunello Admin"
2008-09-16,"Adam Hoyle",0.5,"process email",,,"Brunello, Inc.","*Brunello Admin"
2008-09-15,"Adam Hoyle",0.5,"process email",,,"Brunello, Inc.","*Brunello Admin"
2008-09-12,"Adam Hoyle",0.25,"process email",,,"Brunello, Inc.","*Brunello Admin"
2008-09-11,"Adam Hoyle",0.834444,"process email update basecamp - inbox zeroed!",,,"Brunello, Inc.","*Brunello Admin"
2008-09-11,"Adam Hoyle",0.5,"get niki setup with iYogaLife files, ftp, forward patrizia's email, etc.",,,"Brunello, Inc.","*Brunello Admin"
2008-09-10,"Adam Hoyle",0.25,"process email",,,"Brunello, Inc.","*Brunello Admin"
2008-09-10,"Adam Hoyle",0.25,"process email",,,"Brunello, Inc.","*Brunello Admin"
2008-09-09,"Adam Hoyle",0.5,"MS Office installation",,,"Brunello, Inc.","*Brunello Admin"
2008-09-09,"Adam Hoyle",0.25,"process email",,,"Brunello, Inc.","*Brunello Admin"
2008-09-09,"Adam Hoyle",0.5,"process email, organize day and projects",,,"Brunello, Inc.","*Brunello Admin"
2008-09-08,"Adam Hoyle",0.25,"process email",,,"Brunello, Inc.","*Brunello Admin"
2008-09-08,"Adam Hoyle",0.25,"Fix Baystate publishing issue where featured articles were not publishing to homepage and sort order on news was reversed.",,,"Brunello, Inc.","*Brunello Admin"
2008-09-08,"Adam Hoyle",0.5,"process email",,,"Brunello, Inc.","*Brunello Admin"
2008-09-05,"Adam Hoyle",0.5,"process emails",,,"Brunello, Inc.","*Brunello Admin"
2008-09-04,"Adam Hoyle",0.5,"process email",,,"Brunello, Inc.","*Brunello Admin"
2008-09-04,"Adam Hoyle",0.25,"process email",,,"Brunello, Inc.","*Brunello Admin"
2008-09-02,"Adam Hoyle",0.25,"setup basecamp and email accounts for Niki",,,"Brunello, Inc.","*Brunello Admin"
2008-08-27,"Adam Hoyle",0.5,"process email, prioritize day",,,"Brunello, Inc.","*Brunello Admin"
2008-08-27,"Adam Hoyle",0.25,"process email and update basecamp",,,"Brunello, Inc.","*Brunello Admin"
2008-08-26,"Adam Hoyle",0.5,"Interview time with Laura Cunningham",,,"Brunello, Inc.","*Brunello Admin"
2008-08-26,"Adam Hoyle",0.25,"process email and update basecamp",,,"Brunello, Inc.","*Brunello Admin"
2008-08-22,"Adam Hoyle",0.25,"Process emails, update basecamp",,,"Brunello, Inc.","*Brunello Admin"
2008-08-21,"Adam Hoyle",0.5,"interview",,,"Brunello, Inc.","*Brunello Admin"
2008-08-21,"Adam Hoyle",0.5,"Inbox zero",,,"Brunello, Inc.","*Brunello Admin"
2008-08-21,"Adam Hoyle",0.5,"Review resumes",,,"Brunello, Inc.","*Brunello Admin"
2008-08-20,"Adam Hoyle",0.3,"Interview",,,"Brunello, Inc.","*Brunello Admin"
2008-08-20,"Adam Hoyle",0.75,"Inbox zero and basecamp updates",,,"Brunello, Inc.","*Brunello Admin"
2008-08-19,"Adam Hoyle",0.5,"process email, plan day",,,"Brunello, Inc.","*Brunello Admin"
2008-08-18,"Adam Hoyle",0.25,"Process email, plan",,,"Brunello, Inc.","*Brunello Admin"
2008-08-18,"Adam Hoyle",0.25,"Process emails",,,"Brunello, Inc.","*Brunello Admin"
2008-08-15,"Adam Hoyle",0.75,"Process email and update basecamp, review outstanding to-dos and priorities",,,"Brunello, Inc.","*Brunello Admin"
2008-08-14,"Adam Hoyle",0.25,"process email, update basecamp",,,"Brunello, Inc.","*Brunello Admin"
2008-08-14,"Adam Hoyle",0.25,"Process email",,,"Brunello, Inc.","*Brunello Admin"
2008-08-13,"Adam Hoyle",0.25,"Process email",,,"Brunello, Inc.","*Brunello Admin"
2008-08-13,"Adam Hoyle",0.25,"Conference call with Steve to review current status of projects",,,"Brunello, Inc.","*Brunello Admin"
2008-08-12,"Adam Hoyle",0.25,"Process email",,,"Brunello, Inc.","*Brunello Admin"
2008-08-12,"Adam Hoyle",0.5,"Process email",,,"Brunello, Inc.","*Brunello Admin"
2008-08-12,"Adam Hoyle",0.5,"Process email, review resumes",,,"Brunello, Inc.","*Brunello Admin"
2008-08-11,"Adam Hoyle",0.202778,"Process emails",,,"Brunello, Inc.","*Brunello Admin"
2008-08-11,"Adam Hoyle",0.25,"process emails",,,"Brunello, Inc.","*Brunello Admin"
2008-08-11,"Adam Hoyle",0.5,"Process emails",,,"Brunello, Inc.","*Brunello Admin"
2008-08-11,"Adam Hoyle",0.75,"Process email and update basecamp",,,"Brunello, Inc.","*Brunello Admin"
2008-08-07,"Adam Hoyle",0.5,"Process email",,,"Brunello, Inc.","*Brunello Admin"
2008-08-06,"Adam Hoyle",0.25,"More emails... wow.. a lot today.",,,"Brunello, Inc.","*Brunello Admin"
2008-08-06,"Adam Hoyle",0.5,"process emails",,,"Brunello, Inc.","*Brunello Admin"
2008-08-06,"Adam Hoyle",0.25,"Process email",,,"Brunello, Inc.","*Brunello Admin"
2008-08-06,"Adam Hoyle",0.5,"process emails",,,"Brunello, Inc.","*Brunello Admin"
2008-08-06,"Adam Hoyle",1.0,"Process emails, update basecamp, organize, hunt down commonwealth control planel login",,,"Brunello, Inc.","*Brunello Admin"
2008-08-05,"Adam Hoyle",0.5,"Process and respond to emails",,,"Brunello, Inc.","*Brunello Admin"
2008-08-05,"Adam Hoyle",1.0,"Process emails",,,"Brunello, Inc.","*Brunello Admin"
2008-08-04,"Adam Hoyle",0.25,"Fix bug on BYO section of OVI- Purple wasn't passing in the URL",,,"Brunello, Inc.","*Brunello Admin"
2008-08-04,"Adam Hoyle",0.5,"Process emails",,,"Brunello, Inc.","*Brunello Admin"
2008-08-01,"Adam Hoyle",0.5,"Call with Ed Casey",,,"Brunello, Inc.","*Brunello Admin"
2008-08-01,"Adam Hoyle",0.25,"Process email, call greg presto, review content plan",,,"Brunello, Inc.","*Brunello Admin"
2008-07-31,"Adam Hoyle",0.5,"Process emails, update basecamp",,,"Brunello, Inc.","*Brunello Admin"
2008-07-30,"Adam Hoyle",0.5,"Update basecamp and prioritize tasks, send Patrizia files, send Jess files, etc...",,,"Brunello, Inc.","*Brunello Admin"
2008-07-30,"Adam Hoyle",0.5,"process emails",,,"Brunello, Inc.","*Brunello Admin"
2008-07-30,"Adam Hoyle",0.5,"Patrizia's computer transfer, process email",,,"Brunello, Inc.","*Brunello Admin"
2008-07-29,"Adam Hoyle",1.75,"Setup Mat's new computer",,,"Brunello, Inc.","*Brunello Admin"
2008-07-29,"Adam Hoyle",0.25,"process emails",,,"Brunello, Inc.","*Brunello Admin"
2008-07-29,"Adam Hoyle",0.5,"Review priorities and basecamp",,,"Brunello, Inc.","*Brunello Admin"
2008-07-28,"Adam Hoyle",1.5,"Answer emails",,,"Brunello, Inc.","*Brunello Admin"
2008-07-28,"Adam Hoyle",1.0,"Call with Sean Nolan re: Organic Planet, process email, review basecamp and click through brunello site, make notes, create comp",,,"Brunello, Inc.","*Brunello Admin"
2008-07-24,"Adam Hoyle",0.5,"Process email and update BC",,,"Brunello, Inc.","*Brunello Admin"
2008-07-23,"Adam Hoyle",0.75,"Process email, update basecamp",,,"Brunello, Inc.","*Brunello Admin"
2008-07-22,"Adam Hoyle",0.5,"WebEx - Rodale Coremetrics",,,"Brunello, Inc.","*Brunello Admin"
2008-07-22,"Adam Hoyle",0.5,"Orde rnew computer for Patrizia",,,"Brunello, Inc.","*Brunello Admin"
2008-07-22,"Adam Hoyle",0.75,"Process emails, update basecamp, get Patrizia setup",,,"Brunello, Inc.","*Brunello Admin"
2008-07-21,"Adam Hoyle",0.5,"basecamp updates",,,"Brunello, Inc.","*Brunello Admin"
2008-07-21,"Adam Hoyle",0.75,"Process email",,,"Brunello, Inc.","*Brunello Admin"
2008-07-15,"Adam Hoyle",0.15,"Call with Steve to review project status",,,"Brunello, Inc.","*Brunello Admin"
2008-07-15,"Adam Hoyle",0.25,"Review resumes and check websites for candidates",,,"Brunello, Inc.","*Brunello Admin"
2008-07-15,"Adam Hoyle",0.25,"Review basecamp",,,"Brunello, Inc.","*Brunello Admin"
2008-07-15,"Adam Hoyle",0.25,"Delete splam comments and turn on security settings for Parisse blog",,,"Brunello, Inc.","*Brunello Admin"
2008-07-15,"Adam Hoyle",0.5,"Process email, update basecamp",,,"Brunello, Inc.","*Brunello Admin"
2008-07-14,"Adam Hoyle",0.25,"Process email, update basecamp, prioritize day",,,"Brunello, Inc.","*Brunello Admin"
2008-07-11,"Adam Hoyle",0.75,"Discuss Brunello site with Mat and Jess",,,"Brunello, Inc.","*Brunello Admin"
2008-07-11,"Adam Hoyle",1.25,"Call Research VPN issue and contact One Communications data support team.",,,"Brunello, Inc.","*Brunello Admin"
2008-07-11,"Adam Hoyle",0.25,"Process emails and update basecamp",,,"Brunello, Inc.","*Brunello Admin"
2008-07-10,"Adam Hoyle",0.25,"Art Man research",,,"Brunello, Inc.","*Brunello Admin"
2008-07-10,"Adam Hoyle",0.25,"email",,,"Brunello, Inc.","*Brunello Admin"
2008-07-09,"Adam Hoyle",0.25,"Gather design assets for Triathlon, send to Justin at MH for design of 1/3 page print ad",,,"Brunello, Inc.","*Brunello Admin"
2008-07-09,"Adam Hoyle",0.5,"Troubleshoot site... call hostway.",,,"Brunello, Inc.","*Brunello Admin"
2008-07-09,"Adam Hoyle",0.75,"Update Basecamp",,,"Brunello, Inc.","*Brunello Admin"
2008-07-09,"Adam Hoyle",0.25,"Process email",,,"Brunello, Inc.","*Brunello Admin"
2008-07-09,"Adam Hoyle",0.5,"Review Nashoba and talk to Patrizia about designs",,,"Brunello, Inc.","*Brunello Admin"
2008-07-08,"Adam Hoyle",0.25,"Call with Jim Castro",,,"Brunello, Inc.","*Brunello Admin"
2008-07-08,"Adam Hoyle",1.0,"Call with Sean re: new projects",,,"Brunello, Inc.","*Brunello Admin"
2008-07-08,"Adam Hoyle",0.25,"Call with Steve",,,"Brunello, Inc.","*Brunello Admin"
2008-07-08,"Adam Hoyle",0.75,"process emails, update basecamp, schedule conference calls",,,"Brunello, Inc.","*Brunello Admin"
2008-07-07,"Adam Hoyle",0.5,"Process emails",,,"Brunello, Inc.","*Brunello Admin"
2008-07-03,"Adam Hoyle",0.25,"Setup Time Machine on Mat's computer",,,"Brunello, Inc.","*Brunello Admin"
2008-07-03,"Adam Hoyle",0.5,"Process emails, update basecamp to-dos and milestones, move projects to archived",,,"Brunello, Inc.","*Brunello Admin"
2008-07-02,"Adam Hoyle",0.5,"Process emails, review projects and update basecamp. Call with Atl Br re: DNS.",,,"Brunello, Inc.","*Brunello Admin"
2008-07-01,"Adam Hoyle",0.5,"Process emails, update basecamp",,,"Brunello, Inc.","*Brunello Admin"
2008-07-01,"Adam Hoyle",0.25,"Review projects with Mat and Patrizia",,,"Brunello, Inc.","*Brunello Admin"
2008-06-30,"Adam Hoyle",0.5,"Process emails and update basecamp",,,"Brunello, Inc.","*Brunello Admin"
2008-06-30,"Adam Hoyle",0.5,"Review projects with Patrizia and update basecamp",,,"Brunello, Inc.","*Brunello Admin"
2008-06-30,"Adam Hoyle",0.5,"Review projects and basecamp with Mat",,,"Brunello, Inc.","*Brunello Admin"
2008-06-28,"Adam Hoyle",0.5,"Process emails and update basecamp",,,"Brunello, Inc.","*Brunello Admin"
2008-06-27,"Adam Hoyle",0.5,"process emails and update",,,"Brunello, Inc.","*Brunello Admin"
2008-06-26,"Adam Hoyle",0.25,"Call BoA about 41.70 charge labeled interactive tools - bank charge. Post CMS to basecamp for Patrizia",,,"Brunello, Inc.","*Brunello Admin"
2008-06-26,"Adam Hoyle",0.5,"Process email and update basecamp",,,"Brunello, Inc.","*Brunello Admin"
2008-06-26,"Adam Hoyle",0.25,"Discuss new projects and status of current projects with Steve",,,"Brunello, Inc.","*Brunello Admin"
2008-06-26,"Adam Hoyle",0.5,"YogaLife call re: syndication",,,"Brunello, Inc.","*Brunello Admin"
2008-06-26,"Adam Hoyle",1.0,"Lunch meeting with Nicole",,,"Brunello, Inc.","*Brunello Admin"
2008-06-26,"Adam Hoyle",0.25,"Process email, review and update basecamp",,,"Brunello, Inc.","*Brunello Admin"
2008-06-25,"Adam Hoyle",0.5,"Review basecamp and prioritize",,,"Brunello, Inc.","*Brunello Admin"
2008-06-25,"Adam Hoyle",0.5,"Meeting with Patrizia",,,"Brunello, Inc.","*Brunello Admin"
2008-06-24,"Adam Hoyle",0.25,"Update online CMS support and send links to Jarrett Wold",,,"Brunello, Inc.","*Brunello Admin"
2008-06-24,"Adam Hoyle",0.5,"Troubleshoot phone",,,"Brunello, Inc.","*Brunello Admin"
2008-06-24,"Adam Hoyle",0.25,"Review and update basecamp",,,"Brunello, Inc.","*Brunello Admin"
2008-06-24,"Adam Hoyle",0.25,"DNS mess",,,"Brunello, Inc.","*Brunello Admin"
2008-06-24,"Adam Hoyle",0.25,"Tech Support",,,"Brunello, Inc.","*Brunello Admin"
2008-06-24,"Adam Hoyle",0.25,"Process emails and followup",,,"Brunello, Inc.","*Brunello Admin"
2008-06-23,"Adam Hoyle",0.75,"Review all projects, status, to-dos, process email",,,"Brunello, Inc.","*Brunello Admin"
2008-06-23,"Adam Hoyle",0.25,"Organize and enter to-dos into basecamp from call with Steve",,,"Brunello, Inc.","*Brunello Admin"
2008-06-23,"Adam Hoyle",0.5,"Call with iYogaLife",,,"Brunello, Inc.","*Brunello Admin"
2008-06-23,"Adam Hoyle",1.25,"Process emails and get projects status reports",,,"Brunello, Inc.","*Brunello Admin"
2008-06-13,"Adam Hoyle",0.5,"Interactive Tools custom demo",,,"Brunello, Inc.","*Brunello Admin"
2008-06-12,"Adam Hoyle",0.25,"Basecamp - enter new project and tasks",,,"Brunello, Inc.","*Brunello Admin"
2008-06-11,"Adam Hoyle",0.5,"Process emails and organize tasks",,,"Brunello, Inc.","*Brunello Admin"
2008-06-10,"Adam Hoyle",0.75,"Time Capsule setup",,,"Brunello, Inc.","*Brunello Admin"
2008-06-10,"Adam Hoyle",0.5,"Emails with clients / vendors",,,"Brunello, Inc.","*Brunello Admin"
2008-06-10,"Adam Hoyle",0.5,"Process email and organize tasks",,,"Brunello, Inc.","*Brunello Admin"
2008-06-09,"Adam Hoyle",0.5,"Meet with Mat and Patrizia to review current projects",,,"Brunello, Inc.","*Brunello Admin"
2008-06-09,"Adam Hoyle",0.25,"Organize and prioritize to-dos and work for the day/week",,,"Brunello, Inc.","*Brunello Admin"
2008-06-06,"Adam Hoyle",0.5,"Process email",,,"Brunello, Inc.","*Brunello Admin"
2008-06-05,"Adam Hoyle",0.5,"read and process email",,,"Brunello, Inc.","*Brunello Admin"
2008-06-05,"Adam Hoyle",0.5,"Review projects and to-dos with Mat and prioritze schedule",,,"Brunello, Inc.","*Brunello Admin"
2008-06-04,"Adam Hoyle",0.5,"Call with Steve to review status of all ongoing projects",,,"Brunello, Inc.","*Brunello Admin"
2008-06-03,"Adam Hoyle",0.5,"process and respond to emails",,,"Brunello, Inc.","*Brunello Admin"
2008-06-02,"Adam Hoyle",0.5,"Emails",,,"Brunello, Inc.","*Brunello Admin"
2008-05-30,"Adam Hoyle",0.25,"Review and update basecamp",,,"Brunello, Inc.","*Brunello Admin"
2008-05-30,"Adam Hoyle",0.25,"Followup with One Communications",,,"Brunello, Inc.","*Brunello Admin"
2008-05-29,"Adam Hoyle",0.5,"Discuss and brainstorm GymFinder 2 profile claiming procedures with Mark",,,"Brunello, Inc.","*Brunello Admin"
2008-05-29,"Adam Hoyle",0.5,"Setup CoreMetrics tagview and review stats on iYL and Men's Health sites",,,"Brunello, Inc.","*Brunello Admin"
2008-05-29,"Adam Hoyle",0.5,"Work on Commonwealth proposal",,,"Brunello, Inc.","*Brunello Admin"
2008-05-28,"Adam Hoyle",0.75,"Troubleshoot VPN issues",,,"Brunello, Inc.","*Brunello Admin"
2008-05-27,"Adam Hoyle",0.25,"Discuss BL coding and review next steps and to-dos with Mat",,,"Brunello, Inc.","*Brunello Admin"
2008-05-27,"Adam Hoyle",0.5,"Look into PDF uploads for Baystate, added placeholders to templates, republished, fixed.",,,"Brunello, Inc.","*Brunello Admin"
2008-05-22,"Adam Hoyle",0.5,"Email",,,"Brunello, Inc.","*Brunello Admin"
2008-05-21,"Adam Hoyle",2.0,"Meeting with accountant",,,"Brunello, Inc.","*Brunello Admin"
2008-05-21,"Adam Hoyle",1.5,"HOW Conference",,,"Brunello, Inc.","*Brunello Admin"
2008-05-21,"Adam Hoyle",0.833333,"Process email backed up from conference",,,"Brunello, Inc.","*Brunello Admin"
2008-05-20,"Adam Hoyle",8.0,"HOW Conference",,,"Brunello, Inc.","*Brunello Admin"
2008-05-19,"Adam Hoyle",8.0,"HOW Conference",,,"Brunello, Inc.","*Brunello Admin"
2008-05-19,"Adam Hoyle",0.666667,"Review notes for ETNT P2, GymFinder P2, ETNT Kids",,,"Brunello, Inc.","*Brunello Admin"
2008-05-19,"Adam Hoyle",0.25,"Emails",,,"Brunello, Inc.","*Brunello Admin"
2008-05-18,"Adam Hoyle",8.0,"HOW Conference",,,"Brunello, Inc.","*Brunello Admin"
2008-05-15,"Adam Hoyle",0.5,"Basecamp review priorities, process email",,,"Brunello, Inc.","*Brunello Admin"
2008-05-12,"Adam Hoyle",0.25,"emails and basecamp updates",,,"Brunello, Inc.","*Brunello Admin"
2008-05-09,"Adam Hoyle",0.5,"review upcoming milestones in basecamp and planning, process email to zero :)",,,"Brunello, Inc.","*Brunello Admin"
2008-05-09,"Adam Hoyle",0.416667,"Review upcoming projects and general update call with Steve Borkowski",,,"Brunello, Inc.","*Brunello Admin"
2008-05-08,"Adam Hoyle",0.75,"setup milestones and todos for WH, RW, PVN Yoga center syndication projects",,,"Brunello, Inc.","*Brunello Admin"
2008-05-08,"Adam Hoyle",0.25,"Process email",,,"Brunello, Inc.","*Brunello Admin"
2008-05-06,"Adam Hoyle",0.5,"Prioritize and assign basecamp tasks",,,"Brunello, Inc.","*Brunello Admin"
2008-05-05,"Adam Hoyle",0.25,"Basecamp admin and emails",,,"Brunello, Inc.","*Brunello Admin"
2008-05-02,"Adam Hoyle",0.5,"Review open projects and update to-dos and priorities",,,"Brunello, Inc.","*Brunello Admin"
2008-05-01,"Adam Hoyle",0.5,"basecamp admin: update project status, add Parisse project",,,"Brunello, Inc.","*Brunello Admin"
2008-04-30,"Adam Hoyle",0.5,"basecamp admin",,,"Brunello, Inc.","*Brunello Admin"
2008-04-29,"Adam Hoyle",0.5,"Review open invoices and billing with Nicole",,,"Brunello, Inc.","*Brunello Admin"
2008-04-28,"Adam Hoyle",1.0,"Basecamp admin - add projects and milestones",,,"Brunello, Inc.","*Brunello Admin"
2008-04-27,"Adam Hoyle",1.5,"Research basecamp",,,"Brunello, Inc.","*Brunello Admin"
2008-12-10,"Adam Hoyle",0.25,"review brochures",,,"Brunello, Inc.","*Brunello Marketing"
2008-12-05,"Adam Hoyle",0.75,"update CMS builder color scheme for brochure",,,"Brunello, Inc.","*Brunello Marketing"
2008-12-04,"Adam Hoyle",0.25,"review brochures",,,"Brunello, Inc.","*Brunello Marketing"
2008-12-01,"Adam Hoyle",1.75,"review and give feedback on brochure content",,,"Brunello, Inc.","*Brunello Marketing"
2008-11-19,"Adam Hoyle",0.5,"work with jess on brochure designs",,,"Brunello, Inc.","*Brunello Marketing"
2008-10-03,"Adam Hoyle",0.25,"review brunello website and give comments / feedback to Niki",,,"Brunello, Inc.","*Brunello Marketing"
2008-12-02,"Adam Hoyle",1.25,"iRelai meeting",,,"Brunello, Inc.","*Brunello New Biz"
2008-11-21,"Adam Hoyle",0.5,"quote for dan baudry",,,"Brunello, Inc.","*Brunello New Biz"
2008-11-14,"Adam Hoyle",0.5,"call with Dan Boudry",,,"Brunello, Inc.","*Brunello New Biz"
2008-10-31,"Adam Hoyle",0.25,"call with Bill Jacobson",,,"Brunello, Inc.","*Brunello New Biz"
2008-10-31,"Adam Hoyle",0.25,"call with regina re: iPhone app",,,"Brunello, Inc.","*Brunello New Biz"
2008-10-28,"Adam Hoyle",0.25,"call with NK re: yoga dvd review center",,,"Brunello, Inc.","*Brunello New Biz"
2008-10-23,"Adam Hoyle",1.75,"finish etnt iphone app proposal",,,"Brunello, Inc.","*Brunello New Biz"
2008-10-20,"Adam Hoyle",1.5,"Meeting with iRelai",,,"Brunello, Inc.","*Brunello New Biz"
2008-10-20,"Adam Hoyle",0.25,"call with Todd Lieb re: new projects",,,"Brunello, Inc.","*Brunello New Biz"
2008-10-17,"Adam Hoyle",0.5,"process email",,,"Brunello, Inc.","*Brunello New Biz"
2008-10-17,"Adam Hoyle",0.25,"call with Steve B. re: rodale projects",,,"Brunello, Inc.","*Brunello New Biz"
2008-10-16,"Adam Hoyle",1.0,"Work on iPhone proposal mockups",,,"Brunello, Inc.","*Brunello New Biz"
2008-10-16,"Adam Hoyle",0.25,"review and comment on MBC proposal",,,"Brunello, Inc.","*Brunello New Biz"
2008-10-16,"Adam Hoyle",0.75,"Call with MH to discuss projects and ETNT plans",,,"Brunello, Inc.","*Brunello New Biz"
2008-10-15,"Adam Hoyle",0.25,"iphone app proposal",,,"Brunello, Inc.","*Brunello New Biz"
2008-10-10,"Adam Hoyle",1.0,"FSPN to drop off tradeshow case",,,"Brunello, Inc.","*Brunello New Biz"
2008-10-08,"Adam Hoyle",0.25,"call with Bill re: iRelai",,,"Brunello, Inc.","*Brunello New Biz"
2008-10-07,"Adam Hoyle",0.5,"Call with Sean re: iPhone",,,"Brunello, Inc.","*Brunello New Biz"
2008-10-06,"Adam Hoyle",0.25,"Call with Bill re: iRelai project",,,"Brunello, Inc.","*Brunello New Biz"
2008-10-06,"Adam Hoyle",0.5,"Call with Tom. T re: Brooks Properties",,,"Brunello, Inc.","*Brunello New Biz"
2008-06-10,"Adam Hoyle",0.25,"Call with Commonwealth",,,"Brunello, Inc.","*Brunello New Biz"
2008-06-09,"Adam Hoyle",0.5,"Review outline and create quote for iYL DVD Review center",,,"Brunello, Inc.","*Brunello New Biz"
2008-07-09,"Adam Hoyle",1.0,"Troubleshoot Brookstone CMS",,,"Brunello, Inc.","Bruno CMS"
2008-05-23,"Adam Hoyle",1.75,"CMS Training with Patrizia",,,"Brunello, Inc.","Bruno CMS"
2008-05-09,"Adam Hoyle",0.75,"CMS Training - Steve & Brad on ETNT",,,"Brunello, Inc.","Bruno CMS"
2008-05-02,"Adam Hoyle",0.5,"research and send links on web standards to client",,,"Commonwealth","RFP: Member section"
2008-06-27,"Adam Hoyle",0.25,"Review and make notes on final drafts being sent to client.",,,"Commonwealth","TCI Brand guide"
2008-08-20,"Adam Hoyle",0.5,"Setup new hosting with DreamHost",,,"Commonwealth","TCI Member Directory Development"
2008-08-19,"Adam Hoyle",0.25,"Prep design files and send to Mat",,,"Commonwealth","TCI Member Directory Development"
2008-08-12,"Adam Hoyle",0.75,"Respond to Mark's questions and create new mockup of advanced search page with all options expanded.",,,"Commonwealth","TCI Member Directory Development"
2008-08-12,"Adam Hoyle",0.5,"Meeting with Nicole, respond to Mark Horlbeck",,,"Commonwealth","TCI Member Directory Development"
2008-08-08,"Adam Hoyle",2.0,"Meeting @ TCI",,,"Commonwealth","TCI Member Directory Development"
2008-08-06,"Adam Hoyle",0.5,"MySQL setup, call tech support",,,"Commonwealth","TCI Member Directory Development"
2008-08-06,"Adam Hoyle",0.5,"Setup MySQL db",,,"Commonwealth","TCI Member Directory Development"
2008-08-06,"Adam Hoyle",0.5,"email and iChat with Mark re: commonwealth",,,"Commonwealth","TCI Member Directory Development"
2008-08-01,"Adam Hoyle",0.25,"Research calendars",,,"Commonwealth","TCI Member Directory Development"
2008-07-29,"Adam Hoyle",1.0,"Review and respond to mark's questions",,,"Commonwealth","TCI Member Directory Development"
2008-07-15,"Adam Hoyle",0.25,"Process emails, update basecamp",,,"Commonwealth","TCI Member Directory Development"
2008-07-15,"Adam Hoyle",0.25,"Review outline",,,"Commonwealth","TCI Member Directory Development"
2008-07-10,"Adam Hoyle",1.0,"research calendars",,,"Commonwealth","TCI Member Directory Development"
2008-10-28,"Adam Hoyle",0.5,"figure out sidebar publishing",,,"Commonwealth","TCI Site Redesign/Development"
2008-10-27,"Adam Hoyle",0.5,"conference call with Abby and Mat for approval to launch",,,"Commonwealth","TCI Site Redesign/Development"
2008-08-07,"Adam Hoyle",0.5,,"Design","Website","Commonwealth","TCI Site Redesign/Development"
2008-08-07,"Adam Hoyle",0.5,,"Design","Website","Commonwealth","TCI Site Redesign/Development"
2008-08-07,"Adam Hoyle",0.75,"Conference call with Abby and Nicole",,,"Commonwealth","TCI Site Redesign/Development"
2008-08-06,"Adam Hoyle",0.420556,,"Design","Website","Commonwealth","TCI Site Redesign/Development"
2008-08-05,"Adam Hoyle",2.0,,"Design","Website","Commonwealth","TCI Site Redesign/Development"
2008-08-04,"Adam Hoyle",2.5,,"Design","Website","Commonwealth","TCI Site Redesign/Development"
2008-08-01,"Adam Hoyle",1.50611,,"Design","Website","Commonwealth","TCI Site Redesign/Development"
2008-07-31,"Adam Hoyle",0.75,,"Design","Website","Commonwealth","TCI Site Redesign/Development"
2008-07-15,"Adam Hoyle",2.0,"Research JS calendar and test linking to ArtMan",,,"Commonwealth","TCI Site Redesign/Development"
2008-07-10,"Adam Hoyle",0.5,"Calendar",,,"Commonwealth","TCI Site Redesign/Development"
2008-09-05,"Adam Hoyle",0.75,"Prep and upload brochure files to FTP and send link",,,"CSMi","DONE: CSMi Misc updates/requests"
2008-08-22,"Adam Hoyle",0.5,,"Update SW logo (See message tab)","Site updates","CSMi","DONE: CSMi Misc updates/requests"
2008-11-25,"Adam Hoyle",0.25,,,,"CSMi","DONE: HUMAC SmartLift"
2008-05-14,"Adam Hoyle",0.5,"Fix brochure downloads page...",,,"CSMi","Misc. Website Updates"
2008-05-07,"Adam Hoyle",0.75,"Update splash screen for SportsWare 2009",,,"CSMi","Misc. Website Updates"
2008-07-09,"Adam Hoyle",0.5,"Review designs with Patrizia and give feedback",,,"Design Apps","Nashoba Website"
2008-06-30,"Adam Hoyle",0.25,"Review notes and requirements.",,,"Design Apps","Nashoba Website"
2008-07-01,"Adam Hoyle",0.5,"Email technical support - Cirelli",,,"Food Source Plus","Dev./Misc. Support"
2008-06-12,"Adam Hoyle",0.5,,,,"Food Source Plus","DNS change on FSPN"
2008-06-11,"Adam Hoyle",0.25,,,,"Food Source Plus","DNS change on FSPN"
2008-05-14,"Adam Hoyle",0.25,"DNS change for FSPN for direct mail campaign",,,"Food Source Plus","DNS change on FSPN"
2008-07-21,"Adam Hoyle",0.25,"Update business cards and post proof to client",,,"Food Source Plus","DONE - Business card re-order"
2008-11-19,"Adam Hoyle",0.25,"setup new email account, send welcome email",,,"Food Source Plus","DONE: New employee - Jacqueline"
2008-09-01,"Adam Hoyle",0.5,"pm",,,"Food Source Plus","DONE: Trifold Brochure Updates"
2008-10-23,"Adam Hoyle",0.5,"review feedback and final designs with Bill",,,"iRelai","DONE: Web Design & Coding"
2008-10-22,"Adam Hoyle",0.25,"review feedback with Bill and Niki",,,"iRelai","DONE: Web Design & Coding"
2008-10-17,"Adam Hoyle",1.0,"review designs, print and web with Niki and Jess, finalize and post files for client review.",,,"iRelai","DONE: Web Design & Coding"
2008-10-16,"Adam Hoyle",0.25,"review designs with Niki",,,"iRelai","DONE: Web Design & Coding"
2008-10-14,"Adam Hoyle",0.25,"research",,,"iRelai","DONE: Web Design & Coding"
2008-11-04,"Adam Hoyle",1.0,"respond to Gary re: xml feed structure, modify feed template",,,"Men's Health","BILLED: ETNT Mobile"
2008-11-03,"Adam Hoyle",0.75,"conference call with Quattro, Regina, Steve",,,"Men's Health","BILLED: ETNT Mobile"
2008-10-21,"Adam Hoyle",0.25,"Add new primary food category and secondary category per Amanda",,,"Men's Health","BILLED: ETNT Mobile"
2008-10-10,"Adam Hoyle",0.25,"remove ETNT promo",,,"Men's Health","BILLED: ETNT Mobile"
2008-10-08,"Adam Hoyle",1.0,"create promo and update templates and files in dev","Update top right with subscription promo (see notes","Odds & Ends","Men's Health","BILLED: ETNT Mobile"
2008-10-07,"Adam Hoyle",0.25,,"Update top right with subscription promo (see notes","Odds & Ends","Men's Health","BILLED: ETNT Mobile"
2008-10-07,"Adam Hoyle",0.25,"ETNT promo include file, send Steve some info, and test.",,,"Men's Health","BILLED: ETNT Mobile"
2008-10-07,"Adam Hoyle",1.0,"allow PHP input in ETNT CMS",,,"Men's Health","BILLED: ETNT Mobile"
2008-10-02,"Adam Hoyle",2.0,"work on feed setup",,,"Men's Health","BILLED: ETNT Mobile"
2008-10-01,"Adam Hoyle",2.0,"Work on XML feed setup, publish and test",,,"Men's Health","BILLED: ETNT Mobile"
2008-08-22,"Adam Hoyle",0.25,"Completed a few minor changes per Amanda",,,"Men's Health","BILLED: ETNT Mobile"
2008-08-21,"Adam Hoyle",0.25,,"Move the hide checkboxes to a dedicated area in the CMS so data entry doesn't require a double-tab.","Odds & Ends","Men's Health","BILLED: ETNT Mobile"
2008-08-19,"Adam Hoyle",4.0,"Finalize and launch",,,"Men's Health","BILLED: ETNT Mobile"
2008-08-19,"Adam Hoyle",3.5,"finalize linking articles, dropdowns, and updating navigation. Add check-boxes to hide nutritional information on etnt pairing pages",,,"Men's Health","BILLED: ETNT Mobile"
2008-08-18,"Adam Hoyle",0.5,"Created active tabs, setup and tested rsync",,,"Men's Health","BILLED: ETNT Mobile"
2008-08-18,"Adam Hoyle",6.25,"Download InDesign files and organize content for updates, request server rules and rsync, update section header links per Amanda, update list of published restaurants, add checkboxes for nutritionals, update templates",,,"Men's Health","BILLED: ETNT Mobile"
2008-08-15,"Adam Hoyle",1.0,"Update navigation, update publish directory, change publish rules, tweak templates",,,"Men's Health","BILLED: ETNT Mobile"
2008-08-15,"Adam Hoyle",0.5,"Call with Steve and Amanda re: ETNT Kids, directories, URLs, content questions",,,"Men's Health","BILLED: ETNT Mobile"
2008-08-14,"Adam Hoyle",0.583333,"Category work, cleanup, add Restaurant Reports to dropdowns and list pages",,,"Men's Health","BILLED: ETNT Mobile"
2008-08-14,"Adam Hoyle",0.5,,,,"Men's Health","BILLED: ETNT Mobile"
2008-08-14,"Adam Hoyle",4.0,"Work on color scheme and style change for kids section, setup restaurant grades, call Amanda about restaurant content, work on navigation updates",,,"Men's Health","BILLED: ETNT Mobile"
2008-08-13,"Adam Hoyle",2.22194,"Work on linking templates and tweaking publish rules, delete all sidebars from article level to fix bug, DB updates per Amanda",,,"Men's Health","BILLED: ETNT Mobile"
2008-08-13,"Adam Hoyle",1.75,"Code and tweak templates and publish rules",,,"Men's Health","BILLED: ETNT Mobile"
2008-08-13,"Adam Hoyle",6.0,"Review sitemap, setup publish rules, and code templates, testing to publish out pairs and lists",,,"Men's Health","BILLED: ETNT Mobile"
2008-08-12,"Adam Hoyle",0.25,"Food DB updates per Amanda",,,"Men's Health","BILLED: ETNT Mobile"
2008-08-11,"Adam Hoyle",0.25,"DB tweaks per Amanda... add food categories to drop down, setup new user accounts",,,"Men's Health","BILLED: ETNT Mobile"
2008-08-07,"Adam Hoyle",1.5,"Research template and possible options for setting up article level pages",,,"Men's Health","BILLED: ETNT Mobile"
2008-08-07,"Adam Hoyle",1.0,"Conference call with Steve, Brad, Sean",,,"Men's Health","BILLED: ETNT Mobile"
2008-08-07,"Adam Hoyle",0.5,"Food DB updates per Amanda... adding categories to drop downs",,,"Men's Health","BILLED: ETNT Mobile"
2008-08-06,"Adam Hoyle",0.5,"research Food / ETNT databases, research possibility of keeping URLs identical",,,"Men's Health","BILLED: ETNT Mobile"
2008-08-06,"Adam Hoyle",0.5,"Food DB tweaks per Amanda, add Tertiary drop down, check current uploads for errors.",,,"Men's Health","BILLED: ETNT Mobile"
2008-08-04,"Adam Hoyle",0.75,"Conference call with Sean, Steve, Amanda to discuss plan for ETNT Kids",,,"Men's Health","BILLED: ETNT Mobile"
2008-08-01,"Adam Hoyle",0.5,"Fix edits on Kids Restaurant Grades",,,"Men's Health","BILLED: ETNT Mobile"
2008-08-01,"Adam Hoyle",0.25,"Email Mark re: food DB content",,,"Men's Health","BILLED: ETNT Mobile"
2008-07-31,"Adam Hoyle",0.75,"Restaurant Grades",,,"Men's Health","BILLED: ETNT Mobile"
2008-07-31,"Adam Hoyle",0.5,"Add book tease to Restaurant grades, update links, send to sean for review",,,"Men's Health","BILLED: ETNT Mobile"
2008-07-31,"Adam Hoyle",1.75,"Food DB tweaks",,,"Men's Health","BILLED: ETNT Mobile"
2008-07-31,"Adam Hoyle",0.5,"Fire drill - Kids Restaurants Menu Grades for DZ blog",,,"Men's Health","BILLED: ETNT Mobile"
2008-07-30,"Adam Hoyle",1.0,"Food DB setup - moving restaurant fields to category level",,,"Men's Health","BILLED: ETNT Mobile"
2008-07-30,"Adam Hoyle",2.0,"Create restaurant categories on food DB, move fields from Article db to category db for Restaurants",,,"Men's Health","BILLED: ETNT Mobile"
2008-07-30,"Adam Hoyle",0.75,"Call with Sean and Brad re: Food DB",,,"Men's Health","BILLED: ETNT Mobile"
2008-07-29,"Adam Hoyle",0.5,"Food DB tweaks and updates based on call",,,"Men's Health","BILLED: ETNT Mobile"
2008-07-29,"Adam Hoyle",1.0,"conference call with Sean, Brad, Amanda, Sophie",,,"Men's Health","BILLED: ETNT Mobile"
2008-07-29,"Adam Hoyle",0.25,"Finish setting up food CMS",,,"Men's Health","BILLED: ETNT Mobile"
2008-07-29,"Adam Hoyle",1.25,"Finalize food database and send for review",,,"Men's Health","BILLED: ETNT Mobile"
2008-07-28,"Adam Hoyle",1.25,"Add ETNT Kids cover to right side-rail",,,"Men's Health","BILLED: ETNT Mobile"
2008-07-27,"Adam Hoyle",0.75,,"Create new Kids categories in CMS","Website","Men's Health","BILLED: ETNT Mobile"
2008-07-24,"Adam Hoyle",0.75,"design comps to show both book covers",,,"Men's Health","BILLED: ETNT Mobile"
2008-07-24,"Adam Hoyle",0.5,,"Create new Kids categories in CMS","Website","Men's Health","BILLED: ETNT Mobile"
2008-07-24,"Adam Hoyle",0.5,,"Upgrade CMS to 2.17","Website","Men's Health","BILLED: ETNT Mobile"
2008-07-21,"Adam Hoyle",0.5,,"Refresh homepage per Steve's email (See messages tab)","Misc.","Men's Health","BILLED: ETNT Mobile"
2008-07-21,"Adam Hoyle",0.75,"Update photo on ETNT homepage, call with Steve",,,"Men's Health","BILLED: ETNT Mobile"
2008-07-14,"Adam Hoyle",0.5,"Setup new categories",,,"Men's Health","BILLED: ETNT Mobile"
2008-07-10,"Adam Hoyle",0.25,"Call with Steve",,,"Men's Health","BILLED: ETNT Mobile"
2008-07-10,"Adam Hoyle",0.5,"Download photo files from FTP and call Amanda",,,"Men's Health","BILLED: ETNT Mobile"
2008-06-27,"Adam Hoyle",0.75,"Research and review PDFs of book",,,"Men's Health","BILLED: ETNT Mobile"
2008-06-25,"Adam Hoyle",0.25,"Conference call with Steve and Amanda",,,"Men's Health","BILLED: ETNT Mobile"
2008-12-31,"Adam Hoyle",0.5,"error pages for declines",,,"Men's Health","BILLED: ETNT Premium"
2008-12-29,"Adam Hoyle",6.25,"review and stand-by for launch, email dave about some outstanding issues with user accounts",,,"Men's Health","BILLED: ETNT Premium"
2008-12-28,"Adam Hoyle",1.10278,"final pre-monday work from regina's list",,,"Men's Health","BILLED: ETNT Premium"
2008-12-28,"Adam Hoyle",2.5,"release next build plan for conference call, conference call with sean, regina, discuss remaining priorities and plan for monday launch",,,"Men's Health","BILLED: ETNT Premium"
2008-12-28,"Adam Hoyle",1.51611,"work on numers 1-6 from goulding",,,"Men's Health","BILLED: ETNT Premium"
2008-12-27,"Adam Hoyle",1.0,"conference call",,,"Men's Health","BILLED: ETNT Premium"
2008-12-26,"Adam Hoyle",0.2875,"work on numers 1-6 from goulding",,,"Men's Health","BILLED: ETNT Premium"
2008-12-26,"Adam Hoyle",1.25,"work on numers 1-6 from goulding",,,"Men's Health","BILLED: ETNT Premium"
2008-12-26,"Adam Hoyle",2.33361,"work on QA defects from 12/24",,,"Men's Health","BILLED: ETNT Premium"
2008-12-26,"Adam Hoyle",2.48667,"work on homepage - logged in vs. not logged in",,,"Men's Health","BILLED: ETNT Premium"
2008-12-23,"Adam Hoyle",3.0,"qa and landing pages",,,"Men's Health","BILLED: ETNT Premium"
2008-12-22,"Adam Hoyle",4.0,"QA defects, create login landing page with link to free site, work on homepage and landing pages, call with regina to review schedule",,,"Men's Health","BILLED: ETNT Premium"
2008-12-22,"Adam Hoyle",2.0,"work on landing pages",,,"Men's Health","BILLED: ETNT Premium"
2008-12-21,"Adam Hoyle",7.0,"work on QA fixes with dave edis",,,"Men's Health","BILLED: ETNT Premium"
2008-12-20,"Adam Hoyle",8.23972,"QA defects",,,"Men's Health","BILLED: ETNT Premium"
2008-12-20,"Adam Hoyle",3.45667,"move restaurant sidebar content, work on QA issues",,,"Men's Health","BILLED: ETNT Premium"
2008-12-19,"Adam Hoyle",2.0,"work on defects, call with dave, review changes, release build, update regina",,,"Men's Health","BILLED: ETNT Premium"
2008-12-18,"Adam Hoyle",0.5,"defects, update call with Regina and Sean.",,,"Men's Health","BILLED: ETNT Premium"
2008-12-18,"Adam Hoyle",4.5,"work on bug fixes, create favorites mockup, send to dave, send photos to amanda, etc.",,,"Men's Health","BILLED: ETNT Premium"
2008-12-18,"Adam Hoyle",6.5675,,,,"Men's Health","BILLED: ETNT Premium"
2008-12-17,"Adam Hoyle",0.5,"work on fixes and bugs",,,"Men's Health","BILLED: ETNT Premium"
2008-12-17,"Adam Hoyle",3.0,"review outstanding bugs and prioritize",,,"Men's Health","BILLED: ETNT Premium"
2008-12-17,"Adam Hoyle",0.700278,"update newsletter module link, move to include, download game and menu decoder to create tools section",,,"Men's Health","BILLED: ETNT Premium"
2008-12-16,"Adam Hoyle",1.0,"work on revisions from regina re: login fields, add terms section, move to dev, send out email notifications to group",,,"Men's Health","BILLED: ETNT Premium"
2008-12-16,"Adam Hoyle",0.75,"setup the about us section",,,"Men's Health","BILLED: ETNT Premium"
2008-12-16,"Adam Hoyle",0.75,"add FAQs, T&C, privacy policy link updates",,,"Men's Health","BILLED: ETNT Premium"
2008-12-16,"Adam Hoyle",1.5,"test login from dave",,,"Men's Health","BILLED: ETNT Premium"
2008-12-16,"Adam Hoyle",0.5,"add FAQs, T&C, privacy policy link updates",,,"Men's Health","BILLED: ETNT Premium"
2008-12-16,"Adam Hoyle",0.75,"work on loose ends to get ready for QA",,,"Men's Health","BILLED: ETNT Premium"
2008-12-16,"Adam Hoyle",2.5,"work on updates from dave, linking pair pages, pulling in brand, etc. conference call with login work",,,"Men's Health","BILLED: ETNT Premium"
2008-12-16,"Adam Hoyle",3.0,,,,"Men's Health","BILLED: ETNT Premium"
2008-12-15,"Adam Hoyle",2.25,"work on zmods, abd go through changes from regina",,,"Men's Health","BILLED: ETNT Premium"
2008-12-15,"Adam Hoyle",6.0,"conference call with team, work on",,,"Men's Health","BILLED: ETNT Premium"
2008-12-14,"Adam Hoyle",1.75,"work on zMod list pages",,,"Men's Health","BILLED: ETNT Premium"
2008-12-14,"Adam Hoyle",1.5,"advanced search results, test login, profile editing",,,"Men's Health","BILLED: ETNT Premium"
2008-12-13,"Adam Hoyle",0.5,"work on pairs",,,"Men's Health","BILLED: ETNT Premium"
2008-12-13,"Adam Hoyle",2.0,"work on free/premium content setup",,,"Men's Health","BILLED: ETNT Premium"
2008-12-13,"Adam Hoyle",2.5,"setup local dev environment, finish grocery aisle pages, other code tweaks, move to dev",,,"Men's Health","BILLED: ETNT Premium"
2008-12-12,"Adam Hoyle",0.75,"move to dev",,,"Men's Health","BILLED: ETNT Premium"
2008-12-12,"Adam Hoyle",0.5,"work on tweaks to code and CSS",,,"Men's Health","BILLED: ETNT Premium"
2008-12-12,"Adam Hoyle",0.5,"work on limiting menu items list to single restaurants",,,"Men's Health","BILLED: ETNT Premium"
2008-12-12,"Adam Hoyle",0.75,"work on user login functions",,,"Men's Health","BILLED: ETNT Premium"
2008-12-12,"Adam Hoyle",1.25,"work on menu pairings pages",,,"Men's Health","BILLED: ETNT Premium"
2008-12-12,"Adam Hoyle",0.75,"review login and edit screens from dave",,,"Men's Health","BILLED: ETNT Premium"
2008-12-12,"Adam Hoyle",1.75,"work on pairing pages",,,"Men's Health","BILLED: ETNT Premium"
2008-12-11,"Adam Hoyle",1.51333,"form creation, add logo ad food photo upload funtionality",,,"Men's Health","BILLED: ETNT Premium"
2008-12-11,"Adam Hoyle",0.5,"move advanced search files to include, review priorities with Dave Edis",,,"Men's Health","BILLED: ETNT Premium"
2008-12-11,"Adam Hoyle",0.5,"troubleshoot version control process slowdown",,,"Men's Health","BILLED: ETNT Premium"
2008-12-11,"Adam Hoyle",2.25,"work on updating dev, email and chat with Regina about progress",,,"Men's Health","BILLED: ETNT Premium"
2008-12-11,"Adam Hoyle",2.07889,"work on moving to dev, troubleshooting",,,"Men's Health","BILLED: ETNT Premium"
2008-12-10,"Adam Hoyle",5.75,"work on form pages, start moving some files to dev for initial testing",,,"Men's Health","BILLED: ETNT Premium"
2008-12-10,"Adam Hoyle",1.3175,"work on view page code",,,"Men's Health","BILLED: ETNT Premium"
2008-12-09,"Adam Hoyle",1.25,"work with dave on template view coding via gtalk",,,"Men's Health","BILLED: ETNT Premium"
2008-12-09,"Adam Hoyle",0.5,"weekly conference call with ETNT team",,,"Men's Health","BILLED: ETNT Premium"
2008-12-09,"Adam Hoyle",0.5,"call with Chris T. re: file uploads","Code Templates","Website","Men's Health","BILLED: ETNT Premium"
2008-12-09,"Adam Hoyle",3.0,"code search box varieties, code additional pages and prepare notes for call with dave edis. Call with Dave Edis.","Code Templates","Website","Men's Health","BILLED: ETNT Premium"
2008-12-09,"Adam Hoyle",0.9425,"upgrade CMS with new features for advanced filter sorting in admin",,,"Men's Health","BILLED: ETNT Premium"
2008-12-08,"Adam Hoyle",1.32667,"move database from mhdev to brunocms for testing and dev with interactivetools",,,"Men's Health","BILLED: ETNT Premium"
2008-12-08,"Adam Hoyle",0.5,"work on subversion with pablo, create new www directory under trunk and request DNS change from Chris T.",,,"Men's Health","BILLED: ETNT Premium"
2008-12-08,"Adam Hoyle",0.5,"setup menu pairs table in CMS",,,"Men's Health","BILLED: ETNT Premium"
2008-12-07,"Adam Hoyle",1.0,"work on article and category data import",,,"Men's Health","BILLED: ETNT Premium"
2008-12-05,"Adam Hoyle",0.5,"call with dave edis re: status",,,"Men's Health","BILLED: ETNT Premium"
2008-12-05,"Adam Hoyle",3.0,"work on data imports, grocery and",,,"Men's Health","BILLED: ETNT Premium"
2008-12-04,"Adam Hoyle",0.75,"more data work, test importing article",,,"Men's Health","BILLED: ETNT Premium"
2008-12-04,"Adam Hoyle",3.75,"work on data migration, getting zMod categories in, and grocery items",,,"Men's Health","BILLED: ETNT Premium"
2008-12-04,"Adam Hoyle",1.5,"work on template coding",,,"Men's Health","BILLED: ETNT Premium"
2008-12-03,"Adam Hoyle",1.95222,"CMS / Database work",,,"Men's Health","BILLED: ETNT Premium"
2008-12-03,"Adam Hoyle",2.0,"upgrade and test dynamic db drop-downs in CMS on MH Dev",,,"Men's Health","BILLED: ETNT Premium"
2008-12-03,"Adam Hoyle",1.0,"work on CMS upgrades with Dave",,,"Men's Health","BILLED: ETNT Premium"
2008-12-03,"Adam Hoyle",1.75,"work on template code: zMod page, pairings page",,,"Men's Health","BILLED: ETNT Premium"
2008-12-03,"Adam Hoyle",0.951944,"work on template code",,,"Men's Health","BILLED: ETNT Premium"
2008-12-02,"Adam Hoyle",0.5,"conference call with MH team",,,"Men's Health","BILLED: ETNT Premium"
2008-12-02,"Adam Hoyle",0.5,"call with Dave Edis re: data import / export from Kurt to MHmini",,,"Men's Health","BILLED: ETNT Premium"
2008-12-01,"Adam Hoyle",0.25,"review template code and provide feedback",,,"Men's Health","BILLED: ETNT Premium"
2008-11-26,"Adam Hoyle",2.5,"work with data importing",,,"Men's Health","BILLED: ETNT Premium"
2008-11-25,"Adam Hoyle",1.0,"work on importing data",,,"Men's Health","BILLED: ETNT Premium"
2008-11-25,"Adam Hoyle",1.25,"""data architect"" CMS",,,"Men's Health","BILLED: ETNT Premium"
2008-11-25,"Adam Hoyle",0.5,"discuss design changes with Regina",,,"Men's Health","BILLED: ETNT Premium"
2008-11-24,"Adam Hoyle",0.5,"setup tables in CMS",,,"Men's Health","BILLED: ETNT Premium"
2008-11-24,"Adam Hoyle",0.5,"setup tables in dev CMS based on kurt's database structure",,,"Men's Health","BILLED: ETNT Premium"
2008-11-24,"Adam Hoyle",0.5,"call with Amanda about entering grocery data into free site",,,"Men's Health","BILLED: ETNT Premium"
2008-11-24,"Adam Hoyle",1.0,"processing emails about database connection, contact IT and request access for direct db connection, test CMS and update settings files",,,"Men's Health","BILLED: ETNT Premium"
2008-11-24,"Adam Hoyle",0.75,"download and install MySQL query browser, call with Dave Edis re: next steps",,,"Men's Health","BILLED: ETNT Premium"
2008-11-24,"Adam Hoyle",0.5,"status call with Regina, talk about adding new groceries to old CMS",,,"Men's Health","BILLED: ETNT Premium"
2008-11-23,"Adam Hoyle",3.5,"work on revisions from Regina's meeting with Steve / Sean / Matt / DZ","Design","Website","Men's Health","BILLED: ETNT Premium"
2008-11-21,"Adam Hoyle",1.0,"review design changes and notes from Regina, conference call with Regina, brainstorm collage photo design solutions",,,"Men's Health","BILLED: ETNT Premium"
2008-11-21,"Adam Hoyle",0.75,"work on CMS dev installation and testing, troubleshooting. email Pablo and Tom about database issues on dev vs. prod.",,,"Men's Health","BILLED: ETNT Premium"
2008-11-20,"Adam Hoyle",0.5,"debugging with dave.",,,"Men's Health","BILLED: ETNT Premium"
2008-11-20,"Adam Hoyle",0.75,"debugging with dave.",,,"Men's Health","BILLED: ETNT Premium"
2008-11-20,"Adam Hoyle",2.5,"dev / prod cms testing, tom r. corrected settings and password. Got things working on prod, but still not dev. troubleshoot and test, work on paths and settings file",,,"Men's Health","BILLED: ETNT Premium"
2008-11-20,"Adam Hoyle",0.75,"work with CMS installation on prod / dev, email pablo about mySQL errors",,,"Men's Health","BILLED: ETNT Premium"
2008-11-19,"Adam Hoyle",1.25,"Conference call with Dave, Kurt, Regina, Amanda re: database, content, importing, etc. To determine what are the next steps for data.",,,"Men's Health","BILLED: ETNT Premium"
2008-11-19,"Adam Hoyle",0.75,"dev / prod CSM test installation, require file deletions from Pablo. Talk to Pablo on the phone about process",,,"Men's Health","BILLED: ETNT Premium"
2008-11-19,"Adam Hoyle",0.25,"dev / prod CSM test installation, require file deletions from Pablo.",,,"Men's Health","BILLED: ETNT Premium"
2008-11-19,"Adam Hoyle",2.12333,"design updates per call with gina",,,"Men's Health","BILLED: ETNT Premium"
2008-11-18,"Adam Hoyle",0.515833,"review dave edis notes on quote and custom components",,,"Men's Health","BILLED: ETNT Premium"
2008-11-18,"Adam Hoyle",1.0,"call with Dave Edis re: database, designs, custom quote",,,"Men's Health","BILLED: ETNT Premium"
2008-11-18,"Adam Hoyle",1.25,"conference call with full rodale staff",,,"Men's Health","BILLED: ETNT Premium"
2008-11-18,"Adam Hoyle",0.25,"review grocery data structure from Regina",,,"Men's Health","BILLED: ETNT Premium"
2008-11-18,"Adam Hoyle",0.75,"design review with regina","Design","Website","Men's Health","BILLED: ETNT Premium"
2008-11-17,"Adam Hoyle",1.0,"Finalize second round designs and send to regina",,,"Men's Health","BILLED: ETNT Premium"
2008-11-17,"Adam Hoyle",1.25,"outline custom functionality for Dave Edis",,,"Men's Health","BILLED: ETNT Premium"
2008-11-14,"Adam Hoyle",0.25,"responding to regina about user tables and confirmation codes",,,"Men's Health","BILLED: ETNT Premium"
2008-11-14,"Adam Hoyle",0.25,"learning subversion process",,,"Men's Health","BILLED: ETNT Premium"
2008-11-14,"Adam Hoyle",0.25,"test installation of CMS on new dev docroot, can't seem to access it in the browser so sent an email to Chris T.",,,"Men's Health","BILLED: ETNT Premium"
2008-11-14,"Adam Hoyle",0.25,"review regina's URLs & Redirects email",,,"Men's Health","BILLED: ETNT Premium"
2008-11-14,"Adam Hoyle",0.5,"CMS setup and customization",,,"Men's Health","BILLED: ETNT Premium"
2008-11-14,"Adam Hoyle",0.25,"call with regina re: redirects, domain names, scope, plan B, etc.",,,"Men's Health","BILLED: ETNT Premium"
2008-11-14,"Adam Hoyle",0.5,"modify CSS for CMSBuilder and setup an account for regina",,,"Men's Health","BILLED: ETNT Premium"
2008-11-13,"Adam Hoyle",0.25,"download and install version control software, test connection settings and email Pablo",,,"Men's Health","BILLED: ETNT Premium"
2008-11-13,"Adam Hoyle",1.25,,"Design","Website","Men's Health","BILLED: ETNT Premium"
2008-11-13,"Adam Hoyle",1.25,"conference call with full team",,,"Men's Health","BILLED: ETNT Premium"
2008-11-13,"Adam Hoyle",1.0,"review regina's relational access database notes and download access view 1.0 to PC, review grocery item screenshot from Regina and compare to CMS setup, create new fields and table for brands",,,"Men's Health","BILLED: ETNT Premium"
2008-11-13,"Adam Hoyle",0.25,"call with Regina re: picks / passes... Amanda had a question about only sharing certain information",,,"Men's Health","BILLED: ETNT Premium"
2008-11-12,"Adam Hoyle",0.881944,"create CMS diagram",,,"Men's Health","BILLED: ETNT Premium"
2008-11-12,"Adam Hoyle",0.75,"call with Regina to discuss plan for conference call tomorrow",,,"Men's Health","BILLED: ETNT Premium"
2008-11-11,"Adam Hoyle",0.5,"Forms and profile edit page","Design","Website","Men's Health","BILLED: ETNT Premium"
2008-11-11,"Adam Hoyle",1.0,"conference call with Rodale teams to discuss customer service access to CMS, call with Regina","Research","Website","Men's Health","BILLED: ETNT Premium"
2008-11-11,"Adam Hoyle",1.25,"UI Design - search landing page","Design","Website","Men's Health","BILLED: ETNT Premium"
2008-11-10,"Adam Hoyle",1.5,"UI design comps","Design","Website","Men's Health","BILLED: ETNT Premium"
2008-11-10,"Adam Hoyle",2.0,"UI design comps","Design","Website","Men's Health","BILLED: ETNT Premium"
2008-11-10,"Adam Hoyle",0.75,"call with Regina re: free site vs. paid site",,,"Men's Health","BILLED: ETNT Premium"
2008-11-10,"Adam Hoyle",0.25,"work on component specs to send to Dave for quote",,,"Men's Health","BILLED: ETNT Premium"
2008-11-10,"Adam Hoyle",0.25,"research MySQL queries in CMS builder for list menu populating",,,"Men's Health","BILLED: ETNT Premium"
2008-11-10,"Adam Hoyle",1.0,"conference call with Tom Reifinger re: OAE process",,,"Men's Health","BILLED: ETNT Premium"
2008-11-10,"Adam Hoyle",0.75,"conference call with Regina and Amanda to discuss meals and menu item pairings, how do we create meals?",,,"Men's Health","BILLED: ETNT Premium"
2008-11-10,"Adam Hoyle",0.75,"conference call with Tom Reifinger re: OAE process",,,"Men's Health","BILLED: ETNT Premium"
2008-11-09,"Adam Hoyle",1.00028,,"Design","Website","Men's Health","BILLED: ETNT Premium"
2008-11-08,"Adam Hoyle",1.0,,"Design","Website","Men's Health","BILLED: ETNT Premium"
2008-11-07,"Adam Hoyle",2.5,"call with Dave and Regina, design","Design","Website","Men's Health","BILLED: ETNT Premium"
2008-11-07,"Adam Hoyle",1.0,"sketches and icon design","Design","Website","Men's Health","BILLED: ETNT Premium"
2008-11-07,"Adam Hoyle",0.25,"answer regina's tag questions",,,"Men's Health","BILLED: ETNT Premium"
2008-11-07,"Adam Hoyle",0.25,"reply to database questions from regina",,,"Men's Health","BILLED: ETNT Premium"
2008-11-06,"Adam Hoyle",1.0,,"Design","Website","Men's Health","BILLED: ETNT Premium"
2008-11-06,"Adam Hoyle",0.25,"respond to Regina's excel document data structure",,,"Men's Health","BILLED: ETNT Premium"
2008-11-06,"Adam Hoyle",0.25,"troubleshoot database connection on brunocms, complete install and setup and send details to dave edis",,,"Men's Health","BILLED: ETNT Premium"
2008-11-05,"Adam Hoyle",0.75,"CMS Builder installation, research additional components as implemented on Chrystals.co.im by Dave Edis",,,"Men's Health","BILLED: ETNT Premium"
2008-11-05,"Adam Hoyle",0.5,"setup hosting for CMS Builder - BrunoCMS.com",,,"Men's Health","BILLED: ETNT Premium"
2008-11-05,"Adam Hoyle",0.25,"move yellow book CMS data into MySQL, request dump from IT, send to Kurt",,,"Men's Health","BILLED: ETNT Premium"
2008-11-05,"Adam Hoyle",1.5,"conference call with team to review first draft of specs, including dave edis",,,"Men's Health","BILLED: ETNT Premium"
2008-11-05,"Adam Hoyle",1.75,"make notes on specs and note items that might need to move to phase 2, email and respond to PHP/MySQL developer inquiries",,,"Men's Health","BILLED: ETNT Premium"
2008-11-04,"Adam Hoyle",1.25,"review functional specs docs from Regina","Research","Website","Men's Health","BILLED: ETNT Premium"
2008-11-04,"Adam Hoyle",0.75,,"Design","Website","Men's Health","BILLED: ETNT Premium"
2008-11-04,"Adam Hoyle",0.5,"Research and apply for iPhone developer program, send Rodale links and info",,,"Men's Health","BILLED: ETNT Premium"
2008-11-04,"Adam Hoyle",0.25,"Review and contact developers",,,"Men's Health","BILLED: ETNT Premium"
2008-11-03,"Adam Hoyle",0.5,"review and research scope and phase notes from Regina",,,"Men's Health","BILLED: ETNT Premium"
2008-10-31,"Adam Hoyle",0.25,"introduction of dave edis to etnt project team",,,"Men's Health","BILLED: ETNT Premium"
2008-10-31,"Adam Hoyle",1.25,"review regina's proposed scope docs, reply to db questions, conference call with Regina",,,"Men's Health","BILLED: ETNT Premium"
2008-10-30,"Adam Hoyle",1.0,"call with Dave Edis re: ETNT",,,"Men's Health","BILLED: ETNT Premium"
2008-10-28,"Adam Hoyle",1.5,"Conference call with Regina, Mark, Curt re: data",,,"Men's Health","BILLED: ETNT Premium"
2008-10-27,"Adam Hoyle",1.0,"review and make notes for wireframes from regina",,,"Men's Health","BILLED: ETNT Premium"
2008-10-27,"Adam Hoyle",0.75,"conference call with Quattro",,,"Men's Health","BILLED: ETNT Premium"
2008-10-27,"Adam Hoyle",0.75,"review database and update mark in prep for call",,,"Men's Health","BILLED: ETNT Premium"
2008-10-24,"Adam Hoyle",5.0,"Meeting with Regina",,,"Men's Health","BILLED: ETNT Premium"
2008-10-23,"Adam Hoyle",2.0,"Work on templates to move yellow book food data to food CMS",,,"Men's Health","BILLED: ETNT Premium"
2008-10-22,"Adam Hoyle",1.0,"Work on ETNT / Food Database re-publishing, examine templates.",,,"Men's Health","BILLED: ETNT Premium"
2008-10-21,"Adam Hoyle",0.75,"download ETNT food images from Amanda (on FTP) and setup Photoshop action for bulk resizing.",,,"Men's Health","BILLED: ETNT Premium"
2008-10-21,"Adam Hoyle",1.0,"conference call with DZ and Stump for brainstorming",,,"Men's Health","BILLED: ETNT Premium"
2008-10-20,"Adam Hoyle",1.5,"Call with Rodale team re: ETNT Premium Suite",,,"Men's Health","BILLED: ETNT Premium"
2008-07-08,"Adam Hoyle",0.75,"Implement ad refreshes on tab clicks, test, sync, clear",,,"Men's Health","DONE: Adventure Guide"
2008-07-07,"Adam Hoyle",2.0,"Modify list pages to show all activities. Troubleshoot permissions issues on Dev",,,"Men's Health","DONE: Adventure Guide"
2008-07-03,"Adam Hoyle",1.0,"Finalize and prep for launch",,,"Men's Health","DONE: Adventure Guide"
2008-07-02,"Adam Hoyle",0.25,"Add design flourishes to main images for fly fishing, rock climbing, mountain biking",,,"Men's Health","DONE: Adventure Guide"
2008-07-02,"Adam Hoyle",0.5,"Fix typo on Caving thumb, update Mountain Biking main image, Implement iFrame ad refreshes",,,"Men's Health","DONE: Adventure Guide"
2008-07-02,"Adam Hoyle",0.5,"Checked ad tags and CM tags",,,"Men's Health","DONE: Adventure Guide"
2008-07-02,"Adam Hoyle",0.5,,"Code Templates","Redesign and launch","Men's Health","DONE: Adventure Guide"
2008-07-02,"Adam Hoyle",0.5,"Create hi-res version of logo and send to Steve as PSD and AI",,,"Men's Health","DONE: Adventure Guide"
2008-07-02,"Adam Hoyle",1.5,,"Link Templates to CMS","Redesign and launch","Men's Health","DONE: Adventure Guide"
2008-07-02,"Adam Hoyle",0.25,"Troubleshoot, email Chris T., re-test.","Link and test rsync","Redesign and launch","Men's Health","DONE: Adventure Guide"
2008-07-02,"Adam Hoyle",0.5,,"Link and test rsync","Redesign and launch","Men's Health","DONE: Adventure Guide"
2008-07-02,"Adam Hoyle",2.5,"and update templates with Flash, send Katrina feedback.","Link Templates to CMS","Redesign and launch","Men's Health","DONE: Adventure Guide"
2008-07-01,"Adam Hoyle",1.5,"","Code Templates","Redesign and launch","Men's Health","DONE: Adventure Guide"
2008-06-30,"Adam Hoyle",0.25,"Add additional article...",,,"Men's Health","DONE: Adventure Guide"
2008-06-30,"Adam Hoyle",0.25,"Design updates, update subhead",,,"Men's Health","DONE: Adventure Guide"
2008-06-28,"Adam Hoyle",1.25,,"Complete design revisions based on feedback from call","Redesign and launch","Men's Health","DONE: Adventure Guide"
2008-06-28,"Adam Hoyle",0.25,"Enter and format content for 6 new activities",,,"Men's Health","DONE: Adventure Guide"
2008-06-27,"Adam Hoyle",2.25,,"Complete design revisions based on feedback from call","Redesign and launch","Men's Health","DONE: Adventure Guide"
2008-06-27,"Adam Hoyle",0.75,"Conference call with the MH team to review designs. Organize and enter notes into basecamp",,,"Men's Health","DONE: Adventure Guide"
2008-06-26,"Adam Hoyle",0.75,,"Enter and format content into CMS","Redesign and launch","Men's Health","DONE: Adventure Guide"
2008-06-26,"Adam Hoyle",2.0,"Research stock photos, design logo treatment, finalize all comps, post for review. Update basecamp.","Design","Redesign and launch","Men's Health","DONE: Adventure Guide"
2008-06-25,"Adam Hoyle",0.25,,"Design","Redesign and launch","Men's Health","DONE: Adventure Guide"
2008-06-25,"Adam Hoyle",0.75,,"Design","Redesign and launch","Men's Health","DONE: Adventure Guide"
2008-06-25,"Adam Hoyle",0.25,,"Enter and format content into CMS","Redesign and launch","Men's Health","DONE: Adventure Guide"
2008-06-25,"Adam Hoyle",1.75,,"Design","Redesign and launch","Men's Health","DONE: Adventure Guide"
2008-06-24,"Adam Hoyle",0.5975,,"Design","Redesign and launch","Men's Health","DONE: Adventure Guide"
2008-06-24,"Adam Hoyle",0.75,"","Design","Redesign and launch","Men's Health","DONE: Adventure Guide"
2008-06-23,"Adam Hoyle",0.5,,"Design","Redesign and launch","Men's Health","DONE: Adventure Guide"
2008-06-23,"Adam Hoyle",0.75,"Create additional articles, edit directory names, create new categories for each scene to allow index list pages that are category specific",,,"Men's Health","DONE: Adventure Guide"
2008-06-23,"Adam Hoyle",0.5,"Create all articles and send URLS to Katrina for Flash",,,"Men's Health","DONE: Adventure Guide"
2008-06-11,"Adam Hoyle",1.25,,"Design","Redesign and launch","Men's Health","DONE: Adventure Guide"
2008-06-10,"Adam Hoyle",0.75,"Tweaked custom fields as needed","Install CMS","Redesign and launch","Men's Health","DONE: Adventure Guide"
2008-06-05,"Adam Hoyle",0.25,,"Send Beginners Guide FLASH files to Katrina","Misc.","Men's Health","DONE: Adventure Guide"
2008-06-01,"Adam Hoyle",1.5,"Fix Katrina's code for sponsor ads, republish, walk Katrina through CMS sync process",,,"Men's Health","DONE: BBQ Center"
2008-05-30,"Adam Hoyle",0.5,"Review outstanding items and followup with IT on rsync setup",,,"Men's Health","DONE: BBQ Center"
2008-05-29,"Adam Hoyle",1.75,"Finalize templates, link and publish. Review Katrinas files and send fixes.",,,"Men's Health","DONE: BBQ Center"
2008-05-29,"Adam Hoyle",0.25,"Get Katrina setup with FTP to dev",,,"Men's Health","DONE: BBQ Center"
2008-05-29,"Adam Hoyle",0.5,"link recipe/article list page from Katrina to CMS",,,"Men's Health","DONE: BBQ Center"
2008-05-28,"Adam Hoyle",2.0,"Link Katrina's templates to CMS, test, adjust as needed",,,"Men's Health","DONE: BBQ Center"
2008-05-28,"Adam Hoyle",0.5,"Setup Patrizia on VPN and setup CMS for data-entry",,,"Men's Health","DONE: BBQ Center"
2008-05-27,"Adam Hoyle",1.0,"Enter first few articles into CMS and re-configure as needed.",,,"Men's Health","DONE: BBQ Center"
2008-05-27,"Adam Hoyle",0.25,"Download and review content from Amanda",,,"Men's Health","DONE: BBQ Center"
2008-05-27,"Adam Hoyle",1.5,"Install, setup and configure custom fields","Install CMS onto MH Dev","CMS Installation & Linking","Men's Health","DONE: BBQ Center"
2008-09-09,"Adam Hoyle",1.0,"post launch tweaks, per brad",,,"Men's Health","DONE: Belly Off - Fully Loaded"
2008-09-09,"Adam Hoyle",0.5,"Update height of main page by 20px",,,"Men's Health","DONE: Belly Off - Fully Loaded"
2008-09-08,"Adam Hoyle",1.5,"Update PDFs and links for Bodyweight II",,,"Men's Health","DONE: Belly Off - Fully Loaded"
2008-09-08,"Adam Hoyle",0.75,"Update No-GYm Classic with PDFs, Thumbnails, and video links per Brad",,,"Men's Health","DONE: Belly Off - Fully Loaded"
2008-09-08,"Adam Hoyle",2.75,"Finalize and code pages",,,"Men's Health","DONE: Belly Off - Fully Loaded"
2008-09-06,"Adam Hoyle",3.0,"Finalize and code pages",,,"Men's Health","DONE: Belly Off - Fully Loaded"
2008-09-06,"Adam Hoyle",0.75,"update and code templates",,,"Men's Health","DONE: Belly Off - Fully Loaded"
2008-09-06,"Adam Hoyle",0.75,"purchase stock photos, download and finalize designs",,,"Men's Health","DONE: Belly Off - Fully Loaded"
2008-09-05,"Adam Hoyle",3.5,"design updates and stock photo search, conference call with Steve, Brad, Greg, purchase stock disc, update designs with high res logo",,,"Men's Health","DONE: Belly Off - Fully Loaded"
2008-09-04,"Adam Hoyle",0.75,"code templates, conference call with Sean, Steve, Bill, Brad, Greg to discuss final tweaks",,,"Men's Health","DONE: Belly Off - Fully Loaded"
2008-09-04,"Adam Hoyle",0.25,"design changes",,,"Men's Health","DONE: Belly Off - Fully Loaded"
2008-09-03,"Adam Hoyle",5.75,"Research and design, post comps for review, conference call with Steve and Brad, make changes from call and re-post",,,"Men's Health","DONE: Belly Off - Fully Loaded"
2008-08-27,"Adam Hoyle",0.5,"Call with Steve to review content outline and requirements",,,"Men's Health","DONE: Belly Off - Fully Loaded"
2008-07-25,"Adam Hoyle",40.0,"Full day, on-site training. Plus preparations",,,"Men's Health","DONE: CMS Training"
2008-06-24,"Adam Hoyle",0.5,"Obtain approval from Steve, sync to PROD, clear Akamai",,,"Men's Health","DONE: ETNT Menu Decoder"
2008-06-23,"Adam Hoyle",0.5,"Review Flash and send feedback to Katrina, try to get approval to sync to prod",,,"Men's Health","DONE: ETNT Menu Decoder"
2008-07-10,"Adam Hoyle",1.0,"Review remaining to-dos, work on design comps for redesigned header area",,,"Men's Health","DONE: ETNT Phase 2"
2008-06-13,"Adam Hoyle",0.25,"Update right-rail with new video",,,"Men's Health","DONE: ETNT Phase 2"
2008-06-13,"Adam Hoyle",0.25,"Create new user accounts",,,"Men's Health","DONE: ETNT Phase 2"
2008-06-12,"Adam Hoyle",0.75,"Get approval, sync scroller, test, clear Akamai, test again",,,"Men's Health","DONE: ETNT Phase 2"
2008-06-12,"Adam Hoyle",0.5,,"Upload revised ETNT Game as fixed by Mstudio.","Tools","Men's Health","DONE: ETNT Phase 2"
2008-06-09,"Adam Hoyle",1.0,"","Fix Video link in right rail. It's pointing to dev. We should put these into includes at the same time.","General updates","Men's Health","DONE: ETNT Phase 2"
2008-06-05,"Adam Hoyle",0.5,"fix broken image on 125 groceries",,,"Men's Health","DONE: ETNT Phase 2"
2008-06-04,"Adam Hoyle",0.5,"Update and fix incorrect food pics from 125 Best Grocery Foods",,,"Men's Health","DONE: ETNT Phase 2"
2008-06-03,"Adam Hoyle",0.25,"Update Drinks page with 125 Grocery's link and sync to prod",,,"Men's Health","DONE: ETNT Phase 2"
2008-05-29,"Adam Hoyle",0.25,"Drop down emergency",,,"Men's Health","DONE: ETNT Phase 2"
2008-05-29,"Adam Hoyle",0.75,"Upload, test, troubleshoot, tweak 125 Best Grocery Foods files recieved from Eileen",,,"Men's Health","DONE: ETNT Phase 2"
2008-05-29,"Adam Hoyle",0.941944,"Upload new files from Eileen for 125 groceries per DZ changes",,,"Men's Health","DONE: ETNT Phase 2"
2008-05-28,"Adam Hoyle",0.75,"reconfigure files pre DZ feedback, send to Sean and Eileen",,,"Men's Health","DONE: ETNT Phase 2"
2008-05-28,"Adam Hoyle",0.5,"Call with Sean and Steve re: DZ's changes to the grocery zMod",,,"Men's Health","DONE: ETNT Phase 2"
2008-05-27,"Adam Hoyle",0.75,"research drop-downs where Mat left off... pull files and checkout code.",,,"Men's Health","DONE: ETNT Phase 2"
2008-05-27,"Adam Hoyle",0.25,"fix search",,,"Men's Health","DONE: ETNT Phase 2"
2008-05-27,"Adam Hoyle",0.5,"review and prioritize tasks, enter into basecamp",,,"Men's Health","DONE: ETNT Phase 2"
2008-05-26,"Adam Hoyle",0.25,"Change 131 - 125",,,"Men's Health","DONE: ETNT Phase 2"
2008-05-26,"Adam Hoyle",2.0,"Link and test 131 Grocery Foods pages, publish, sync to prod",,,"Men's Health","DONE: ETNT Phase 2"
2008-05-24,"Adam Hoyle",0.75,"Update image names to remove spaces for ETNT 131 groceries. Update templates, and test on dev server.",,,"Men's Health","DONE: ETNT Phase 2"
2008-05-23,"Adam Hoyle",0.5,"review Katrina's code",,,"Men's Health","DONE: ETNT Phase 2"
2008-05-23,"Adam Hoyle",0.5,"Conference call with Sean, Katrina, Eileen on next steps for adding 131 grocery foods to ETNT. Strategize best approach for hard-coding all of the templates.",,,"Men's Health","DONE: ETNT Phase 2"
2008-05-23,"Adam Hoyle",0.75,"adjust per DZ comments and post / send new files.",,,"Men's Health","DONE: ETNT Phase 2"
2008-05-23,"Adam Hoyle",0.75,"adjust per DZ comments and post / send new files.",,,"Men's Health","DONE: ETNT Phase 2"
2008-05-23,"Adam Hoyle",0.5,"Send files to Sean for hard-coded 131 groceries page",,,"Men's Health","DONE: ETNT Phase 2"
2008-05-22,"Adam Hoyle",0.5,"Call with Sean about best way to add the 131 groceries to the site re: DZ firedrill",,,"Men's Health","DONE: ETNT Phase 2"
2008-05-22,"Adam Hoyle",1.25,"Design comps for new 131 zmod section for ETNT",,,"Men's Health","DONE: ETNT Phase 2"
2008-05-22,"Adam Hoyle",0.5,"Review project requirements and update to-dos and milestones",,,"Men's Health","DONE: ETNT Phase 2"
2008-05-22,"Adam Hoyle",1.0,"Call with Sean and Steve to discuss ETNT P2",,,"Men's Health","DONE: ETNT Phase 2"
2008-05-08,"Adam Hoyle",1.5,"DZ Firedrill - new article for ETNT, needs to go on site immediately for Yahoo blog... but we don't have the content yet!",,,"Men's Health","DONE: ETNT Phase 2"
2008-05-06,"Adam Hoyle",0.25,"Enter project task lists to basecamp",,,"Men's Health","DONE: ETNT Phase 2"
2008-05-06,"Adam Hoyle",0.5,"Conference call with Steve to review ETNT phase 2",,,"Men's Health","DONE: ETNT Phase 2"
2008-10-30,"Adam Hoyle",0.25,"call with steve to review GT and discuss ideas for branding to ease the transition from MH to GT, create mockup with GT logo and, sent. to steve",,,"Men's Health","DONE: GymFinder + Gym Ticket"
2008-10-30,"Adam Hoyle",1.0,"run through and test everything on dev, sync to prod, re-test on prod",,,"Men's Health","DONE: GymFinder + Gym Ticket"
2008-10-30,"Adam Hoyle",0.75,"work with Mark and Brent on syncronization and list management",,,"Men's Health","DONE: GymFinder + Gym Ticket"
2008-10-29,"Adam Hoyle",0.5,"engage Winifred and Chris T on GymTicket syncing",,,"Men's Health","DONE: GymFinder + Gym Ticket"
2008-10-29,"Adam Hoyle",1.5,"Test gyms with lower IDs to insure correct linking to GT, finish updated templates with add and CM tags, send back to GT for posting on their end.",,,"Men's Health","DONE: GymFinder + Gym Ticket"
2008-10-28,"Adam Hoyle",0.694444,"test with new gym ID, added guest pass button image, confirmed that correct club ID is being passed, emailed brent noting that gymticket url is still not working",,,"Men's Health","DONE: GymFinder + Gym Ticket"
2008-10-28,"Adam Hoyle",0.5,"call with Brent re: header, footer, ads. Talked about GymFinder ID, update Mark and ask to change ID to be from GymTicket NOT GymFinder",,,"Men's Health","DONE: GymFinder + Gym Ticket"
2008-10-28,"Adam Hoyle",0.5,"test on dev, email brent about links",,,"Men's Health","DONE: GymFinder + Gym Ticket"
2008-10-27,"Adam Hoyle",0.5,"send code for ads, navigation, and header / footer to Brent for inclusion in their templates.",,,"Men's Health","DONE: GymFinder + Gym Ticket"
2008-10-15,"Adam Hoyle",0.25,"review notes from Mark, respond with feedback",,,"Men's Health","DONE: GymFinder + Gym Ticket"
2008-10-01,"Adam Hoyle",0.5,"meeting with Mark to discuss timeline and requirements for GymTicket",,,"Men's Health","DONE: GymFinder + Gym Ticket"
2008-09-18,"Adam Hoyle",0.5,"Kickoff call with Steve, Brent, Mark",,,"Men's Health","DONE: GymFinder + Gym Ticket"
2008-09-18,"Adam Hoyle",0.25,"bring Mark into the loop and ask for comparion of data sets.",,,"Men's Health","DONE: GymFinder + Gym Ticket"
2008-09-10,"Adam Hoyle",0.75,"Call with Steve to discuss Gym Ticket",,,"Men's Health","DONE: GymFinder + Gym Ticket"
2008-09-11,"Adam Hoyle",0.5,"test site in dev, cms, syncing, and prod search and confirm cms sync. email fred and chris to request dns change",,,"Men's Health","DONE: GymFinder P2"
2008-08-11,"Adam Hoyle",0.25,"Setup and test rsync",,,"Men's Health","DONE: GymFinder P2"
2008-08-11,"Adam Hoyle",0.5,"Trying to move DNS from Rackspace to MH servers. Check site on dev and prod, email Fred about prod issues.",,,"Men's Health","DONE: GymFinder P2"
2008-07-24,"Adam Hoyle",0.75,,"Migrate files, test, request DNS change","Backend","Men's Health","DONE: GymFinder P2"
2008-07-23,"Adam Hoyle",0.5,"More VPN troubleshooting waste of time",,,"Men's Health","DONE: GymFinder P2"
2008-07-23,"Adam Hoyle",1.0,"Troubleshoot server issues. Get the run-around from Rodale IT",,,"Men's Health","DONE: GymFinder P2"
2008-07-23,"Adam Hoyle",0.5,"Troubleshoot access issues... can't view anything through a browser using IP provided","Migrate files, test, request DNS change","Backend","Men's Health","DONE: GymFinder P2"
2008-07-15,"Adam Hoyle",0.75,"Test dev links, email Fred and Mark",,,"Men's Health","DONE: GymFinder P2"
2008-07-14,"Adam Hoyle",0.75,"Conference call to discuss migration",,,"Men's Health","DONE: GymFinder P2"
2008-07-11,"Adam Hoyle",0.516111,,"Migrate files, test, request DNS change","Backend","Men's Health","DONE: GymFinder P2"
2008-07-11,"Adam Hoyle",0.716111,,"Migrate files, test, request DNS change","Backend","Men's Health","DONE: GymFinder P2"
2008-07-07,"Adam Hoyle",0.5,"Update javascript to show/hide divs with/without content.",,,"Men's Health","DONE: GymFinder P2"
2008-07-01,"Adam Hoyle",1.5,"Align search buttons, work on remaining to-dos",,,"Men's Health","DONE: GymFinder P2"
2008-07-01,"Adam Hoyle",0.75,"[for deleted to-do: ""Change primary image""]",,,"Men's Health","DONE: GymFinder P2"
2008-06-30,"Adam Hoyle",1.0,,"Create and publish Gym Owner FAQ","Add Your Gym section updates","Men's Health","DONE: GymFinder P2"
2008-06-30,"Adam Hoyle",0.75,,"Pump up the link to maps view - make it more prominent. Maybe add to list results page and use an icon.","General updates","Men's Health","DONE: GymFinder P2"
2008-06-30,"Adam Hoyle",2.0,,"Add red MH service nav","General updates","Men's Health","DONE: GymFinder P2"
2008-06-30,"Adam Hoyle",1.25,"... and call with Steve to review photo selection, navigation options, and other remaining items.","Remove Google ads","General updates","Men's Health","DONE: GymFinder P2"
2008-06-26,"Adam Hoyle",0.5,"Call with Steve to review new features and progress",,,"Men's Health","DONE: GymFinder P2"
2008-06-26,"Adam Hoyle",0.75,"Review Gymfinder, send feedback to Mark on a few bugs, test and prep for call with Steve",,,"Men's Health","DONE: GymFinder P2"
2008-06-25,"Adam Hoyle",1.0,"Roll out new gymfinder features with Mark, document bugs and update basecamp",,,"Men's Health","DONE: GymFinder P2"
2008-06-25,"Adam Hoyle",0.5,"Review notes and prepare for call with Mark",,,"Men's Health","DONE: GymFinder P2"
2008-06-24,"Adam Hoyle",0.75,"[for deleted to-do: ""Change primary image""]",,,"Men's Health","DONE: GymFinder P2"
2008-06-23,"Adam Hoyle",0.5,"Review Mark's work and send feedback. Review remaining outstanding tasks",,,"Men's Health","DONE: GymFinder P2"
2008-06-13,"Adam Hoyle",1.5,"...and troubleshoot PHP includes issue with Mark","Link Related Articles box to CMS","General updates","Men's Health","DONE: GymFinder P2"
2008-06-09,"Adam Hoyle",0.285833,"Review Mark's notes and questions re: GymFinder search and Profile Claim process. Test and send feedback.",,,"Men's Health","DONE: GymFinder P2"
2008-06-05,"Adam Hoyle",0.5,"Discuss with Mark - blank search error messages, and exact match list results screen",,,"Men's Health","DONE: GymFinder P2"
2008-06-05,"Adam Hoyle",0.25,"fix 160x600 ad tags",,,"Men's Health","DONE: GymFinder P2"
2008-06-02,"Adam Hoyle",0.5,"research hotscripts for php/mysql search engine to use on GymFinder",,,"Men's Health","DONE: GymFinder P2"
2008-05-29,"Adam Hoyle",0.5,"Call with Mark Horlbeck to review and prioritize tasks.",,,"Men's Health","DONE: GymFinder P2"
2008-05-27,"Adam Hoyle",0.5,"respond to mark on gym owner claim process",,,"Men's Health","DONE: GymFinder P2"
2008-05-06,"Adam Hoyle",0.5,"Enter project task lists to basecamp",,,"Men's Health","DONE: GymFinder P2"
2008-05-01,"Adam Hoyle",0.5,"Review Gym Finder 2 specs",,,"Men's Health","DONE: GymFinder P2"
2008-06-26,"Adam Hoyle",0.5,"launch MH Lists",,,"Men's Health","DONE: MH Lists"
2008-06-24,"Adam Hoyle",0.25,"Review and check for cross-browser, cross-platform",,,"Men's Health","DONE: MH Lists"
2008-06-13,"Adam Hoyle",0.25,"Call with Brittany Risher",,,"Men's Health","DONE: MH Lists"
2008-06-10,"Adam Hoyle",0.25,,"Check image placeholder on non-zMod list pages","Odds & Ends","Men's Health","DONE: MH Lists"
2008-06-10,"Adam Hoyle",0.25,,"Insert Meta data placeholders and update my.placeholders in CMS","Launch MH Lists","Men's Health","DONE: MH Lists"
2008-06-10,"Adam Hoyle",1.5,"Setup related articles, Today on MH, and Discover MH categories and includes",,,"Men's Health","DONE: MH Lists"
2008-06-05,"Adam Hoyle",0.75,"Fix doctype and charset on MH Lists templates from Kartina to fix character glitches. Send instructions to Katrina for future reference.",,,"Men's Health","DONE: MH Lists"
2008-06-05,"Adam Hoyle",0.25,"CMS Training for Brittany Risher on how to enter Lists",,,"Men's Health","DONE: MH Lists"
2008-06-04,"Adam Hoyle",1.02917,,"Link templates to CMS","Launch MH Lists","Men's Health","DONE: MH Lists"
2008-06-03,"Adam Hoyle",0.75,"Enter test content",,,"Men's Health","DONE: MH Lists"
2008-06-03,"Adam Hoyle",1.25,"Setup new categories and delete all placeholders left over from ETNT, tweak config and settings",,,"Men's Health","DONE: MH Lists"
2008-06-02,"Adam Hoyle",1.0075,"Modify templates",,,"Men's Health","DONE: MH Lists"
2008-06-02,"Adam Hoyle",0.5,,"Install and modify CMS on Dev","Launch MH Lists","Men's Health","DONE: MH Lists"
2008-06-02,"Adam Hoyle",0.5,"Conference call with Katrina and Steve",,,"Men's Health","DONE: MH Lists"
2008-05-27,"Adam Hoyle",0.5,"Call with Katrina re: MH Lists",,,"Men's Health","DONE: MH Lists"
2008-05-08,"Adam Hoyle",0.75,"Create design comps and sent to Katrina for direction",,,"Men's Health","DONE: MH Lists"
2008-05-08,"Adam Hoyle",0.25,"Review design comps from Katrina and send feedback",,,"Men's Health","DONE: MH Lists"
2008-05-07,"Adam Hoyle",0.75,"Conference call with Katrina, Sean, Brad, Steve, Amanda to review wireframes",,,"Men's Health","DONE: MH Lists"
2008-05-06,"Adam Hoyle",0.5,"Review ideas and process with Steve, created task list",,,"Men's Health","DONE: MH Lists"
2008-05-21,"Adam Hoyle",1.75,"Change CM and Ad Tags per Brad, required modifications to CMS and database.",,,"Men's Health","DONE: Nutrition Awards (Best Foods Center)"
2008-05-16,"Adam Hoyle",1.83333,"Launch, bug and error fixing",,,"Men's Health","DONE: Nutrition Awards (Best Foods Center)"
2008-05-15,"Adam Hoyle",1.0,"Download, size, and upload article images to CMS",,,"Men's Health","DONE: Nutrition Awards (Best Foods Center)"
2008-05-15,"Adam Hoyle",0.5,,"Style articles - add images and artwork","Enter content into CMS","Men's Health","DONE: Nutrition Awards (Best Foods Center)"
2008-05-15,"Adam Hoyle",2.5,"Worked on edit and revision list",,,"Men's Health","DONE: Nutrition Awards (Best Foods Center)"
2008-05-14,"Adam Hoyle",0.5,"Worked on edit and revision list",,,"Men's Health","DONE: Nutrition Awards (Best Foods Center)"
2008-05-14,"Adam Hoyle",0.75,"Work through edit and revisions list from Amanda, Brad, Steve",,,"Men's Health","DONE: Nutrition Awards (Best Foods Center)"
2008-05-14,"Adam Hoyle",0.5,"Call with Brad, Steve, Amanda to review feedback",,,"Men's Health","DONE: Nutrition Awards (Best Foods Center)"
2008-05-13,"Adam Hoyle",1.5,"","Update Grocery and Game pages with iFrame ad refreshes and CM calls","Bugs & Loose Ends","Men's Health","DONE: Nutrition Awards (Best Foods Center)"
2008-05-13,"Adam Hoyle",0.583333,"review outstanding items and prioritize loose ends",,,"Men's Health","DONE: Nutrition Awards (Best Foods Center)"
2008-05-13,"Adam Hoyle",0.416667,,"Link rsync to CMS and test","Build Site","Men's Health","DONE: Nutrition Awards (Best Foods Center)"
2008-05-13,"Adam Hoyle",0.25,"Call with Brad to discuss BBQ center, quick CMS deployment, and Best Foods",,,"Men's Health","DONE: Nutrition Awards (Best Foods Center)"
2008-05-13,"Adam Hoyle",0.5,"Call with Rodale IT to discuss launch procedure",,,"Men's Health","DONE: Nutrition Awards (Best Foods Center)"
2008-05-12,"Adam Hoyle",0.25,"Add MH global navigation to templates and tweak stylesheet",,,"Men's Health","DONE: Nutrition Awards (Best Foods Center)"
2008-05-12,"Adam Hoyle",0.25,,"Update CM tagging on templates","Build Site","Men's Health","DONE: Nutrition Awards (Best Foods Center)"
2008-05-12,"Adam Hoyle",0.5,,"Link Templates to CMS","Build Site","Men's Health","DONE: Nutrition Awards (Best Foods Center)"
2008-05-12,"Adam Hoyle",1.5,,"Link Templates to CMS","Build Site","Men's Health","DONE: Nutrition Awards (Best Foods Center)"
2008-05-12,"Adam Hoyle",0.5,,"Update ad tagging on templates","Build Site","Men's Health","DONE: Nutrition Awards (Best Foods Center)"
2008-05-12,"Adam Hoyle",1.75,"Work on Nations Best templates and Pluck",,,"Men's Health","DONE: Nutrition Awards (Best Foods Center)"
2008-05-12,"Adam Hoyle",0.25,"pull templates and setup local site",,,"Men's Health","DONE: Nutrition Awards (Best Foods Center)"
2008-05-11,"Adam Hoyle",1.0,"Enter additional articles - Skills and Recipes",,,"Men's Health","DONE: Nutrition Awards (Best Foods Center)"
2008-05-09,"Adam Hoyle",2.5,,"Link Templates to CMS","Build Site","Men's Health","DONE: Nutrition Awards (Best Foods Center)"
2008-05-09,"Adam Hoyle",0.5,"Request rsync setup for best foods and coordinate meeting",,,"Men's Health","DONE: Nutrition Awards (Best Foods Center)"
2008-05-09,"Adam Hoyle",1.41667,,"Link Templates to CMS","Build Site","Men's Health","DONE: Nutrition Awards (Best Foods Center)"
2008-05-09,"Adam Hoyle",2.33333,,"Link Templates to CMS","Build Site","Men's Health","DONE: Nutrition Awards (Best Foods Center)"
2008-05-08,"Adam Hoyle",0.5,,"Code Templates","Build Site","Men's Health","DONE: Nutrition Awards (Best Foods Center)"
2008-05-07,"Adam Hoyle",1.0,"Apply placeholders to coded templates and begin linking and testing.","Link Templates to CMS","Build Site","Men's Health","DONE: Nutrition Awards (Best Foods Center)"
2008-05-07,"Adam Hoyle",0.25,"Review markup from coders, test, send feedback (missing sponsor logo div)","Code Templates","Build Site","Men's Health","DONE: Nutrition Awards (Best Foods Center)"
2008-05-06,"Adam Hoyle",1.0,"Create publish rules and tempaltes for Related Articles and Today on MH.",,,"Men's Health","DONE: Nutrition Awards (Best Foods Center)"
2008-05-06,"Adam Hoyle",0.5,"Created custom fields for external linking articles and setup additional categories for Related Articles and Today on MH","Configure custom fields and settings in CMS","Build Site","Men's Health","DONE: Nutrition Awards (Best Foods Center)"
2008-05-06,"Adam Hoyle",0.5,"Save and post final designs",,,"Men's Health","DONE: Nutrition Awards (Best Foods Center)"
2008-05-06,"Adam Hoyle",0.5,"Added custom fields to templates and confirmed published results","Code Templates","Build Site","Men's Health","DONE: Nutrition Awards (Best Foods Center)"
2008-05-05,"Adam Hoyle",0.25,"Entered items 115-131","Enter content for 131 best foods items","Enter content into CMS","Men's Health","DONE: Nutrition Awards (Best Foods Center)"
2008-05-05,"Adam Hoyle",0.5,"Review remaining tasks and priorities, test game progress, respond to coders",,,"Men's Health","DONE: Nutrition Awards (Best Foods Center)"
2008-05-05,"Adam Hoyle",0.75,"Entered items 90-115, modified publish rule","Enter content for 131 best foods items","Enter content into CMS","Men's Health","DONE: Nutrition Awards (Best Foods Center)"
2008-05-05,"Adam Hoyle",0.25,"Responded to questions from coders","Code Templates","Build Site","Men's Health","DONE: Nutrition Awards (Best Foods Center)"
2008-05-04,"Adam Hoyle",0.25,"Entered content for 4 articles. (Text only, no images)","Enter articles content","Enter content into CMS","Men's Health","DONE: Nutrition Awards (Best Foods Center)"
2008-05-04,"Adam Hoyle",0.25,,"Configure custom fields and settings in CMS","Build Site","Men's Health","DONE: Nutrition Awards (Best Foods Center)"
2008-05-04,"Adam Hoyle",1.0,"Entered items 60-90, tested and tweaked publishing rules.","Enter content for 131 best foods items","Enter content into CMS","Men's Health","DONE: Nutrition Awards (Best Foods Center)"
2008-05-02,"Adam Hoyle",1.0,"Prepped files and sent PSDs to coders","Code Templates","Build Site","Men's Health","DONE: Nutrition Awards (Best Foods Center)"
2008-05-02,"Adam Hoyle",0.75,"made final design changes","Design revisions","Build Site","Men's Health","DONE: Nutrition Awards (Best Foods Center)"
2008-05-02,"Adam Hoyle",0.25,"Reviewed designs with Steve, Sean, Brad",,,"Men's Health","DONE: Nutrition Awards (Best Foods Center)"
2008-05-02,"Adam Hoyle",2.5,"Revisions based on feedback","Design revisions","Build Site","Men's Health","DONE: Nutrition Awards (Best Foods Center)"
2008-05-01,"Adam Hoyle",1.75,"Created article list, article detail, and Nation's Best comps","Design revisions","Build Site","Men's Health","DONE: Nutrition Awards (Best Foods Center)"
2008-05-01,"Adam Hoyle",2.25,"Worked on revisions based on feedback","Design","Build Site","Men's Health","DONE: Nutrition Awards (Best Foods Center)"
2008-05-01,"Adam Hoyle",0.75,"Download and sort all text and image assets from FTP","Obtain article content from MH","Enter content into CMS","Men's Health","DONE: Nutrition Awards (Best Foods Center)"
2008-04-30,"Adam Hoyle",0.5,"reviewed designs with Sean & Steve - got feedback",,,"Men's Health","DONE: Nutrition Awards (Best Foods Center)"
2008-04-30,"Adam Hoyle",0.75,"Entered items 30-60","Enter content for 131 best foods items","Enter content into CMS","Men's Health","DONE: Nutrition Awards (Best Foods Center)"
2008-04-30,"Adam Hoyle",4.0,"Finished homepage and inside page comps and posted for review","Design","Build Site","Men's Health","DONE: Nutrition Awards (Best Foods Center)"
2008-04-29,"Adam Hoyle",2.5,"","Design","Build Site","Men's Health","DONE: Nutrition Awards (Best Foods Center)"
2008-04-29,"Adam Hoyle",0.75,"Entered items 10-30","Enter content for 131 best foods items","Enter content into CMS","Men's Health","DONE: Nutrition Awards (Best Foods Center)"
2008-04-29,"Adam Hoyle",0.75,,"Design","Build Site","Men's Health","DONE: Nutrition Awards (Best Foods Center)"
2008-04-29,"Adam Hoyle",1.0,,"Develop Wireframes","Build Site","Men's Health","DONE: Nutrition Awards (Best Foods Center)"
2008-04-29,"Adam Hoyle",1.0,,"Design","Build Site","Men's Health","DONE: Nutrition Awards (Best Foods Center)"
2008-04-29,"Adam Hoyle",0.5,"Brainstorming ideas for Nations Best Food flash section with MH team, created wireframes",,,"Men's Health","DONE: Nutrition Awards (Best Foods Center)"
2008-04-28,"Adam Hoyle",1.25,"Research stock photos and begin mockups in photoshop",,,"Men's Health","DONE: Nutrition Awards (Best Foods Center)"
2008-04-28,"Adam Hoyle",0.5,,"Design","Build Site","Men's Health","DONE: Nutrition Awards (Best Foods Center)"
2008-04-28,"Adam Hoyle",0.25,,"Develop Wireframes","Build Site","Men's Health","DONE: Nutrition Awards (Best Foods Center)"
2008-04-28,"Adam Hoyle",1.0,"","Code Templates","Build Site","Men's Health","DONE: Nutrition Awards (Best Foods Center)"
2008-04-28,"Adam Hoyle",0.25,"Entered items 1-10","Enter content for 131 best foods items","Enter content into CMS","Men's Health","DONE: Nutrition Awards (Best Foods Center)"
2008-04-28,"Adam Hoyle",0.75,,"Create web-ready thumbnails and full size photos of food items","Enter content into CMS","Men's Health","DONE: Nutrition Awards (Best Foods Center)"
2008-04-28,"Adam Hoyle",0.75,"","Develop Wireframes","Build Site","Men's Health","DONE: Nutrition Awards (Best Foods Center)"
2008-04-26,"Adam Hoyle",0.5,"Created custom placeholders and form fields for Best Foods items","Configure CMS setup options and create custom fields","Back-end Work","Men's Health","DONE: Nutrition Awards (Best Foods Center)"
2008-04-26,"Adam Hoyle",2.0,"Created default CMS installation on Rodale DEV server","Install CMS onto DEV","Back-end Work","Men's Health","DONE: Nutrition Awards (Best Foods Center)"
2008-04-29,"Adam Hoyle",0.5,"Test and review game progress with Mat",,,"Men's Health","DONE: Nutrition Awards - Memory Game"
2008-08-12,"Adam Hoyle",0.504444,"update Flash subscribe module",,,"Men's Health","DONE: Style Channel Re-design"
2008-08-11,"Adam Hoyle",0.25,"","Fix link to Grooming > Tips section. It's currently linked to Do's & Don'ts > Tips. (Correct link is /grooming-tips/","Odds & Ends","Men's Health","DONE: Style Channel Re-design"
2008-08-11,"Adam Hoyle",0.25,"Research, test options","Re-work layouts on 3 ""This is his world"" pages...","Odds & Ends","Men's Health","DONE: Style Channel Re-design"
2008-08-11,"Adam Hoyle",0.393611,,"Use trendspotting flash on trendspotting detail pages so users can click through all 7 without having to go back to the list page.","Odds & Ends","Men's Health","DONE: Style Channel Re-design"
2008-08-11,"Adam Hoyle",0.5,"Conference call with Steve",,,"Men's Health","DONE: Style Channel Re-design"
2008-08-08,"Adam Hoyle",2.0,"Finalize for launch",,,"Men's Health","DONE: Style Channel Re-design"
2008-08-07,"Adam Hoyle",1.75,"tweak articles, troubleshoot","Insert final navigation links, link homepage image to Beckham article","Odds & Ends","Men's Health","DONE: Style Channel Re-design"
2008-08-06,"Adam Hoyle",0.25,"test pages and make notes, tweak css",,,"Men's Health","DONE: Style Channel Re-design"
2008-08-06,"Adam Hoyle",1.0,,,,"Men's Health","DONE: Style Channel Re-design"
2008-08-06,"Adam Hoyle",1.0,"Setup publish rules for pagination, update templtaes, troubleshoot publishing, add default global meta",,,"Men's Health","DONE: Style Channel Re-design"
2008-08-06,"Adam Hoyle",2.71306,,"Code Templates","Website","Men's Health","DONE: Style Channel Re-design"
2008-08-05,"Adam Hoyle",0.5,"Review progress, update Mat, update Basecamp",,,"Men's Health","DONE: Style Channel Re-design"
2008-08-05,"Adam Hoyle",1.75,"Category changes and high-res image downloads per Greg",,,"Men's Health","DONE: Style Channel Re-design"
2008-08-05,"Adam Hoyle",0.75,"CMS setup to match MHLiving",,,"Men's Health","DONE: Style Channel Re-design"
2008-08-05,"Adam Hoyle",0.5,"project planning",,,"Men's Health","DONE: Style Channel Re-design"
2008-08-03,"Adam Hoyle",1.28972,,"Design","Website","Men's Health","DONE: Style Channel Re-design"
2008-08-01,"Adam Hoyle",0.25,"Get model photos to Katrina",,,"Men's Health","DONE: Style Channel Re-design"
2008-07-31,"Adam Hoyle",0.5,"Conference call with Sean, Greg, Brad to review designs",,,"Men's Health","DONE: Style Channel Re-design"
2008-07-31,"Adam Hoyle",1.5,"Design revisions, prep and post for call",,,"Men's Health","DONE: Style Channel Re-design"
2008-07-30,"Adam Hoyle",0.75,"Work on CMS setup, call with Greg to review and organize plans",,,"Men's Health","DONE: Style Channel Re-design"
2008-07-29,"Adam Hoyle",0.75,"Setup new categories, and tweak database editor to make the page layout cleaner","Upgrade CMS to 2.17","Website","Men's Health","DONE: Style Channel Re-design"
2008-07-28,"Adam Hoyle",0.5,,"Design","Website","Men's Health","DONE: Style Channel Re-design"
2008-07-23,"Adam Hoyle",0.5,"Conference call to review designs with Bill and Sean",,,"Men's Health","DONE: Style Channel Re-design"
2008-07-23,"Adam Hoyle",0.25,"Conference call to review designs with Bill and Sean",,,"Men's Health","DONE: Style Channel Re-design"
2008-07-23,"Adam Hoyle",1.5,,"Design","Website","Men's Health","DONE: Style Channel Re-design"
2008-07-23,"Adam Hoyle",1.0,"Conference call with Steve to discuss design comps, also discussed menu DB, GymFinder and other misc. items.","Research","Website","Men's Health","DONE: Style Channel Re-design"
2008-07-22,"Adam Hoyle",0.25,"Minor edits per Steve's feedback","Design","Website","Men's Health","DONE: Style Channel Re-design"
2008-07-22,"Adam Hoyle",0.5,"Complete first round homepage design and post for client review",,,"Men's Health","DONE: Style Channel Re-design"
2008-07-22,"Adam Hoyle",0.75,,"Design","Website","Men's Health","DONE: Style Channel Re-design"
2008-07-21,"Adam Hoyle",0.15,"","Design","Website","Men's Health","DONE: Style Channel Re-design"
2008-07-21,"Adam Hoyle",0.45,"","Design","Website","Men's Health","DONE: Style Channel Re-design"
2008-07-21,"Adam Hoyle",2.75,,"Design","Website","Men's Health","DONE: Style Channel Re-design"
2008-07-14,"Adam Hoyle",0.25,"Setup new categories",,,"Men's Health","DONE: Style Channel Re-design"
2008-07-10,"Adam Hoyle",0.25,"","Research","Website","Men's Health","DONE: Style Channel Re-design"
2008-07-10,"Adam Hoyle",0.75,"","Install CMS","Website","Men's Health","DONE: Style Channel Re-design"
2008-07-09,"Adam Hoyle",1.0,"Call with Men's Health for overview",,,"Men's Health","DONE: Style Channel Re-design"
2008-07-09,"Adam Hoyle",0.25,"Make notes based on research of current architecture",,,"Men's Health","DONE: Style Channel Re-design"
2008-07-09,"Adam Hoyle",1.0,"Research current MH Style section, and other style websites",,,"Men's Health","DONE: Style Channel Re-design"
2008-09-15,"Adam Hoyle",1.25,"Make updates from Steve / Greg, add MSN ads to all templates",,,"Men's Health","DONE: Style Channel: Blue Guide"
2008-09-15,"Adam Hoyle",0.5,"Finalize building homepage, update and send out for approval",,,"Men's Health","DONE: Style Channel: Blue Guide"
2008-09-15,"Adam Hoyle",0.508611,"homepage updates",,,"Men's Health","DONE: Style Channel: Blue Guide"
2008-09-12,"Adam Hoyle",1.25,"post round 2 designs",,,"Men's Health","DONE: Style Channel: Blue Guide"
2008-09-12,"Adam Hoyle",1.5,"landing page design updates, post for review",,,"Men's Health","DONE: Style Channel: Blue Guide"
2008-09-11,"Adam Hoyle",0.25,"Look into Greg's articles, troubleshoot featured article image not appearing on paginated pages",,,"Men's Health","DONE: Style Channel: Blue Guide"
2008-09-11,"Adam Hoyle",0.25,"call with Greg presto re: CMS image uploades, troubleshoot",,,"Men's Health","DONE: Style Channel: Blue Guide"
2008-09-11,"Adam Hoyle",0.25,"Call with Steve Borkowski re: homepage for style",,,"Men's Health","DONE: Style Channel: Blue Guide"
2008-05-19,"Adam Hoyle",0.916667,"Update diet page and send files.",,,"Men's Health","DONE: Summer Shape-up"
2008-05-16,"Adam Hoyle",2.0,"Code NA homepage and start delivering files to MH",,,"Men's Health","DONE: Summer Shape-up"
2008-05-16,"Adam Hoyle",2.41667,"Design NA homepage, code Workouts section, finalize code on homepage",,,"Men's Health","DONE: Summer Shape-up"
2008-05-15,"Adam Hoyle",1.16667,"Design and code tweaks",,,"Men's Health","DONE: Summer Shape-up"
2008-05-15,"Adam Hoyle",0.5,"Update ad and CM tags per Brad",,,"Men's Health","DONE: Summer Shape-up"
2008-05-15,"Adam Hoyle",2.16667,"Code MH landing page",,,"Men's Health","DONE: Summer Shape-up"
2008-05-14,"Adam Hoyle",1.0,"Copy edits and design revisions",,,"Men's Health","DONE: Summer Shape-up"
2008-05-14,"Adam Hoyle",1.25,"Copy edits and design revisions",,,"Men's Health","DONE: Summer Shape-up"
2008-05-14,"Adam Hoyle",1.0,"Copy edits and design revisions",,,"Men's Health","DONE: Summer Shape-up"
2008-05-14,"Adam Hoyle",0.25,"call with Sean and Brad to review designs",,,"Men's Health","DONE: Summer Shape-up"
2008-05-14,"Adam Hoyle",1.5,"finalize and post first round comps",,,"Men's Health","DONE: Summer Shape-up"
2008-05-14,"Adam Hoyle",0.5,"Design comps",,,"Men's Health","DONE: Summer Shape-up"
2008-05-13,"Adam Hoyle",0.416667,"Design revisions",,,"Men's Health","DONE: Summer Shape-up"
2008-05-13,"Adam Hoyle",0.416667,"Design comps",,,"Men's Health","DONE: Summer Shape-up"
2008-05-13,"Adam Hoyle",0.916667,"Design comps",,,"Men's Health","DONE: Summer Shape-up"
2008-05-13,"Adam Hoyle",1.58333,"Review content and begin updating Belly Off PSDs and HTML",,,"Men's Health","DONE: Summer Shape-up"
2008-05-13,"Adam Hoyle",0.25,"Organize content recieved from Brad",,,"Men's Health","DONE: Summer Shape-up"
2008-05-08,"Adam Hoyle",0.5,"Call with Brad",,,"Men's Health","DONE: Summer Shape-up"
2008-05-07,"Adam Hoyle",0.5,"Pull HTML and content from Belly Off archive, email Brad for more assets, update basecamp.",,,"Men's Health","DONE: Summer Shape-up"
2008-05-07,"Adam Hoyle",0.5,"Review notes and pull files from Belly Off. Sent Brad a request for recent files.",,,"Men's Health","DONE: Summer Shape-up"
2008-10-10,"Adam Hoyle",0.5,"prep to launch",,,"Men's Health","DONE: Supplement Center"
2008-10-10,"Adam Hoyle",0.5,"fix formatting issues from Katrina's code",,,"Men's Health","DONE: Supplement Center"
2008-10-10,"Adam Hoyle",1.5,"update ad tags and meta tags, update CSS, finish last minute tweaks fire drills",,,"Men's Health","DONE: Supplement Center"
2008-10-09,"Adam Hoyle",1.25,"complete final tweaks from Amanda and Steve",,,"Men's Health","DONE: Supplement Center"
2008-10-09,"Adam Hoyle",1.75,"work on lists display, call with Amanda to review.","Link Templates to CMS","Website","Men's Health","DONE: Supplement Center"
2008-10-08,"Adam Hoyle",2.25,,,,"Men's Health","DONE: Supplement Center"
2008-10-08,"Adam Hoyle",0.75,"Work on Alpha sorting",,,"Men's Health","DONE: Supplement Center"
2008-10-06,"Adam Hoyle",1.25,,"Link Templates to CMS","Website","Men's Health","DONE: Supplement Center"
2008-10-02,"Adam Hoyle",0.5,"setup category menu and start linking templates",,,"Men's Health","DONE: Supplement Center"
2008-10-02,"Adam Hoyle",0.5,"put together a mockup for Amanda, modify CSS, review content status in CMS",,,"Men's Health","DONE: Supplement Center"
2008-09-30,"Adam Hoyle",0.303889,"setup categories for conditions",,,"Men's Health","DONE: Supplement Center"
2008-09-30,"Adam Hoyle",1.0,"review and update CMS",,,"Men's Health","DONE: Supplement Center"
2008-09-23,"Adam Hoyle",2.25,"review templates from Katrina and begin linking to CMS, create sitemap, call with Kim Jones to clarify and ask questions",,,"Men's Health","DONE: Supplement Center"
2008-09-18,"Adam Hoyle",1.0,"and setup categories","Install CMS","Website","Men's Health","DONE: Supplement Center"
2008-09-12,"Adam Hoyle",0.25,"Review designs and provide feeback to Katrina",,,"Men's Health","DONE: Supplement Center"
2008-09-10,"Adam Hoyle",0.5,,,,"Men's Health","DONE: Supplement Center"
2008-11-11,"Adam Hoyle",0.25,"link and test rsync, call brad with CSS hint",,,"Men's Health","DONE: Tech & Gear Channel"
2008-11-11,"Adam Hoyle",0.25,"call with Brad re: placeholders",,,"Men's Health","DONE: Tech & Gear Channel"
2008-11-10,"Adam Hoyle",0.25,"call with Steve and Justin re: tech guide homepage design",,,"Men's Health","DONE: Tech & Gear Channel"
2008-11-10,"Adam Hoyle",0.25,"gather homepage files for Niki to do comps",,,"Men's Health","DONE: Tech & Gear Channel"
2008-11-07,"Adam Hoyle",0.25,"check new category setup, email brad about deletion and renaming, and request rsync from IT",,,"Men's Health","DONE: Tech & Gear Channel"
2008-11-06,"Adam Hoyle",0.25,"support brad with publishing.... updated templates was not seeing the changes.",,,"Men's Health","DONE: Tech & Gear Channel"
2008-11-06,"Adam Hoyle",0.25,"techical support for Brad on Gear channel - He's editting styles and couldn't find the sIFR",,,"Men's Health","DONE: Tech & Gear Channel"
2008-11-05,"Adam Hoyle",0.25,"support call from Brad, where are the templates, permissions issues, etc.",,,"Men's Health","DONE: Tech & Gear Channel"
2008-11-04,"Adam Hoyle",0.25,,,,"Men's Health","DONE: Tech & Gear Channel"
2008-10-31,"Adam Hoyle",0.5,"look into Flash issue when embedding through CMS, call Katrina to instruct her on the process, update and test embedding flash with CMS, add katrina as user to gear cms",,,"Men's Health","DONE: Tech & Gear Channel"
2008-10-30,"Adam Hoyle",0.5,"add field for Flash to CMS, email brad, update templates",,,"Men's Health","DONE: Tech & Gear Channel"
2008-10-30,"Adam Hoyle",0.25,"call with greg to review cms changes, add activate publish rules for pagination",,,"Men's Health","DONE: Tech & Gear Channel"
2008-10-29,"Adam Hoyle",0.5,"review content entered by MH, adjust CMS as needed",,,"Men's Health","DONE: Tech & Gear Channel"
2008-10-28,"Adam Hoyle",0.75,"work on template linking and cleanup",,,"Men's Health","DONE: Tech & Gear Channel"
2008-10-23,"Adam Hoyle",0.25,"call with Sean re: priorities",,,"Men's Health","DONE: Tech & Gear Channel"
2008-10-22,"Adam Hoyle",0.75,"mockup homepage",,,"Men's Health","DONE: Tech & Gear Channel"
2008-10-22,"Adam Hoyle",0.5,"pull down all files and start updating templates with new categories and header logo",,,"Men's Health","DONE: Tech & Gear Channel"
2008-10-22,"Adam Hoyle",1.0,"install CMS and setup categories, and call with Steve to discuss project",,,"Men's Health","DONE: Tech & Gear Channel"
2008-07-08,"Adam Hoyle",0.25,"Update logo, sync, clear Akamai",,,"Men's Health","DONE: Triathlon Center"
2008-07-07,"Adam Hoyle",0.25,"rebuild logo and modify size to allow room for sponsor ad",,,"Men's Health","DONE: Triathlon Center"
2008-07-07,"Adam Hoyle",0.75,"Fix broken links on program zMod","Add sponsor ad","FINAL Tweaks","Men's Health","DONE: Triathlon Center"
2008-07-07,"Adam Hoyle",0.75,"Dealing with permissions issues, can't overwrite CSS.","Add sponsor ad","FINAL Tweaks","Men's Health","DONE: Triathlon Center"
2008-06-26,"Adam Hoyle",0.25,"Sync and clear Akamai","Change copy on homepage to read ""You can be a triathlete""","FINAL Tweaks","Men's Health","DONE: Triathlon Center"
2008-06-23,"Adam Hoyle",0.25,"Review site with Mat and post final items to basecamp",,,"Men's Health","DONE: Triathlon Center"
2008-06-23,"Adam Hoyle",0.25,"","Create a hi-res version of the logo and send to Steve","FINAL Tweaks","Men's Health","DONE: Triathlon Center"
2008-06-13,"Adam Hoyle",0.25,"Gather content from links provided",,,"Men's Health","DONE: Triathlon Center"
2008-06-12,"Adam Hoyle",2.0,"Link homepage featured articles and blog. Test and tweak styles as needed.",,,"Men's Health","DONE: Triathlon Center"
2008-06-12,"Adam Hoyle",0.75,,"Test","Website","Men's Health","DONE: Triathlon Center"
2008-06-12,"Adam Hoyle",0.25,,"Link rsync to CMS and test","Website","Men's Health","DONE: Triathlon Center"
2008-06-12,"Adam Hoyle",0.75,"Research artwork for ""logo""",,,"Men's Health","DONE: Triathlon Center"
2008-06-12,"Adam Hoyle",0.25,,"Confirm all ad and CM tags","Website","Men's Health","DONE: Triathlon Center"
2008-06-12,"Adam Hoyle",1.0,,"Test","Website","Men's Health","DONE: Triathlon Center"
2008-06-12,"Adam Hoyle",0.25,"research tag clouds",,,"Men's Health","DONE: Triathlon Center"
2008-06-12,"Adam Hoyle",0.25,,"Test","Website","Men's Health","DONE: Triathlon Center"
2008-06-12,"Adam Hoyle",0.75,"Test and tweak in IE","Test","Website","Men's Health","DONE: Triathlon Center"
2008-06-12,"Adam Hoyle",0.25,"review templates and priorities with Mat",,,"Men's Health","DONE: Triathlon Center"
2008-06-12,"Adam Hoyle",0.878889,,"Link Templates to CMS","Website","Men's Health","DONE: Triathlon Center"
2008-06-11,"Adam Hoyle",2.25,,"Link Templates to CMS","Website","Men's Health","DONE: Triathlon Center"
2008-06-11,"Adam Hoyle",1.30306,,"Link Templates to CMS","Website","Men's Health","DONE: Triathlon Center"
2008-06-11,"Adam Hoyle",0.75,"Setup and configure publishing rules",,,"Men's Health","DONE: Triathlon Center"
2008-06-11,"Adam Hoyle",0.5,"Review next steps with Mat, prep list page and upload PSD to basecamp",,,"Men's Health","DONE: Triathlon Center"
2008-06-10,"Adam Hoyle",0.5125,,"Code Article Templates","Website","Men's Health","DONE: Triathlon Center"
2008-06-10,"Adam Hoyle",0.5,"Photoshop comp for List page and The Program landing page, start working on formatting and CSS for workout tables",,,"Men's Health","DONE: Triathlon Center"
2008-06-10,"Adam Hoyle",0.25,"Tweak categories and email MH for content.",,,"Men's Health","DONE: Triathlon Center"
2008-06-10,"Adam Hoyle",0.5,"Call with Steve, setup usernames and provide CMS access to Rodale.",,,"Men's Health","DONE: Triathlon Center"
2008-06-09,"Adam Hoyle",0.25,"Respond to MH on last round of feedback and obtain approval",,,"Men's Health","DONE: Triathlon Center"
2008-06-09,"Adam Hoyle",1.25,"Revisions and re-post r3","Design","Website","Men's Health","DONE: Triathlon Center"
2008-06-07,"Adam Hoyle",1.0,"Finish revisions, save and post for round 2 review","Design","Website","Men's Health","DONE: Triathlon Center"
2008-06-07,"Adam Hoyle",1.25,"Revise designs","Design","Website","Men's Health","DONE: Triathlon Center"
2008-06-06,"Adam Hoyle",0.5,"Conference call with Sean, Bill, Steve, Justin, Greg to review designs","Design","Website","Men's Health","DONE: Triathlon Center"
2008-06-06,"Adam Hoyle",4.25,,"Design","Website","Men's Health","DONE: Triathlon Center"
2008-06-05,"Adam Hoyle",2.25,,"Design","Website","Men's Health","DONE: Triathlon Center"
2008-06-03,"Adam Hoyle",0.5,,"Develop Wireframes","Website","Men's Health","DONE: Triathlon Center"
2008-06-03,"Adam Hoyle",1.0,,"Develop Wireframes","Website","Men's Health","DONE: Triathlon Center"
2008-06-03,"Adam Hoyle",0.75,"Setup CMS categories and tweak as needed while entering test content",,,"Men's Health","DONE: Triathlon Center"
2008-06-03,"Adam Hoyle",1.0,"Setup categories and configure... troubleshoot permission issues.","Install CMS","Website","Men's Health","DONE: Triathlon Center"
2008-06-02,"Adam Hoyle",1.75,,"Design","Website","Men's Health","DONE: Triathlon Center"
2008-06-02,"Adam Hoyle",0.5,,"Create Sitemap","Website","Men's Health","DONE: Triathlon Center"
2008-06-02,"Adam Hoyle",1.0,"Research stock photography","Research","Website","Men's Health","DONE: Triathlon Center"
2008-05-30,"Adam Hoyle",1.25,"Overview and conference call with Steve, Brad, Sean, Amanda",,,"Men's Health","DONE: Triathlon Center"
2008-10-02,"Adam Hoyle",0.5,"final tweaks from Amanda, adjust article order, remove period from links in modules, publish, sync, clear pages.",,,"Men's Health","DONE: Yoga Center"
2008-10-01,"Adam Hoyle",0.75,"Final Yoga changes, push to prod, reply to brad",,,"Men's Health","DONE: Yoga Center"
2008-10-01,"Adam Hoyle",0.5,"troubleshoot for IE",,,"Men's Health","DONE: Yoga Center"
2008-10-01,"Adam Hoyle",1.5,"work on steve's fixes...",,,"Men's Health","DONE: Yoga Center"
2008-09-30,"Adam Hoyle",3.0,,,,"Men's Health","DONE: Yoga Center"
2008-09-29,"Adam Hoyle",2.25,"work on landing pages and tabbed section",,,"Men's Health","DONE: Yoga Center"
2008-09-26,"Adam Hoyle",0.25,"link and test rsync",,,"Men's Health","DONE: Yoga Center"
2008-09-26,"Adam Hoyle",3.0,"finalize and prep for launch",,,"Men's Health","DONE: Yoga Center"
2008-09-25,"Adam Hoyle",7.0,"setup find-a-class, setup dosha quiz, code templates, link templates to CMS, test, adjust CMS",,,"Men's Health","DONE: Yoga Center"
2008-09-24,"Adam Hoyle",1.75,"Work on moving find-a-class directory over","Link Templates to CMS","Website","Men's Health","DONE: Yoga Center"
2008-09-23,"Adam Hoyle",1.25,"Start linking Niki's templates to CMS for initial testing, publish test article list and article detail pages",,,"Men's Health","DONE: Yoga Center"
2008-09-15,"Adam Hoyle",1.07,"sitemap",,,"Men's Health","DONE: Yoga Center"
2008-09-15,"Adam Hoyle",0.5,"Review outline from Amanda and try to make sense of things...",,,"Men's Health","DONE: Yoga Center"
2008-08-27,"Adam Hoyle",0.5,"Call with Amanda to review CMS and content requirements",,,"Men's Health","DONE: Yoga Center"
2008-08-26,"Adam Hoyle",0.25,"Tweak CMS per Amanda, setup Abby's user account, update logo, categories, etc.",,,"Men's Health","DONE: Yoga Center"
2008-08-25,"Adam Hoyle",0.5,"Update CMS and review entries per Amanda",,,"Men's Health","DONE: Yoga Center"
2008-08-12,"Adam Hoyle",0.5,"Conference call with Amanda, Steve, Sean, Bill, Justin to discuss plan",,,"Men's Health","DONE: Yoga Center"
2008-08-11,"Adam Hoyle",0.5,"Install CMS and setup basic categories",,,"Men's Health","DONE: Yoga Center"
2008-06-26,"Adam Hoyle",0.5,"Review designs with Patrizia and give feedback",,,"Men's Health","ETNT Clown Tool"
2008-06-24,"Adam Hoyle",0.25,"Review comps, make notes",,,"Men's Health","ETNT Clown Tool"
2008-06-09,"Adam Hoyle",0.5,"Organize notes and prepare files for Patrizia",,,"Men's Health","ETNT Clown Tool"
2008-04-28,"Adam Hoyle",0.25,"Reviewed clown sketches and sent email feedback and ideas to team",,,"Men's Health","ETNT Clown Tool"
2008-11-03,"Adam Hoyle",1.0,"kick-off call with derrek leute re: iPhone app",,,"Men's Health","ETNT iPhone"
2008-08-01,"Adam Hoyle",0.5,"Review BL changes, review iYogaLife with Patrizia",,,"Men's Health","Implement MSN ads"
2008-12-22,"Adam Hoyle",0.25,"help Amanda with zMod issue, used regular quotes in headline and it broke the page. Need to use curley quotes. Fixed and republished.",,,"Men's Health","MH - Dev / Misc. Support"
2008-12-18,"Adam Hoyle",0.5,"send Dave Edis status update and remaining todos",,,"Men's Health","MH - Dev / Misc. Support"
2008-12-18,"Adam Hoyle",0.25,"look into dev / prod issues on Belly Off per Brad",,,"Men's Health","MH - Dev / Misc. Support"
2008-12-17,"Adam Hoyle",0.5,"support Steve with etnt blue / yellow publish bug",,,"Men's Health","MH - Dev / Misc. Support"
2008-12-17,"Adam Hoyle",0.5,"talk to Brad, support with Belly Off",,,"Men's Health","MH - Dev / Misc. Support"
2008-12-16,"Adam Hoyle",0.609722,"clone WH for dev",,,"Men's Health","MH - Dev / Misc. Support"
2008-12-11,"Adam Hoyle",1.5,"move all records from ETNT and Food CMS to flat file in preparation for cloning to WH",,,"Men's Health","MH - Dev / Misc. Support"
2008-12-09,"Adam Hoyle",1.25,"zMod CMS support for katrina and brad",,,"Men's Health","MH - Dev / Misc. Support"
2008-12-08,"Adam Hoyle",0.75,"tech support for brad re: zMods!",,,"Men's Health","MH - Dev / Misc. Support"
2008-12-08,"Adam Hoyle",0.75,"add rsync functionality for PowerTraining, and test",,,"Men's Health","MH - Dev / Misc. Support"
2008-12-08,"Adam Hoyle",0.5,"update etnt promo link to point to rodale offer, not amazon",,,"Men's Health","MH - Dev / Misc. Support"
2008-12-05,"Adam Hoyle",0.25,"update, publish, sync ETNT kids error (blue page issue)",,,"Men's Health","MH - Dev / Misc. Support"
2008-12-03,"Adam Hoyle",0.5,"belly off CMS tech support for Brad - template linking",,,"Men's Health","MH - Dev / Misc. Support"
2008-12-03,"Adam Hoyle",0.25,"update MHLiving hosting account billing info",,,"Men's Health","MH - Dev / Misc. Support"
2008-12-02,"Adam Hoyle",0.25,"Add powertraining to CMS Dashboard and update MH. Troubleshoot server path issues while updating.",,,"Men's Health","MH - Dev / Misc. Support"
2008-12-02,"Adam Hoyle",0.25,"reset abby lerners login for ETNT and Food",,,"Men's Health","MH - Dev / Misc. Support"
2008-12-02,"Adam Hoyle",0.25,"move Supplement Center to MySQL, and back again to Flat File...",,,"Men's Health","MH - Dev / Misc. Support"
2008-12-01,"Adam Hoyle",0.168889,"update MH Lists homepage images",,,"Men's Health","MH - Dev / Misc. Support"
2008-12-01,"Adam Hoyle",0.75,"looking into blank Best / Worst index page issue",,,"Men's Health","MH - Dev / Misc. Support"
2008-11-29,"Adam Hoyle",0.5,"Update Buy the book page per final changes from sean",,,"Men's Health","MH - Dev / Misc. Support"
2008-11-26,"Adam Hoyle",1.25,"update etnt with new book banner",,,"Men's Health","MH - Dev / Misc. Support"
2008-11-26,"Adam Hoyle",0.25,"review and finalize new book promotin for site with Steve B.",,,"Men's Health","MH - Dev / Misc. Support"
2008-11-25,"Adam Hoyle",0.25,"new book in sidebar designs, post and email for review",,,"Men's Health","MH - Dev / Misc. Support"
2008-11-25,"Adam Hoyle",0.25,"remnants of fire drill, still tweaking and syncing, etc.",,,"Men's Health","MH - Dev / Misc. Support"
2008-11-25,"Adam Hoyle",0.5,"Assist with Super Market fire drill getting promo updated and syncing zmods.",,,"Men's Health","MH - Dev / Misc. Support"
2008-11-25,"Adam Hoyle",0.75,"Fire drill with Amanda - getting kids book promo onto site, updating zmod",,,"Men's Health","MH - Dev / Misc. Support"
2008-11-20,"Adam Hoyle",0.25,"update MH List homepage images, sync and clear",,,"Men's Health","MH - Dev / Misc. Support"
2008-11-20,"Adam Hoyle",0.25,"followup with kim jones re: buy the book landing page. synced and cleared after approval",,,"Men's Health","MH - Dev / Misc. Support"
2008-11-20,"Adam Hoyle",0.25,"give mh users access to MHLiving CMS and add to dev dashboard",,,"Men's Health","MH - Dev / Misc. Support"
2008-11-20,"Adam Hoyle",0.25,"Look into flash embedding issue on adventure guide for Katrina - could not replicate the issue. asked katrina if issue has been resolved.",,,"Men's Health","MH - Dev / Misc. Support"
2008-11-20,"Adam Hoyle",0.75,"update ETNT buy book page with bundle promo and change links per kim jones",,,"Men's Health","MH - Dev / Misc. Support"
2008-11-20,"Adam Hoyle",0.5,"call with Brad re: mh lists ad tags",,,"Men's Health","MH - Dev / Misc. Support"
2008-11-19,"Adam Hoyle",0.5,"update right sidebar with bi-weekly copy from Kim Jones, sync, clear akamai",,,"Men's Health","MH - Dev / Misc. Support"
2008-11-19,"Adam Hoyle",0.25,"gather and send fonts to katrina",,,"Men's Health","MH - Dev / Misc. Support"
2008-11-19,"Adam Hoyle",0.5,"gather metrogrades PSDs for Katrina",,,"Men's Health","MH - Dev / Misc. Support"
2008-11-17,"Adam Hoyle",0.75,"Update Fattiest Burger article with promo and image per Amanda",,,"Men's Health","MH - Dev / Misc. Support"
2008-11-17,"Adam Hoyle",0.75,"train brad on CMS installation",,,"Men's Health","MH - Dev / Misc. Support"
2008-11-17,"Adam Hoyle",0.75,"prep for call with Brad on how to install a new CMS instance....",,,"Men's Health","MH - Dev / Misc. Support"
2008-11-14,"Adam Hoyle",0.25,"lookup and send brad info for hosting and ftp for MH Living",,,"Men's Health","MH - Dev / Misc. Support"
2008-11-14,"Adam Hoyle",0.5,"gather and send adventure guide PSDs to Katrina",,,"Men's Health","MH - Dev / Misc. Support"
2008-11-11,"Adam Hoyle",0.25,"MH Lists - update photos",,,"Men's Health","MH - Dev / Misc. Support"
2008-11-05,"Adam Hoyle",0.25,"akamai clearing support for Amanda - drop downs for ETNT Kids",,,"Men's Health","MH - Dev / Misc. Support"
2008-11-03,"Adam Hoyle",0.5,"replace ETNT images per email from Amanda - dz fire drill, nestles was going to sue",,,"Men's Health","MH - Dev / Misc. Support"
2008-10-31,"Adam Hoyle",0.25,"tweak publish rule for zMods that are publishing in blue template instead of yellow (Worst Appetizers zMod)",,,"Men's Health","MH - Dev / Misc. Support"
2008-10-29,"Adam Hoyle",0.25,"Update ETNT tagline with TM and text edits",,,"Men's Health","MH - Dev / Misc. Support"
2008-10-29,"Adam Hoyle",0.5,"Update MH List photos",,,"Men's Health","MH - Dev / Misc. Support"
2008-10-29,"Adam Hoyle",0.25,"create test page with includes for shared assets via Curl",,,"Men's Health","MH - Dev / Misc. Support"
2008-10-28,"Adam Hoyle",0.25,"create a test file with all of the global includes, add gear cms to dashboard",,,"Men's Health","MH - Dev / Misc. Support"
2008-10-28,"Adam Hoyle",0.25,"add TM to ETNT header image, post and clear akamai",,,"Men's Health","MH - Dev / Misc. Support"
2008-10-27,"Adam Hoyle",0.25,"Discuss w/ Brad Fattiest Rest. Foods / Fattiest Foods in America - article was created twice in CMS but redirected to help with a Yahoo firedrill",,,"Men's Health","MH - Dev / Misc. Support"
2008-10-21,"Adam Hoyle",0.25,"Fix zMod on ETNT, was pulling in kids template",,,"Men's Health","MH - Dev / Misc. Support"
2008-10-20,"Adam Hoyle",0.25,"review notes for ETNT call",,,"Men's Health","MH - Dev / Misc. Support"
2008-10-15,"Adam Hoyle",0.25,"update MH lists images from Tyler",,,"Men's Health","MH - Dev / Misc. Support"
2008-10-15,"Adam Hoyle",0.75,"fix positioning [for deleted to-do: ""Add 1-click subscription module to: MH Lists""]",,,"Men's Health","MH - Dev / Misc. Support"
2008-10-14,"Adam Hoyle",0.25,"update etnt menu decoder info, per brad",,,"Men's Health","MH - Dev / Misc. Support"
2008-10-13,"Adam Hoyle",0.25,,"Add tracking pixel to: Best Foods","Misc.","Men's Health","MH - Dev / Misc. Support"
2008-10-13,"Adam Hoyle",0.25,,"Add tracking pixel to: Style Channel","Misc.","Men's Health","MH - Dev / Misc. Support"
2008-10-13,"Adam Hoyle",0.25,,"Add tracking pixel to: Triathlon","Misc.","Men's Health","MH - Dev / Misc. Support"
2008-10-13,"Adam Hoyle",0.25,,"Add tracking pixel to: Adventure Guide","Misc.","Men's Health","MH - Dev / Misc. Support"
2008-10-13,"Adam Hoyle",0.25,,"Add tracking pixel to: Yoga Center","Misc.","Men's Health","MH - Dev / Misc. Support"
2008-10-13,"Adam Hoyle",0.25,,"Add tracking pixel to: MH Lists","Misc.","Men's Health","MH - Dev / Misc. Support"
2008-10-13,"Adam Hoyle",1.5,"Troubleshoot tracking code","Add tracking pixel to: ETNT","Misc.","Men's Health","MH - Dev / Misc. Support"
2008-10-13,"Adam Hoyle",0.25,"[for deleted to-do: ""Add tracking pixel to: GymFinder""]",,,"Men's Health","MH - Dev / Misc. Support"
2008-10-13,"Adam Hoyle",0.25,"","Add tracking pixel to: ETNT","Misc.","Men's Health","MH - Dev / Misc. Support"
2008-10-13,"Adam Hoyle",0.75,"add one-click subscribe to GymFinder",,,"Men's Health","MH - Dev / Misc. Support"
2008-10-13,"Adam Hoyle",0.75,"add one-click subscribe to ETNT",,,"Men's Health","MH - Dev / Misc. Support"
2008-10-13,"Adam Hoyle",0.75,"adjust positioning of one-click module on mhlists, call with Brad",,,"Men's Health","MH - Dev / Misc. Support"
2008-10-07,"Adam Hoyle",1.0,"Update Yoga Center ad and CM tags",,,"Men's Health","MH - Dev / Misc. Support"
2008-10-06,"Adam Hoyle",1.0,"add one-click subscribe module to MH Lists",,,"Men's Health","MH - Dev / Misc. Support"
2008-10-02,"Adam Hoyle",0.25,"update style channel footer links per Brad",,,"Men's Health","MH - Dev / Misc. Support"
2008-09-30,"Adam Hoyle",0.319444,"support for new 8 Worst Breakfast Food... switched categories from Best & Worst to The Worst",,,"Men's Health","MH - Dev / Misc. Support"
2008-09-30,"Adam Hoyle",0.25,"update MH Lists page images per Tyler",,,"Men's Health","MH - Dev / Misc. Support"
2008-09-30,"Adam Hoyle",0.563333,"update footer on style and triathlon with new links to remove CM",,,"Men's Health","MH - Dev / Misc. Support"
2008-09-26,"Adam Hoyle",0.25,"Add MH GymFinder to CMS dashboard",,,"Men's Health","MH - Dev / Misc. Support"
2008-09-26,"Adam Hoyle",0.5,"fix style channe navigation links",,,"Men's Health","MH - Dev / Misc. Support"
2008-09-24,"Adam Hoyle",0.5,"Update ETNT homepage to remove summer content per Amanda",,,"Men's Health","MH - Dev / Misc. Support"
2008-09-23,"Adam Hoyle",0.250278,"upload and republish MH lists files after mods from Katrina",,,"Men's Health","MH - Dev / Misc. Support"
2008-09-22,"Adam Hoyle",1.0,"Conference call with Quattro re: ETNT Mobile site",,,"Men's Health","MH - Dev / Misc. Support"
2008-09-22,"Adam Hoyle",0.5,"fix guy.wisdom navigation and cms on non-cms static pages for: BBQ, Adventure, Style",,,"Men's Health","MH - Dev / Misc. Support"
2008-09-22,"Adam Hoyle",0.528333,"Updated template files for: Style, Adventure, BBQ navigation changes and CM changes for Guy Wisdom",,,"Men's Health","MH - Dev / Misc. Support"
2008-09-19,"Adam Hoyle",0.5,"help Katrina with Adventure Guide MSN ads and CMS support",,,"Men's Health","MH - Dev / Misc. Support"
2008-09-18,"Adam Hoyle",0.191111,"Update MH Lists photos",,,"Men's Health","MH - Dev / Misc. Support"
2008-09-15,"Adam Hoyle",0.25,"Research GymFinder issue - returning wonky results for 60169 search",,,"Men's Health","MH - Dev / Misc. Support"
2008-09-12,"Adam Hoyle",0.25,"Setup new user accounts on food CMS for Ellen / Blair",,,"Men's Health","MH - Dev / Misc. Support"
2008-09-09,"Adam Hoyle",0.5,"Fix style channel for IE7 per Steve's email",,,"Men's Health","MH - Dev / Misc. Support"
2008-09-09,"Adam Hoyle",0.25,"Food DB udpate per Amanda, allow decimals on all nutritional fields",,,"Men's Health","MH - Dev / Misc. Support"
2008-09-06,"Adam Hoyle",0.25,"update MHLists images per Tyler",,,"Men's Health","MH - Dev / Misc. Support"
2008-09-05,"Adam Hoyle",0.25,"Call with Brad re: MH Lists CM and ad tagging",,,"Men's Health","MH - Dev / Misc. Support"
2008-09-05,"Adam Hoyle",0.25,"Setup user accounts for all users on console",,,"Men's Health","MH - Dev / Misc. Support"
2008-09-04,"Adam Hoyle",0.25,"check, sync and clear ETNT to fix dropdown issue in IE7",,,"Men's Health","MH - Dev / Misc. Support"
2008-09-04,"Adam Hoyle",1.05917,"setup user accounts for Kim Jones",,,"Men's Health","MH - Dev / Misc. Support"
2008-09-04,"Adam Hoyle",0.5,"Investigate Rackspace overage",,,"Men's Health","MH - Dev / Misc. Support"
2008-08-25,"Adam Hoyle",0.25,"MH List photo updates",,,"Men's Health","MH - Dev / Misc. Support"
2008-08-22,"Adam Hoyle",0.5,"Call with Steve to review misc. ""grab bag"" of changes to sites.",,,"Men's Health","MH - Dev / Misc. Support"
2008-08-22,"Adam Hoyle",0.25,"Fix distance information on Triathlon",,,"Men's Health","MH - Dev / Misc. Support"
2008-08-21,"Adam Hoyle",0.5,,"Add 'mhweekend' to keyword in ad tags - (http://www.menshealth.com/mhlists/how_to_behave_at_a_strip_club/index.php)","Misc.","Men's Health","MH - Dev / Misc. Support"
2008-08-15,"Adam Hoyle",0.5,"Remove article.title from MH Lists ad tags, was causing them to break",,,"Men's Health","MH - Dev / Misc. Support"
2008-08-12,"Adam Hoyle",0.25,"Look into MH Lists ad issues",,,"Men's Health","MH - Dev / Misc. Support"
2008-08-07,"Adam Hoyle",0.25,"Add box ads to MHLiving",,,"Men's Health","MH - Dev / Misc. Support"
2008-08-06,"Adam Hoyle",0.5,"Remove Black and Decker tools promotion from MHLiving",,,"Men's Health","MH - Dev / Misc. Support"
2008-08-01,"Adam Hoyle",0.5,"Issues on Adventure Guide ads, needed pointroll include into all directories",,,"Men's Health","MH - Dev / Misc. Support"
2008-08-01,"Adam Hoyle",0.5,"Fix link clearing issue, syn, clear akamai",,,"Men's Health","MH - Dev / Misc. Support"
2008-07-11,"Adam Hoyle",2.25,"Update privacy link in footer, and remove google ads from PT, ETNT, Best Foods, Triathlon, Lists, move footer to include file",,,"Men's Health","MH - Dev / Misc. Support"
2008-07-10,"Adam Hoyle",0.75,"Insert sponsor ad onto Best Foods",,,"Men's Health","MH - Dev / Misc. Support"
2008-07-07,"Adam Hoyle",0.5,"Troubleshoot FTP, VPN, Permission issues",,,"Men's Health","MH - Dev / Misc. Support"
2008-07-03,"Adam Hoyle",1.75,"Work on CMS dashboard",,,"Men's Health","MH - Dev / Misc. Support"
2008-06-30,"Adam Hoyle",0.5,"Call with Dave Edis to review CMS upgrades",,,"Men's Health","MH - Dev / Misc. Support"
2008-05-28,"Adam Hoyle",2.0,"Troubleshoot issues, setup new router, email Rodale IT, etc.",,,"Men's Health","MH - Dev / Misc. Support"
2008-05-23,"Adam Hoyle",1.0,"Trouble shoot DZ Yahoo blog. Link posted without www. Fixed and updated.",,,"Men's Health","MH - Dev / Misc. Support"
2008-05-22,"Adam Hoyle",1.0,"Research options for custom CMS project, create screenshots, and email Dave Edis from Interactive Tools",,,"Men's Health","MH - Dev / Misc. Support"
2008-05-07,"Adam Hoyle",0.5,"Review server log errors per: note from Winifred. Updated Article List and Article Page tempaltes to include full absolute path for IE stylesheet. Republished and confirmed results.",,,"Men's Health","MH - Dev / Misc. Support"
2008-06-02,"Adam Hoyle",0.25,"Fix broken image link and full-body typo on workouts page.",,,"Men's Health","Power Training P2"
2008-05-28,"Adam Hoyle",1.0,"Update e-book link",,,"Men's Health","Power Training P2"
2008-10-17,"Adam Hoyle",0.5,"install USDA food application on PC and research database setup.",,,"Men's Health","USDA Data Integration"
2008-10-15,"Adam Hoyle",1.5,"review notes from Brad and download database, research conversion options. Download and install conversion program and create dump file of Access DB into MySQL",,,"Men's Health","USDA Data Integration"
2008-05-13,"Adam Hoyle",0.333333,"resize and deliver",,,"OVI","1/8 Page Ad - Dimensions Magazine"
2008-06-13,"Adam Hoyle",1.0,"Troubleshoot DNS hack",,,"OVI","DONE: OVI ""Buy Now"" Fix"
2008-06-11,"Adam Hoyle",0.5,"Troubleshoot MySQL connection errors",,,"Parisse","DONE: August '08 Speaking Intensive"
2008-05-08,"Adam Hoyle",0.25,"Yet another change... client sent the wrong contact info 3 times.",,,"Parisse","DONE: August '08 Speaking Intensive"
2008-05-08,"Adam Hoyle",0.25,"More changes... contact numbers needed to be updated on brochure.",,,"Parisse","DONE: August '08 Speaking Intensive"
2008-05-08,"Adam Hoyle",0.25,"Changes and copy fixes.",,,"Parisse","DONE: August '08 Speaking Intensive"
2008-05-08,"Adam Hoyle",0.5,"Changes and copy fixes.",,,"Parisse","DONE: August '08 Speaking Intensive"
2008-05-08,"Adam Hoyle",1.5,"Update dates and content on website and PDF for August SI",,,"Parisse","DONE: August '08 Speaking Intensive"
2008-11-20,"Adam Hoyle",0.25,"update description and recreate thumbnail artwork",,,"Parisse","DONE: New Notes & Slides"
2008-11-17,"Adam Hoyle",0.25,"update preview image with fireworks per Nan",,,"Parisse","DONE: New Notes & Slides"
2008-11-14,"Adam Hoyle",1.0,"Update notes and slides section with new PDF from nan",,,"Parisse","DONE: New Notes & Slides"
2008-08-22,"Adam Hoyle",1.0,"Completed updates",,,"Parisse","DONE: Website Updates"
2008-09-04,"Adam Hoyle",0.5,"Deliver layered PSDs",,,"Rodale","DONE: Organic Planet"
2008-08-22,"Adam Hoyle",0.5,"Conference call with Ron Lopez, Kim Ray, Sean Nolan, re: Organic Planet reqs",,,"Rodale","DONE: Organic Planet"
2008-08-22,"Adam Hoyle",0.25,"PSD Clean-up",,,"Rodale","DONE: Organic Planet"
2008-08-21,"Adam Hoyle",0.5,"Cleanup PSDs for delivery",,,"Rodale","DONE: Organic Planet"
2008-08-12,"Adam Hoyle",3.5,"Design",,,"Rodale","DONE: Organic Planet"
2008-08-11,"Adam Hoyle",2.0,"Tweak PSD's and designs",,,"Rodale","DONE: Organic Planet"
2008-08-05,"Adam Hoyle",0.25,"project planning",,,"Rodale","DONE: Organic Planet"
2008-09-02,"Adam Hoyle",3.5,,,,"Rodale","DONE: Organic Planet: Site Requirements"
2008-08-27,"Adam Hoyle",1.75,"Finish first draft of functionality documents and conference call with Sean, Kim, and Ron",,,"Rodale","DONE: Organic Planet: Site Requirements"
2008-08-26,"Adam Hoyle",3.0,,,,"Rodale","DONE: Organic Planet: Site Requirements"
2008-12-12,"Adam Hoyle",0.5,"rodale international call with mat and KD",,,"Rodale","DONE: ROD International Intrasite"
2008-12-12,"Adam Hoyle",0.25,"review site",,,"Rodale","DONE: ROD International Intrasite"
2008-11-21,"Adam Hoyle",0.25,"review site",,,"Rodale","DONE: ROD International Intrasite"
2008-11-21,"Adam Hoyle",0.5,"call with KD and NK to review Rodale Int'l site",,,"Rodale","DONE: ROD International Intrasite"
2008-11-18,"Adam Hoyle",10.0,"Mark Horlbeck's time to date",,,"Rodale","DONE: ROD International Intrasite"
2008-11-03,"Adam Hoyle",0.5,"reply to Mark re: functionality questions",,,"Rodale","DONE: ROD International Intrasite"
2008-10-31,"Adam Hoyle",0.5,"brainstorming call with Kristen",,,"Rodale","DONE: ROD International Intrasite"
2008-10-22,"Adam Hoyle",0.5,"get Mark Horlbeck up to speed on things",,,"Rodale","DONE: ROD International Intrasite"
2008-10-03,"Adam Hoyle",2.0,"update sitemap and complete final design updates","Design","Website","Rodale","DONE: ROD International Intrasite"
2008-10-02,"Adam Hoyle",0.5,"call with KD and NK to review final notes",,,"Rodale","DONE: ROD International Intrasite"
2008-09-29,"Adam Hoyle",2.09861,"finalize, save out designs, prep and upload for KD's meeting",,,"Rodale","DONE: ROD International Intrasite"
2008-09-29,"Adam Hoyle",1.25,"call with Kristen to review comps...",,,"Rodale","DONE: ROD International Intrasite"
2008-09-28,"Adam Hoyle",1.60028,"finalize designs and prep for review with KD",,,"Rodale","DONE: ROD International Intrasite"
2008-09-28,"Adam Hoyle",0.950556,"finalize designs and prep for review with KD",,,"Rodale","DONE: ROD International Intrasite"
2008-09-27,"Adam Hoyle",3.25,"design updates per Kristen, create additional mock-ups, update logo, etc.",,,"Rodale","DONE: ROD International Intrasite"
2008-09-23,"Adam Hoyle",0.758333,"update designs and sitemap",,,"Rodale","DONE: ROD International Intrasite"
2008-09-19,"Adam Hoyle",0.75,"conference call with KD to discuss international site",,,"Rodale","DONE: ROD International Intrasite"
2008-09-18,"Adam Hoyle",1.0,"process feedback from Kristen and begin drafting email",,,"Rodale","DONE: ROD International Intrasite"
2008-09-17,"Adam Hoyle",1.0,"Call with Kristen, update files and re-post","Design","Website","Rodale","DONE: ROD International Intrasite"
2008-09-17,"Adam Hoyle",1.75,"design and post new samples to Kristen","Design","Website","Rodale","DONE: ROD International Intrasite"
2008-09-16,"Adam Hoyle",2.75,,"Design","Website","Rodale","DONE: ROD International Intrasite"
2008-09-16,"Adam Hoyle",1.25,,"Design","Website","Rodale","DONE: ROD International Intrasite"
2008-09-16,"Adam Hoyle",2.0,"Design comp updates",,,"Rodale","DONE: ROD International Intrasite"
2008-09-16,"Adam Hoyle",1.0,"sitemap updates",,,"Rodale","DONE: ROD International Intrasite"
2008-09-15,"Adam Hoyle",0.75,"review notes and prepare for call with KD",,,"Rodale","DONE: ROD International Intrasite"
2008-09-12,"Adam Hoyle",0.5,"Call with KD and setup basecamp test account for her",,,"Rodale","DONE: ROD International Intrasite"
2008-09-11,"Adam Hoyle",0.5,"Review sitemap, give feedback to Niki",,,"Rodale","DONE: ROD International Intrasite"
2008-09-11,"Adam Hoyle",0.25,"Formulate a game plan, talk to niki, kd, nb",,,"Rodale","DONE: ROD International Intrasite"
2008-09-10,"Adam Hoyle",0.25,"review updates comps with Kristen",,,"Rodale","DONE: ROD International Intrasite"
2008-09-08,"Adam Hoyle",0.25,"Download assets from KD and move to Basecamp",,,"Rodale","DONE: ROD International Intrasite"
2008-08-05,"Adam Hoyle",0.585,"Updates to BL per Marilyn",,,"Rodale","Implement MSN ads"
2008-07-22,"Adam Hoyle",2.5,"Implement MSN ad code on Best Life: homepage, list pages, article pages, and search results.",,,"Rodale","Implement MSN ads"
2008-07-10,"Adam Hoyle",0.75,"Conference call with Marilyn, Jarrett, and Danielle to discuss placement",,,"Rodale","Implement MSN ads"
2008-12-31,"Adam Hoyle",1.5,"upload files to dev for mh, prep to clone, install CMS in WH directories, update paths in temples from /eatthis/ to /eatthis-wh/",,,"Women's Health","DONE: Clone ETNT for WH"
2008-12-30,"Adam Hoyle",1.75,"work on changes to site prior to clone, download site, review URL's and server setup",,,"Women's Health","DONE: Clone ETNT for WH"
2008-12-03,"Adam Hoyle",0.25,"conference call with Regina re: WH ETNT cloning",,,"Women's Health","DONE: Clone ETNT for WH"
2008-07-03,"Adam Hoyle",0.25,"Update XML and submit gadget to iGoogle directory",,,"Women's Health","DONE: Win Today Widget"
2008-06-24,"Adam Hoyle",0.25,"Test iGoogle from WH servers, send all code and embed links to Hersch",,,"Women's Health","DONE: Win Today Widget"
2008-06-24,"Adam Hoyle",0.25,"Call with Hersch to review final steps to launch widgets",,,"Women's Health","DONE: Win Today Widget"
2008-06-24,"Adam Hoyle",1.75,"Port Universal Widget into Widgetbox, email Hersch update",,,"Women's Health","DONE: Win Today Widget"
2008-06-23,"Adam Hoyle",0.25,"update paths in CSS and XML and prep iGoogle files for delivery to WH for posting on their servers",,,"Women's Health","DONE: Win Today Widget"
2008-06-23,"Adam Hoyle",0.25,"Collect iGoogle assets and send to Hersch for WH server",,,"Women's Health","DONE: Win Today Widget"
2008-06-13,"Adam Hoyle",0.5,"Test and send feedback",,,"Women's Health","DONE: Win Today Widget"
2008-06-12,"Adam Hoyle",0.5,"Test and respond to Jeff Re: iGoogle. Review and respond to Naveed about wrapping Top Story headlines.",,,"Women's Health","DONE: Win Today Widget"
2008-06-10,"Adam Hoyle",0.5,"Update ""Top Story"" feed on Universal and iGoogle. Move Universal to new server due to PHP config issue on RodaleSEO.com not allowing it to run.",,,"Women's Health","DONE: Win Today Widget"
2008-06-09,"Adam Hoyle",0.25,"Chat with Jeff D about outstanding issues on Widgets",,,"Women's Health","DONE: Win Today Widget"
2008-06-09,"Adam Hoyle",0.25,"Fix image paths and move to RodaleSEO.com server",,,"Women's Health","DONE: Win Today Widget"
2008-06-09,"Adam Hoyle",0.75,"Gather first round widgets and send to Rodale for review",,,"Women's Health","DONE: Win Today Widget"
2008-06-06,"Adam Hoyle",0.5,"Review, and feedback to Jeff D on Universal widget...",,,"Women's Health","DONE: Win Today Widget"
2008-06-05,"Adam Hoyle",0.5,"Review iGoogle and Universal, send feedback to Jeff",,,"Women's Health","DONE: Win Today Widget"
2008-06-05,"Adam Hoyle",0.5,"Review and send feedback to Jeff and Naveed, forward Facebook to Rodale",,,"Women's Health","DONE: Win Today Widget"
2008-06-04,"Adam Hoyle",1.51778,"Work with Naveed on final tweaks",,,"Women's Health","DONE: Win Today Widget"
2008-06-04,"Adam Hoyle",1.0,"Review FB app, send feedback to Naveed. Review iGoogle and Universal, send feedback to Jeff",,,"Women's Health","DONE: Win Today Widget"
2008-06-03,"Adam Hoyle",0.5,"Review formatting of Facebook widget on PC, send feedback to Naveed. Obtain universal feed URL from WH and send to Jeff",,,"Women's Health","DONE: Win Today Widget"
2008-06-02,"Adam Hoyle",0.5,"Review WH Facebook App from Naveed and forward information request to Rodale",,,"Women's Health","DONE: Win Today Widget"
2008-05-29,"Adam Hoyle",0.5,"Send project requirements and outline to Jeff Doulghy",,,"Women's Health","DONE: Win Today Widget"
2008-05-29,"Adam Hoyle",0.25,"review ThoughtLabs proposal",,,"Women's Health","DONE: Win Today Widget"
2008-05-22,"Adam Hoyle",1.25,"Send project outline and requirements to Thought Labs",,,"Women's Health","DONE: Win Today Widget"
2008-05-02,"Adam Hoyle",0.25,"Review HTML code, send link to client, upload tracking URLs received from Dean",,,"Women's Health","DONE: Win Today Widget"
2008-11-12,"Adam Hoyle",2.25,"troubleshooting image path issues",,,"Yoga Life","Content Syndication to WH, RW, PVN"
2008-10-21,"Adam Hoyle",0.5,"test and adjust publishing directories on iyogalife dev, adjust pathes in templates",,,"Yoga Life","Content Syndication to WH, RW, PVN"
2008-10-21,"Adam Hoyle",0.5,"Finalize iYogaLife on dev... change publish directory, update template, republish",,,"Yoga Life","Content Syndication to WH, RW, PVN"
2008-10-14,"Adam Hoyle",0.5,"timeline for PVN",,,"Yoga Life","Content Syndication to WH, RW, PVN"
2008-10-07,"Adam Hoyle",0.75,"call with Dena, Matt, Kristen re: PVN",,,"Yoga Life","Content Syndication to WH, RW, PVN"
2008-09-27,"Adam Hoyle",0.25,"troubleshoot margin issue, make change from Matt L. Respond to Matt Linde letting him know that the code change he requested is within the RW include file",,,"Yoga Life","Content Syndication to WH, RW, PVN"
2008-09-23,"Adam Hoyle",0.5,"hard-coded right sidebar into search pages",,,"Yoga Life","Content Syndication to WH, RW, PVN"
2008-09-22,"Adam Hoyle",0.5,"troubleshoot RW ads, 6px is still appearing in the wrapper, checked the URL that we're cURL'ing in, and it's different from the one they provided.",,,"Yoga Life","Content Syndication to WH, RW, PVN"
2008-09-22,"Adam Hoyle",1.0,"troubleshoot ad in right sidebar... search css and make updates, also requested the removal of an inline style being served with the wrapper.",,,"Yoga Life","Content Syndication to WH, RW, PVN"
2008-09-19,"Adam Hoyle",0.25,"change permissions on uploads directory on prod and retest search functions",,,"Yoga Life","Content Syndication to WH, RW, PVN"
2008-09-18,"Adam Hoyle",0.5,"troubleshoot search",,,"Yoga Life","Content Syndication to WH, RW, PVN"
2008-09-18,"Adam Hoyle",0.25,"update settings.dat file on prod and test search, email Chris to confirm that the F5 rule is in place because anything int he cgi-bin is bouncing back to the homepage",,,"Yoga Life","Content Syndication to WH, RW, PVN"
2008-09-17,"Adam Hoyle",0.5,"test rsync, email chris, fred",,,"Yoga Life","Content Syndication to WH, RW, PVN"
2008-09-16,"Adam Hoyle",0.5,"troubleshoot rsync and cgi-bin on prod - settings.dat file, send email to chris and fred",,,"Yoga Life","Content Syndication to WH, RW, PVN"
2008-09-16,"Adam Hoyle",0.25,"republish and test on prod",,,"Yoga Life","Content Syndication to WH, RW, PVN"
2008-09-16,"Adam Hoyle",0.5,"update cgi-bin name in templates and cms",,,"Yoga Life","Content Syndication to WH, RW, PVN"
2008-09-15,"Adam Hoyle",0.5,"conference call to troubleshoot and discuss possible solutions to the cgi-bin issue",,,"Yoga Life","Content Syndication to WH, RW, PVN"
2008-09-15,"Adam Hoyle",0.5,"fix Finad a Class link in nav, fix broken /.php links, email IT about cgi-bin rule",,,"Yoga Life","Content Syndication to WH, RW, PVN"
2008-09-11,"Adam Hoyle",0.25,"Neverending list of bugs",,,"Yoga Life","Content Syndication to WH, RW, PVN"
2008-09-11,"Adam Hoyle",0.25,"Investigate broken links on iYogaLife - loose ends email from KD",,,"Yoga Life","Content Syndication to WH, RW, PVN"
2008-09-04,"Adam Hoyle",0.5,"rotate articles on RW homepage and update video / article links",,,"Yoga Life","Content Syndication to WH, RW, PVN"
2008-09-04,"Adam Hoyle",0.75,"conference call to discuss launch with IT, plus call with KD and NK to discuss steps",,,"Yoga Life","Content Syndication to WH, RW, PVN"
2008-09-03,"Adam Hoyle",0.5,"schedule conference call and outline plan to IT",,,"Yoga Life","Content Syndication to WH, RW, PVN"
2008-09-02,"Adam Hoyle",0.25,"Request rsync and docroot on prod",,,"Yoga Life","Content Syndication to WH, RW, PVN"
2008-09-02,"Adam Hoyle",0.5,"Update RW ad tags",,,"Yoga Life","Content Syndication to WH, RW, PVN"
2008-08-21,"Adam Hoyle",1.25,"Migration and changes from Kristen",,,"Yoga Life","Content Syndication to WH, RW, PVN"
2008-08-21,"Adam Hoyle",4.75,"migration & troubleshooting",,,"Yoga Life","Content Syndication to WH, RW, PVN"
2008-08-21,"Adam Hoyle",0.5,"Call with KD re: changes",,,"Yoga Life","Content Syndication to WH, RW, PVN"
2008-08-20,"Adam Hoyle",4.5,"Migration",,,"Yoga Life","Content Syndication to WH, RW, PVN"
2008-08-15,"Adam Hoyle",0.5,"Conference call with Dena Fletcher, KD, Matt Linde to review Yoga syndication on RW",,,"Yoga Life","Content Syndication to WH, RW, PVN"
2008-08-11,"Adam Hoyle",1.5,"Work on search and studio directory, troubleshoot with Mark",,,"Yoga Life","Content Syndication to WH, RW, PVN"
2008-08-08,"Adam Hoyle",0.25,"Updates to homepage per Kristen for meeting with David Willey",,,"Yoga Life","Content Syndication to WH, RW, PVN"
2008-08-07,"Adam Hoyle",0.25,"Update homepage per KD for meeting with David Willey",,,"Yoga Life","Content Syndication to WH, RW, PVN"
2008-08-03,"Adam Hoyle",0.75,"Create players and link video landing page",,,"Yoga Life","Content Syndication to WH, RW, PVN"
2008-07-15,"Adam Hoyle",0.5,"Conference call with Kristen, Dena, Matt re: RW syndication",,,"Yoga Life","Content Syndication to WH, RW, PVN"
2008-07-15,"Adam Hoyle",0.25,"Update ad code",,,"Yoga Life","Content Syndication to WH, RW, PVN"
2008-07-15,"Adam Hoyle",1.0,"Modify publish rules so pose tabs are correctly linked, add illustrations to pose article pages, add video player to video tab.",,,"Yoga Life","Content Syndication to WH, RW, PVN"
2008-07-14,"Adam Hoyle",0.5,"Add tabs module to Poses",,,"Yoga Life","Content Syndication to WH, RW, PVN"
2008-07-14,"Adam Hoyle",0.25,"Conference call with Kristen Dollard",,,"Yoga Life","Content Syndication to WH, RW, PVN"
2008-07-14,"Adam Hoyle",0.25,"Continue working on template linking",,,"Yoga Life","Content Syndication to WH, RW, PVN"
2008-07-14,"Adam Hoyle",1.25,"Continue working on template linking",,,"Yoga Life","Content Syndication to WH, RW, PVN"
2008-07-14,"Adam Hoyle",2.5,"Work on Runner's World templates",,,"Yoga Life","Content Syndication to WH, RW, PVN"
2008-07-10,"Adam Hoyle",0.5,"backup site",,,"Yoga Life","Content Syndication to WH, RW, PVN"
2008-07-10,"Adam Hoyle",0.5,"backup site",,,"Yoga Life","Content Syndication to WH, RW, PVN"
2008-07-09,"Adam Hoyle",0.25,"Disect RW header template and request a new file from Rodale. Adjust height and remove BG image",,,"Yoga Life","Content Syndication to WH, RW, PVN"
2008-07-08,"Adam Hoyle",2.0,,,,"Yoga Life","Content Syndication to WH, RW, PVN"
2008-05-29,"Adam Hoyle",0.25,"prep and post files for Patrizia to work on RW",,,"Yoga Life","Content Syndication to WH, RW, PVN"
2008-05-27,"Adam Hoyle",0.5,"Prep WH files for Patrizia to work on design and code for inside list and detail pages",,,"Yoga Life","Content Syndication to WH, RW, PVN"
2008-05-13,"Adam Hoyle",0.5,"Call with Rodale team to discuss includes for header, footer, sidebars",,,"Yoga Life","Content Syndication to WH, RW, PVN"
2008-05-08,"Adam Hoyle",0.25,"Call w/ Matt Linde, rescheduling launch order",,,"Yoga Life","Content Syndication to WH, RW, PVN"
2008-04-02,"Adam Hoyle",6.0,"Code landing page template for each brand. (*Pre-basecamp)",,,"Yoga Life","Content Syndication to WH, RW, PVN"
2008-04-02,"Adam Hoyle",18.0,"Design for PVN, RW, WH (*Pre-basecamp)",,,"Yoga Life","Content Syndication to WH, RW, PVN"
2008-07-07,"Adam Hoyle",1.0,"iFrame slideshow ads",,,"Yoga Life","DONE: Slideshows"
2008-04-29,"Adam Hoyle",0.25,"Setup new category in CMS for slideshow xtras",,,"Yoga Life","DONE: Slideshows"
2008-11-03,"Adam Hoyle",1.0,"remove comments from iYL site and republish in dev",,,"Yoga Life","iYogaLife + Prevention launch"
2008-10-17,"Adam Hoyle",0.5,"test cURL",,,"Yoga Life","iYogaLife + Prevention launch"
2008-06-24,"Adam Hoyle",0.25,"Research RSS in Brightcove",,,"Yoga Life","Misc. Requests"
2008-05-21,"Adam Hoyle",1.0,"Setup iYogaLife pose feed with xml template, published and sent files from each pose category to Jennifer Sudol.",,,"Yoga Life","Misc. Requests"
2008-05-14,"Adam Hoyle",0.25,"Fix Dosha links...",,,"Yoga Life","Misc. Requests"
2008-05-13,"Adam Hoyle",0.25,"Dosha quiz bug fix on print button, I just commented it out.",,,"Yoga Life","Misc. Requests"
2008-10-31,"Adam Hoyle",0.75,"gather and post files for Lina at GW Media for dvd project hand off",,,"Yoga Life","Product Review Center"
2008-10-21,"Adam Hoyle",1.0,"test and adjust site in dev, move directories around and adjust paths",,,"Yoga Life","Site Migration to Rodale DEV"
2008-09-03,"Adam Hoyle",0.75,"Test rsync, review final items with Mat",,,"Yoga Life","Site Migration to Rodale DEV"
2008-09-02,"Adam Hoyle",0.538611,,"Test rsync from dev2prod and adjust as needed.","Data Migration","Yoga Life","Site Migration to Rodale DEV"
2008-09-02,"Adam Hoyle",0.75,"troubleshoot homepage",,,"Yoga Life","Site Migration to Rodale DEV"
2008-08-28,"Adam Hoyle",3.5,"Work on to-dos, troubleshoot search",,,"Yoga Life","Site Migration to Rodale DEV"
2008-08-27,"Adam Hoyle",2.5,"Work on outstanding to-dos",,,"Yoga Life","Site Migration to Rodale DEV"
2008-08-26,"Adam Hoyle",0.5,,"Fix broken divs on RW Find-a-class pages","Misc. Bugs & Updates","Yoga Life","Site Migration to Rodale DEV"
2008-08-26,"Adam Hoyle",0.25,,"RW: Change DB to prod, test","Misc. Bugs & Updates","Yoga Life","Site Migration to Rodale DEV"
2008-08-25,"Adam Hoyle",0.75,"work on find-a-class and db migration and config changes",,,"Yoga Life","Site Migration to Rodale DEV"
2008-08-25,"Adam Hoyle",3.0,"testing and troubleshooting","Update links and paths in all templates","Data Migration","Yoga Life","Site Migration to Rodale DEV"
2008-05-06,"Adam Hoyle",0.75,,"Update links and paths in all templates","Data Migration","Yoga Life","Site Migration to Rodale DEV"
2008-05-06,"Adam Hoyle",0.25,"Revise PVN navigation and post for Dena",,,"Yoga Life","Site Migration to Rodale DEV"
2008-05-06,"Adam Hoyle",0.25,"Discuss PVN specs and requirements with Matt Lindy",,,"Yoga Life","Site Migration to Rodale DEV"
2008-05-06,"Adam Hoyle",0.5,"","Update CMS settings and file paths","Data Migration","Yoga Life","Site Migration to Rodale DEV"
2008-05-06,"Adam Hoyle",0.25,"Discuss yogalife logistics with Mat Lindy",,,"Yoga Life","Site Migration to Rodale DEV"
2008-05-05,"Adam Hoyle",1.25,"Tested publishing and tweaked settings and permissions as needed","Test and adjust CMS on DEV","Data Migration","Yoga Life","Site Migration to Rodale DEV"
2008-05-04,"Adam Hoyle",0.5,"Set docroot permissions and logged into CMS to test initial publish","Test and adjust CMS on DEV","Data Migration","Yoga Life","Site Migration to Rodale DEV"
2008-05-02,"Adam Hoyle",0.25,"Test access to dev send another email to Fred.",,,"Yoga Life","Site Migration to Rodale DEV"
2008-05-01,"Adam Hoyle",0.25,"Switch Flat-file to MySQL for Jen Sudol",,,"Yoga Life","Site Migration to Rodale DEV"
2008-04-29,"Adam Hoyle",0.75,,"Move data files for initial test","Data Migration","Yoga Life","Site Migration to Rodale DEV"
2008-08-12,"Adam Hoyle",0.25,"Review updates",,,"Yoga Life","Weekly eNewsletters"
2008-08-12,"Adam Hoyle",0.3,"review enews 8.26 and 8.28 from Patrizia and send feedback",,,"Yoga Life","Weekly eNewsletters"
2008-08-22,"Adam Hoyle",0.25,"Link start slide to first slide in slideshow",,,"Yoga Life","Weekly Site Updates"
2008-08-18,"Adam Hoyle",0.75,"conference call with KD and NK",,,"Yoga Life","Weekly Site Updates"
2008-07-28,"Adam Hoyle",0.25,"Weekly call",,,"Yoga Life","Weekly Site Updates"
2008-06-30,"Adam Hoyle",0.5,"Conference call with iYogaLife",,,"Yoga Life","Weekly Site Updates"
2008-06-02,"Adam Hoyle",0.5,"Weekly conference call with Kristen and Nicole",,,"Yoga Life","Weekly Site Updates"
2008-05-12,"Adam Hoyle",0.25,"Weekly call",,,"Yoga Life","Weekly Site Updates"
2008-05-07,"Adam Hoyle",0.25,"Research Angela Kinsey photos for NK",,,"Yoga Life","Weekly Site Updates"
2008-05-06,"Adam Hoyle",0.5,"Weekly call with Nicole Kwan",,,"Yoga Life","Weekly Site Updates"