date,person,hours,description,todo,list,company,project
2010-06-29,"Adam Hoyle",1.0,"mockup change recommendations to heirarchy for products section",,,"Adaptive Engineering","Adaptive Engineering: Site Development"
2010-06-21,"Adam Hoyle",0.5,"conference call to review designs and notes with Stuart",,,"Adaptive Engineering","Adaptive Engineering: Site Development"
2010-06-21,"Adam Hoyle",0.5,"review designs for web-feasibilty",,,"Adaptive Engineering","Adaptive Engineering: Site Development"
2010-01-12,"Adam Hoyle",0.25,"setup FTP for Ali to transfer design files",,,"Allison Borowick","BILLED: Sacks + Sacks"
2010-01-11,"Adam Hoyle",0.25,"review project notes, login to Network Solutions, review design comps",,,"Allison Borowick","BILLED: Sacks + Sacks"
2011-12-01,"Adam Hoyle",0.5,"Check survey builder for David's responses. Email David re: questionnaire and project brief",,,"Archetype Consulting","Website Design & Development"
2011-11-18,"Adam Hoyle",2.0,"review action plan, brand traits, and send documents and kickoff email to client",,,"Archetype Consulting","Website Design & Development"
2011-11-17,"Adam Hoyle",0.5,"meet with Jess and Nicole, review action plan draft",,,"Archetype Consulting","Website Design & Development"
2011-11-16,"Adam Hoyle",2.0,"project setup - create new project index page, create milestones, create todos",,,"Archetype Consulting","Website Design & Development"
2011-11-14,"Adam Hoyle",0.75,"kickoff call w/ David to review slide deck",,,"Archetype Consulting","Website Design & Development"
2011-07-19,"Adam Hoyle",0.5,"updated homepage and contact page with new location info",,,"Baystate Equipment","Dev./Misc. Support"
2009-02-27,"Adam Hoyle",2.0,"work on ideas for Joel Weber, buy anything section, call with Joel",,,"Best Life","DONE: Buy Anything"
2009-02-25,"Adam Hoyle",0.25,"wireframes and concepts",,,"Best Life","DONE: Buy Anything"
2009-01-07,"Adam Hoyle",0.25,"help Joel out with some redirects from MSN",,,"Best Life","DONE: Slideshow"
2010-07-25,"Adam Hoyle",1.0,"CMS",,,"Boston Poker Events","Website Design & Dev"
2011-12-28,"Adam Hoyle",1.24,"billing",,,"Brunello, Inc.","*Brunello Admin"
2011-12-27,"Adam Hoyle",0.5,"fringe worksheet for Castro",,,"Brunello, Inc.","*Brunello Admin"
2011-12-21,"Adam Hoyle",1.0,"complete billing for nov/dec",,,"Brunello, Inc.","*Brunello Admin"
2011-12-20,"Adam Hoyle",0.5,"review billing",,,"Brunello, Inc.","*Brunello Admin"
2011-11-29,"Adam Hoyle",0.75,"process email, update basecamp, followup with clients",,,"Brunello, Inc.","*Brunello Admin"
2011-11-28,"Adam Hoyle",0.5,"review Nov. billing, update basecamp project status",,,"Brunello, Inc.","*Brunello Admin"
2011-11-08,"Adam Hoyle",0.35,"interview Ryan Coughlin",,,"Brunello, Inc.","*Brunello Admin"
2011-11-07,"Adam Hoyle",0.75,"send out invoices and payment followups",,,"Brunello, Inc.","*Brunello Admin"
2011-11-02,"Adam Hoyle",2.21778,"review September & October billing",,,"Brunello, Inc.","*Brunello Admin"
2011-11-01,"Adam Hoyle",1.25,"process email and organize, prioritize projects",,,"Brunello, Inc.","*Brunello Admin"
2011-10-31,"Adam Hoyle",1.0,"process email, followup on projects",,,"Brunello, Inc.","*Brunello Admin"
2011-10-28,"Adam Hoyle",0.75,"followups and process email",,,"Brunello, Inc.","*Brunello Admin"
2011-10-12,"Adam Hoyle",0.5,"process email",,,"Brunello, Inc.","*Brunello Admin"
2011-10-06,"Adam Hoyle",0.5,"interview",,,"Brunello, Inc.","*Brunello Admin"
2011-10-05,"Adam Hoyle",0.5,"inteview",,,"Brunello, Inc.","*Brunello Admin"
2011-10-03,"Adam Hoyle",1.76917,"process email, update estimate for Soul2Soul, followup with new potential clients",,,"Brunello, Inc.","*Brunello Admin"
2011-09-30,"Adam Hoyle",0.75,"recruitment, process emails",,,"Brunello, Inc.","*Brunello Admin"
2011-09-30,"Adam Hoyle",0.5,"mass irs authorization for paychex",,,"Brunello, Inc.","*Brunello Admin"
2011-09-27,"Adam Hoyle",1.0,"process email, project updates, update basecamp",,,"Brunello, Inc.","*Brunello Admin"
2011-09-19,"Adam Hoyle",1.0,"review billing, send out invoices and payment followups",,,"Brunello, Inc.","*Brunello Admin"
2011-09-19,"Adam Hoyle",1.5,"server crash and restore",,,"Brunello, Inc.","*Brunello Admin"
2011-09-13,"Adam Hoyle",1.23139,"August billing",,,"Brunello, Inc.","*Brunello Admin"
2011-09-06,"Adam Hoyle",2.5,"process email, review open projects, general catchup and organization",,,"Brunello, Inc.","*Brunello Admin"
2011-08-30,"Adam Hoyle",2.0,"estimates",,,"Brunello, Inc.","*Brunello Admin"
2011-07-26,"Adam Hoyle",2.0,"billing",,,"Brunello, Inc.","*Brunello Admin"
2011-07-11,"Adam Hoyle",1.0,"group meeting re: TRC, IANS, Beyonce",,,"Brunello, Inc.","*Brunello Admin"
2011-06-09,"Adam Hoyle",0.5,"non-billable call w/ Dave Edis, Dr. Frank to hand off that project and account",,,"Brunello, Inc.","*Brunello Admin"
2011-06-07,"Adam Hoyle",1.0,"process email, project coordination",,,"Brunello, Inc.","*Brunello Admin"
2011-05-31,"Adam Hoyle",1.25,"process email, update basecamp, meet with ST",,,"Brunello, Inc.","*Brunello Admin"
2011-05-16,"Adam Hoyle",1.0,"non-billable for Psychodynamics - work on post-launch bugs",,,"Brunello, Inc.","*Brunello Admin"
2011-05-16,"Adam Hoyle",0.5,"non-billable favor for F&I - add image sizes to CMS",,,"Brunello, Inc.","*Brunello Admin"
2011-05-13,"Adam Hoyle",1.0,"process email, review open projects and status, basecamp updates",,,"Brunello, Inc.","*Brunello Admin"
2011-05-10,"Adam Hoyle",1.0,"billing",,,"Brunello, Inc.","*Brunello Admin"
2011-05-06,"Adam Hoyle",1.5,"process email, update basecamp",,,"Brunello, Inc.","*Brunello Admin"
2011-05-04,"Adam Hoyle",0.25,"troubleshoot bug for Psychodynamic Researchers, bulk update permissions to comments/posts author only",,,"Brunello, Inc.","*Brunello Admin"
2011-05-04,"Adam Hoyle",1.0,"process email, update basecamp",,,"Brunello, Inc.","*Brunello Admin"
2011-04-29,"Adam Hoyle",0.75,"review April billing",,,"Brunello, Inc.","*Brunello Admin"
2011-04-22,"Adam Hoyle",1.0,"process email, update basecamp",,,"Brunello, Inc.","*Brunello Admin"
2011-04-15,"Adam Hoyle",1.5,"process email and client communications.",,,"Brunello, Inc.","*Brunello Admin"
2011-04-13,"Adam Hoyle",1.0,"process email, update basecamp",,,"Brunello, Inc.","*Brunello Admin"
2011-04-07,"Adam Hoyle",1.0,"process email, update basecamp",,,"Brunello, Inc.","*Brunello Admin"
2011-04-05,"Adam Hoyle",0.75,"process email and update basecamp",,,"Brunello, Inc.","*Brunello Admin"
2011-04-04,"Adam Hoyle",1.0,"review billing",,,"Brunello, Inc.","*Brunello Admin"
2011-03-28,"Adam Hoyle",1.5,"process email, project organization",,,"Brunello, Inc.","*Brunello Admin"
2011-03-25,"Adam Hoyle",2.0,"process email and project coordination",,,"Brunello, Inc.","*Brunello Admin"
2011-03-24,"Adam Hoyle",1.0,"billing",,,"Brunello, Inc.","*Brunello Admin"
2011-03-24,"Adam Hoyle",1.0,"process email, project coordination",,,"Brunello, Inc.","*Brunello Admin"
2011-03-21,"Adam Hoyle",1.0,"process email, project coordination",,,"Brunello, Inc.","*Brunello Admin"
2011-03-20,"Adam Hoyle",2.0,"process email, update basecamp, review open projects",,,"Brunello, Inc.","*Brunello Admin"
2011-03-16,"Adam Hoyle",2.0,"review projects, process email, update basecamp",,,"Brunello, Inc.","*Brunello Admin"
2011-03-07,"Adam Hoyle",0.75,"review February billing",,,"Brunello, Inc.","*Brunello Admin"
2011-02-25,"Adam Hoyle",1.0,"internal project support and coordination",,,"Brunello, Inc.","*Brunello Admin"
2011-02-23,"Adam Hoyle",2.0,"process email, server troubleshooting, internal communications and project coordination",,,"Brunello, Inc.","*Brunello Admin"
2011-02-22,"Adam Hoyle",1.5,"process email and client communications",,,"Brunello, Inc.","*Brunello Admin"
2011-02-17,"Adam Hoyle",0.5,"chat with D",,,"Brunello, Inc.","*Brunello Admin"
2011-02-16,"Adam Hoyle",0.5,"internal project support",,,"Brunello, Inc.","*Brunello Admin"
2011-02-15,"Adam Hoyle",1.5,"process email and internal project coordination",,,"Brunello, Inc.","*Brunello Admin"
2011-01-20,"Adam Hoyle",1.0,"Review monthly billing numbers and update basecamp",,,"Brunello, Inc.","*Brunello Admin"
2011-01-10,"Adam Hoyle",0.75,"organize notes and projects for meeting, and team meeting",,,"Brunello, Inc.","*Brunello Admin"
2010-12-09,"Adam Hoyle",1.5,"process email",,,"Brunello, Inc.","*Brunello Admin"
2010-12-08,"Adam Hoyle",0.5,"troubleshoot local dev server MySQL connection",,,"Brunello, Inc.","*Brunello Admin"
2010-12-03,"Adam Hoyle",1.5,"Interviews",,,"Brunello, Inc.","*Brunello Admin"
2010-11-30,"Adam Hoyle",1.0,"review billing for October and November",,,"Brunello, Inc.","*Brunello Admin"
2010-11-29,"Adam Hoyle",1.0,"process email",,,"Brunello, Inc.","*Brunello Admin"
2010-11-19,"Adam Hoyle",0.75,"review resumes and schedule interviews",,,"Brunello, Inc.","*Brunello Admin"
2010-11-18,"Adam Hoyle",3.0,"network upgrades, email, organization",,,"Brunello, Inc.","*Brunello Admin"
2010-11-05,"Adam Hoyle",0.5,"send out billing",,,"Brunello, Inc.","*Brunello Admin"
2010-11-05,"Adam Hoyle",0.5,"printer calibration",,,"Brunello, Inc.","*Brunello Admin"
2010-11-03,"Adam Hoyle",1.0,"process email, project planning, basecamp updates",,,"Brunello, Inc.","*Brunello Admin"
2010-11-02,"Adam Hoyle",0.75,"process email",,,"Brunello, Inc.","*Brunello Admin"
2010-10-27,"Adam Hoyle",0.5,"processing email",,,"Brunello, Inc.","*Brunello Admin"
2010-10-12,"Adam Hoyle",1.5,"process email, followup on proposals, review outstanding projects",,,"Brunello, Inc.","*Brunello Admin"
2010-10-06,"Adam Hoyle",0.5,"review September billing",,,"Brunello, Inc.","*Brunello Admin"
2010-10-06,"Adam Hoyle",1.0,"process email",,,"Brunello, Inc.","*Brunello Admin"
2010-10-04,"Adam Hoyle",0.5,"process email",,,"Brunello, Inc.","*Brunello Admin"
2010-10-01,"Adam Hoyle",0.75,"process email",,,"Brunello, Inc.","*Brunello Admin"
2010-09-30,"Adam Hoyle",1.5,"process email, client comm. and project coordination",,,"Brunello, Inc.","*Brunello Admin"
2010-09-29,"Adam Hoyle",0.5,"process email",,,"Brunello, Inc.","*Brunello Admin"
2010-09-28,"Adam Hoyle",0.75,"process email",,,"Brunello, Inc.","*Brunello Admin"
2010-09-28,"Adam Hoyle",0.5,"update and review billing",,,"Brunello, Inc.","*Brunello Admin"
2010-09-24,"Adam Hoyle",1.25,"finish ST analytics report",,,"Brunello, Inc.","*Brunello Admin"
2010-09-22,"Adam Hoyle",0.75,"process email",,,"Brunello, Inc.","*Brunello Admin"
2010-09-21,"Adam Hoyle",0.25,"group meeting",,,"Brunello, Inc.","*Brunello Admin"
2010-09-20,"Adam Hoyle",1.5,"Reviewing billing, send to Lorie",,,"Brunello, Inc.","*Brunello Admin"
2010-09-20,"Adam Hoyle",0.5,"process email",,,"Brunello, Inc.","*Brunello Admin"
2010-09-17,"Adam Hoyle",0.5,"process email",,,"Brunello, Inc.","*Brunello Admin"
2010-09-16,"Adam Hoyle",1.5,"process email",,,"Brunello, Inc.","*Brunello Admin"
2010-09-15,"Adam Hoyle",1.0,"process email",,,"Brunello, Inc.","*Brunello Admin"
2010-09-14,"Adam Hoyle",1.5,"process email, project coordination",,,"Brunello, Inc.","*Brunello Admin"
2010-09-14,"Adam Hoyle",0.75,"Tuesday morning meeting",,,"Brunello, Inc.","*Brunello Admin"
2010-09-13,"Adam Hoyle",1.5,"process email and internal project coordination",,,"Brunello, Inc.","*Brunello Admin"
2010-09-09,"Adam Hoyle",1.75,"Review August billing, check Catalyst and followup on past-due invoices",,,"Brunello, Inc.","*Brunello Admin"
2010-09-08,"Adam Hoyle",1.0,"process email",,,"Brunello, Inc.","*Brunello Admin"
2010-09-08,"Adam Hoyle",2.5,"catching up on email, process email, review open project, update basecamp, internal project support",,,"Brunello, Inc.","*Brunello Admin"
2010-09-02,"Adam Hoyle",1.0,"process email",,,"Brunello, Inc.","*Brunello Admin"
2010-08-30,"Adam Hoyle",0.25,"process email",,,"Brunello, Inc.","*Brunello Admin"
2010-08-30,"Adam Hoyle",0.5,"process email",,,"Brunello, Inc.","*Brunello Admin"
2010-08-30,"Adam Hoyle",0.5,"weekly meeting",,,"Brunello, Inc.","*Brunello Admin"
2010-08-27,"Adam Hoyle",1.5,"process email, client communications and internal project management",,,"Brunello, Inc.","*Brunello Admin"
2010-08-26,"Adam Hoyle",1.0,"process email",,,"Brunello, Inc.","*Brunello Admin"
2010-08-25,"Adam Hoyle",2.5,"build analytics CMS for Nicole's reporting",,,"Brunello, Inc.","*Brunello Admin"
2010-08-24,"Adam Hoyle",0.75,"process email",,,"Brunello, Inc.","*Brunello Admin"
2010-08-24,"Adam Hoyle",0.75,"weekly meeting",,,"Brunello, Inc.","*Brunello Admin"
2010-08-23,"Adam Hoyle",1.75,"process email, review basecamp, review project status",,,"Brunello, Inc.","*Brunello Admin"
2010-08-23,"Adam Hoyle",0.5,"project update meeting with Adam B",,,"Brunello, Inc.","*Brunello Admin"
2010-08-23,"Adam Hoyle",0.5,"project update meeting with Jill",,,"Brunello, Inc.","*Brunello Admin"
2010-08-23,"Adam Hoyle",0.5,"project update meeting with Derek",,,"Brunello, Inc.","*Brunello Admin"
2010-08-23,"Adam Hoyle",0.75,"project update meeting with Scarlett",,,"Brunello, Inc.","*Brunello Admin"
2010-08-11,"Adam Hoyle",2.5,"tying up loose ends before I leave for vacation",,,"Brunello, Inc.","*Brunello Admin"
2010-08-11,"Adam Hoyle",2.0,"process email, internal project support",,,"Brunello, Inc.","*Brunello Admin"
2010-08-10,"Adam Hoyle",0.5,"post invoices to catalyst and review current A/R",,,"Brunello, Inc.","*Brunello Admin"
2010-08-10,"Adam Hoyle",1.25,"process email",,,"Brunello, Inc.","*Brunello Admin"
2010-08-10,"Adam Hoyle",0.5,"review July billing",,,"Brunello, Inc.","*Brunello Admin"
2010-08-09,"Adam Hoyle",0.5,"monday morning meeting",,,"Brunello, Inc.","*Brunello Admin"
2010-08-06,"Adam Hoyle",0.5,"finish July billing and send to Lorie",,,"Brunello, Inc.","*Brunello Admin"
2010-08-05,"Adam Hoyle",1.0,"review July billing",,,"Brunello, Inc.","*Brunello Admin"
2010-08-05,"Adam Hoyle",1.5,"process email",,,"Brunello, Inc.","*Brunello Admin"
2010-08-04,"Adam Hoyle",0.75,"process email",,,"Brunello, Inc.","*Brunello Admin"
2010-08-03,"Adam Hoyle",0.5,"process email and plan day",,,"Brunello, Inc.","*Brunello Admin"
2010-08-02,"Adam Hoyle",0.25,"process email",,,"Brunello, Inc.","*Brunello Admin"
2010-08-02,"Adam Hoyle",0.5,"monday morning meeting",,,"Brunello, Inc.","*Brunello Admin"
2010-07-30,"Adam Hoyle",1.0,"process and respond to emails",,,"Brunello, Inc.","*Brunello Admin"
2010-07-29,"Adam Hoyle",0.75,"review billing and upload to catalyst, update basecamp",,,"Brunello, Inc.","*Brunello Admin"
2010-07-29,"Adam Hoyle",0.75,"process email",,,"Brunello, Inc.","*Brunello Admin"
2010-07-26,"Adam Hoyle",0.5,"review billing",,,"Brunello, Inc.","*Brunello Admin"
2010-07-26,"Adam Hoyle",0.5,"respond to emails and internal support",,,"Brunello, Inc.","*Brunello Admin"
2010-07-26,"Adam Hoyle",0.75,"process email",,,"Brunello, Inc.","*Brunello Admin"
2010-07-26,"Adam Hoyle",0.75,"monday meeting",,,"Brunello, Inc.","*Brunello Admin"
2010-07-26,"Adam Hoyle",0.5,"process email and organize priorities for day/week",,,"Brunello, Inc.","*Brunello Admin"
2010-07-23,"Adam Hoyle",0.5,"Meeting with Sean Sanker - Baystate IT",,,"Brunello, Inc.","*Brunello Admin"
2010-07-22,"Adam Hoyle",1.0,"process email",,,"Brunello, Inc.","*Brunello Admin"
2010-07-21,"Adam Hoyle",1.75,"review June billing",,,"Brunello, Inc.","*Brunello Admin"
2010-07-21,"Adam Hoyle",2.0,"process email and support",,,"Brunello, Inc.","*Brunello Admin"
2010-07-20,"Adam Hoyle",0.5,"process email",,,"Brunello, Inc.","*Brunello Admin"
2010-07-19,"Adam Hoyle",1.0,"process email",,,"Brunello, Inc.","*Brunello Admin"
2010-07-19,"Adam Hoyle",0.5,"weekly Brunello team meeting",,,"Brunello, Inc.","*Brunello Admin"
2010-07-15,"Adam Hoyle",2.5,"build analytics reports website with CMS",,,"Brunello, Inc.","*Brunello Admin"
2010-07-14,"Adam Hoyle",0.75,"review offsite backup options and setup test on mac-mini server",,,"Brunello, Inc.","*Brunello Admin"
2010-07-14,"Adam Hoyle",0.75,"process email, update basecamp",,,"Brunello, Inc.","*Brunello Admin"
2010-07-13,"Adam Hoyle",1.0,"research offsite backup solutions, paid and open source",,,"Brunello, Inc.","*Brunello Admin"
2010-07-13,"Adam Hoyle",1.5,"process email and update basecamp",,,"Brunello, Inc.","*Brunello Admin"
2010-07-13,"Adam Hoyle",1.0,"gather account details for camus and setup new control panel access",,,"Brunello, Inc.","*Brunello Admin"
2010-07-13,"Adam Hoyle",0.5,"brunello team meeting",,,"Brunello, Inc.","*Brunello Admin"
2010-07-08,"Adam Hoyle",2.0,"process emails",,,"Brunello, Inc.","*Brunello Admin"
2010-07-07,"Adam Hoyle",1.5,"process email",,,"Brunello, Inc.","*Brunello Admin"
2010-07-06,"Adam Hoyle",1.0,"process email, update basecamp",,,"Brunello, Inc.","*Brunello Admin"
2010-06-30,"Adam Hoyle",2.0,"project support",,,"Brunello, Inc.","*Brunello Admin"
2010-06-30,"Adam Hoyle",0.75,"emergency plan B for FACE",,,"Brunello, Inc.","*Brunello Admin"
2010-06-29,"Adam Hoyle",0.75,"process email",,,"Brunello, Inc.","*Brunello Admin"
2010-06-25,"Adam Hoyle",1.25,"process email",,,"Brunello, Inc.","*Brunello Admin"
2010-06-24,"Adam Hoyle",1.0,"process email",,,"Brunello, Inc.","*Brunello Admin"
2010-06-23,"Adam Hoyle",0.5,"review and update billed projects in basecamp",,,"Brunello, Inc.","*Brunello Admin"
2010-06-22,"Adam Hoyle",1.5,"process email, update basecamp",,,"Brunello, Inc.","*Brunello Admin"
2010-06-21,"Adam Hoyle",1.0,"process email, update basecamp, review priorities for day",,,"Brunello, Inc.","*Brunello Admin"
2010-06-17,"Adam Hoyle",1.25,"process email, review open projects and basecamp",,,"Brunello, Inc.","*Brunello Admin"
2010-06-15,"Adam Hoyle",0.5,"process email",,,"Brunello, Inc.","*Brunello Admin"
2010-06-14,"Adam Hoyle",1.5,"process email , update basecamp milestones",,,"Brunello, Inc.","*Brunello Admin"
2010-06-14,"Adam Hoyle",0.75,"process, organize and file snail mail w/ Lorie",,,"Brunello, Inc.","*Brunello Admin"
2010-06-13,"Adam Hoyle",2.0,"May billing",,,"Brunello, Inc.","*Brunello Admin"
2010-06-09,"Adam Hoyle",1.5,"process email",,,"Brunello, Inc.","*Brunello Admin"
2010-06-09,"Adam Hoyle",1.0,"network troubleshooting and setup",,,"Brunello, Inc.","*Brunello Admin"
2010-06-08,"Adam Hoyle",1.5,"process email, update basecamp",,,"Brunello, Inc.","*Brunello Admin"
2010-06-08,"Adam Hoyle",3.0,"network troubleshooting",,,"Brunello, Inc.","*Brunello Admin"
2010-06-04,"Adam Hoyle",1.5,"process email, update basecamp, setup email account for achana, etc",,,"Brunello, Inc.","*Brunello Admin"
2010-06-03,"Adam Hoyle",0.75,"process email, update basecamp",,,"Brunello, Inc.","*Brunello Admin"
2010-06-02,"Adam Hoyle",1.5,"process email",,,"Brunello, Inc.","*Brunello Admin"
2010-05-27,"Adam Hoyle",1.0,"process email and client communications",,,"Brunello, Inc.","*Brunello Admin"
2010-05-26,"Adam Hoyle",0.75,"process email",,,"Brunello, Inc.","*Brunello Admin"
2010-05-26,"Adam Hoyle",0.25,"review designs for new BC letterhead and business cards",,,"Brunello, Inc.","*Brunello Admin"
2010-05-25,"Adam Hoyle",1.25,"process email, client phone calls, basecamp review of current project status",,,"Brunello, Inc.","*Brunello Admin"
2010-05-21,"Adam Hoyle",1.5,"process email",,,"Brunello, Inc.","*Brunello Admin"
2010-05-17,"Adam Hoyle",1.0,"process email",,,"Brunello, Inc.","*Brunello Admin"
2010-05-11,"Adam Hoyle",1.25,"process email",,,"Brunello, Inc.","*Brunello Admin"
2010-05-06,"Adam Hoyle",0.5,"process email",,,"Brunello, Inc.","*Brunello Admin"
2010-04-29,"Adam Hoyle",0.25,"process email, administrative tasks",,,"Brunello, Inc.","*Brunello Admin"
2010-04-26,"Adam Hoyle",1.25,"process email, review and approve Pressflow blog post",,,"Brunello, Inc.","*Brunello Admin"
2010-04-23,"Adam Hoyle",0.25,"support for email setup for Danielle",,,"Brunello, Inc.","*Brunello Admin"
2010-04-22,"Adam Hoyle",0.75,"process email",,,"Brunello, Inc.","*Brunello Admin"
2010-04-21,"Adam Hoyle",1.5,"process email",,,"Brunello, Inc.","*Brunello Admin"
2010-04-16,"Adam Hoyle",0.5,"process email and review project status",,,"Brunello, Inc.","*Brunello Admin"
2010-04-16,"Adam Hoyle",1.25,"work on orientation guide for Jill and Adam",,,"Brunello, Inc.","*Brunello Admin"
2010-04-15,"Adam Hoyle",1.0,"processing email, phone calls with realtors and clients",,,"Brunello, Inc.","*Brunello Admin"
2010-04-15,"Adam Hoyle",0.5,"milestone review Rodale BC vs. Brunello BC",,,"Brunello, Inc.","*Brunello Admin"
2010-04-14,"Adam Hoyle",0.75,"process email",,,"Brunello, Inc.","*Brunello Admin"
2010-04-14,"Adam Hoyle",0.25,"submit lease offer for 116 Newbury to Alex",,,"Brunello, Inc.","*Brunello Admin"
2010-04-12,"Adam Hoyle",0.75,"process email",,,"Brunello, Inc.","*Brunello Admin"
2010-04-08,"Adam Hoyle",0.5,"process email",,,"Brunello, Inc.","*Brunello Admin"
2010-04-07,"Adam Hoyle",0.5,"process email",,,"Brunello, Inc.","*Brunello Admin"
2010-04-06,"Adam Hoyle",1.0,"process email",,,"Brunello, Inc.","*Brunello Admin"
2010-04-05,"Adam Hoyle",0.5,"process email",,,"Brunello, Inc.","*Brunello Admin"
2010-04-05,"Adam Hoyle",0.75,"drupal interview",,,"Brunello, Inc.","*Brunello Admin"
2010-04-05,"Adam Hoyle",0.5,"process email",,,"Brunello, Inc.","*Brunello Admin"
2010-04-01,"Adam Hoyle",1.0,"process email",,,"Brunello, Inc.","*Brunello Admin"
2010-03-31,"Adam Hoyle",1.0,"drafting job offer for Jose",,,"Brunello, Inc.","*Brunello Admin"
2010-03-31,"Adam Hoyle",0.5,"process email",,,"Brunello, Inc.","*Brunello Admin"
2010-03-30,"Adam Hoyle",1.0,"process email",,,"Brunello, Inc.","*Brunello Admin"
2010-03-29,"Adam Hoyle",0.5,"Recruiting on LinkedIn",,,"Brunello, Inc.","*Brunello Admin"
2010-03-29,"Adam Hoyle",0.75,"Process email and followup on LinkedIn connections",,,"Brunello, Inc.","*Brunello Admin"
2010-03-29,"Adam Hoyle",0.5,"process email",,,"Brunello, Inc.","*Brunello Admin"
2010-03-26,"Adam Hoyle",0.5,"Recruiting via LinkedIn",,,"Brunello, Inc.","*Brunello Admin"
2010-03-25,"Adam Hoyle",0.5,"Interview Joe TuFo",,,"Brunello, Inc.","*Brunello Admin"
2010-03-24,"Adam Hoyle",0.5,"process email, review billing for Rodale",,,"Brunello, Inc.","*Brunello Admin"
2010-03-24,"Adam Hoyle",1.0,"review project status with Niki, Mat, Scarlett, Jess",,,"Brunello, Inc.","*Brunello Admin"
2010-03-18,"Adam Hoyle",2.0,".Net and Drupal recruitment",,,"Brunello, Inc.","*Brunello Admin"
2010-03-18,"Adam Hoyle",0.75,"process email",,,"Brunello, Inc.","*Brunello Admin"
2010-03-17,"Adam Hoyle",1.0,"process email",,,"Brunello, Inc.","*Brunello Admin"
2010-03-15,"Adam Hoyle",0.5,"review tax return",,,"Brunello, Inc.","*Brunello Admin"
2010-03-12,"Adam Hoyle",0.5,"process email",,,"Brunello, Inc.","*Brunello Admin"
2010-03-12,"Adam Hoyle",1.5,"process email, project status updates with Jess, Mat Scarlett",,,"Brunello, Inc.","*Brunello Admin"
2010-03-11,"Adam Hoyle",0.75,"review projects and update basecamp",,,"Brunello, Inc.","*Brunello Admin"
2010-03-11,"Adam Hoyle",0.5,"process email",,,"Brunello, Inc.","*Brunello Admin"
2010-03-10,"Adam Hoyle",0.5,"process email",,,"Brunello, Inc.","*Brunello Admin"
2010-03-09,"Adam Hoyle",0.25,"process email",,,"Brunello, Inc.","*Brunello Admin"
2010-03-08,"Adam Hoyle",0.75,"process email and update basecamp",,,"Brunello, Inc.","*Brunello Admin"
2010-03-05,"Adam Hoyle",1.5,"read drupal documentation intro, install locally and research taxonomy and nodes",,,"Brunello, Inc.","*Brunello Admin"
2010-03-04,"Adam Hoyle",1.5,"write Drupal job desc and add to Brunello website",,,"Brunello, Inc.","*Brunello Admin"
2010-03-04,"Adam Hoyle",1.0,"process email, update basecamp",,,"Brunello, Inc.","*Brunello Admin"
2010-02-26,"Adam Hoyle",0.25,"process email, update basecamp",,,"Brunello, Inc.","*Brunello Admin"
2010-02-25,"Adam Hoyle",0.25,"Update basecamp",,,"Brunello, Inc.","*Brunello Admin"
2010-02-24,"Adam Hoyle",1.0,"Meeting with David Colwell re: ASP.NET developer",,,"Brunello, Inc.","*Brunello Admin"
2010-02-24,"Adam Hoyle",1.5,"process email",,,"Brunello, Inc.","*Brunello Admin"
2010-02-23,"Adam Hoyle",0.5,"review invoices, submit to catalyst, update basecamp",,,"Brunello, Inc.","*Brunello Admin"
2010-02-23,"Adam Hoyle",0.5,"process email]",,,"Brunello, Inc.","*Brunello Admin"
2010-02-19,"Adam Hoyle",1.5,"catchup on emails and processing notes for basecamp",,,"Brunello, Inc.","*Brunello Admin"
2010-02-19,"Adam Hoyle",0.5,"Oragnizing and filing paperwork",,,"Brunello, Inc.","*Brunello Admin"
2010-02-19,"Adam Hoyle",1.5,"BILLING!",,,"Brunello, Inc.","*Brunello Admin"
2010-02-19,"Adam Hoyle",0.75,"review project and check status updates",,,"Brunello, Inc.","*Brunello Admin"
2010-02-19,"Adam Hoyle",1.0,"process email",,,"Brunello, Inc.","*Brunello Admin"
2010-02-16,"Adam Hoyle",0.75,"process email",,,"Brunello, Inc.","*Brunello Admin"
2010-02-16,"Adam Hoyle",0.5,"process email, update basecamp, review billing",,,"Brunello, Inc.","*Brunello Admin"
2010-02-12,"Adam Hoyle",0.5,"process email",,,"Brunello, Inc.","*Brunello Admin"
2010-02-11,"Adam Hoyle",0.5,"review billing and update basecamp",,,"Brunello, Inc.","*Brunello Admin"
2010-02-09,"Adam Hoyle",0.5,"process email, update basecamp, print checks",,,"Brunello, Inc.","*Brunello Admin"
2010-02-05,"Adam Hoyle",0.5,"process email",,,"Brunello, Inc.","*Brunello Admin"
2010-02-03,"Adam Hoyle",0.5,"process email, update basecamp",,,"Brunello, Inc.","*Brunello Admin"
2010-02-03,"Adam Hoyle",0.5,"process email, plan for MH meeting",,,"Brunello, Inc.","*Brunello Admin"
2010-02-02,"Adam Hoyle",0.5,"process email",,,"Brunello, Inc.","*Brunello Admin"
2010-02-01,"Adam Hoyle",0.25,"update basecamp billing",,,"Brunello, Inc.","*Brunello Admin"
2010-02-01,"Adam Hoyle",2.0,"processing email, catching up on long lost emails from after the new years rush",,,"Brunello, Inc.","*Brunello Admin"
2010-01-29,"Adam Hoyle",0.5,"process email",,,"Brunello, Inc.","*Brunello Admin"
2010-01-28,"Adam Hoyle",1.5,"process email",,,"Brunello, Inc.","*Brunello Admin"
2010-01-28,"Adam Hoyle",0.25,"review basecamp and update completed projects",,,"Brunello, Inc.","*Brunello Admin"
2010-01-27,"Adam Hoyle",1.0,"email",,,"Brunello, Inc.","*Brunello Admin"
2010-01-27,"Adam Hoyle",0.25,"process email, update basecamp",,,"Brunello, Inc.","*Brunello Admin"
2010-01-27,"Adam Hoyle",1.5,"process email, so much email.",,,"Brunello, Inc.","*Brunello Admin"
2010-01-27,"Adam Hoyle",0.5,"sad mac",,,"Brunello, Inc.","*Brunello Admin"
2010-01-26,"Adam Hoyle",0.5,"process email, followup with paychex, call castro re: 1099's",,,"Brunello, Inc.","*Brunello Admin"
2010-01-22,"Adam Hoyle",0.5,"move brunellohosting.com to brunohosting.com",,,"Brunello, Inc.","*Brunello Admin"
2010-01-20,"Adam Hoyle",0.5,"process email",,,"Brunello, Inc.","*Brunello Admin"
2010-01-19,"Adam Hoyle",0.5,"testing alarm with ADT",,,"Brunello, Inc.","*Brunello Admin"
2010-01-19,"Adam Hoyle",0.25,"process email, update basecamp",,,"Brunello, Inc.","*Brunello Admin"
2010-01-18,"Adam Hoyle",0.75,"process email",,,"Brunello, Inc.","*Brunello Admin"
2010-01-15,"Adam Hoyle",1.0,"backup baystate equipment",,,"Brunello, Inc.","*Brunello Admin"
2010-01-15,"Adam Hoyle",0.5,"process email, review projects and priorities",,,"Brunello, Inc.","*Brunello Admin"
2010-01-14,"Adam Hoyle",0.75,"backup MH Living, process email",,,"Brunello, Inc.","*Brunello Admin"
2010-01-13,"Adam Hoyle",0.5,"process email",,,"Brunello, Inc.","*Brunello Admin"
2010-01-13,"Adam Hoyle",0.25,"review and renew domain names with godaddy",,,"Brunello, Inc.","*Brunello Admin"
2010-01-11,"Adam Hoyle",0.5,"process email",,,"Brunello, Inc.","*Brunello Admin"
2010-01-07,"Adam Hoyle",0.5,"process email",,,"Brunello, Inc.","*Brunello Admin"
2010-01-06,"Adam Hoyle",0.25,"review contracts",,,"Brunello, Inc.","*Brunello Admin"
2010-01-06,"Adam Hoyle",0.5,"process email",,,"Brunello, Inc.","*Brunello Admin"
2010-01-04,"Adam Hoyle",0.5,"review billing and update basecamp",,,"Brunello, Inc.","*Brunello Admin"
2009-12-21,"Adam Hoyle",1.25,"process email, basecamp, billing",,,"Brunello, Inc.","*Brunello Admin"
2009-12-18,"Adam Hoyle",1.5,"process email and client communication, update basecamp project status",,,"Brunello, Inc.","*Brunello Admin"
2009-12-14,"Adam Hoyle",0.5,"process email",,,"Brunello, Inc.","*Brunello Admin"
2009-12-14,"Adam Hoyle",0.75,"process email",,,"Brunello, Inc.","*Brunello Admin"
2009-12-11,"Adam Hoyle",1.0,"process email and update basecamp projects",,,"Brunello, Inc.","*Brunello Admin"
2009-12-10,"Adam Hoyle",0.5,"process email",,,"Brunello, Inc.","*Brunello Admin"
2009-12-09,"Adam Hoyle",0.5,"process email",,,"Brunello, Inc.","*Brunello Admin"
2009-12-08,"Adam Hoyle",0.25,"process email",,,"Brunello, Inc.","*Brunello Admin"
2009-12-07,"Adam Hoyle",0.25,"udpate basecamp with new WH projects and update billing",,,"Brunello, Inc.","*Brunello Admin"
2009-12-04,"Adam Hoyle",0.75,"process email, update basecamp, review open projects",,,"Brunello, Inc.","*Brunello Admin"
2009-12-04,"Adam Hoyle",0.75,"Mac troubleshooting",,,"Brunello, Inc.","*Brunello Admin"
2009-12-03,"Adam Hoyle",1.25,"process email",,,"Brunello, Inc.","*Brunello Admin"
2009-12-03,"Adam Hoyle",0.5,"call w/ Dave Edis re: Belly Off!",,,"Brunello, Inc.","*Brunello Admin"
2009-12-01,"Adam Hoyle",1.0,"process email",,,"Brunello, Inc.","*Brunello Admin"
2009-11-30,"Adam Hoyle",0.25,"process email and update basecamp",,,"Brunello, Inc.","*Brunello Admin"
2009-11-30,"Adam Hoyle",0.25,"process email",,,"Brunello, Inc.","*Brunello Admin"
2009-11-25,"Adam Hoyle",0.5,"call w/ dave edis re: NYNY",,,"Brunello, Inc.","*Brunello Admin"
2009-11-24,"Adam Hoyle",0.5,"process email and update basecamp",,,"Brunello, Inc.","*Brunello Admin"
2009-11-23,"Adam Hoyle",0.5,"process email, update basecamp",,,"Brunello, Inc.","*Brunello Admin"
2009-11-19,"Adam Hoyle",1.0,"process email",,,"Brunello, Inc.","*Brunello Admin"
2009-11-18,"Adam Hoyle",0.25,"process email update basecamp",,,"Brunello, Inc.","*Brunello Admin"
2009-11-17,"Adam Hoyle",0.75,"process email and update basecmap",,,"Brunello, Inc.","*Brunello Admin"
2009-11-16,"Adam Hoyle",0.75,"process email",,,"Brunello, Inc.","*Brunello Admin"
2009-11-13,"Adam Hoyle",0.75,"process email, update basecamp",,,"Brunello, Inc.","*Brunello Admin"
2009-11-12,"Adam Hoyle",0.25,"process email",,,"Brunello, Inc.","*Brunello Admin"
2009-11-12,"Adam Hoyle",1.0,"review billing and put together notes for nicole",,,"Brunello, Inc.","*Brunello Admin"
2009-11-12,"Adam Hoyle",0.25,"process email",,,"Brunello, Inc.","*Brunello Admin"
2009-11-12,"Adam Hoyle",0.75,"adobe tech support",,,"Brunello, Inc.","*Brunello Admin"
2009-11-11,"Adam Hoyle",0.25,"process email",,,"Brunello, Inc.","*Brunello Admin"
2009-11-10,"Adam Hoyle",1.75,"process email 100 to 15",,,"Brunello, Inc.","*Brunello Admin"
2009-11-09,"Adam Hoyle",0.5,"process email",,,"Brunello, Inc.","*Brunello Admin"
2009-11-06,"Adam Hoyle",0.75,"process email",,,"Brunello, Inc.","*Brunello Admin"
2009-11-05,"Adam Hoyle",0.5,"process email",,,"Brunello, Inc.","*Brunello Admin"
2009-11-05,"Adam Hoyle",0.25,"update basecamp",,,"Brunello, Inc.","*Brunello Admin"
2009-11-03,"Adam Hoyle",0.5,"process email",,,"Brunello, Inc.","*Brunello Admin"
2009-11-03,"Adam Hoyle",0.25,"process email",,,"Brunello, Inc.","*Brunello Admin"
2009-11-02,"Adam Hoyle",2.25,"process email",,,"Brunello, Inc.","*Brunello Admin"
2009-11-02,"Adam Hoyle",1.5,"process email",,,"Brunello, Inc.","*Brunello Admin"
2009-10-30,"Adam Hoyle",1.25,"process email",,,"Brunello, Inc.","*Brunello Admin"
2009-10-28,"Adam Hoyle",0.25,"process email",,,"Brunello, Inc.","*Brunello Admin"
2009-10-27,"Adam Hoyle",0.5,"process email",,,"Brunello, Inc.","*Brunello Admin"
2009-10-27,"Adam Hoyle",0.5,"process email",,,"Brunello, Inc.","*Brunello Admin"
2009-10-26,"Adam Hoyle",0.25,"process email",,,"Brunello, Inc.","*Brunello Admin"
2009-10-26,"Adam Hoyle",0.25,"process email",,,"Brunello, Inc.","*Brunello Admin"
2009-10-23,"Adam Hoyle",0.5,"process email",,,"Brunello, Inc.","*Brunello Admin"
2009-10-23,"Adam Hoyle",0.5,"process email, update basecamp",,,"Brunello, Inc.","*Brunello Admin"
2009-10-22,"Adam Hoyle",2.75,"process email and meeting notes",,,"Brunello, Inc.","*Brunello Admin"
2009-10-20,"Adam Hoyle",0.750833,"process email",,,"Brunello, Inc.","*Brunello Admin"
2009-10-19,"Adam Hoyle",1.0,"process email, transfer files for Scarlett and outline priorities",,,"Brunello, Inc.","*Brunello Admin"
2009-10-19,"Adam Hoyle",0.25,"update billed projects in basecamp",,,"Brunello, Inc.","*Brunello Admin"
2009-10-19,"Adam Hoyle",0.25,"process email",,,"Brunello, Inc.","*Brunello Admin"
2009-10-19,"Adam Hoyle",0.25,"process email, review billing",,,"Brunello, Inc.","*Brunello Admin"
2009-10-15,"Adam Hoyle",0.75,"process email",,,"Brunello, Inc.","*Brunello Admin"
2009-10-14,"Adam Hoyle",0.75,"process email",,,"Brunello, Inc.","*Brunello Admin"
2009-10-14,"Adam Hoyle",0.5,"process email",,,"Brunello, Inc.","*Brunello Admin"
2009-10-13,"Adam Hoyle",0.75,"process email, review billing",,,"Brunello, Inc.","*Brunello Admin"
2009-10-13,"Adam Hoyle",1.25,"Call w/ Steve re: project check-in and new work",,,"Brunello, Inc.","*Brunello Admin"
2009-10-08,"Adam Hoyle",1.0,"Meet with realtor and view office space",,,"Brunello, Inc.","*Brunello Admin"
2009-10-08,"Adam Hoyle",0.75,"process email",,,"Brunello, Inc.","*Brunello Admin"
2009-10-06,"Adam Hoyle",1.0,"look at office space w/ Nicole",,,"Brunello, Inc.","*Brunello Admin"
2009-10-06,"Adam Hoyle",1.5,"finish billing",,,"Brunello, Inc.","*Brunello Admin"
2009-10-06,"Adam Hoyle",0.5,"review billing and send notes to Nicole",,,"Brunello, Inc.","*Brunello Admin"
2009-10-06,"Adam Hoyle",0.75,"process email",,,"Brunello, Inc.","*Brunello Admin"
2009-10-06,"Adam Hoyle",1.0,"process email",,,"Brunello, Inc.","*Brunello Admin"
2009-10-05,"Adam Hoyle",1.25,"adobe support, processing email while on hold",,,"Brunello, Inc.","*Brunello Admin"
2009-10-05,"Adam Hoyle",0.25,"update basecamp billing",,,"Brunello, Inc.","*Brunello Admin"
2009-10-05,"Adam Hoyle",0.5,"process email",,,"Brunello, Inc.","*Brunello Admin"
2009-10-02,"Adam Hoyle",0.75,"process email",,,"Brunello, Inc.","*Brunello Admin"
2009-10-01,"Adam Hoyle",0.5,"process email",,,"Brunello, Inc.","*Brunello Admin"
2009-10-01,"Adam Hoyle",1.0,"process email, research diffmerge",,,"Brunello, Inc.","*Brunello Admin"
2009-09-30,"Adam Hoyle",1.0,"process email",,,"Brunello, Inc.","*Brunello Admin"
2009-09-29,"Adam Hoyle",0.25,"process email",,,"Brunello, Inc.","*Brunello Admin"
2009-09-29,"Adam Hoyle",0.5,"process email",,,"Brunello, Inc.","*Brunello Admin"
2009-09-28,"Adam Hoyle",0.5,"process email",,,"Brunello, Inc.","*Brunello Admin"
2009-09-25,"Adam Hoyle",0.5,"process email",,,"Brunello, Inc.","*Brunello Admin"
2009-09-24,"Adam Hoyle",0.75,"process email and prioritize day",,,"Brunello, Inc.","*Brunello Admin"
2009-09-22,"Adam Hoyle",0.5,"process email, update basecamp",,,"Brunello, Inc.","*Brunello Admin"
2009-09-22,"Adam Hoyle",0.75,"process email",,,"Brunello, Inc.","*Brunello Admin"
2009-09-21,"Adam Hoyle",0.5,"process email",,,"Brunello, Inc.","*Brunello Admin"
2009-09-21,"Adam Hoyle",0.5,"review MH and WH billing",,,"Brunello, Inc.","*Brunello Admin"
2009-09-21,"Adam Hoyle",0.5,"calls and email",,,"Brunello, Inc.","*Brunello Admin"
2009-09-18,"Adam Hoyle",0.75,"process email, update basecamp",,,"Brunello, Inc.","*Brunello Admin"
2009-09-17,"Adam Hoyle",0.5,"process email and review projects",,,"Brunello, Inc.","*Brunello Admin"
2009-09-16,"Adam Hoyle",0.25,"process email",,,"Brunello, Inc.","*Brunello Admin"
2009-09-15,"Adam Hoyle",0.75,"process email, review open projects and priorities, update basecamp",,,"Brunello, Inc.","*Brunello Admin"
2009-09-15,"Adam Hoyle",0.5,"process email, update basecamp",,,"Brunello, Inc.","*Brunello Admin"
2009-09-14,"Adam Hoyle",0.5,"pocess email, review active projects",,,"Brunello, Inc.","*Brunello Admin"
2009-09-11,"Adam Hoyle",1.0,"research new hosting solutions",,,"Brunello, Inc.","*Brunello Admin"
2009-09-11,"Adam Hoyle",0.75,"process emails",,,"Brunello, Inc.","*Brunello Admin"
2009-09-10,"Adam Hoyle",1.0,"process email",,,"Brunello, Inc.","*Brunello Admin"
2009-09-09,"Adam Hoyle",1.75,"process email and update basecamp, organize projects, deadlines and priorities - 79 to 13",,,"Brunello, Inc.","*Brunello Admin"
2009-09-09,"Adam Hoyle",1.25,"process email",,,"Brunello, Inc.","*Brunello Admin"
2009-09-09,"Adam Hoyle",0.5,"process email",,,"Brunello, Inc.","*Brunello Admin"
2009-09-08,"Adam Hoyle",0.75,"process email and update basecamp",,,"Brunello, Inc.","*Brunello Admin"
2009-09-08,"Adam Hoyle",0.5,"process email, update basecamp",,,"Brunello, Inc.","*Brunello Admin"
2009-09-04,"Adam Hoyle",0.5,"process email",,,"Brunello, Inc.","*Brunello Admin"
2009-09-03,"Adam Hoyle",0.5,"process email, update basecamp",,,"Brunello, Inc.","*Brunello Admin"
2009-09-02,"Adam Hoyle",0.5,"process email and update basecamp",,,"Brunello, Inc.","*Brunello Admin"
2009-09-02,"Adam Hoyle",0.5,"process email and review active projects, update basecamp",,,"Brunello, Inc.","*Brunello Admin"
2009-09-01,"Adam Hoyle",0.25,"update basecamp",,,"Brunello, Inc.","*Brunello Admin"
2009-09-01,"Adam Hoyle",1.5,"backup ETNT site and database",,,"Brunello, Inc.","*Brunello Admin"
2009-08-31,"Adam Hoyle",0.75,"work on contracts",,,"Brunello, Inc.","*Brunello Admin"
2009-08-31,"Adam Hoyle",0.25,"update basecamp",,,"Brunello, Inc.","*Brunello Admin"
2009-08-31,"Adam Hoyle",1.5,"process email and update basecamp",,,"Brunello, Inc.","*Brunello Admin"
2009-08-28,"Adam Hoyle",0.5,"process email",,,"Brunello, Inc.","*Brunello Admin"
2009-08-27,"Adam Hoyle",0.5,"process email",,,"Brunello, Inc.","*Brunello Admin"
2009-08-26,"Adam Hoyle",1.5,"process email, update basecamp, review and prioritize outstanding work.",,,"Brunello, Inc.","*Brunello Admin"
2009-08-26,"Adam Hoyle",0.75,"process email and review projects",,,"Brunello, Inc.","*Brunello Admin"
2009-08-24,"Adam Hoyle",1.0,"review and update project notes in basecamp, prioritize projects, process email",,,"Brunello, Inc.","*Brunello Admin"
2009-08-20,"Adam Hoyle",0.5,"get Scarlett's computer setup...",,,"Brunello, Inc.","*Brunello Admin"
2009-08-20,"Adam Hoyle",0.5,"processing email",,,"Brunello, Inc.","*Brunello Admin"
2009-08-19,"Adam Hoyle",0.5,"email and project planning",,,"Brunello, Inc.","*Brunello Admin"
2009-08-18,"Adam Hoyle",0.5,"process email",,,"Brunello, Inc.","*Brunello Admin"
2009-08-17,"Adam Hoyle",1.0,"email and basecamp",,,"Brunello, Inc.","*Brunello Admin"
2009-08-14,"Adam Hoyle",1.0,"process email and update basecamp",,,"Brunello, Inc.","*Brunello Admin"
2009-08-14,"Adam Hoyle",0.5,"process email and prioritize for the day",,,"Brunello, Inc.","*Brunello Admin"
2009-08-13,"Adam Hoyle",1.25,"review billing and make notes for Nicole",,,"Brunello, Inc.","*Brunello Admin"
2009-08-13,"Adam Hoyle",0.5,"update basecamp with new details on WH projects",,,"Brunello, Inc.","*Brunello Admin"
2009-08-12,"Adam Hoyle",0.5,"process email",,,"Brunello, Inc.","*Brunello Admin"
2009-08-11,"Adam Hoyle",0.5,"emailing",,,"Brunello, Inc.","*Brunello Admin"
2009-08-10,"Adam Hoyle",0.75,"process email",,,"Brunello, Inc.","*Brunello Admin"
2009-08-07,"Adam Hoyle",1.0,"bring Scarlett up to speed on projects, process email, etc.",,,"Brunello, Inc.","*Brunello Admin"
2009-08-07,"Adam Hoyle",1.0,"interview with jesse web designer",,,"Brunello, Inc.","*Brunello Admin"
2009-08-07,"Adam Hoyle",0.5,"process email",,,"Brunello, Inc.","*Brunello Admin"
2009-08-07,"Adam Hoyle",1.0,"Interview w/ Scarlett",,,"Brunello, Inc.","*Brunello Admin"
2009-08-05,"Adam Hoyle",0.5,"process email",,,"Brunello, Inc.","*Brunello Admin"
2009-08-05,"Adam Hoyle",0.5,"process email and update basecamp",,,"Brunello, Inc.","*Brunello Admin"
2009-08-04,"Adam Hoyle",0.5,"process email",,,"Brunello, Inc.","*Brunello Admin"
2009-08-04,"Adam Hoyle",1.0,"process some email",,,"Brunello, Inc.","*Brunello Admin"
2009-08-04,"Adam Hoyle",0.75,"process some email",,,"Brunello, Inc.","*Brunello Admin"
2009-08-03,"Adam Hoyle",0.75,"process email",,,"Brunello, Inc.","*Brunello Admin"
2009-08-03,"Adam Hoyle",0.25,"update basecamp billing",,,"Brunello, Inc.","*Brunello Admin"
2009-07-31,"Adam Hoyle",0.5,"process email",,,"Brunello, Inc.","*Brunello Admin"
2009-07-30,"Adam Hoyle",0.5,"process email",,,"Brunello, Inc.","*Brunello Admin"
2009-07-29,"Adam Hoyle",0.25,"process email",,,"Brunello, Inc.","*Brunello Admin"
2009-07-28,"Adam Hoyle",0.5,"process email",,,"Brunello, Inc.","*Brunello Admin"
2009-07-27,"Adam Hoyle",0.5,"review billing and email rodale accounting",,,"Brunello, Inc.","*Brunello Admin"
2009-07-27,"Adam Hoyle",0.5,"Update basecamp with upcoming WH projects.",,,"Brunello, Inc.","*Brunello Admin"
2009-07-27,"Adam Hoyle",0.75,"process email",,,"Brunello, Inc.","*Brunello Admin"
2009-07-27,"Adam Hoyle",0.5,"process email",,,"Brunello, Inc.","*Brunello Admin"
2009-07-24,"Adam Hoyle",0.25,"Review invoicing and update basecamp",,,"Brunello, Inc.","*Brunello Admin"
2009-07-24,"Adam Hoyle",0.5,"process email and review priorities",,,"Brunello, Inc.","*Brunello Admin"
2009-07-23,"Adam Hoyle",0.75,"process email, review proposal",,,"Brunello, Inc.","*Brunello Admin"
2009-07-22,"Adam Hoyle",0.5,"process email, update basecamp",,,"Brunello, Inc.","*Brunello Admin"
2009-07-21,"Adam Hoyle",0.5,"conference call with MH re: billing",,,"Brunello, Inc.","*Brunello Admin"
2009-07-21,"Adam Hoyle",0.25,"update basecamp with billed projects",,,"Brunello, Inc.","*Brunello Admin"
2009-07-21,"Adam Hoyle",0.5,"process email",,,"Brunello, Inc.","*Brunello Admin"
2009-07-20,"Adam Hoyle",1.0,"email",,,"Brunello, Inc.","*Brunello Admin"
2009-07-17,"Adam Hoyle",2.0,"process email, from inbox 82",,,"Brunello, Inc.","*Brunello Admin"
2009-07-16,"Adam Hoyle",1.5,"process email, organize projects, update basecamp, prioritize",,,"Brunello, Inc.","*Brunello Admin"
2009-07-15,"Adam Hoyle",1.0,"review billing",,,"Brunello, Inc.","*Brunello Admin"
2009-07-15,"Adam Hoyle",0.75,"process email",,,"Brunello, Inc.","*Brunello Admin"
2009-07-14,"Adam Hoyle",1.5,"process the emails",,,"Brunello, Inc.","*Brunello Admin"
2009-06-26,"Adam Hoyle",0.75,"review and launch MH Lists, deal with firedrills, etc.",,,"Brunello, Inc.","*Brunello Admin"
2009-06-26,"Adam Hoyle",1.0,"review billing, process email",,,"Brunello, Inc.","*Brunello Admin"
2009-06-25,"Adam Hoyle",1.0,"process email and organize basecamp",,,"Brunello, Inc.","*Brunello Admin"
2009-06-24,"Adam Hoyle",0.5,"process email",,,"Brunello, Inc.","*Brunello Admin"
2009-06-24,"Adam Hoyle",0.5,"process email",,,"Brunello, Inc.","*Brunello Admin"
2009-06-23,"Adam Hoyle",0.5,"process email",,,"Brunello, Inc.","*Brunello Admin"
2009-06-23,"Adam Hoyle",0.75,"process email and organize priorities",,,"Brunello, Inc.","*Brunello Admin"
2009-06-22,"Adam Hoyle",2.25,"process email, remove old brunello site links from google",,,"Brunello, Inc.","*Brunello Admin"
2009-06-19,"Adam Hoyle",0.5,"clearn TCI server",,,"Brunello, Inc.","*Brunello Admin"
2009-06-18,"Adam Hoyle",0.75,"process email",,,"Brunello, Inc.","*Brunello Admin"
2009-06-17,"Adam Hoyle",0.25,"process email",,,"Brunello, Inc.","*Brunello Admin"
2009-06-17,"Adam Hoyle",0.25,"email and plan day",,,"Brunello, Inc.","*Brunello Admin"
2009-06-16,"Adam Hoyle",0.75,"process email",,,"Brunello, Inc.","*Brunello Admin"
2009-06-15,"Adam Hoyle",0.5,"process email",,,"Brunello, Inc.","*Brunello Admin"
2009-06-15,"Adam Hoyle",1.0,"process email, update call with Steve, plan day",,,"Brunello, Inc.","*Brunello Admin"
2009-06-13,"Adam Hoyle",1.0,"computer upgrades",,,"Brunello, Inc.","*Brunello Admin"
2009-06-11,"Adam Hoyle",0.5,"work on form submit on brunello quiz",,,"Brunello, Inc.","*Brunello Admin"
2009-06-10,"Adam Hoyle",0.25,"process email",,,"Brunello, Inc.","*Brunello Admin"
2009-06-10,"Adam Hoyle",0.25,"process email",,,"Brunello, Inc.","*Brunello Admin"
2009-06-09,"Adam Hoyle",0.75,"process email, call with kim",,,"Brunello, Inc.","*Brunello Admin"
2009-06-08,"Adam Hoyle",0.5,"process email",,,"Brunello, Inc.","*Brunello Admin"
2009-06-08,"Adam Hoyle",1.0,"cropping photos",,,"Brunello, Inc.","*Brunello Admin"
2009-06-08,"Adam Hoyle",1.0,"process email",,,"Brunello, Inc.","*Brunello Admin"
2009-06-05,"Adam Hoyle",0.5,"process email",,,"Brunello, Inc.","*Brunello Admin"
2009-06-04,"Adam Hoyle",0.75,"process email",,,"Brunello, Inc.","*Brunello Admin"
2009-06-04,"Adam Hoyle",1.0,"fighting with XHTMLiT",,,"Brunello, Inc.","*Brunello Admin"
2009-06-04,"Adam Hoyle",0.5,"email and crisis management",,,"Brunello, Inc.","*Brunello Admin"
2009-06-03,"Adam Hoyle",1.0,"process email",,,"Brunello, Inc.","*Brunello Admin"
2009-06-02,"Adam Hoyle",1.25,"review billing and send notes to nicole",,,"Brunello, Inc.","*Brunello Admin"
2009-06-02,"Adam Hoyle",0.5,"process email",,,"Brunello, Inc.","*Brunello Admin"
2009-06-01,"Adam Hoyle",0.75,"process email",,,"Brunello, Inc.","*Brunello Admin"
2009-05-29,"Adam Hoyle",1.5,"email and prioritize todos",,,"Brunello, Inc.","*Brunello Admin"
2009-05-28,"Adam Hoyle",0.25,"plan and prioritize day",,,"Brunello, Inc.","*Brunello Admin"
2009-05-27,"Adam Hoyle",0.5,"process email",,,"Brunello, Inc.","*Brunello Admin"
2009-05-27,"Adam Hoyle",0.75,"plan day, process email, get Jess setup for WH redirects, figure out plan for HTML coding on ETNT 2.0",,,"Brunello, Inc.","*Brunello Admin"
2009-05-26,"Adam Hoyle",0.5,"process email",,,"Brunello, Inc.","*Brunello Admin"
2009-05-26,"Adam Hoyle",0.75,"process email",,,"Brunello, Inc.","*Brunello Admin"
2009-05-22,"Adam Hoyle",0.5,"process email",,,"Brunello, Inc.","*Brunello Admin"
2009-05-22,"Adam Hoyle",0.5,"process email",,,"Brunello, Inc.","*Brunello Admin"
2009-05-21,"Adam Hoyle",0.5,"process email",,,"Brunello, Inc.","*Brunello Admin"
2009-05-20,"Adam Hoyle",0.5,"process email",,,"Brunello, Inc.","*Brunello Admin"
2009-05-19,"Adam Hoyle",1.0,"update basecamp notes and prioritize todos los to-dos",,,"Brunello, Inc.","*Brunello Admin"
2009-05-19,"Adam Hoyle",0.25,"Basecamp updates",,,"Brunello, Inc.","*Brunello Admin"
2009-05-19,"Adam Hoyle",0.25,"email",,,"Brunello, Inc.","*Brunello Admin"
2009-05-18,"Adam Hoyle",0.5,"process email",,,"Brunello, Inc.","*Brunello Admin"
2009-05-18,"Adam Hoyle",0.25,"email",,,"Brunello, Inc.","*Brunello Admin"
2009-05-15,"Adam Hoyle",1.0,"save mat's leg",,,"Brunello, Inc.","*Brunello Admin"
2009-05-15,"Adam Hoyle",0.5,"process email",,,"Brunello, Inc.","*Brunello Admin"
2009-05-14,"Adam Hoyle",0.5,"process email",,,"Brunello, Inc.","*Brunello Admin"
2009-05-14,"Adam Hoyle",0.25,"email",,,"Brunello, Inc.","*Brunello Admin"
2009-05-13,"Adam Hoyle",0.5,"email",,,"Brunello, Inc.","*Brunello Admin"
2009-05-12,"Adam Hoyle",0.25,"process email",,,"Brunello, Inc.","*Brunello Admin"
2009-05-12,"Adam Hoyle",0.75,"email",,,"Brunello, Inc.","*Brunello Admin"
2009-05-11,"Adam Hoyle",0.25,"process email",,,"Brunello, Inc.","*Brunello Admin"
2009-05-11,"Adam Hoyle",0.25,"process email and prioritize day",,,"Brunello, Inc.","*Brunello Admin"
2009-05-08,"Adam Hoyle",0.25,"process email",,,"Brunello, Inc.","*Brunello Admin"
2009-05-07,"Adam Hoyle",0.25,"process email",,,"Brunello, Inc.","*Brunello Admin"
2009-05-07,"Adam Hoyle",0.25,"process email",,,"Brunello, Inc.","*Brunello Admin"
2009-05-05,"Adam Hoyle",2.0,"review current month's billing and send notes to Nicole",,,"Brunello, Inc.","*Brunello Admin"
2009-05-05,"Adam Hoyle",0.5,"more email",,,"Brunello, Inc.","*Brunello Admin"
2009-05-05,"Adam Hoyle",0.75,"process email and update basecamp",,,"Brunello, Inc.","*Brunello Admin"
2009-05-04,"Adam Hoyle",0.75,"processing email",,,"Brunello, Inc.","*Brunello Admin"
2009-05-04,"Adam Hoyle",0.5,"process email",,,"Brunello, Inc.","*Brunello Admin"
2009-05-01,"Adam Hoyle",2.0,"Meeting w/ Mike Castro",,,"Brunello, Inc.","*Brunello Admin"
2009-05-01,"Adam Hoyle",0.5,"process email",,,"Brunello, Inc.","*Brunello Admin"
2009-04-30,"Adam Hoyle",1.0,"process email, clean up server archive, move to local archive",,,"Brunello, Inc.","*Brunello Admin"
2009-04-29,"Adam Hoyle",0.5,"process email, read tutorial about Adobe InContext Editing",,,"Brunello, Inc.","*Brunello Admin"
2009-04-29,"Adam Hoyle",0.5,"process email",,,"Brunello, Inc.","*Brunello Admin"
2009-04-28,"Adam Hoyle",1.25,"process email, prep for call with andy re proposal",,,"Brunello, Inc.","*Brunello Admin"
2009-04-27,"Adam Hoyle",0.25,"process email",,,"Brunello, Inc.","*Brunello Admin"
2009-04-27,"Adam Hoyle",0.5,"process email",,,"Brunello, Inc.","*Brunello Admin"
2009-04-24,"Adam Hoyle",0.75,"process email",,,"Brunello, Inc.","*Brunello Admin"
2009-04-23,"Adam Hoyle",0.5,"research and download AdWords Editors application",,,"Brunello, Inc.","*Brunello Admin"
2009-04-23,"Adam Hoyle",0.75,"process email",,,"Brunello, Inc.","*Brunello Admin"
2009-04-22,"Adam Hoyle",0.5,"process email",,,"Brunello, Inc.","*Brunello Admin"
2009-04-22,"Adam Hoyle",0.5,"process email",,,"Brunello, Inc.","*Brunello Admin"
2009-04-16,"Adam Hoyle",0.5,"process email",,,"Brunello, Inc.","*Brunello Admin"
2009-04-14,"Adam Hoyle",0.5,"process email",,,"Brunello, Inc.","*Brunello Admin"
2009-04-14,"Adam Hoyle",0.5,"team meeting",,,"Brunello, Inc.","*Brunello Admin"
2009-04-14,"Adam Hoyle",0.45,"drop off taxes with Jim",,,"Brunello, Inc.","*Brunello Admin"
2009-04-13,"Adam Hoyle",0.5,"process email",,,"Brunello, Inc.","*Brunello Admin"
2009-04-13,"Adam Hoyle",2.5,"Meeting with Jim Castro, and BoA re: Taxes and SEP-IRA",,,"Brunello, Inc.","*Brunello Admin"
2009-04-10,"Adam Hoyle",0.5,"process email",,,"Brunello, Inc.","*Brunello Admin"
2009-04-10,"Adam Hoyle",0.5,"process email",,,"Brunello, Inc.","*Brunello Admin"
2009-04-09,"Adam Hoyle",0.5,"email shemale",,,"Brunello, Inc.","*Brunello Admin"
2009-04-09,"Adam Hoyle",0.5,"process email",,,"Brunello, Inc.","*Brunello Admin"
2009-04-09,"Adam Hoyle",1.5,"taxes shmaxes",,,"Brunello, Inc.","*Brunello Admin"
2009-04-08,"Adam Hoyle",1.0,"process email",,,"Brunello, Inc.","*Brunello Admin"
2009-04-08,"Adam Hoyle",0.75,"process email",,,"Brunello, Inc.","*Brunello Admin"
2009-04-08,"Adam Hoyle",0.75,"review all current projects and archive all old projects in basecamp",,,"Brunello, Inc.","*Brunello Admin"
2009-04-07,"Adam Hoyle",1.14194,"Process email update basecamp",,,"Brunello, Inc.","*Brunello Admin"
2009-04-07,"Adam Hoyle",0.5,"process email and update basecamp",,,"Brunello, Inc.","*Brunello Admin"
2009-04-07,"Adam Hoyle",0.25,"process email",,,"Brunello, Inc.","*Brunello Admin"
2009-04-07,"Adam Hoyle",0.75,"staff meeting",,,"Brunello, Inc.","*Brunello Admin"
2009-04-07,"Adam Hoyle",0.5,"review invoices for Rodale",,,"Brunello, Inc.","*Brunello Admin"
2009-04-06,"Adam Hoyle",1.17,"process email",,,"Brunello, Inc.","*Brunello Admin"
2009-04-06,"Adam Hoyle",0.25,"process inbox",,,"Brunello, Inc.","*Brunello Admin"
2009-04-03,"Adam Hoyle",1.25,"process emails from 57 to 20",,,"Brunello, Inc.","*Brunello Admin"
2009-04-02,"Adam Hoyle",0.5,"process email and update basecamp",,,"Brunello, Inc.","*Brunello Admin"
2009-04-01,"Adam Hoyle",0.872222,"google U",,,"Brunello, Inc.","*Brunello Admin"
2009-04-01,"Adam Hoyle",0.5,"Work on blog post",,,"Brunello, Inc.","*Brunello Admin"
2009-04-01,"Adam Hoyle",0.25,"process email",,,"Brunello, Inc.","*Brunello Admin"
2009-03-31,"Adam Hoyle",0.5,"process email",,,"Brunello, Inc.","*Brunello Admin"
2009-03-31,"Adam Hoyle",0.75,"billing notes",,,"Brunello, Inc.","*Brunello Admin"
2009-03-31,"Adam Hoyle",0.75,"conversion university",,,"Brunello, Inc.","*Brunello Admin"
2009-03-30,"Adam Hoyle",0.75,"process email",,,"Brunello, Inc.","*Brunello Admin"
2009-03-27,"Adam Hoyle",0.5,"process email",,,"Brunello, Inc.","*Brunello Admin"
2009-03-27,"Adam Hoyle",0.25,"review invoices in Rodale system and respond to Kevin Donahue...",,,"Brunello, Inc.","*Brunello Admin"
2009-03-26,"Adam Hoyle",0.5,"process email",,,"Brunello, Inc.","*Brunello Admin"
2009-03-25,"Adam Hoyle",1.5,"bio",,,"Brunello, Inc.","*Brunello Admin"
2009-03-25,"Adam Hoyle",0.25,"process email",,,"Brunello, Inc.","*Brunello Admin"
2009-03-24,"Adam Hoyle",0.5,"process email",,,"Brunello, Inc.","*Brunello Admin"
2009-03-23,"Adam Hoyle",1.0,"process email, prioritize projects and have a quick Brunello meeting",,,"Brunello, Inc.","*Brunello Admin"
2009-03-21,"Adam Hoyle",0.75,"Catchup on email",,,"Brunello, Inc.","*Brunello Admin"
2009-03-21,"Adam Hoyle",0.5,"process email",,,"Brunello, Inc.","*Brunello Admin"
2009-03-17,"Adam Hoyle",3.75,"review estimate, process email",,,"Brunello, Inc.","*Brunello Admin"
2009-03-15,"Adam Hoyle",2.0,"google university",,,"Brunello, Inc.","*Brunello Admin"
2009-03-14,"Adam Hoyle",4.5,"billing stuff with lorie",,,"Brunello, Inc.","*Brunello Admin"
2009-03-14,"Adam Hoyle",1.0,"process email",,,"Brunello, Inc.","*Brunello Admin"
2009-03-14,"Adam Hoyle",1.0,"meeting with Jim castro",,,"Brunello, Inc.","*Brunello Admin"
2009-03-13,"Adam Hoyle",0.75,"process email",,,"Brunello, Inc.","*Brunello Admin"
2009-03-12,"Adam Hoyle",0.25,"process email",,,"Brunello, Inc.","*Brunello Admin"
2009-03-11,"Adam Hoyle",0.25,"process email",,,"Brunello, Inc.","*Brunello Admin"
2009-03-10,"Adam Hoyle",1.25,"troubleshoot MAMP",,,"Brunello, Inc.","*Brunello Admin"
2009-03-09,"Adam Hoyle",1.0,"dev server setup and testing, apache config, host files, etc.",,,"Brunello, Inc.","*Brunello Admin"
2009-03-09,"Adam Hoyle",0.5,"process email",,,"Brunello, Inc.","*Brunello Admin"
2009-03-06,"Adam Hoyle",1.0,"process email, call with joel, meeting with Emily",,,"Brunello, Inc.","*Brunello Admin"
2009-03-05,"Adam Hoyle",0.75,"process email",,,"Brunello, Inc.","*Brunello Admin"
2009-03-05,"Adam Hoyle",0.25,"write notes for reviews",,,"Brunello, Inc.","*Brunello Admin"
2009-03-05,"Adam Hoyle",0.25,"review notes from MPA conference and plan next steps with nicole",,,"Brunello, Inc.","*Brunello Admin"
2009-03-04,"Adam Hoyle",0.5,"CMS training call with Niki",,,"Brunello, Inc.","*Brunello Admin"
2009-03-04,"Adam Hoyle",0.75,"process email",,,"Brunello, Inc.","*Brunello Admin"
2009-03-03,"Adam Hoyle",0.75,"web analytics research",,,"Brunello, Inc.","*Brunello Admin"
2009-03-03,"Adam Hoyle",0.75,"process email",,,"Brunello, Inc.","*Brunello Admin"
2009-03-03,"Adam Hoyle",0.5,"reply to emails",,,"Brunello, Inc.","*Brunello Admin"
2009-03-02,"Adam Hoyle",0.25,"process email and write up description for CSMi HUMAC",,,"Brunello, Inc.","*Brunello Admin"
2009-03-02,"Adam Hoyle",0.25,"process email",,,"Brunello, Inc.","*Brunello Admin"
2009-03-02,"Adam Hoyle",0.75,"process email",,,"Brunello, Inc.","*Brunello Admin"
2009-02-27,"Adam Hoyle",0.25,"update basecamp with slendertone information",,,"Brunello, Inc.","*Brunello Admin"
2009-02-27,"Adam Hoyle",0.5,"process email",,,"Brunello, Inc.","*Brunello Admin"
2009-02-27,"Adam Hoyle",1.0,"update basecamp",,,"Brunello, Inc.","*Brunello Admin"
2009-02-26,"Adam Hoyle",2.5,"process email",,,"Brunello, Inc.","*Brunello Admin"
2009-02-25,"Adam Hoyle",2.06,"process email, update basecamp, process followups, research load testing apps on windows",,,"Brunello, Inc.","*Brunello Admin"
2009-02-25,"Adam Hoyle",0.25,"type up notes for review",,,"Brunello, Inc.","*Brunello Admin"
2009-02-25,"Adam Hoyle",0.5,"process email",,,"Brunello, Inc.","*Brunello Admin"
2009-02-25,"Adam Hoyle",0.25,"research load testers",,,"Brunello, Inc.","*Brunello Admin"
2009-02-25,"Adam Hoyle",0.5,"process email",,,"Brunello, Inc.","*Brunello Admin"
2009-02-25,"Adam Hoyle",0.25,"process email",,,"Brunello, Inc.","*Brunello Admin"
2009-02-24,"Adam Hoyle",0.75,"test installation of CMS on mini server",,,"Brunello, Inc.","*Brunello Admin"
2009-02-24,"Adam Hoyle",0.5,"process email",,,"Brunello, Inc.","*Brunello Admin"
2009-02-23,"Adam Hoyle",0.5,"research eggPlant, talk to Matt Hicks about setting up a software demo",,,"Brunello, Inc.","*Brunello Admin"
2009-02-23,"Adam Hoyle",1.25,"process email, add new projects into basecamp from NY, archive old projects in basecamp",,,"Brunello, Inc.","*Brunello Admin"
2009-02-21,"Adam Hoyle",4.0,"process email, organize files, fix yogalife newsletter signup",,,"Brunello, Inc.","*Brunello Admin"
2009-02-20,"Adam Hoyle",0.5,"process email, prioritize projects with everyone",,,"Brunello, Inc.","*Brunello Admin"
2009-02-19,"Adam Hoyle",1.5,"prep and review billing with for nicole",,,"Brunello, Inc.","*Brunello Admin"
2009-02-19,"Adam Hoyle",0.5,"process followup emails",,,"Brunello, Inc.","*Brunello Admin"
2009-02-18,"Adam Hoyle",0.5,"process email",,,"Brunello, Inc.","*Brunello Admin"
2009-02-18,"Adam Hoyle",2.0,"organize and get everyone up to speed, process email",,,"Brunello, Inc.","*Brunello Admin"
2009-02-13,"Adam Hoyle",0.5,"process email - reviewing the followup folder",,,"Brunello, Inc.","*Brunello Admin"
2009-02-13,"Adam Hoyle",0.75,"process email and type up meeting notes and contacts",,,"Brunello, Inc.","*Brunello Admin"
2009-02-10,"Adam Hoyle",0.75,"process email",,,"Brunello, Inc.","*Brunello Admin"
2009-02-10,"Adam Hoyle",0.5,"gather information and files for Mat to begin on tempalte coding for new free sites",,,"Brunello, Inc.","*Brunello Admin"
2009-02-10,"Adam Hoyle",0.5,"process email",,,"Brunello, Inc.","*Brunello Admin"
2009-02-10,"Adam Hoyle",0.5,"review priorities with mat, niki, fix style style channel flash error",,,"Brunello, Inc.","*Brunello Admin"
2009-02-09,"Adam Hoyle",0.5,"email and update basecamp",,,"Brunello, Inc.","*Brunello Admin"
2009-02-09,"Adam Hoyle",0.75,"email and planning for day",,,"Brunello, Inc.","*Brunello Admin"
2009-02-07,"Adam Hoyle",2.0,"accounting with lorie",,,"Brunello, Inc.","*Brunello Admin"
2009-02-06,"Adam Hoyle",0.75,"email",,,"Brunello, Inc.","*Brunello Admin"
2009-02-06,"Adam Hoyle",0.5,"process email",,,"Brunello, Inc.","*Brunello Admin"
2009-02-05,"Adam Hoyle",0.5,"process email",,,"Brunello, Inc.","*Brunello Admin"
2009-02-05,"Adam Hoyle",0.5,"process email and update basecamp",,,"Brunello, Inc.","*Brunello Admin"
2009-02-04,"Adam Hoyle",1.0,"reply to emails",,,"Brunello, Inc.","*Brunello Admin"
2009-02-04,"Adam Hoyle",0.25,"review castleton designs with niki",,,"Brunello, Inc.","*Brunello Admin"
2009-02-04,"Adam Hoyle",1.75,"email and basecamp",,,"Brunello, Inc.","*Brunello Admin"
2009-02-03,"Adam Hoyle",0.25,"process email",,,"Brunello, Inc.","*Brunello Admin"
2009-02-03,"Adam Hoyle",0.5,"process email, update basecamp",,,"Brunello, Inc.","*Brunello Admin"
2009-02-03,"Adam Hoyle",0.5,"process email",,,"Brunello, Inc.","*Brunello Admin"
2009-02-02,"Adam Hoyle",0.25,"update basecamp with Tradeloop and OVI projects",,,"Brunello, Inc.","*Brunello Admin"
2009-02-02,"Adam Hoyle",0.5,"review and sign and fax tax docs back to James and Michael Castro",,,"Brunello, Inc.","*Brunello Admin"
2009-02-02,"Adam Hoyle",1.0,"process email",,,"Brunello, Inc.","*Brunello Admin"
2009-01-31,"Adam Hoyle",1.5,"accounting and tax stuff with lorie",,,"Brunello, Inc.","*Brunello Admin"
2009-01-30,"Adam Hoyle",1.5,"process email, get everyone up to speed and going on various projects, prioritize work and update basecamp",,,"Brunello, Inc.","*Brunello Admin"
2009-01-29,"Adam Hoyle",0.5,"process email",,,"Brunello, Inc.","*Brunello Admin"
2009-01-29,"Adam Hoyle",0.25,"callwith NK re: XML feeds for international",,,"Brunello, Inc.","*Brunello Admin"
2009-01-28,"Adam Hoyle",0.75,"File management and emails",,,"Brunello, Inc.","*Brunello Admin"
2009-01-28,"Adam Hoyle",0.5,"process email, setup support@",,,"Brunello, Inc.","*Brunello Admin"
2009-01-28,"Adam Hoyle",0.25,"process email, get Emily going on CMS documentation",,,"Brunello, Inc.","*Brunello Admin"
2009-01-28,"Adam Hoyle",1.75,"process email, setup account for emily, submit invoices to rodale accounting",,,"Brunello, Inc.","*Brunello Admin"
2009-01-27,"Adam Hoyle",0.5,"Invoicing",,,"Brunello, Inc.","*Brunello Admin"
2009-01-27,"Adam Hoyle",0.75,"process email, create new support@brunello email address, type draft email, email vasilios re: stickers,",,,"Brunello, Inc.","*Brunello Admin"
2009-01-27,"Adam Hoyle",0.75,"process email",,,"Brunello, Inc.","*Brunello Admin"
2009-01-26,"Adam Hoyle",0.5,"process email",,,"Brunello, Inc.","*Brunello Admin"
2009-01-26,"Adam Hoyle",0.5,"process email",,,"Brunello, Inc.","*Brunello Admin"
2009-01-24,"Adam Hoyle",5.0,"process email, clean up office and organize files. support lorie in accounting questions.",,,"Brunello, Inc.","*Brunello Admin"
2009-01-24,"Adam Hoyle",0.75,"work on IMAP email account setup and troubleshooting",,,"Brunello, Inc.","*Brunello Admin"
2009-01-24,"Adam Hoyle",1.0,"setup and transfer brunello email to mailtrust",,,"Brunello, Inc.","*Brunello Admin"
2009-01-23,"Adam Hoyle",0.75,"email, email, email",,,"Brunello, Inc.","*Brunello Admin"
2009-01-23,"Adam Hoyle",0.5,"process email",,,"Brunello, Inc.","*Brunello Admin"
2009-01-23,"Adam Hoyle",0.25,"catalyst",,,"Brunello, Inc.","*Brunello Admin"
2009-01-23,"Adam Hoyle",0.5,"process email",,,"Brunello, Inc.","*Brunello Admin"
2009-01-23,"Adam Hoyle",0.5,"process email",,,"Brunello, Inc.","*Brunello Admin"
2009-01-22,"Adam Hoyle",0.5,"basecamp admin",,,"Brunello, Inc.","*Brunello Admin"
2009-01-22,"Adam Hoyle",0.5,"process email",,,"Brunello, Inc.","*Brunello Admin"
2009-01-21,"Adam Hoyle",1.5,"process email",,,"Brunello, Inc.","*Brunello Admin"
2009-01-20,"Adam Hoyle",1.0,"process email, new biz, review and update priorities, update basecamp, etc.",,,"Brunello, Inc.","*Brunello Admin"
2009-01-20,"Adam Hoyle",1.0,"process email",,,"Brunello, Inc.","*Brunello Admin"
2009-01-19,"Adam Hoyle",0.5,"process email",,,"Brunello, Inc.","*Brunello Admin"
2009-01-16,"Adam Hoyle",0.5,"process email",,,"Brunello, Inc.","*Brunello Admin"
2009-01-16,"Adam Hoyle",1.0,"process email",,,"Brunello, Inc.","*Brunello Admin"
2009-01-15,"Adam Hoyle",1.25,"process email",,,"Brunello, Inc.","*Brunello Admin"
2009-01-15,"Adam Hoyle",4.75,"pray for steve",,,"Brunello, Inc.","*Brunello Admin"
2009-01-14,"Adam Hoyle",1.5,"process email",,,"Brunello, Inc.","*Brunello Admin"
2009-01-14,"Adam Hoyle",0.25,"process email, update basecamp",,,"Brunello, Inc.","*Brunello Admin"
2009-01-14,"Adam Hoyle",0.25,"process email, update basecamp",,,"Brunello, Inc.","*Brunello Admin"
2009-01-13,"Adam Hoyle",1.0,"process email and resend various invoices",,,"Brunello, Inc.","*Brunello Admin"
2009-01-12,"Adam Hoyle",1.0,"review billing",,,"Brunello, Inc.","*Brunello Admin"
2009-01-12,"Adam Hoyle",1.0,"comcast re: billing, talk to kristen re: billing",,,"Brunello, Inc.","*Brunello Admin"
2009-01-08,"Adam Hoyle",2.5,"process email",,,"Brunello, Inc.","*Brunello Admin"
2009-01-07,"Adam Hoyle",0.25,"process email",,,"Brunello, Inc.","*Brunello Admin"
2009-01-06,"Adam Hoyle",0.75,"process email",,,"Brunello, Inc.","*Brunello Admin"
2009-01-05,"Adam Hoyle",0.5,"process email",,,"Brunello, Inc.","*Brunello Admin"
2009-01-05,"Adam Hoyle",2.0,"morning meeting, process email and prioritize",,,"Brunello, Inc.","*Brunello Admin"
2010-08-26,"Adam Hoyle",0.5,"review Jill's blog post",,,"Brunello, Inc.","*Brunello Marketing"
2010-06-16,"Adam Hoyle",0.5,"create blog images for social media post, post to WP, update Ashley",,,"Brunello, Inc.","*Brunello Marketing"
2010-03-10,"Adam Hoyle",4.25,"mockups for Brunello website updates",,,"Brunello, Inc.","*Brunello Marketing"
2010-01-21,"Adam Hoyle",4.5,"install CMS and setup categories for Brunello Hosting, enter content, tweak tempaltes",,,"Brunello, Inc.","*Brunello Marketing"
2009-10-28,"Adam Hoyle",0.25,"Create listing for Haystack",,,"Brunello, Inc.","*Brunello Marketing"
2009-07-28,"Adam Hoyle",0.5,"revise Rackspace case study and send graphic and links to Haley",,,"Brunello, Inc.","*Brunello Marketing"
2011-12-21,"Adam Hoyle",0.25,"estimate for AAA deep linking",,,"Brunello, Inc.","*Brunello New Biz"
2011-12-21,"Adam Hoyle",0.5,"write reference request emails for GoingGlobal",,,"Brunello, Inc.","*Brunello New Biz"
2011-12-20,"Adam Hoyle",0.5,"Followup on Coty.com, update SOW, send to Lisa, followup call",,,"Brunello, Inc.","*Brunello New Biz"
2011-12-15,"Adam Hoyle",1.25,"followups, review, update and deliver coty.com estimate",,,"Brunello, Inc.","*Brunello New Biz"
2011-12-08,"Adam Hoyle",0.75,"call w/ LinkWell",,,"Brunello, Inc.","*Brunello New Biz"
2011-12-06,"Adam Hoyle",0.5,"followups and outreach",,,"Brunello, Inc.","*Brunello New Biz"
2011-12-06,"Adam Hoyle",0.5,"call with Going GLobal",,,"Brunello, Inc.","*Brunello New Biz"
2011-12-02,"Adam Hoyle",1.0,"emails and followups, check in with new leads",,,"Brunello, Inc.","*Brunello New Biz"
2011-12-02,"Adam Hoyle",0.5,"review CROWN proposal, send feedback to Jess, email client",,,"Brunello, Inc.","*Brunello New Biz"
2011-12-01,"Adam Hoyle",0.5,"estimate for rodale.com templates",,,"Brunello, Inc.","*Brunello New Biz"
2011-11-29,"Adam Hoyle",0.25,"review final Mirror Image proposal",,,"Brunello, Inc.","*Brunello New Biz"
2011-11-29,"Adam Hoyle",0.75,"work on proposal for Mirror Image",,,"Brunello, Inc.","*Brunello New Biz"
2011-11-28,"Adam Hoyle",0.75,"estimate for Perfectawash mobile site",,,"Brunello, Inc.","*Brunello New Biz"
2011-11-21,"Adam Hoyle",1.25,"new brunello site research, responsive design research",,,"Brunello, Inc.","*Brunello New Biz"
2011-11-18,"Adam Hoyle",0.75,"edits to company overview PDF, and followup with The Brattle Group",,,"Brunello, Inc.","*Brunello New Biz"
2011-11-16,"Adam Hoyle",0.32,"research ventura (sweeps pros), and email introduction",,,"Brunello, Inc.","*Brunello New Biz"
2011-11-14,"Adam Hoyle",0.5,"call w/ Stephanie from Brattle group",,,"Brunello, Inc.","*Brunello New Biz"
2011-11-10,"Adam Hoyle",0.25,"send out updated archetype proposal, followup with David",,,"Brunello, Inc.","*Brunello New Biz"
2011-11-09,"Adam Hoyle",0.5,"review archetype proposal, note revisions, respond to David",,,"Brunello, Inc.","*Brunello New Biz"
2011-11-09,"Adam Hoyle",0.1825,"followup with David Im from Archetype",,,"Brunello, Inc.","*Brunello New Biz"
2011-11-01,"Adam Hoyle",0.25,"call w/ Anne Neilsen re: retainer",,,"Brunello, Inc.","*Brunello New Biz"
2011-11-01,"Adam Hoyle",0.25,"followup with David Im from Archetype",,,"Brunello, Inc.","*Brunello New Biz"
2011-10-28,"Adam Hoyle",1.0,"review, edit Archetype proposal, email to David",,,"Brunello, Inc.","*Brunello New Biz"
2011-10-27,"Adam Hoyle",0.5,"review updated Archetype proposal",,,"Brunello, Inc.","*Brunello New Biz"
2011-10-27,"Adam Hoyle",1.25,"estimates for IANS CSV, IANS Search PDF",,,"Brunello, Inc.","*Brunello New Biz"
2011-10-26,"Adam Hoyle",0.5,"review clearasil estimate, followup with Belinda",,,"Brunello, Inc.","*Brunello New Biz"
2011-10-25,"Adam Hoyle",1.25,"emails and followups",,,"Brunello, Inc.","*Brunello New Biz"
2011-10-20,"Adam Hoyle",2.0,"meeting at archetype",,,"Brunello, Inc.","*Brunello New Biz"
2011-10-18,"Adam Hoyle",0.5,"look into HubSpot CMS and quote for Peter Vilikin",,,"Brunello, Inc.","*Brunello New Biz"
2011-10-13,"Adam Hoyle",0.5,"updated to clearasil estimate",,,"Brunello, Inc.","*Brunello New Biz"
2011-10-13,"Adam Hoyle",2.0,"meeting at archetype",,,"Brunello, Inc.","*Brunello New Biz"
2011-10-13,"Adam Hoyle",4.0,"archetype prezi",,,"Brunello, Inc.","*Brunello New Biz"
2011-10-12,"Adam Hoyle",0.75,"archetype prezi - develop outline",,,"Brunello, Inc.","*Brunello New Biz"
2011-10-04,"Adam Hoyle",0.75,"clearasil estimate",,,"Brunello, Inc.","*Brunello New Biz"
2011-10-04,"Adam Hoyle",0.5,"call w/ Sean Plottner from DAM",,,"Brunello, Inc.","*Brunello New Biz"
2011-10-03,"Adam Hoyle",1.5,"review sitemap, wires, notes and begin clearasil estimate",,,"Brunello, Inc.","*Brunello New Biz"
2011-09-30,"Adam Hoyle",0.25,"updates to Tim & Faith estimate",,,"Brunello, Inc.","*Brunello New Biz"
2011-09-23,"Adam Hoyle",1.5,"Dartmouth Alumni Magazine proposal",,,"Brunello, Inc.","*Brunello New Biz"
2011-09-23,"Adam Hoyle",2.0,"finalize and send archetype RFI",,,"Brunello, Inc.","*Brunello New Biz"
2011-09-22,"Adam Hoyle",1.0,"archetype RFI responses",,,"Brunello, Inc.","*Brunello New Biz"
2011-09-21,"Adam Hoyle",0.5,"update IANS estimate",,,"Brunello, Inc.","*Brunello New Biz"
2011-09-19,"Adam Hoyle",0.24,"updates to tim & faith estimate, send to Lisa and Leslie",,,"Brunello, Inc.","*Brunello New Biz"
2011-09-14,"Adam Hoyle",1.5,"catchup on emails, followups, etc.",,,"Brunello, Inc.","*Brunello New Biz"
2011-09-12,"Adam Hoyle",1.5,"revisions to IANS estimate",,,"Brunello, Inc.","*Brunello New Biz"
2011-09-09,"Adam Hoyle",0.5,"estimate for HHAF",,,"Brunello, Inc.","*Brunello New Biz"
2011-09-08,"Adam Hoyle",2.0,"meeting at IANS re: Phase 2",,,"Brunello, Inc.","*Brunello New Biz"
2011-09-07,"Adam Hoyle",0.75,"review August billing",,,"Brunello, Inc.","*Brunello New Biz"
2011-09-07,"Adam Hoyle",1.25,"draft of tim and faith estimate, setup milestones",,,"Brunello, Inc.","*Brunello New Biz"
2011-09-01,"Adam Hoyle",0.25,"ULS estimate",,,"Brunello, Inc.","*Brunello New Biz"
2011-09-01,"Adam Hoyle",0.25,"call w/ Iris re: coty.com and Soul2Soul",,,"Brunello, Inc.","*Brunello New Biz"
2011-08-31,"Adam Hoyle",1.25,"followups",,,"Brunello, Inc.","*Brunello New Biz"
2011-08-25,"Adam Hoyle",1.0,"estimate for IANS phase 2",,,"Brunello, Inc.","*Brunello New Biz"
2011-08-17,"Adam Hoyle",2.0,"launch and post-launch QA",,,"Brunello, Inc.","*Brunello New Biz"
2011-08-16,"Adam Hoyle",1.0,"setup 301s",,,"Brunello, Inc.","*Brunello New Biz"
2011-08-15,"Adam Hoyle",1.0,"email and company overview to Archetype",,,"Brunello, Inc.","*Brunello New Biz"
2011-05-26,"Adam Hoyle",2.5,"prep and meeting w/ Zmags",,,"Brunello, Inc.","*Brunello New Biz"
2011-05-25,"Adam Hoyle",0.5,"Zmags capabilities brochure",,,"Brunello, Inc.","*Brunello New Biz"
2011-05-20,"Adam Hoyle",0.5,"call w/ Larry Granat re: Walla Walla wines",,,"Brunello, Inc.","*Brunello New Biz"
2011-05-18,"Adam Hoyle",1.0,"Work on Beyonce SOW",,,"Brunello, Inc.","*Brunello New Biz"
2011-05-05,"Adam Hoyle",0.5,"wireframe edits, call with IRIS re: beyonce",,,"Brunello, Inc.","*Brunello New Biz"
2011-05-04,"Adam Hoyle",0.75,"wires, notes, diagrams to support IRIS",,,"Brunello, Inc.","*Brunello New Biz"
2011-05-03,"Adam Hoyle",0.25,"call with Sam Brooks re: Ultrasound Learning Seminars",,,"Brunello, Inc.","*Brunello New Biz"
2011-04-04,"Adam Hoyle",1.0,"review NEOESR, write project description for NEOESR retainer estimate",,,"Brunello, Inc.","*Brunello New Biz"
2011-03-29,"Adam Hoyle",1.5,"Zmags, NEOSR, IRIS estimates",,,"Brunello, Inc.","*Brunello New Biz"
2011-02-28,"Adam Hoyle",1.0,"finalize APB proposals and deliver to client",,,"Brunello, Inc.","*Brunello New Biz"
2011-02-25,"Adam Hoyle",1.0,"proposal for American Program Bureau, Inc",,,"Brunello, Inc.","*Brunello New Biz"
2011-02-22,"Adam Hoyle",1.0,"estimate for PVN slideshows and lists",,,"Brunello, Inc.","*Brunello New Biz"
2011-02-17,"Adam Hoyle",1.0,"ipad proposal",,,"Brunello, Inc.","*Brunello New Biz"
2011-02-16,"Adam Hoyle",0.5,"update to CSMi proposal and resend/communicate with client",,,"Brunello, Inc.","*Brunello New Biz"
2011-02-15,"Adam Hoyle",1.5,"updates to CSMi proposal, review, client communication, NEAS proposal, review, and coordination",,,"Brunello, Inc.","*Brunello New Biz"
2011-02-07,"Adam Hoyle",0.75,"review and finalize IANS proposal and agreement",,,"Brunello, Inc.","*Brunello New Biz"
2011-02-07,"Adam Hoyle",1.0,"emailing and connect with old contacts, update on Brunello's growth and capabilities",,,"Brunello, Inc.","*Brunello New Biz"
2011-02-04,"Adam Hoyle",1.0,"CSMi and IANS proposal",,,"Brunello, Inc.","*Brunello New Biz"
2011-01-24,"Adam Hoyle",1.0,"assemble reference list for IANS and email contacts with suggested comments",,,"Brunello, Inc.","*Brunello New Biz"
2011-01-04,"Adam Hoyle",0.25,"call with Peter Millius re: TRC",,,"Brunello, Inc.","*Brunello New Biz"
2011-01-03,"Adam Hoyle",1.5,"followup emails to Eric Goeres, Rob Potash, and Peter Millius on new projects",,,"Brunello, Inc.","*Brunello New Biz"
2010-12-10,"Adam Hoyle",0.533611,"call with Peter Millius from Total Recall",,,"Brunello, Inc.","*Brunello New Biz"
2010-12-06,"Adam Hoyle",1.03389,"Proposal for HHAF",,,"Brunello, Inc.","*Brunello New Biz"
2010-11-24,"Adam Hoyle",1.02222,"estimate for Michele Rivera for iPhone demo presentation in HTML",,,"Brunello, Inc.","*Brunello New Biz"
2010-11-19,"Adam Hoyle",0.75,"email and followups",,,"Brunello, Inc.","*Brunello New Biz"
2010-11-11,"Adam Hoyle",1.0,"call with Ken Citron",,,"Brunello, Inc.","*Brunello New Biz"
2010-11-02,"Adam Hoyle",0.75,"estimate for Suzzy Lee for Rodaley Landing and OAE pages",,,"Brunello, Inc.","*Brunello New Biz"
2010-10-25,"Adam Hoyle",1.0,"followup with Steve Waddel and David Rye",,,"Brunello, Inc.","*Brunello New Biz"
2010-10-22,"Adam Hoyle",1.0,"proposal for Pilot Group",,,"Brunello, Inc.","*Brunello New Biz"
2010-10-20,"Adam Hoyle",2.0,"meeting with Pilot",,,"Brunello, Inc.","*Brunello New Biz"
2010-10-20,"Adam Hoyle",0.25,"call with Suzzy Lee re: Rodale Books landing pages",,,"Brunello, Inc.","*Brunello New Biz"
2010-10-15,"Adam Hoyle",0.5,"review Extraprise proposal",,,"Brunello, Inc.","*Brunello New Biz"
2010-10-15,"Adam Hoyle",0.25,"Followup on new lead - Susie Lee from Rodale Books",,,"Brunello, Inc.","*Brunello New Biz"
2010-10-12,"Adam Hoyle",1.25,"WH.com homepage estimate for Ron Lopez",,,"Brunello, Inc.","*Brunello New Biz"
2010-10-06,"Adam Hoyle",2.5,"Foxcroft estimate and send to client, followup call, zMags estimate, review and send to client, begin Networking Action estimate",,,"Brunello, Inc.","*Brunello New Biz"
2010-10-04,"Adam Hoyle",0.5,"review and update basic website proposal",,,"Brunello, Inc.","*Brunello New Biz"
2010-10-04,"Adam Hoyle",0.5,"process notes for zmags estimate",,,"Brunello, Inc.","*Brunello New Biz"
2010-10-01,"Adam Hoyle",0.75,"followup emails and meeting schedule with Foxcroft and Pilot",,,"Brunello, Inc.","*Brunello New Biz"
2010-09-24,"Adam Hoyle",0.5,"draft email to kim ray re: wh.com dev",,,"Brunello, Inc.","*Brunello New Biz"
2010-09-22,"Adam Hoyle",0.5,"coordinate iris project estimate, nda and invoice delivery to Belinda",,,"Brunello, Inc.","*Brunello New Biz"
2010-09-22,"Adam Hoyle",0.5,"review and update iris estimate",,,"Brunello, Inc.","*Brunello New Biz"
2010-09-14,"Adam Hoyle",0.75,"draft email to Peter at Total Recall, edit new client questionnaire",,,"Brunello, Inc.","*Brunello New Biz"
2010-09-10,"Adam Hoyle",0.75,"Call w/ Total Recall",,,"Brunello, Inc.","*Brunello New Biz"
2010-07-30,"Adam Hoyle",0.5,"final review on Who2",,,"Brunello, Inc.","*Brunello New Biz"
2010-07-30,"Adam Hoyle",2.0,"review Who2 proposal",,,"Brunello, Inc.","*Brunello New Biz"
2010-07-26,"Adam Hoyle",0.25,"call wtih Who2",,,"Brunello, Inc.","*Brunello New Biz"
2010-06-15,"Adam Hoyle",0.5,"review slendertone proposal",,,"Brunello, Inc.","*Brunello New Biz"
2010-05-14,"Adam Hoyle",0.5,"discuss slendertone transition with Kristen Bonar and Nicole",,,"Brunello, Inc.","*Brunello New Biz"
2010-05-04,"Adam Hoyle",8.0,"meeting w/ Self",,,"Brunello, Inc.","*Brunello New Biz"
2010-05-03,"Adam Hoyle",3.0,"finalize and make notes for Self prezi",,,"Brunello, Inc.","*Brunello New Biz"
2010-05-02,"Adam Hoyle",1.0,"work on outline for self prezi, layout draft",,,"Brunello, Inc.","*Brunello New Biz"
2010-03-19,"Adam Hoyle",1.5,"Meeting with Rich and Rob Potash and Ramon re: workflow, website, and PPC",,,"Brunello, Inc.","*Brunello New Biz"
2010-03-18,"Adam Hoyle",0.25,"review parisse proposal","Parisse.com website redesign","Follow-ups","Brunello, Inc.","*Brunello New Biz"
2010-03-16,"Adam Hoyle",0.5,"test and setup gotomeeting screenshare with KD in preparation for 2:30 meeting",,,"Brunello, Inc.","*Brunello New Biz"
2010-03-10,"Adam Hoyle",0.25,"review JBC proposal",,,"Brunello, Inc.","*Brunello New Biz"
2010-02-26,"Adam Hoyle",1.75,"call with Steve re: new projects",,,"Brunello, Inc.","*Brunello New Biz"
2010-02-25,"Adam Hoyle",2.5,"IT prezi",,,"Brunello, Inc.","*Brunello New Biz"
2010-02-23,"Adam Hoyle",2.0,"work on IT presentation",,,"Brunello, Inc.","*Brunello New Biz"
2010-02-22,"Adam Hoyle",1.5,"work on CMS presentation for IT",,,"Brunello, Inc.","*Brunello New Biz"
2010-02-16,"Adam Hoyle",2.0,"Finalize presentation for MH",,,"Brunello, Inc.","*Brunello New Biz"
2010-02-03,"Adam Hoyle",1.0,"Review SLendertone with Nicole, tweaks to keynote design",,,"Brunello, Inc.","*Brunello New Biz"
2010-01-27,"Adam Hoyle",0.25,"Review Bruno Hosting brochure, send feedback to Jess",,,"Brunello, Inc.","*Brunello New Biz"
2010-01-19,"Adam Hoyle",0.25,"research rackspace cloud backups",,,"Brunello, Inc.","*Brunello New Biz"
2010-01-19,"Adam Hoyle",0.5,"send screenshot of member page to abby",,,"Brunello, Inc.","*Brunello New Biz"
2010-01-19,"Adam Hoyle",0.5,"call w/ Abby Tracy to discuss member connection updates and tie in with linkedin and twitter",,,"Brunello, Inc.","*Brunello New Biz"
2010-01-18,"Adam Hoyle",0.5,"add parsonage project to basecamp",,,"Brunello, Inc.","*Brunello New Biz"
2010-01-06,"Adam Hoyle",0.5,"Support for Atl Br., call hostway and coordinate data recovery, call Paul and explain",,,"Brunello, Inc.","*Brunello New Biz"
2010-01-06,"Adam Hoyle",0.75,"call with Justin and Greg from Parsonage to discuss browser questionnaire project",,,"Brunello, Inc.","*Brunello New Biz"
2009-12-18,"Adam Hoyle",0.5,"coordinate final signoff on PD website",,,"Brunello, Inc.","*Brunello New Biz"
2009-12-16,"Adam Hoyle",1.5,"Psychodynamic researchers proposal, finalize and send to client",,,"Brunello, Inc.","*Brunello New Biz"
2009-12-15,"Adam Hoyle",0.5,"call w/ Steve to discuss upcoming projects",,,"Brunello, Inc.","*Brunello New Biz"
2009-12-15,"Adam Hoyle",0.25,"review SEO proposal for BRA",,,"Brunello, Inc.","*Brunello New Biz"
2009-12-14,"Adam Hoyle",0.25,"call w/ Danny Frank re: project and phases",,,"Brunello, Inc.","*Brunello New Biz"
2009-12-14,"Adam Hoyle",0.5,"conference call with Greg Presto and Justin Park re: browser based diagnosis quiz",,,"Brunello, Inc.","*Brunello New Biz"
2009-12-10,"Adam Hoyle",0.5,"call w/ FizzDog to review proposal",,,"Brunello, Inc.","*Brunello New Biz"
2009-12-09,"Adam Hoyle",1.25,"research PHP/ASP and put together summary of costs and benefits for Andy Leyland",,,"Brunello, Inc.","*Brunello New Biz"
2009-12-08,"Adam Hoyle",0.5,"research foxy cart, review feather & ink proposal",,,"Brunello, Inc.","*Brunello New Biz"
2009-12-07,"Adam Hoyle",0.5,"final review of BEST LIST proposal",,,"Brunello, Inc.","*Brunello New Biz"
2009-12-07,"Adam Hoyle",4.0,"review LISTS proposal and research other list sites for examples",,,"Brunello, Inc.","*Brunello New Biz"
2009-11-30,"Adam Hoyle",0.25,"read Scarlett's notes for the Psychodynamics proposal",,,"Brunello, Inc.","*Brunello New Biz"
2009-11-25,"Adam Hoyle",1.5,"review rsychodymanic rfp, and meet with team to discuss how we're going to move forward",,,"Brunello, Inc.","*Brunello New Biz"
2009-11-17,"Adam Hoyle",0.5,"respond to Becky's questions from FizzDog re: server /hosting requirements for website and CRM web application",,,"Brunello, Inc.","*Brunello New Biz"
2009-11-12,"Adam Hoyle",0.25,"project status call with Steve B.",,,"Brunello, Inc.","*Brunello New Biz"
2009-11-11,"Adam Hoyle",0.25,"review and send out Fizz Dog proposal",,,"Brunello, Inc.","*Brunello New Biz"
2009-11-11,"Adam Hoyle",2.0,"work on Fizz Dog proposal",,,"Brunello, Inc.","*Brunello New Biz"
2009-10-29,"Adam Hoyle",0.75,"Call w/ SEMPO re: website comps from Metro and meeting space",,,"Brunello, Inc.","*Brunello New Biz"
2009-10-26,"Adam Hoyle",1.25,"Call w/ Rebekka at FizzDog re: customer database",,,"Brunello, Inc.","*Brunello New Biz"
2009-10-22,"Adam Hoyle",0.75,"Call with Alan Parisse and Lisa Casden re: Website Updates",,,"Brunello, Inc.","*Brunello New Biz"
2009-10-14,"Adam Hoyle",0.5,"look into PVN guides website email issues, submit support ticket to Hostway",,,"Brunello, Inc.","*Brunello New Biz"
2009-10-14,"Adam Hoyle",0.25,"call with Lisa at Prevention re: Yoga images",,,"Brunello, Inc.","*Brunello New Biz"
2009-10-08,"Adam Hoyle",1.0,"conference call w/ SEMPO Boston Board of Directors",,,"Brunello, Inc.","*Brunello New Biz"
2009-10-05,"Adam Hoyle",1.25,"install CMSB on Mini and research feasibility of using for Transform platform. Setup test database and import user account",,,"Brunello, Inc.","*Brunello New Biz"
2009-10-01,"Adam Hoyle",0.5,"research CM data for MH and WH for use in proposal",,,"Brunello, Inc.","*Brunello New Biz"
2009-09-30,"Adam Hoyle",2.75,"MH.com proposal",,,"Brunello, Inc.","*Brunello New Biz"
2009-09-22,"Adam Hoyle",1.5,"work on outline MH.com proposal",,,"Brunello, Inc.","*Brunello New Biz"
2009-09-22,"Adam Hoyle",1.0,"SEMPO meeting",,,"Brunello, Inc.","*Brunello New Biz"
2009-09-21,"Adam Hoyle",0.5,"Review Tharpe proposal",,,"Brunello, Inc.","*Brunello New Biz"
2009-09-08,"Adam Hoyle",0.5,"call with Steve re: projects and priorities",,,"Brunello, Inc.","*Brunello New Biz"
2009-09-02,"Adam Hoyle",0.5,"conference call with Slendertone and Patrizia re: next steps to resume.",,,"Brunello, Inc.","*Brunello New Biz"
2009-08-19,"Adam Hoyle",0.25,"discuss new projects with Steve",,,"Brunello, Inc.","*Brunello New Biz"
2009-08-19,"Adam Hoyle",0.25,"review Guideposts microsite proposal",,,"Brunello, Inc.","*Brunello New Biz"
2009-08-13,"Adam Hoyle",0.25,"Call with Jay & Eric re: new work",,,"Brunello, Inc.","*Brunello New Biz"
2009-08-04,"Adam Hoyle",0.25,"Call with Eric & Jay re: new work. Update Basecamp",,,"Brunello, Inc.","*Brunello New Biz"
2009-07-22,"Adam Hoyle",0.5,"call with WH re: new projects. organize notes and enter into Basecamp",,,"Brunello, Inc.","*Brunello New Biz"
2009-07-21,"Adam Hoyle",0.25,"purchase Camus domain name",,,"Brunello, Inc.","*Brunello New Biz"
2009-07-21,"Adam Hoyle",0.25,"call wtih Patrizia re: new slendertone website",,,"Brunello, Inc.","*Brunello New Biz"
2009-07-21,"Adam Hoyle",0.5,"review and make notes for CSMi proposal",,,"Brunello, Inc.","*Brunello New Biz"
2009-07-20,"Adam Hoyle",1.25,"conferece call with Sean, Davis, Nicole re: marketing Elizabeth's book",,,"Brunello, Inc.","*Brunello New Biz"
2009-06-24,"Adam Hoyle",0.75,"research on effective landing page design",,,"Brunello, Inc.","*Brunello New Biz"
2009-06-16,"Adam Hoyle",1.0,"prep for, and conduct for call with Slendertone re: PPC",,,"Brunello, Inc.","*Brunello New Biz"
2009-06-11,"Adam Hoyle",1.0,"Meeting with Joe Patracca from Slendertone",,,"Brunello, Inc.","*Brunello New Biz"
2009-06-10,"Adam Hoyle",1.11917,"conference call when steve, kevin, phil, adam to discuss Best Bodies Phase 2",,,"Brunello, Inc.","*Brunello New Biz"
2009-06-02,"Adam Hoyle",0.25,"work on Gym Bodies P2 estimate",,,"Brunello, Inc.","*Brunello New Biz"
2009-05-20,"Adam Hoyle",0.5,"conference call with Patrizia",,,"Brunello, Inc.","*Brunello New Biz"
2009-05-08,"Adam Hoyle",0.25,"respond to Andy about PPC",,,"Brunello, Inc.","*Brunello New Biz"
2009-05-06,"Adam Hoyle",0.25,"call with Kristen Bonar re: http vs https",,,"Brunello, Inc.","*Brunello New Biz"
2009-04-29,"Adam Hoyle",0.25,"review estimates for Slendertone and TCI",,,"Brunello, Inc.","*Brunello New Biz"
2009-04-23,"Adam Hoyle",1.0,"conference call with Emily Rucker and Slendertone re: PPC",,,"Brunello, Inc.","*Brunello New Biz"
2009-04-17,"Adam Hoyle",0.75,"review slendertone proposal",,,"Brunello, Inc.","*Brunello New Biz"
2009-04-15,"Adam Hoyle",0.25,"call with Abby Tacy re: RSS feeds and bug fixes",,,"Brunello, Inc.","*Brunello New Biz"
2009-04-10,"Adam Hoyle",0.5,"kickoff call with Joel Weber, Brad, Steve re: Celebrity Workout Section for MH",,,"Brunello, Inc.","*Brunello New Biz"
2009-04-07,"Adam Hoyle",0.75,"call with TCI re: RSS, website, analytics, etc.",,,"Brunello, Inc.","*Brunello New Biz"
2009-04-06,"Adam Hoyle",2.0,"review drupal 5star rating for possible use on MH Best Bodies",,,"Brunello, Inc.","*Brunello New Biz"
2009-04-06,"Adam Hoyle",0.5,"followup email to Rohi re: new project",,,"Brunello, Inc.","*Brunello New Biz"
2009-04-02,"Adam Hoyle",1.5,"meeting with emily rucker",,,"Brunello, Inc.","*Brunello New Biz"
2009-03-30,"Adam Hoyle",0.75,"review velscope proposal",,,"Brunello, Inc.","*Brunello New Biz"
2009-03-30,"Adam Hoyle",0.5,"write search description for velscope",,,"Brunello, Inc.","*Brunello New Biz"
2009-03-27,"Adam Hoyle",0.5,"review velscope proposal",,,"Brunello, Inc.","*Brunello New Biz"
2009-03-26,"Adam Hoyle",0.5,"install joomla on brunello.dev",,,"Brunello, Inc.","*Brunello New Biz"
2009-03-26,"Adam Hoyle",2.0,"experiement with Acquia Drupal installation on Mini",,,"Brunello, Inc.","*Brunello New Biz"
2009-03-25,"Adam Hoyle",0.5,"review and start taking notes for velscope proposal",,,"Brunello, Inc.","*Brunello New Biz"
2009-03-24,"Adam Hoyle",0.5,"prep for call with velscope, meet w/ nicole",,,"Brunello, Inc.","*Brunello New Biz"
2009-03-24,"Adam Hoyle",0.75,"review velscope and plan with Nicole / Mat",,,"Brunello, Inc.","*Brunello New Biz"
2009-03-23,"Adam Hoyle",0.75,"review velscope proposal",,,"Brunello, Inc.","*Brunello New Biz"
2009-03-16,"Adam Hoyle",3.5,"portfolio screenshots for wsc",,,"Brunello, Inc.","*Brunello New Biz"
2009-03-16,"Adam Hoyle",6.25,"WSC proposal",,,"Brunello, Inc.","*Brunello New Biz"
2009-03-13,"Adam Hoyle",1.25,"Conversion University",,,"Brunello, Inc.","*Brunello New Biz"
2009-03-13,"Adam Hoyle",0.25,"purchase domain name for website button",,,"Brunello, Inc.","*Brunello New Biz"
2009-03-13,"Adam Hoyle",1.25,"wire estimate for slendertone seo updates",,,"Brunello, Inc.","*Brunello New Biz"
2009-03-10,"Adam Hoyle",1.0,"review westfield proposal",,,"Brunello, Inc.","*Brunello New Biz"
2009-03-05,"Adam Hoyle",1.00361,"research drupal ecommerce",,,"Brunello, Inc.","*Brunello New Biz"
2009-03-05,"Adam Hoyle",0.25,"respond to Patrizia about services offered",,,"Brunello, Inc.","*Brunello New Biz"
2009-03-04,"Adam Hoyle",1.0,"conference call with Slendertone re: servers",,,"Brunello, Inc.","*Brunello New Biz"
2009-03-02,"Adam Hoyle",1.0,"meeting with Rob Potash re: HUMAC 360",,,"Brunello, Inc.","*Brunello New Biz"
2009-03-01,"Adam Hoyle",0.221111,"write up description for CSMi website, review estimate from jess",,,"Brunello, Inc.","*Brunello New Biz"
2009-02-27,"Adam Hoyle",0.75,"work on ideas for Joel Weber, buy anything section",,,"Brunello, Inc.","*Brunello New Biz"
2009-02-24,"Adam Hoyle",0.5,"update basecamp",,,"Brunello, Inc.","*Brunello New Biz"
2009-02-20,"Adam Hoyle",0.75,"followup with slendertone on web analytics",,,"Brunello, Inc.","*Brunello New Biz"
2009-02-19,"Adam Hoyle",0.500278,"review web stats and send sample report to slendertone",,,"Brunello, Inc.","*Brunello New Biz"
2009-02-19,"Adam Hoyle",0.75,"call with slendertone to review proposal",,,"Brunello, Inc.","*Brunello New Biz"
2009-02-18,"Adam Hoyle",2.5,"slendertone estimate",,,"Brunello, Inc.","*Brunello New Biz"
2009-02-10,"Adam Hoyle",0.25,"review cycling proposal",,,"Brunello, Inc.","*Brunello New Biz"
2009-02-09,"Adam Hoyle",1.46556,"research slendertone",,,"Brunello, Inc.","*Brunello New Biz"
2009-02-05,"Adam Hoyle",0.25,"review proposals",,,"Brunello, Inc.","*Brunello New Biz"
2009-02-05,"Adam Hoyle",0.75,"review proposals with Nicole",,,"Brunello, Inc.","*Brunello New Biz"
2009-02-04,"Adam Hoyle",0.25,"review LeHigh Valley RFQ from Brad",,,"Brunello, Inc.","*Brunello New Biz"
2009-02-02,"Adam Hoyle",0.5,"respond to diana goldman and mike fox",,,"Brunello, Inc.","*Brunello New Biz"
2009-02-02,"Adam Hoyle",0.5,"call with Rohi - tradeloop.com",,,"Brunello, Inc.","*Brunello New Biz"
2009-01-30,"Adam Hoyle",1.5,"work on icanplanit estimate",,,"Brunello, Inc.","*Brunello New Biz"
2009-01-29,"Adam Hoyle",0.75,"Type notes for icanplanit quote",,,"Brunello, Inc.","*Brunello New Biz"
2009-01-28,"Adam Hoyle",0.25,"setup meeting with slendertone",,,"Brunello, Inc.","*Brunello New Biz"
2009-01-27,"Adam Hoyle",0.5,"respond to questions from Mike Fox re: Sporture",,,"Brunello, Inc.","*Brunello New Biz"
2009-01-26,"Adam Hoyle",0.5,"respond to sporture questions",,,"Brunello, Inc.","*Brunello New Biz"
2009-01-26,"Adam Hoyle",0.5,"estimate for sporture.com",,,"Brunello, Inc.","*Brunello New Biz"
2009-01-26,"Adam Hoyle",0.25,"call with Patrizia re: slendertoneusa.com",,,"Brunello, Inc.","*Brunello New Biz"
2009-01-23,"Adam Hoyle",2.0,"OVI Estimate",,,"Brunello, Inc.","*Brunello New Biz"
2009-01-22,"Adam Hoyle",1.0,"review castleton estimate and process email, write followup letter to diana, review castlton estimate",,,"Brunello, Inc.","*Brunello New Biz"
2009-01-21,"Adam Hoyle",0.5,"call with Mike Fox re: Sporture.com",,,"Brunello, Inc.","*Brunello New Biz"
2009-01-21,"Adam Hoyle",1.25,"meeting with Diana and Ben icanplanit",,,"Brunello, Inc.","*Brunello New Biz"
2009-01-13,"Adam Hoyle",1.5,"meeting with OVI",,,"Brunello, Inc.","*Brunello New Biz"
2009-01-13,"Adam Hoyle",1.07167,"type up notes for OVI meeting",,,"Brunello, Inc.","*Brunello New Biz"
2009-01-12,"Adam Hoyle",0.5,"research mailing list purchasing for OVI",,,"Brunello, Inc.","*Brunello New Biz"
2009-01-12,"Adam Hoyle",0.75,"research marketing ideas for OVI, review and brainstorm with Jess and Niki",,,"Brunello, Inc.","*Brunello New Biz"
2009-02-24,"Adam Hoyle",0.75,"photoshop mockups of Brunello site",,,"Brunello, Inc.","Brunello Redesign"
2010-03-11,"Adam Hoyle",0.5,"Add bios to about page",,,"Brunello, Inc.","Brunello Website (legacy)"
2010-03-11,"Adam Hoyle",2.5,"add services section and create homepage features",,,"Brunello, Inc.","Brunello Website (legacy)"
2010-01-22,"Adam Hoyle",0.75,"install CMSB 2.02 beta 3 for testing",,,"Brunello, Inc.","Bruno CMS"
2011-05-24,"Adam Hoyle",8.25,"billing adjustment",,,"Cleantech","BILLED: Events Microsites"
2010-12-07,"Adam Hoyle",0.25,"troubleshoot calendar publishing and finalize setup for 2011 calendar",,,"Commonwealth","BILLED: Member Application Form Updates"
2010-12-01,"Adam Hoyle",0.25,"fix typo on form validation",,,"Commonwealth","BILLED: Member Application Form Updates"
2010-11-24,"Adam Hoyle",0.831111,"add Facebook to remaining pages on the FL and MA sites",,,"Commonwealth","BILLED: Member Application Form Updates"
2010-11-12,"Adam Hoyle",1.0,"troubleshoot form validation",,,"Commonwealth","BILLED: Member Application Form Updates"
2010-10-27,"Adam Hoyle",0.25,"changes to the form on Fl and MA sites per Abby",,,"Commonwealth","BILLED: Member Application Form Updates"
2010-10-25,"Adam Hoyle",1.0,"Update calendars for 2011 on MA and FL sites",,,"Commonwealth","BILLED: Member Application Form Updates"
2010-10-15,"Adam Hoyle",1.5,"Update form on FL and MA sites",,,"Commonwealth","BILLED: Member Application Form Updates"
2010-02-05,"Adam Hoyle",0.75,,,,"Commonwealth","BILLED: Member Connection Updates"
2010-02-05,"Adam Hoyle",0.5,"process feedback from Abby",,,"Commonwealth","BILLED: Member Connection Updates"
2010-02-03,"Adam Hoyle",1.0,"mockup homepage, inside page and new member connection center",,,"Commonwealth","BILLED: Member Connection Updates"
2010-01-28,"Adam Hoyle",0.5,"design comp with twitter, linked in, facebook in left sidebar and footer, send to Abby",,,"Commonwealth","BILLED: Member Connection Updates"
2009-03-03,"Adam Hoyle",0.25,"Followup with Abby on Analytics",,,"Commonwealth","BILLED: Website Analytics Implementation"
2009-02-28,"Adam Hoyle",0.25,"","Check stats to confirm they're being captured","Web Analytics","Commonwealth","BILLED: Website Analytics Implementation"
2009-02-27,"Adam Hoyle",1.5,"","Add code to templates and republish","Web Analytics","Commonwealth","BILLED: Website Analytics Implementation"
2009-02-27,"Adam Hoyle",0.75,"","Setup accounts on Woopra, Google, Quantcast","Web Analytics","Commonwealth","BILLED: Website Analytics Implementation"
2011-10-20,"Adam Hoyle",0.25,"setup calendar on FL site",,,"Commonwealth","Dev./Misc. Support"
2011-10-20,"Adam Hoyle",0.5,"tweak publish rules, finish 2012 calendar on MA site",,,"Commonwealth","Dev./Misc. Support"
2011-10-19,"Adam Hoyle",1.75,"troubleshoot FTP connection details, remove Abby from contacts on Member connection, add 2012 calendar to MA site",,,"Commonwealth","Dev./Misc. Support"
2011-02-13,"Adam Hoyle",0.483889,"update default calendar page link to 2011",,,"Commonwealth","Dev./Misc. Support"
2010-07-20,"Adam Hoyle",1.25,"Remove legacy directories from server due to indexing by Google, per Abby",,,"Commonwealth","Dev./Misc. Support"
2010-05-01,"Adam Hoyle",1.5,"prepare and save final assets for prezi, build prezi",,,"Conde Nast","BILLED: Self.com Redesign"
2010-04-30,"Adam Hoyle",2.5,"prezi",,,"Conde Nast","BILLED: Self.com Redesign"
2010-04-28,"Adam Hoyle",1.25,"review designs with Scarlett, update presentation outline",,,"Conde Nast","BILLED: Self.com Redesign"
2010-04-27,"Adam Hoyle",1.5,"work on building out the page grid",,,"Conde Nast","BILLED: Self.com Redesign"
2010-04-27,"Adam Hoyle",1.25,"begin presentation outline",,,"Conde Nast","BILLED: Self.com Redesign"
2010-04-27,"Adam Hoyle",0.75,"review designs",,,"Conde Nast","BILLED: Self.com Redesign"
2010-04-13,"Adam Hoyle",0.5,"team meeting to review requirements for Self.com project",,,"Conde Nast","BILLED: Self.com Redesign"
2010-04-02,"Adam Hoyle",0.75,"call with Alex to review editing capabilities on Self.com site",,,"Conde Nast","BILLED: Self.com Redesign"
2010-03-08,"Adam Hoyle",0.75,"kickoff call with KD re: homepage redesign",,,"Conde Nast","BILLED: Self.com Redesign"
2010-12-27,"Adam Hoyle",2.47639,"update CMS templates and navigation includes, add content, publish, test, troubleshoot",,,"CSMi","BILLED: Balance System"
2010-12-23,"Adam Hoyle",0.890833,"Initial CMS setup of categories, FAQs, and Brochure page",,,"CSMi","BILLED: Balance System"
2011-08-02,"Adam Hoyle",2.0,"CMS training with Rob",,,"CSMi","BILLED: CSMi - Website Design & Development"
2011-05-24,"Adam Hoyle",3.0,"meeting and lunch w/ Rob Potash",,,"CSMi","BILLED: CSMi - Website Design & Development"
2011-05-23,"Adam Hoyle",0.5,"review dev",,,"CSMi","BILLED: CSMi - Website Design & Development"
2011-04-22,"Adam Hoyle",0.5,"design feedback and working w/ Jay",,,"CSMi","BILLED: CSMi - Website Design & Development"
2011-04-22,"Adam Hoyle",0.25,"call with Rob to walk through designs in progress",,,"CSMi","BILLED: CSMi - Website Design & Development"
2011-04-13,"Adam Hoyle",0.5,"review designs, post for client",,,"CSMi","BILLED: CSMi - Website Design & Development"
2011-04-11,"Adam Hoyle",0.5,"update wireframe clickthrough",,,"CSMi","BILLED: CSMi - Website Design & Development"
2011-03-18,"Adam Hoyle",1.5,"meeting with Rob and David to review sitemap and wires",,,"CSMi","BILLED: CSMi - Website Design & Development"
2011-03-15,"Adam Hoyle",0.25,"review CSMi wires and sitemap feedback with Jay",,,"CSMi","BILLED: CSMi - Website Design & Development"
2011-03-14,"Adam Hoyle",2.5,"moodboard, post for client",,,"CSMi","BILLED: CSMi - Website Design & Development"
2011-03-08,"Adam Hoyle",1.25,"IA and SEO Audit review and updates",,,"CSMi","BILLED: CSMi - Website Design & Development"
2011-03-08,"Adam Hoyle",1.0,"review IA w/ Jay",,,"CSMi","BILLED: CSMi - Website Design & Development"
2011-03-07,"Adam Hoyle",0.415833,"Review SEO materials from Janelle",,,"CSMi","BILLED: CSMi - Website Design & Development"
2011-03-01,"Adam Hoyle",0.5,"call to review project brief and discuss dev tasks",,,"CSMi","BILLED: CSMi - Website Design & Development"
2011-02-22,"Adam Hoyle",1.0,"review action plan, create milestones",,,"CSMi","BILLED: CSMi - Website Design & Development"
2011-02-14,"Adam Hoyle",1.0,"setup project in basecamp, setup local dev environment",,,"CSMi","BILLED: CSMi - Website Design & Development"
2010-01-22,"Adam Hoyle",0.5,"Setup email account for Ramon, and answer questions about mail scripts, enable CGI and Perl on the server.",,,"CSMi","BILLED: UpgradeMyBiodex.com"
2010-01-20,"Adam Hoyle",0.25,"setup FTP for ramon.ecung@csmisolutions.com",,,"CSMi","BILLED: UpgradeMyBiodex.com"
2011-08-29,"Adam Hoyle",0.25,"add hurricane notice to CSMI per Rich",,,"CSMi","Dev./Misc. Support"
2009-10-14,"Adam Hoyle",0.25,"Add new Software Installation docs to CMS for SportsWare 2010 and Software Downloads for Rob and Rich. They tried adding them but they weren't showing up on the site so they manually editted the pages.",,,"CSMi","Dev./Misc. Support"
2011-06-09,"Adam Hoyle",1.5,"meeting with Rich and Mike @ CSMi re: SWOL requests, features, approach",,,"CSMi","SWOL123.net"
2010-09-13,"Adam Hoyle",4.0,"link site to CMS, add content, tweak styles, launch site",,,"Dave Z","BILLED: The Lion Restaurant"
2010-09-10,"Adam Hoyle",1.0,"Hosting setup and client communications",,,"Dave Z","BILLED: The Lion Restaurant"
2010-07-19,"Adam Hoyle",0.75,"update landing page and include menu downloads",,,"Dave Z","BILLED: The Lion Restaurant"
2010-06-09,"Adam Hoyle",0.5,"review design comps, prep and draft email to Brandon",,,"Dave Z","BILLED: The Lion Restaurant"
2011-04-22,"Adam Hoyle",4.0,"final todos, LAUNCH SITE!",,,"Feather & Ink","BILLED: Feather & Ink Site Development"
2011-04-22,"Adam Hoyle",1.0,"misc. todos, link search page, client emails, prepping for launch",,,"Feather & Ink","BILLED: Feather & Ink Site Development"
2011-04-20,"Adam Hoyle",6.0,"todos",,,"Feather & Ink","BILLED: Feather & Ink Site Development"
2011-03-02,"Adam Hoyle",1.0,"feather and ink cleanup per client requests",,,"Feather & Ink","BILLED: Feather & Ink Site Development"
2010-11-01,"Adam Hoyle",1.25,"setup database, install CMS",,,"Feather & Ink","BILLED: Feather & Ink Site Development"
2010-10-15,"Adam Hoyle",0.5,"setup hosting for feather and ink",,,"Feather & Ink","BILLED: Feather & Ink Site Development"
2010-10-13,"Adam Hoyle",1.0,"team meeting re: IA",,,"Feather & Ink","BILLED: Feather & Ink Site Development"
2009-12-14,"Adam Hoyle",0.25,"approve proofs",,,"Food Source Plus","BILLED: New Batch of Biz Cards"
2009-12-09,"Adam Hoyle",1.0,"Printing costs",,,"Food Source Plus","BILLED: New Batch of Biz Cards"
2011-08-29,"Adam Hoyle",0.25,"update logo on contact page",,,"Food Source Plus","Dev./Misc. Support"
2011-08-26,"Adam Hoyle",0.5,"confirm logos on all pages per Kelly",,,"Food Source Plus","Dev./Misc. Support"
2011-08-17,"Adam Hoyle",0.5,"update logo on website per Kelly",,,"Food Source Plus","Dev./Misc. Support"
2011-07-28,"Adam Hoyle",1.0,"remove malware from site homepage",,,"Food Source Plus","Dev./Misc. Support"
2011-07-25,"Adam Hoyle",1.0,"add site tracking code per Kelly, republish the site, verify code.",,,"Food Source Plus","Dev./Misc. Support"
2009-10-28,"Adam Hoyle",0.25,"Support for Kelly, Julia, Todd re: Blackberry email",,,"Food Source Plus","Dev./Misc. Support"
2009-10-22,"Adam Hoyle",0.25,"Update logo rotation GIF, remove Kraft, Motts, Nabisco",,,"Food Source Plus","Dev./Misc. Support"
2009-10-06,"Adam Hoyle",0.5,"look into email issue for Julia and ""Todd Rosenburg"". The issue was resolved by editing the ""Display Name"" in WebMail > Settings. (Truncated email address was breaking the email header)",,,"Food Source Plus","Dev./Misc. Support"
2009-09-01,"Adam Hoyle",1.0,"Call with Julia and Joanne explaining how to upload images and change links through the CMS, discussed other changes for the site.",,,"Food Source Plus","Dev./Misc. Support"
2009-08-31,"Adam Hoyle",0.25,"send Letterhead and Evelope design files to Kelly for reprint",,,"Food Source Plus","Dev./Misc. Support"
2009-08-13,"Adam Hoyle",0.5,"instructions for Kelly on how to update logos on the site",,,"Food Source Plus","Dev./Misc. Support"
2010-03-17,"Adam Hoyle",1.25,"conference call to review design notes",,,"Guideposts","BILLED-1146: Website Redesign"
2009-06-02,"Adam Hoyle",0.75,"review designs and meet with Niki",,,"Guideposts","BILLED: Angels Landing Page Design"
2010-02-05,"Adam Hoyle",0.25,"check niki's work",,,"Guideposts","BILLED: Community of Faith Website Design"
2011-04-22,"Adam Hoyle",0.5,"call w/ Liz to review site",,,"Health & Humanitarian Aid Foundation","BILLED: HHAF - Website Redesign & Development"
2011-04-15,"Adam Hoyle",0.5,"review site and sent to client for QA and content",,,"Health & Humanitarian Aid Foundation","BILLED: HHAF - Website Redesign & Development"
2011-02-09,"Adam Hoyle",0.5,"conference call to review designs with client",,,"Health & Humanitarian Aid Foundation","BILLED: HHAF - Website Redesign & Development"
2011-01-04,"Adam Hoyle",0.75,"conference call to review research and brief with client",,,"Health & Humanitarian Aid Foundation","BILLED: HHAF - Website Redesign & Development"
2011-01-03,"Adam Hoyle",2.0,"Finalize notes and edits for project brief and research delivery",,,"Health & Humanitarian Aid Foundation","BILLED: HHAF - Website Redesign & Development"
2010-12-30,"Adam Hoyle",0.5,"Meet w/ Scarlett re: research and planning documents and requirements",,,"Health & Humanitarian Aid Foundation","BILLED: HHAF - Website Redesign & Development"
2010-12-29,"Adam Hoyle",1.5,"Action Plan w/ Scarlett, client communications",,,"Health & Humanitarian Aid Foundation","BILLED: HHAF - Website Redesign & Development"
2010-12-28,"Adam Hoyle",0.75,"meeting to kickoff project with the team",,,"Health & Humanitarian Aid Foundation","BILLED: HHAF - Website Redesign & Development"
2011-11-04,"Adam Hoyle",0.5,"blog deployment QA",,,"IANS","BILLED: IANS Website Phase 2"
2011-10-28,"Adam Hoyle",1.0,"Blog QA, email Anne, respond to feedback",,,"IANS","BILLED: IANS Website Phase 2"
2011-10-27,"Adam Hoyle",0.5,"weekly status call with Anne, Eric, Mike, Adam re: phase 2 - benchmark is up on live",,,"IANS","BILLED: IANS Website Phase 2"
2011-10-24,"Adam Hoyle",1.0,"notes and QA on benchmark survey",,,"IANS","BILLED: IANS Website Phase 2"
2011-10-19,"Adam Hoyle",0.5,"early QA on blog",,,"IANS","BILLED: IANS Website Phase 2"
2011-10-19,"Adam Hoyle",0.5,"create spider graph bg graphic",,,"IANS","BILLED: IANS Website Phase 2"
2011-10-18,"Adam Hoyle",0.75,"project support, client communication",,,"IANS","BILLED: IANS Website Phase 2"
2011-10-17,"Adam Hoyle",0.25,"update user-flow, email Anne to clarify and set expectations",,,"IANS","BILLED: IANS Website Phase 2"
2011-10-17,"Adam Hoyle",1.0,"updated round 2 designs, send to Anne for approval post comps, post PSDs to Basecamp",,,"IANS","BILLED: IANS Website Phase 2"
2011-10-15,"Adam Hoyle",0.75,"design updates",,,"IANS","BILLED: IANS Website Phase 2"
2011-10-14,"Adam Hoyle",0.5,"process notes and send followup to Anne",,,"IANS","BILLED: IANS Website Phase 2"
2011-10-13,"Adam Hoyle",0.75,"call w/ Anne, Eric, Mike re: IANS designs",,,"IANS","BILLED: IANS Website Phase 2"
2011-10-07,"Adam Hoyle",1.0,"finalize design, review with Adam B, send to client",,,"IANS","BILLED: IANS Website Phase 2"
2011-10-06,"Adam Hoyle",2.5,"finish benchmarking and poll designs",,,"IANS","BILLED: IANS Website Phase 2"
2011-10-03,"Adam Hoyle",1.61167,"design research, start design for benchmark quiz",,,"IANS","BILLED: IANS Website Phase 2"
2011-10-03,"Adam Hoyle",1.25361,"create user-flow and wires for benchmarking quiz",,,"IANS","BILLED: IANS Website Phase 2"
2011-10-13,"Adam Hoyle",1.0,"client communications, QA, emails",,,"IANS","BILLED: Strong Passwords"
2011-12-16,"Adam Hoyle",0.25,"Added Video menu item to left sidebar in portal, and added Video to “Limit Results To: Video” on the search form at the top of the research portal.",,,"IANS","IANS: Dev/Misc. Support"
2011-12-08,"Adam Hoyle",0.25,"prep for weekly call",,,"IANS","IANS: Dev/Misc. Support"
2011-12-05,"Adam Hoyle",0.25,"create feed for ONLY IANS Perspective blog",,,"IANS","IANS: Dev/Misc. Support"
2011-12-02,"Adam Hoyle",0.5,"review completed items, email Anne re: Benchmark Survey issues",,,"IANS","IANS: Dev/Misc. Support"
2011-12-01,"Adam Hoyle",0.25,"look into new blog post not showing up under all blogs list, per Anne. By the time I checked, it was there. User error? Or the feed takes a little time to update.",,,"IANS","IANS: Dev/Misc. Support"
2011-11-30,"Adam Hoyle",1.25,"troubleshoot .htaccess redirects for Blog on IANS prod server, tweaks to redirects, manually add all redirects via URL redirect module",,,"IANS","IANS: Dev/Misc. Support"
2011-11-30,"Adam Hoyle",0.25,"Troubleshoot blog redirect, change CNAME or A name",,,"IANS","IANS: Dev/Misc. Support"
2011-11-29,"Adam Hoyle",0.25,"project coordination, organize loose ends and outstanding requests to basecamp",,,"IANS","IANS: Dev/Misc. Support"
2011-11-23,"Adam Hoyle",0.5,"investigate vimeo quality, create test using YouTube",,,"IANS","IANS: Dev/Misc. Support"
2011-11-18,"Adam Hoyle",0.25,"investigate and respond to Anne re: upcoming events blocks, manually hide next event by adding URL to block visibility",,,"IANS","IANS: Dev/Misc. Support"
2011-11-16,"Adam Hoyle",0.25,"add Faculty link to footer, remove My Profile",,,"IANS","IANS: Dev/Misc. Support"
2011-11-16,"Adam Hoyle",0.25,"tweaks to view for upcoming events so unpublished nodes are not displayed",,,"IANS","IANS: Dev/Misc. Support"
2011-11-15,"Adam Hoyle",0.75,"review CSV feature, create button, email IANS",,,"IANS","IANS: Dev/Misc. Support"
2011-11-01,"Adam Hoyle",0.25,"Support for Anne re: CTA button styles",,,"IANS","IANS: Dev/Misc. Support"
2011-10-19,"Adam Hoyle",0.5,"Look into tagging research to multiple nodes (displaying duplicates?)",,,"IANS","IANS: Dev/Misc. Support"
2011-10-12,"Adam Hoyle",0.5,"troubleshoot WSOD on node save, disable boost cache",,,"IANS","IANS: Dev/Misc. Support"
2011-09-30,"Adam Hoyle",0.65,"template updates for slides download button",,,"IANS","IANS: Dev/Misc. Support"
2011-09-22,"Adam Hoyle",0.25,"update email address on ask expert webform",,,"IANS","IANS: Dev/Misc. Support"
2011-09-12,"Adam Hoyle",0.5,"troubleshoot press release sort order, update sort order for press releases, update authored on date to match press release date",,,"IANS","IANS: Dev/Misc. Support"
2011-09-09,"Adam Hoyle",0.25,"support for Anne uploading new PDFs to the site with BUeditor, send screenshots with instructions",,,"IANS","IANS: Dev/Misc. Support"
2011-09-09,"Adam Hoyle",0.5,"troubleshoot keynote speaker issues on Pacific forum",,,"IANS","IANS: Dev/Misc. Support"
2011-08-10,"Adam Hoyle",1.0,"CMS training w/ Anne",,,"IANS","PAID: IANS Website Design & Development"
2011-08-07,"Adam Hoyle",2.0,"post-launch list",,,"IANS","PAID: IANS Website Design & Development"
2011-07-29,"Adam Hoyle",2.0,"site launch",,,"IANS","PAID: IANS Website Design & Development"
2011-07-28,"Adam Hoyle",5.0,"final bugs, final pre-launch",,,"IANS","PAID: IANS Website Design & Development"
2011-07-27,"Adam Hoyle",3.0,"final todos",,,"IANS","PAID: IANS Website Design & Development"
2011-07-26,"Adam Hoyle",0.5,"Call w/ Anne re: categorization",,,"IANS","PAID: IANS Website Design & Development"
2011-07-25,"Adam Hoyle",1.0,"work on final bugs",,,"IANS","PAID: IANS Website Design & Development"
2011-07-25,"Adam Hoyle",1.0,"client communication",,,"IANS","PAID: IANS Website Design & Development"
2011-07-24,"Adam Hoyle",3.0,"final bug fixes",,,"IANS","PAID: IANS Website Design & Development"
2011-07-23,"Adam Hoyle",2.0,"final bug fixes",,,"IANS","PAID: IANS Website Design & Development"
2011-07-20,"Adam Hoyle",3.0,"bugs",,,"IANS","PAID: IANS Website Design & Development"
2011-07-20,"Adam Hoyle",2.0,"designs for event agenda, bug fixes",,,"IANS","PAID: IANS Website Design & Development"
2011-07-19,"Adam Hoyle",4.0,"bugs and prepping for launch",,,"IANS","PAID: IANS Website Design & Development"
2011-07-18,"Adam Hoyle",1.5,"contact Rackspace support, purchase SSL from GoDaddy, install",,,"IANS","PAID: IANS Website Design & Development"
2011-07-18,"Adam Hoyle",2.0,"bug list round 1",,,"IANS","PAID: IANS Website Design & Development"
2011-07-16,"Adam Hoyle",1.5,"Bug list round 1",,,"IANS","PAID: IANS Website Design & Development"
2011-07-14,"Adam Hoyle",3.0,"",,,"IANS","PAID: IANS Website Design & Development"
2011-07-12,"Adam Hoyle",4.0,"consulting>solution providers, client>solution provider",,,"IANS","PAID: IANS Website Design & Development"
2011-07-11,"Adam Hoyle",0.5,"status update call w/ anne",,,"IANS","PAID: IANS Website Design & Development"
2011-06-17,"Adam Hoyle",0.75,"call w/ Anne, work our sign-up user flows",,,"IANS","PAID: IANS Website Design & Development"
2011-05-19,"Adam Hoyle",0.25,"send Anne VPN access instructions for Brunello dev server and hosting cost and details",,,"IANS","PAID: IANS Website Design & Development"
2011-05-19,"Adam Hoyle",0.5,"weekly status call w/ Anne",,,"IANS","PAID: IANS Website Design & Development"
2011-05-04,"Adam Hoyle",0.25,"weekly status call w/ Anne",,,"IANS","PAID: IANS Website Design & Development"
2011-04-22,"Adam Hoyle",0.5,"project coordination, design feedback, client communication",,,"IANS","PAID: IANS Website Design & Development"
2011-04-19,"Adam Hoyle",1.5,"meeting w/ IANS at IANS to review designs",,,"IANS","PAID: IANS Website Design & Development"
2011-04-15,"Adam Hoyle",1.0,"review designs, feedback, send to client for review, client email communications",,,"IANS","PAID: IANS Website Design & Development"
2011-04-07,"Adam Hoyle",0.5,"final review and post designs for client, update project index page",,,"IANS","PAID: IANS Website Design & Development"
2011-04-06,"Adam Hoyle",0.25,"weekly status checkin call with anne",,,"IANS","PAID: IANS Website Design & Development"
2011-04-06,"Adam Hoyle",0.5,"internal meeting to review designs",,,"IANS","PAID: IANS Website Design & Development"
2011-03-28,"Adam Hoyle",0.75,"update project index, email client re: new IA, internal meeting re: designs",,,"IANS","PAID: IANS Website Design & Development"
2011-03-17,"Adam Hoyle",1.0,"project coordination and delivery of v2 wires and sitemap",,,"IANS","PAID: IANS Website Design & Development"
2011-03-14,"Adam Hoyle",2.0,"meeting @ IANS to review IA",,,"IANS","PAID: IANS Website Design & Development"
2011-03-10,"Adam Hoyle",5.0,"Sitemap updates and wireframes",,,"IANS","PAID: IANS Website Design & Development"
2011-03-09,"Adam Hoyle",2.0,"coordinate and deliver SEO Audit and Messaging Frameworks",,,"IANS","PAID: IANS Website Design & Development"
2011-03-09,"Adam Hoyle",1.0,"start wireframes",,,"IANS","PAID: IANS Website Design & Development"
2011-03-09,"Adam Hoyle",2.5,"IA reviews and notes",,,"IANS","PAID: IANS Website Design & Development"
2011-03-07,"Adam Hoyle",2.5,"research",,,"IANS","PAID: IANS Website Design & Development"
2011-03-07,"Adam Hoyle",0.377778,"review first draft of messagine from Maxim",,,"IANS","PAID: IANS Website Design & Development"
2011-03-06,"Adam Hoyle",2.50861,"IA research",,,"IANS","PAID: IANS Website Design & Development"
2011-03-02,"Adam Hoyle",0.5,"call w/ Keith Reynolds re: messaging",,,"IANS","PAID: IANS Website Design & Development"
2011-02-23,"Adam Hoyle",0.25,"Conference call with IANS to discuss project brief",,,"IANS","PAID: IANS Website Design & Development"
2011-02-18,"Adam Hoyle",1.0,"review sitemap, project brief, and provide notes for finalizing for delivery",,,"IANS","PAID: IANS Website Design & Development"
2011-02-17,"Adam Hoyle",1.0,"work on brand perception worksheets",,,"IANS","PAID: IANS Website Design & Development"
2011-02-14,"Adam Hoyle",1.25,"client communication and internal project management",,,"IANS","PAID: IANS Website Design & Development"
2011-02-11,"Adam Hoyle",0.500833,"review IANS action plan.",,,"IANS","PAID: IANS Website Design & Development"
2010-02-23,"Adam Hoyle",0.5,"review code and give niki feedback",,,"InteractiveTools.com","BILLED: CMSB Single Page Site Template"
2010-09-23,"Adam Hoyle",0.5,"consolidate project notes, files and milestones",,,"iris NY","BILLED: Adidas - Pulse Moves Microsite"
2011-09-19,"Adam Hoyle",0.25,"move new bottles to prod, test",,,"iris NY","BILLED: Beyonce Parfums Site"
2011-09-06,"Adam Hoyle",0.5,"research and fix mobile safari and android font resizing",,,"iris NY","BILLED: Beyonce Parfums Site"
2011-09-01,"Adam Hoyle",1.5,"add 2 more pulse wallpapers to all countries",,,"iris NY","BILLED: Beyonce Parfums Site"
2011-08-30,"Adam Hoyle",2.0,"finish homepage bottle resizing, browser test",,,"iris NY","BILLED: Beyonce Parfums Site"
2011-08-29,"Adam Hoyle",3.0,"homepage bottle resizing",,,"iris NY","BILLED: Beyonce Parfums Site"
2011-08-25,"Adam Hoyle",2.0,"IP 2 local bug causing all collections to appear for US",,,"iris NY","BILLED: Beyonce Parfums Site"
2011-08-22,"Adam Hoyle",2.0,"client emails, add help text for images, test IP redirect, and misc.",,,"iris NY","BILLED: Beyonce Parfums Site"
2011-08-22,"Adam Hoyle",0.5,"update user names for country admin per Leslie",,,"iris NY","BILLED: Beyonce Parfums Site"
2011-08-19,"Adam Hoyle",1.0,"review iris training guide and provide feedback to Leslie",,,"iris NY","BILLED: Beyonce Parfums Site"
2011-08-16,"Adam Hoyle",4.0,"work through more QA",,,"iris NY","BILLED: Beyonce Parfums Site"
2011-08-15,"Adam Hoyle",2.0,"create 301 lists",,,"iris NY","BILLED: Beyonce Parfums Site"
2011-08-15,"Adam Hoyle",2.0,"project coordination, QA, emails, etc.",,,"iris NY","BILLED: Beyonce Parfums Site"
2011-08-14,"Adam Hoyle",4.0,"work through final QA",,,"iris NY","BILLED: Beyonce Parfums Site"
2011-08-13,"Adam Hoyle",10.0,"",,,"iris NY","BILLED: Beyonce Parfums Site"
2011-08-11,"Adam Hoyle",6.0,"",,,"iris NY","BILLED: Beyonce Parfums Site"
2011-08-10,"Adam Hoyle",3.0,"",,,"iris NY","BILLED: Beyonce Parfums Site"
2011-08-10,"Adam Hoyle",4.25,"",,,"iris NY","BILLED: Beyonce Parfums Site"
2011-08-10,"Adam Hoyle",1.0,"update background image on pulse page",,,"iris NY","BILLED: Beyonce Parfums Site"
2011-08-10,"Adam Hoyle",0.5,"create string translation guide",,,"iris NY","BILLED: Beyonce Parfums Site"
2011-08-09,"Adam Hoyle",3.0,"",,,"iris NY","BILLED: Beyonce Parfums Site"
2011-08-09,"Adam Hoyle",4.0,"",,,"iris NY","BILLED: Beyonce Parfums Site"
2011-08-09,"Adam Hoyle",4.0,"",,,"iris NY","BILLED: Beyonce Parfums Site"
2011-08-09,"Adam Hoyle",2.0,"update homepage bottle art, tweak CSS, JS",,,"iris NY","BILLED: Beyonce Parfums Site"
2011-08-08,"Adam Hoyle",4.0,"",,,"iris NY","BILLED: Beyonce Parfums Site"
2011-08-07,"Adam Hoyle",2.0,"finish cloning EN, FR, ES countries content",,,"iris NY","BILLED: Beyonce Parfums Site"
2011-08-06,"Adam Hoyle",3.0,"QA testing and creating content for English and spanish countries",,,"iris NY","BILLED: Beyonce Parfums Site"
2011-08-05,"Adam Hoyle",1.0,"CMS walkthrough/training",,,"iris NY","BILLED: Beyonce Parfums Site"
2011-08-05,"Adam Hoyle",4.33,"",,,"iris NY","BILLED: Beyonce Parfums Site"
2011-08-03,"Adam Hoyle",2.0,"documentation guide draft",,,"iris NY","BILLED: Beyonce Parfums Site"
2011-08-03,"Adam Hoyle",2.0,"project support, client communication, documentation draft, status updates, etc.",,,"iris NY","BILLED: Beyonce Parfums Site"
2011-08-02,"Adam Hoyle",3.0,"Process notes, update basecamp, test and refine country admin role and process",,,"iris NY","BILLED: Beyonce Parfums Site"
2011-08-01,"Adam Hoyle",2.0,"enable languages and import translation files",,,"iris NY","BILLED: Beyonce Parfums Site"
2011-07-29,"Adam Hoyle",2.0,"prep for alpha release and call w/ iris, work on documentation guide and create recommended click-path for iris presentation",,,"iris NY","BILLED: Beyonce Parfums Site"
2011-07-28,"Adam Hoyle",3.0,"dev support",,,"iris NY","BILLED: Beyonce Parfums Site"
2011-07-27,"Adam Hoyle",0.25,"call french and spanish translations for promotions",,,"iris NY","BILLED: Beyonce Parfums Site"
2011-07-27,"Adam Hoyle",1.0,"call w/ Iris re: pre-alpha release",,,"iris NY","BILLED: Beyonce Parfums Site"
2011-07-27,"Adam Hoyle",3.0,"cut new images, css and js tweaks, drupal updates, etc., etc. etc.",,,"iris NY","BILLED: Beyonce Parfums Site"
2011-07-25,"Adam Hoyle",0.5,"add menu fields to country settings content type",,,"iris NY","BILLED: Beyonce Parfums Site"
2011-07-21,"Adam Hoyle",0.5,"call w/ Chase re: front-end dev",,,"iris NY","BILLED: Beyonce Parfums Site"
2011-07-21,"Adam Hoyle",1.0,"QA front-end, send notes to Jill, Stella, Mike",,,"iris NY","BILLED: Beyonce Parfums Site"
2011-07-21,"Adam Hoyle",1.0,"status call with Iris to review front-end dev",,,"iris NY","BILLED: Beyonce Parfums Site"
2011-07-20,"Adam Hoyle",1.5,"enter spanish translations for country info, products and collections, add additional CCK fields as needed",,,"iris NY","BILLED: Beyonce Parfums Site"
2011-07-19,"Adam Hoyle",2.0,"put together language/country list, add images for collections and products",,,"iris NY","BILLED: Beyonce Parfums Site"
2011-07-19,"Adam Hoyle",0.25,"meeting w/ Adam, Jill re: interior page coding",,,"iris NY","BILLED: Beyonce Parfums Site"
2011-07-19,"Adam Hoyle",0.5,"omniture call w/ RAPP",,,"iris NY","BILLED: Beyonce Parfums Site"
2011-07-18,"Adam Hoyle",1.0,"research Omniture",,,"iris NY","BILLED: Beyonce Parfums Site"
2011-07-14,"Adam Hoyle",1.0,"conference call to review back-end",,,"iris NY","BILLED: Beyonce Parfums Site"
2011-07-13,"Adam Hoyle",4.0,"research views and language based filtering of views, work on permissions, publishing content based on languages, etc.",,,"iris NY","BILLED: Beyonce Parfums Site"
2011-07-12,"Adam Hoyle",2.0,"research, troubleshoot, trial-error permissions, install new modules",,,"iris NY","BILLED: Beyonce Parfums Site"
2011-07-11,"Adam Hoyle",4.0,"create and test content types, refine, tweak, adjust, enter content, review sitemap, etc.",,,"iris NY","BILLED: Beyonce Parfums Site"
2011-07-09,"Adam Hoyle",1.0,"review emails from Lisa, process info to basecamp",,,"iris NY","BILLED: Beyonce Parfums Site"
2011-06-30,"Adam Hoyle",0.5,"weekly status call w/ Iris",,,"iris NY","BILLED: Beyonce Parfums Site"
2011-06-17,"Adam Hoyle",0.5,"research and respond to tech question followup re: FB comments in multiple locales",,,"iris NY","BILLED: Beyonce Parfums Site"
2011-06-17,"Adam Hoyle",0.25,"send Lisa requirements for Coty server access",,,"iris NY","BILLED: Beyonce Parfums Site"
2011-06-16,"Adam Hoyle",1.0,"reply to tech questions re: internationalization and FB comments, moderation, and misc. other tech notes.",,,"iris NY","BILLED: Beyonce Parfums Site"
2011-06-16,"Adam Hoyle",0.25,"conference call w/ Iris & RAPP re: assets",,,"iris NY","BILLED: Beyonce Parfums Site"
2011-06-08,"Adam Hoyle",3.5,"research and testing of domain access module, creation of content types",,,"iris NY","BILLED: Beyonce Parfums Site"
2011-06-07,"Adam Hoyle",4.0,"research and testing with Domain Access module",,,"iris NY","BILLED: Beyonce Parfums Site"
2011-06-06,"Adam Hoyle",1.0,"research into various multisite strategies",,,"iris NY","BILLED: Beyonce Parfums Site"
2011-06-03,"Adam Hoyle",0.75,"call to review first round IA",,,"iris NY","BILLED: Beyonce Parfums Site"
2011-05-25,"Adam Hoyle",0.5,"create proposed timeline, update estimate, send to for approval",,,"iris NY","BILLED: Beyonce Parfums Site"
2011-12-25,"Adam Hoyle",0.5,"static buy now buttons on perfectawash pages",,,"iris NY","BILLED: Clearasil.us Website"
2011-12-20,"Adam Hoyle",0.25,"Setup new basecamp account for Adam Brooks, test access, email Belinda",,,"iris NY","BILLED: Clearasil.us Website"
2011-12-19,"Adam Hoyle",0.25,"troubleshoot playlist feed URL",,,"iris NY","BILLED: Clearasil.us Website"
2011-12-16,"Adam Hoyle",2.0,"misc. dev and QA work",,,"iris NY","BILLED: Clearasil.us Website"
2011-12-15,"Adam Hoyle",7.0,"misc. dev and QA work",,,"iris NY","BILLED: Clearasil.us Website"
2011-12-14,"Adam Hoyle",6.0,"misc. dev and QA work",,,"iris NY","BILLED: Clearasil.us Website"
2011-12-14,"Adam Hoyle",3.0,"misc. dev and QA work",,,"iris NY","BILLED: Clearasil.us Website"
2011-12-13,"Adam Hoyle",8.0,"drupal dev",,,"iris NY","BILLED: Clearasil.us Website"
2011-12-12,"Adam Hoyle",2.0,"project coordination",,,"iris NY","BILLED: Clearasil.us Website"
2011-12-12,"Adam Hoyle",1.5,"add video content to TV ads, PW page, homepage, cut thumbnail images, etc.",,,"iris NY","BILLED: Clearasil.us Website"
2011-12-09,"Adam Hoyle",2.25,"qa, content entry, project coordination",,,"iris NY","BILLED: Clearasil.us Website"
2011-12-09,"Adam Hoyle",0.5,"weekly status call",,,"iris NY","BILLED: Clearasil.us Website"
2011-12-09,"Adam Hoyle",2.5,"add content, make notes of all outstanding",,,"iris NY","BILLED: Clearasil.us Website"
2011-12-08,"Adam Hoyle",1.0,"download imagery, add to bc, slice and tweak product type images, and upload to drupal, add additional images for Skincare landing page and articles add homepage touts",,,"iris NY","BILLED: Clearasil.us Website"
2011-12-08,"Adam Hoyle",0.25,"review to-dos and prioritize",,,"iris NY","BILLED: Clearasil.us Website"
2011-12-07,"Adam Hoyle",1.5,"troubleshoot multisite in subdirectory installation",,,"iris NY","BILLED: Clearasil.us Website"
2011-12-07,"Adam Hoyle",0.25,"QA, CSS tweaks",,,"iris NY","BILLED: Clearasil.us Website"
2011-12-07,"Adam Hoyle",0.5,"review Special OFfers section wires and notes, email Belinda for design comps",,,"iris NY","BILLED: Clearasil.us Website"
2011-12-07,"Adam Hoyle",0.5,"respond to lisa re: omniture on Beyonce site",,,"iris NY","BILLED: Clearasil.us Website"
2011-12-01,"Adam Hoyle",3.0,"QA, CSS tweaks, BV call",,,"iris NY","BILLED: Clearasil.us Website"
2011-11-30,"Adam Hoyle",3.72028,"create production XML feed for BV",,,"iris NY","BILLED: Clearasil.us Website"
2011-11-30,"Adam Hoyle",0.2625,"create AAA user accounts",,,"iris NY","BILLED: Clearasil.us Website"
2011-11-22,"Adam Hoyle",0.25,"review and gameplan clearasil tasks for Ryan",,,"iris NY","BILLED: Clearasil.us Website"
2011-11-21,"Adam Hoyle",0.5,"add test content for AAA, create 3 profiles",,,"iris NY","BILLED: Clearasil.us Website"
2011-11-18,"Adam Hoyle",0.25,"create and test AAA role, email belinda",,,"iris NY","BILLED: Clearasil.us Website"
2011-11-18,"Adam Hoyle",0.75,"create clearasil logo for admin theme, tie PW landing page YT carousel in with Drupal",,,"iris NY","BILLED: Clearasil.us Website"
2011-11-18,"Adam Hoyle",0.5,"weekly conference call",,,"iris NY","BILLED: Clearasil.us Website"
2011-11-18,"Adam Hoyle",0.62,"process notes from Belinda, review new templates that were delivered, cut new images and upload to the dev site",,,"iris NY","BILLED: Clearasil.us Website"
2011-11-18,"Adam Hoyle",1.0,"call w/ BV re: FB app and general status updates",,,"iris NY","BILLED: Clearasil.us Website"
2011-11-17,"Adam Hoyle",0.5,"tweaks to PW page",,,"iris NY","BILLED: Clearasil.us Website"
2011-11-16,"Adam Hoyle",2.0,"QA, updates and CSS tweaks to PerfectaWash landing page",,,"iris NY","BILLED: Clearasil.us Website"
2011-11-15,"Adam Hoyle",1.0,"qa homepage - added links to homepage carousel, added clearing div in secondary carousel div, home_yt, and nested yt_right, yt_left, to achieve the top border, adjusted top margin in home_yt, changed FB comments on hp to 3, linked secondary carousel to node, update YT carousel thumbs",,,"iris NY","BILLED: Clearasil.us Website"
2011-11-14,"Adam Hoyle",0.5,"review site progress, check milestones, review Ahmed's code",,,"iris NY","BILLED: Clearasil.us Website"
2011-11-11,"Adam Hoyle",0.5,"weekly call",,,"iris NY","BILLED: Clearasil.us Website"
2011-11-10,"Adam Hoyle",0.5,"create menu entries for product drop downs",,,"iris NY","BILLED: Clearasil.us Website"
2011-11-10,"Adam Hoyle",0.5,"Update UPCs with new list that includes check digits",,,"iris NY","BILLED: Clearasil.us Website"
2011-11-09,"Adam Hoyle",4.19972,"work on product feed, validate, call w/ Belinda, BV call with BV","Create production XML data feed for Bazaar Voice","Dev tasks","iris NY","BILLED: Clearasil.us Website"
2011-11-08,"Adam Hoyle",1.0,"review, inventory, and add FPO content for Type and Line, add images, UPC, and product details for products",,,"iris NY","BILLED: Clearasil.us Website"
2011-11-07,"Adam Hoyle",0.75,"add product content",,,"iris NY","BILLED: Clearasil.us Website"
2011-11-04,"Adam Hoyle",0.5,"weekly status update call",,,"iris NY","BILLED: Clearasil.us Website"
2011-11-03,"Adam Hoyle",0.75,"BV call",,,"iris NY","BILLED: Clearasil.us Website"
2011-11-03,"Adam Hoyle",0.5,"Review BV implementation guide, prep for call",,,"iris NY","BILLED: Clearasil.us Website"
2011-11-01,"Adam Hoyle",0.5,"review sitemap and wires and email questions to Belinda",,,"iris NY","BILLED: Clearasil.us Website"
2011-11-01,"Adam Hoyle",2.15,"finish creating content types",,,"iris NY","BILLED: Clearasil.us Website"
2011-10-31,"Adam Hoyle",1.65,"continue building out content types",,,"iris NY","BILLED: Clearasil.us Website"
2011-10-31,"Adam Hoyle",0.25,"begin building out main content types",,,"iris NY","BILLED: Clearasil.us Website"
2011-10-31,"Adam Hoyle",1.25,"review wireframe notes, make notes for content-types",,,"iris NY","BILLED: Clearasil.us Website"
2011-10-28,"Adam Hoyle",0.5,"call with Belinda and Joel re: back-end, all access agents, servers, etc.",,,"iris NY","BILLED: Clearasil.us Website"
2011-10-25,"Adam Hoyle",0.5,"review designs",,,"iris NY","BILLED: Clearasil.us Website"
2011-10-25,"Adam Hoyle",0.25,"call w/ Lisa re: sign-off",,,"iris NY","BILLED: Clearasil.us Website"
2011-10-24,"Adam Hoyle",0.5,"call w/ Belinda re: new deadline",,,"iris NY","BILLED: Clearasil.us Website"
2011-10-17,"Adam Hoyle",0.25,"setup milestones in bc, coordinate deliverable dates with Stella",,,"iris NY","BILLED: Clearasil.us Website"
2011-10-17,"Adam Hoyle",0.5,"call w/ Josh from BV",,,"iris NY","BILLED: Clearasil.us Website"
2011-10-11,"Adam Hoyle",0.5,"call w/ Belinda and new developer",,,"iris NY","BILLED: Clearasil.us Website"
2011-12-20,"Adam Hoyle",3.0,"launch",,,"iris NY","BILLED: Faith & Tim - Soul2Soul"
2011-12-19,"Adam Hoyle",0.5,"project coordination, launch prep and planning, email client",,,"iris NY","BILLED: Faith & Tim - Soul2Soul"
2011-12-15,"Adam Hoyle",1.0,"QA, and misc. project coordination",,,"iris NY","BILLED: Faith & Tim - Soul2Soul"
2011-12-14,"Adam Hoyle",1.5,"misc. QA, launch prep",,,"iris NY","BILLED: Faith & Tim - Soul2Soul"
2011-12-13,"Adam Hoyle",2.0,"project coordination",,,"iris NY","BILLED: Faith & Tim - Soul2Soul"
2011-12-12,"Adam Hoyle",0.5,"store locator coordination",,,"iris NY","BILLED: Faith & Tim - Soul2Soul"
2011-12-08,"Adam Hoyle",0.25,"create field and upload FB meta images, add FB meta code to pages",,,"iris NY","BILLED: Faith & Tim - Soul2Soul"
2011-12-08,"Adam Hoyle",0.5,"prep and weekly status call",,,"iris NY","BILLED: Faith & Tim - Soul2Soul"
2011-12-07,"Adam Hoyle",0.75,"resave notes images to eliminate hard edges",,,"iris NY","BILLED: Faith & Tim - Soul2Soul"
2011-12-07,"Adam Hoyle",0.508611,,"We need to change the S2S logo to be ‘Faith & Tim Fragrances store locator’ (see updated PSDs in Design message)","Alpha QA","iris NY","BILLED: Faith & Tim - Soul2Soul"
2011-12-01,"Adam Hoyle",0.75,"weekly status call",,,"iris NY","BILLED: Faith & Tim - Soul2Soul"
2011-11-30,"Adam Hoyle",0.280278,"call w/ Darnell re: Omniture",,,"iris NY","BILLED: Faith & Tim - Soul2Soul"
2011-11-29,"Adam Hoyle",0.5,"process Alpha feedback to basecamp and respond to Lisa",,,"iris NY","BILLED: Faith & Tim - Soul2Soul"
2011-11-28,"Adam Hoyle",0.75,"process pre-alpha feedback, make a few fixes, respond to Leslie",,,"iris NY","BILLED: Faith & Tim - Soul2Soul"
2011-11-28,"Adam Hoyle",0.65,"Dial in to alpha check-in call. Process S2S notes from Lisa, updated video page, update video caption, etc.",,,"iris NY","BILLED: Faith & Tim - Soul2Soul"
2011-11-23,"Adam Hoyle",0.5,"create known issues list, email link to Lisa for review",,,"iris NY","BILLED: Faith & Tim - Soul2Soul"
2011-11-22,"Adam Hoyle",2.0,"design QA",,,"iris NY","BILLED: Faith & Tim - Soul2Soul"
2011-11-17,"Adam Hoyle",2.0,"cut and upload all images for collection logos, main image, fragrance nav, and fragrance notes",,,"iris NY","BILLED: Faith & Tim - Soul2Soul"
2011-11-10,"Adam Hoyle",0.5,"weekly conference call",,,"iris NY","BILLED: Faith & Tim - Soul2Soul"
2011-11-10,"Adam Hoyle",0.786667,"create custom admin theme",,,"iris NY","BILLED: Faith & Tim - Soul2Soul"
2011-11-08,"Adam Hoyle",1.0,"review, organize, inventory, and add content for collections and products",,,"iris NY","BILLED: Faith & Tim - Soul2Soul"
2011-11-03,"Adam Hoyle",0.25,"Weekly status call",,,"iris NY","BILLED: Faith & Tim - Soul2Soul"
2011-10-31,"Adam Hoyle",1.25,"finish main content types",,,"iris NY","BILLED: Faith & Tim - Soul2Soul"
2011-10-27,"Adam Hoyle",0.25,"weekly status call with Leslie, Ahmed, Richelle",,,"iris NY","BILLED: Faith & Tim - Soul2Soul"
2011-10-25,"Adam Hoyle",1.5,"re-create site settings content type, start create downloads, promotions, products",,,"iris NY","BILLED: Faith & Tim - Soul2Soul"
2011-10-24,"Adam Hoyle",0.75,"create site settings content type",,,"iris NY","BILLED: Faith & Tim - Soul2Soul"
2011-10-19,"Adam Hoyle",0.5,"test coty dev and prod logins, respond to Lisa",,,"iris NY","BILLED: Faith & Tim - Soul2Soul"
2011-10-17,"Adam Hoyle",0.75,"request HP PSD, coordinate and hand-off to Stella",,,"iris NY","BILLED: Faith & Tim - Soul2Soul"
2011-10-06,"Adam Hoyle",0.512222,"review back-end wires and respond to Lisa",,,"iris NY","BILLED: Faith & Tim - Soul2Soul"
2011-09-30,"Adam Hoyle",1.25,"review client docs, update notes in basecamp",,,"iris NY","BILLED: Faith & Tim - Soul2Soul"
2011-09-16,"Adam Hoyle",0.5,"call to review wireframes w/ iris",,,"iris NY","BILLED: Faith & Tim - Soul2Soul"
2011-12-09,"Adam Hoyle",3.66333,"create T&C, privacy policy, add content for web form pages, link footer, add content",,,"iris NY","BILLED: Perfectawash Mobile Site"
2011-12-08,"Adam Hoyle",0.5,"add content and images",,,"iris NY","BILLED: Perfectawash Mobile Site"
2011-12-08,"Adam Hoyle",1.615,"create content types",,,"iris NY","BILLED: Perfectawash Mobile Site"
2011-11-23,"Adam Hoyle",0.25,"Kickoff call...",,,"iris NY","BILLED: Perfectawash Mobile Site"
2011-12-05,"Adam Hoyle",7.0,"crush QA todos",,,"iris NY","Clearasil.us QA"
2011-12-04,"Adam Hoyle",0.75,"products section QA todos",,,"iris NY","Clearasil.us QA"
2011-12-04,"Adam Hoyle",0.5,"completed homepage QA todos",,,"iris NY","Clearasil.us QA"
2011-12-20,"Adam Hoyle",0.25,"Change ""dealer"" to ""retailer"" on Store Locator drop downs per Lisa",,,"iris NY","Dev./Misc. Support"
2011-11-15,"Adam Hoyle",0.25,"review, email comps to client",,,"Maria's Farm Fresh Kitchen","BILLED: Homepage Design Updates"
2010-02-16,"Adam Hoyle",0.5,"diff merge and update code on BellyOff to redirect to non-logged in pages",,,"Men's Health","BILLED: *BellyOff 2010"
2010-02-03,"Adam Hoyle",0.5,"work on non-logged in pages",,,"Men's Health","BILLED: *BellyOff 2010"
2010-01-29,"Adam Hoyle",1.25,"finish remaining BellyOff todos: completed: homepage video title to CMS, made get started links on about page dynamic based on logged in state, changes weight lost this week title to 7 days.",,,"Men's Health","BILLED: *BellyOff 2010"
2010-01-29,"Adam Hoyle",0.25,"fix spacing under member count on BellyOff",,,"Men's Health","BILLED: *BellyOff 2010"
2010-01-13,"Adam Hoyle",1.0,"testing profile comment and status update features.",,,"Men's Health","BILLED: *BellyOff 2010"
2010-01-13,"Adam Hoyle",0.5,"review code from new profile features, identify cause of cascading bold... is there an unclosed tag?",,,"Men's Health","BILLED: *BellyOff 2010"
2010-01-12,"Adam Hoyle",0.5,"migrate account data to dev so we can test 17k profiles with the next/prev function.",,,"Men's Health","BILLED: *BellyOff 2010"
2010-01-12,"Adam Hoyle",2.25,"add featured recipe photos to meal plan",,,"Men's Health","BILLED: *BellyOff 2010"
2010-01-12,"Adam Hoyle",1.5,"setup restaurant list and detail page",,,"Men's Health","BILLED: *BellyOff 2010"
2010-01-11,"Adam Hoyle",1.75,"work on remaining todos, send Dave Edis notes on profile updates, mockup and update code on dev",,,"Men's Health","BILLED: *BellyOff 2010"
2010-01-11,"Adam Hoyle",0.25,"conference call with brad and steve to review Bo design updates",,,"Men's Health","BILLED: *BellyOff 2010"
2010-01-11,"Adam Hoyle",1.5,"Finish and post design comps for homepage, workout, and profile updates","Add in missing Belly Off! Pro ads discussed previously for bottom of workouts pages (lets also put them on the bottom left of the eating plan):","Loose ends","Men's Health","BILLED: *BellyOff 2010"
2010-01-08,"Adam Hoyle",1.75,"finish remaining todos. update Dumbbell Blast PDF",,,"Men's Health","BILLED: *BellyOff 2010"
2010-01-08,"Adam Hoyle",2.25,"update ad tag tiling per brad, add new fields for tighter CMS control over workout box titles for each week/tab,",,,"Men's Health","BILLED: *BellyOff 2010"
2010-01-06,"Adam Hoyle",0.75,"work on remaining todos, fix homepage ad call issue",,,"Men's Health","BILLED: *BellyOff 2010"
2010-01-05,"Adam Hoyle",0.25,"","Facebook buttons do not work--hide until fixed, or fix quickly.","Loose ends","Men's Health","BILLED: *BellyOff 2010"
2010-01-05,"Adam Hoyle",0.75,"","Push the CAS/PHPBB update live","Forum updates","Men's Health","BILLED: *BellyOff 2010"
2010-01-05,"Adam Hoyle",0.75,"","Can we hide the user account settings from the forums because it looks like users can update CAS, but they can't.","Forum updates","Men's Health","BILLED: *BellyOff 2010"
2010-01-05,"Adam Hoyle",0.5,"","Update CMS to include editable element on the homepage where MH can drop HTML. They would like the entire Buy the Book module to be editable.","Loose ends","Men's Health","BILLED: *BellyOff 2010"
2009-12-29,"Adam Hoyle",1.75,"review feedback and notes with brad, work on final todos",,,"Men's Health","BILLED: *BellyOff 2010"
2009-12-28,"Adam Hoyle",4.0,"",,,"Men's Health","BILLED: *BellyOff 2010"
2009-12-23,"Adam Hoyle",3.5,"setup meal plan tables in CMS, add workout thumbnails, add enews signup code, enter meal plan content for week 1, review site for outstanding items",,,"Men's Health","BILLED: *BellyOff 2010"
2009-12-23,"Adam Hoyle",2.0,"Organize remaining project tasks, email Brad, meet with Mat re: next steps, call w/ Brad to demo the CMS and walk through remaining items, assign tasks and identify content that we still need.",,,"Men's Health","BILLED: *BellyOff 2010"
2009-12-23,"Adam Hoyle",2.0,"link workouts, and homepage to CMS, add workout content, test, tweak, create list of remaining todos",,,"Men's Health","BILLED: *BellyOff 2010"
2009-12-14,"Adam Hoyle",0.5,"review Dave's updates on BellyOff! and send email to Steve for initial review",,,"Men's Health","BILLED: *BellyOff 2010"
2009-12-13,"Adam Hoyle",2.5,"Add links to BO book offer page, link About page to CMS, add Tweet This links, lightbox, and other misc. site updates",,,"Men's Health","BILLED: *BellyOff 2010"
2009-12-11,"Adam Hoyle",0.25,"review site and send Dave a few todos",,,"Men's Health","BILLED: *BellyOff 2010"
2009-12-11,"Adam Hoyle",0.5,"gather BC players for no-gym classic BO workouts",,,"Men's Health","BILLED: *BellyOff 2010"
2009-12-11,"Adam Hoyle",0.5,"implement additional tracking codes on Belly Off",,,"Men's Health","BILLED: *BellyOff 2010"
2009-12-11,"Adam Hoyle",0.25,"Implement CoreMetrics on BellyOff pages",,,"Men's Health","BILLED: *BellyOff 2010"
2009-12-11,"Adam Hoyle",1.25,"implement ad tags on Belly Off pages",,,"Men's Health","BILLED: *BellyOff 2010"
2009-12-09,"Adam Hoyle",1.0,"review BellyOff and send notes to Dave Edis",,,"Men's Health","BILLED: *BellyOff 2010"
2009-12-08,"Adam Hoyle",0.75,"look over the functionalty that Dave created",,,"Men's Health","BILLED: *BellyOff 2010"
2009-12-08,"Adam Hoyle",0.5,"review profile edit page with Dave Edis",,,"Men's Health","BILLED: *BellyOff 2010"
2009-12-08,"Adam Hoyle",0.75,"setup fields and sections for Workouts, About",,,"Men's Health","BILLED: *BellyOff 2010"
2009-12-08,"Adam Hoyle",0.75,"work on PHPBB install and customizations",,,"Men's Health","BILLED: *BellyOff 2010"
2009-12-03,"Adam Hoyle",0.25,"setup basic sections in CMSB",,,"Men's Health","BILLED: *BellyOff 2010"
2009-12-03,"Adam Hoyle",2.0,"gather files and followups for Dave Edis",,,"Men's Health","BILLED: *BellyOff 2010"
2009-12-02,"Adam Hoyle",1.0,"prep files and email to Dave",,,"Men's Health","BILLED: *BellyOff 2010"
2009-12-02,"Adam Hoyle",1.75,"do some basic template updates, change to PHP and link sections in main nav",,,"Men's Health","BILLED: *BellyOff 2010"
2009-11-30,"Adam Hoyle",0.25,"put coded templates onto server for Steve's review",,,"Men's Health","BILLED: *BellyOff 2010"
2009-11-21,"Adam Hoyle",2.0,"finalize designs and send to coders",,,"Men's Health","BILLED: *BellyOff 2010"
2009-11-20,"Adam Hoyle",2.75,"work on profile detail page design",,,"Men's Health","BILLED: *BellyOff 2010"
2009-11-20,"Adam Hoyle",1.0,"conference call w/ Steve, Mani, Brad re: Belly Off CAS registration process",,,"Men's Health","BILLED: *BellyOff 2010"
2009-11-19,"Adam Hoyle",2.0,"work on design updates based on call with Steve and Brad",,,"Men's Health","BILLED: *BellyOff 2010"
2009-11-19,"Adam Hoyle",0.75,"research PHPBB for use on Bellly Off",,,"Men's Health","BILLED: *BellyOff 2010"
2009-11-19,"Adam Hoyle",0.5,"call with Steve and Brad to discuss BellyOff round 2 designs",,,"Men's Health","BILLED: *BellyOff 2010"
2009-11-18,"Adam Hoyle",3.5,"bellyoff design updates",,,"Men's Health","BILLED: *BellyOff 2010"
2009-11-10,"Adam Hoyle",0.75,"review designs and get feedback from Brad",,,"Men's Health","BILLED: *BellyOff 2010"
2009-11-10,"Adam Hoyle",0.5,"call with Brad, Kim, Mani re: CAS login API",,,"Men's Health","BILLED: *BellyOff 2010"
2009-11-08,"Adam Hoyle",4.39722,"work on inside page designs",,,"Men's Health","BILLED: *BellyOff 2010"
2009-11-06,"Adam Hoyle",2.0,"work on design comps",,,"Men's Health","BILLED: *BellyOff 2010"
2009-11-05,"Adam Hoyle",0.935,"finish moodboard, continue on design",,,"Men's Health","BILLED: *BellyOff 2010"
2009-11-05,"Adam Hoyle",2.25,"layout mood board and begin working on design comps based on wireframes",,,"Men's Health","BILLED: *BellyOff 2010"
2009-11-05,"Adam Hoyle",2.75,"finish wireframe changes from Brad, post for review.",,,"Men's Health","BILLED: *BellyOff 2010"
2009-11-05,"Adam Hoyle",1.25,"review proposed login process from Brad, continue on wireframe updates",,,"Men's Health","BILLED: *BellyOff 2010"
2009-11-05,"Adam Hoyle",0.986944,"update Belly Off wireframes based on Brad's feedback",,,"Men's Health","BILLED: *BellyOff 2010"
2009-11-03,"Adam Hoyle",1.0,"Call w/ Steve & Brad re: BellyOff! login",,,"Men's Health","BILLED: *BellyOff 2010"
2009-10-30,"Adam Hoyle",0.5,"Work on some of the quick fixes from the Wireframe review",,,"Men's Health","BILLED: *BellyOff 2010"
2009-10-29,"Adam Hoyle",5.5,"research, sitemap, wireframing",,,"Men's Health","BILLED: *BellyOff 2010"
2009-10-28,"Adam Hoyle",1.0,"research and wireframing",,,"Men's Health","BILLED: *BellyOff 2010"
2009-10-20,"Adam Hoyle",1.5,"meeting with Steve, conference call Brad to review belly off requirements",,,"Men's Health","BILLED: *BellyOff 2010"
2011-10-27,"Adam Hoyle",0.25,"deployment qa",,,"Men's Health","BILLED: 100 Hottest Women of All-Time"
2011-10-17,"Adam Hoyle",0.2525,"check ad tags, cm tags, tracking codes, and update logo",,,"Men's Health","BILLED: 100 Hottest Women of All-Time"
2011-04-05,"Adam Hoyle",1.54611,"design updates from eric, post updated comp for review",,,"Men's Health","BILLED: 100 Hottest Women of All-Time"
2011-03-22,"Adam Hoyle",2.0,"FInalize initial designs and post for review",,,"Men's Health","BILLED: 100 Hottest Women of All-Time"
2011-03-21,"Adam Hoyle",3.0,"initial designs",,,"Men's Health","BILLED: 100 Hottest Women of All-Time"
2011-03-17,"Adam Hoyle",2.0,"project research",,,"Men's Health","BILLED: 100 Hottest Women of All-Time"
2011-10-13,"Adam Hoyle",0.5,"review design with Jay, send to client, meet with Jill re: requirements",,,"Men's Health","BILLED: 125 Best Foods"
2009-07-30,"Adam Hoyle",1.5,"work on Premium version",,,"Men's Health","BILLED: 20 Worst Drinks in America-Slideshow"
2009-07-30,"Adam Hoyle",0.5,"update Starbucks photos, fix Drink This Not That text, publish and clear Akamai",,,"Men's Health","BILLED: 20 Worst Drinks in America-Slideshow"
2009-07-29,"Adam Hoyle",0.499722,"work on MH version",,,"Men's Health","BILLED: 20 Worst Drinks in America-Slideshow"
2009-07-29,"Adam Hoyle",1.1625,"rearange order and finalize images and copy, re-check all pages on WH. Upload and test on prod. Clear Akamai",,,"Men's Health","BILLED: 20 Worst Drinks in America-Slideshow"
2009-07-29,"Adam Hoyle",3.25,"work on WH version, add content, resize images",,,"Men's Health","BILLED: 20 Worst Drinks in America-Slideshow"
2009-07-29,"Adam Hoyle",1.25,"pull templates from 30 Worst Foods",,,"Men's Health","BILLED: 20 Worst Drinks in America-Slideshow"
2009-07-29,"Adam Hoyle",0.75,"pull files and organize content for 20 Worst Drinks slideshow",,,"Men's Health","BILLED: 20 Worst Drinks in America-Slideshow"
2011-11-15,"Adam Hoyle",0.25,"QA nav highlight",,,"Men's Health","BILLED: 2011 Gift Guide"
2011-11-14,"Adam Hoyle",1.0,"QA, troubleshooting, create first slide, upload, crop, save, adjust nav numbers",,,"Men's Health","BILLED: 2011 Gift Guide"
2011-11-14,"Adam Hoyle",0.75,"project coordination",,,"Men's Health","BILLED: 2011 Gift Guide"
2011-10-31,"Adam Hoyle",0.25,"Followup with Mike Darling on Gift Guide in Drupal",,,"Men's Health","BILLED: 2011 Gift Guide"
2011-10-28,"Adam Hoyle",0.75,"review design, create comp for ribbon version, meet with Jay",,,"Men's Health","BILLED: 2011 Gift Guide"
2011-10-27,"Adam Hoyle",0.25,"review and give feedback to round 1 and 2",,,"Men's Health","BILLED: 2011 Gift Guide"
2011-10-26,"Adam Hoyle",0.75,"review notes, sketch wires, and kickoff project with Jay and John",,,"Men's Health","BILLED: 2011 Gift Guide"
2011-04-13,"Adam Hoyle",0.5,"review updated needed for ads w/ Jill",,,"Men's Health","BILLED: 30 Days of Lacoste"
2011-03-28,"Adam Hoyle",0.5,"update ad tags, cm tags, sweeps URL, title, meta",,,"Men's Health","BILLED: 30 Days of Lacoste"
2011-03-18,"Adam Hoyle",1.25,"project coordination and reviews, emails",,,"Men's Health","BILLED: 30 Days of Lacoste"
2011-03-17,"Adam Hoyle",1.0,"project coordination",,,"Men's Health","BILLED: 30 Days of Lacoste"
2011-03-16,"Adam Hoyle",0.5,"conference call to review initial designs",,,"Men's Health","BILLED: 30 Days of Lacoste"
2010-10-18,"Adam Hoyle",3.5,"abs diet QA fixes",,,"Men's Health","BILLED: Abs Diet Club"
2010-09-30,"Adam Hoyle",4.5,"deployment call, soft launch, CAS troubleshooting on prod related to SSL, code updates and testing",,,"Men's Health","BILLED: Abs Diet Club"
2010-09-29,"Adam Hoyle",2.5,"add rsync to CMS, add non-logged in content to recipe page, update URL for Abs Diet Online promos, create printer friendly page, LINK printer friendly page",,,"Men's Health","BILLED: Abs Diet Club"
2010-09-22,"Adam Hoyle",2.0,"CAS testing, project coordination with IT, misc. tweaking and cleanup pre-launch",,,"Men's Health","BILLED: Abs Diet Club"
2010-09-22,"Adam Hoyle",0.5,"create abs diet email templates",,,"Men's Health","BILLED: Abs Diet Club"
2010-09-21,"Adam Hoyle",1.25,"draft and send deployment notes to team",,,"Men's Health","BILLED: Abs Diet Club"
2010-09-20,"Adam Hoyle",1.5,"work through remaining items pre-launch",,,"Men's Health","BILLED: Abs Diet Club"
2010-09-17,"Adam Hoyle",2.5,"launch prep, multiple loose ends",,,"Men's Health","BILLED: Abs Diet Club"
2010-09-16,"Adam Hoyle",3.25,"pre-launch loose ends",,,"Men's Health","BILLED: Abs Diet Club"
2010-09-15,"Adam Hoyle",0.75,"Add CM, Ad Tags, CM tags",,,"Men's Health","BILLED: Abs Diet Club"
2010-09-13,"Adam Hoyle",1.5,"modify templates for new marketing page, udpate CMS, followup with Mani and Dave re: CAS",,,"Men's Health","BILLED: Abs Diet Club"
2010-08-30,"Adam Hoyle",1.5,"work through todos",,,"Men's Health","BILLED: Abs Diet Club"
2010-08-27,"Adam Hoyle",1.0,"profile page updates and testing",,,"Men's Health","BILLED: Abs Diet Club"
2010-08-27,"Adam Hoyle",2.5,"Enter Exercise content and update CMS to accomodate new format for workouts",,,"Men's Health","BILLED: Abs Diet Club"
2010-08-27,"Adam Hoyle",1.0,"enter abs diet recipes into CMS",,,"Men's Health","BILLED: Abs Diet Club"
2010-08-25,"Adam Hoyle",0.75,"print, organize, and review all final Abs Diet content recieved from Brad",,,"Men's Health","BILLED: Abs Diet Club"
2010-08-24,"Adam Hoyle",0.25,"review wireframes for workouts",,,"Men's Health","BILLED: Abs Diet Club"
2010-08-10,"Adam Hoyle",1.0,"review completed tasks from Dave Edis",,,"Men's Health","BILLED: Abs Diet Club"
2010-08-02,"Adam Hoyle",1.75,"review completed tasks from Dave Edis",,,"Men's Health","BILLED: Abs Diet Club"
2010-07-21,"Adam Hoyle",0.5,"call with Brad to review Abs Diet and go over content and editorial requirements",,,"Men's Health","BILLED: Abs Diet Club"
2010-07-15,"Adam Hoyle",0.5,"outline required functionality for handoff to Dave Edis",,,"Men's Health","BILLED: Abs Diet Club"
2010-07-13,"Adam Hoyle",0.5,"kickoff call with Dave Edis",,,"Men's Health","BILLED: Abs Diet Club"
2010-07-08,"Adam Hoyle",0.5,"create clean URLs in CMS, update .htaccess file for clean URL functionality",,,"Men's Health","BILLED: Abs Diet Club"
2010-07-08,"Adam Hoyle",0.5,"create clean URLs in CMS, update .htaccess file for clean URL functionality",,,"Men's Health","BILLED: Abs Diet Club"
2010-07-07,"Adam Hoyle",2.75,"link left side navigation filters, add hover states to CSS, create Terms and Conditions page in CMS and build page",,,"Men's Health","BILLED: Abs Diet Club"
2010-07-06,"Adam Hoyle",0.25,"more load records to templates from includes, test",,,"Men's Health","BILLED: Abs Diet Club"
2010-07-06,"Adam Hoyle",1.5,"add global meta and page override function in CMS and add code to templates",,,"Men's Health","BILLED: Abs Diet Club"
2010-07-06,"Adam Hoyle",0.75,"CSS adjustments, fix black bottom border issue",,,"Men's Health","BILLED: Abs Diet Club"
2010-07-02,"Adam Hoyle",3.25,"CMS config and template linking",,,"Men's Health","BILLED: Abs Diet Club"
2010-07-01,"Adam Hoyle",1.75,"link recipes page to CMS",,,"Men's Health","BILLED: Abs Diet Club"
2010-06-29,"Adam Hoyle",2.5,"link homepage and power 12 page to CMS",,,"Men's Health","BILLED: Abs Diet Club"
2010-06-29,"Adam Hoyle",1.0,"link About page to CMS",,,"Men's Health","BILLED: Abs Diet Club"
2010-06-09,"Adam Hoyle",0.5,"install CMS, configure preliminary sections",,,"Men's Health","BILLED: Abs Diet Club"
2010-05-04,"Adam Hoyle",1.0,"CSS tweaks to coded pages and post for review",,,"Men's Health","BILLED: Abs Diet Club"
2010-04-23,"Adam Hoyle",1.5,"downloading and organizing content and images recieved from Jeff",,,"Men's Health","BILLED: Abs Diet Club"
2010-04-23,"Adam Hoyle",1.25,"review front-end coding from Mike and send feedback",,,"Men's Health","BILLED: Abs Diet Club"
2010-04-15,"Adam Hoyle",2.0,"prep recipe list page for front-end coding",,,"Men's Health","BILLED: Abs Diet Club"
2010-04-08,"Adam Hoyle",1.0,"prep abs diet recipe page for delivery to Mike for coding",,,"Men's Health","BILLED: Abs Diet Club"
2010-04-06,"Adam Hoyle",0.75,"clean up PSD for About page to send to Mike",,,"Men's Health","BILLED: Abs Diet Club"
2010-04-05,"Adam Hoyle",2.0,"prep Abs Diet PSDs for HTML/CSS coding by Mike",,,"Men's Health","BILLED: Abs Diet Club"
2010-04-01,"Adam Hoyle",0.25,"call w/ Mike re: front-end coding kickoff",,,"Men's Health","BILLED: Abs Diet Club"
2010-03-31,"Adam Hoyle",1.0,"add some finishing touches, repost for review",,,"Men's Health","BILLED: Abs Diet Club"
2010-03-31,"Adam Hoyle",2.5,"finish round 2 revisions and post for review",,,"Men's Health","BILLED: Abs Diet Club"
2010-03-31,"Adam Hoyle",3.0,"begin round 2 design revisions",,,"Men's Health","BILLED: Abs Diet Club"
2010-03-29,"Adam Hoyle",0.75,"Install CMS on dev and begin setting up sections.",,,"Men's Health","BILLED: Abs Diet Club"
2010-03-29,"Adam Hoyle",0.25,"Process feedback from Brad",,,"Men's Health","BILLED: Abs Diet Club"
2010-03-26,"Adam Hoyle",1.5,"Update moodboard with new logo Abs Diet Club, update comps and post for review",,,"Men's Health","BILLED: Abs Diet Club"
2010-03-26,"Adam Hoyle",8.0,"FInish first round designs, save and post for review",,,"Men's Health","BILLED: Abs Diet Club"
2010-03-25,"Adam Hoyle",3.75,"continue working on designs",,,"Men's Health","BILLED: Abs Diet Club"
2010-03-25,"Adam Hoyle",2.0,"work on abs diet header and navigation options",,,"Men's Health","BILLED: Abs Diet Club"
2010-03-24,"Adam Hoyle",3.75,"begin abs diet designs",,,"Men's Health","BILLED: Abs Diet Club"
2010-03-21,"Adam Hoyle",1.5,"work on wireframe revisions",,,"Men's Health","BILLED: Abs Diet Club"
2010-03-19,"Adam Hoyle",2.75,"finish wireframe revisions and review with Steve & Brad",,,"Men's Health","BILLED: Abs Diet Club"
2010-03-18,"Adam Hoyle",1.5,"Work on wireframe revisions",,,"Men's Health","BILLED: Abs Diet Club"
2010-03-16,"Adam Hoyle",4.25,"finish abs diet wireframes, post for review",,,"Men's Health","BILLED: Abs Diet Club"
2010-03-13,"Adam Hoyle",2.0,"continue work on wireframes",,,"Men's Health","BILLED: Abs Diet Club"
2010-03-12,"Adam Hoyle",4.0,"begin wireframes",,,"Men's Health","BILLED: Abs Diet Club"
2010-03-09,"Adam Hoyle",1.75,"review project requirements from Brad",,,"Men's Health","BILLED: Abs Diet Club"
2011-07-12,"Adam Hoyle",0.5,"update beach finder image copy, save new image",,,"Men's Health","BILLED: Beach Finder - Best Summer Ever"
2011-07-05,"Adam Hoyle",0.5,"update text and re-save sidebar graphics",,,"Men's Health","BILLED: Beach Finder - Best Summer Ever"
2011-06-15,"Adam Hoyle",1.0,"testing and add to drupal",,,"Men's Health","BILLED: Beer Quiz 2.0"
2011-06-08,"Adam Hoyle",0.5,"work with Jay and Jill on quiz design/functional notes",,,"Men's Health","BILLED: Beer Quiz 2.0"
2011-12-30,"Adam Hoyle",4.0,"final QA and deployment",,,"Men's Health","BILLED: Belly Off 2012"
2011-12-28,"Adam Hoyle",2.0,"push new code to MH dev, QA, updates, ready for load test",,,"Men's Health","BILLED: Belly Off 2012"
2011-12-28,"Adam Hoyle",4.0,"load test and optimizations, work through second round of notes and feedback from Radnor",,,"Men's Health","BILLED: Belly Off 2012"
2011-12-27,"Adam Hoyle",2.0,"push changes from local dev to rodale dev",,,"Men's Health","BILLED: Belly Off 2012"
2011-12-27,"Adam Hoyle",10.0,"code optimizations, caching plugin, db table indexing plugin",,,"Men's Health","BILLED: Belly Off 2012"
2011-12-27,"Adam Hoyle",1.25,"misc. QA updates from Kevin",,,"Men's Health","BILLED: Belly Off 2012"
2011-12-27,"Adam Hoyle",4.0,"content entry",,,"Men's Health","BILLED: Belly Off 2012"
2011-12-19,"Adam Hoyle",1.0,"push to dev",,,"Men's Health","BILLED: Belly Off 2012"
2011-12-19,"Adam Hoyle",0.75,"review workout and eating plan content with Jay, email Radnor",,,"Men's Health","BILLED: Belly Off 2012"
2011-12-18,"Adam Hoyle",2.0,"enter content",,,"Men's Health","BILLED: Belly Off 2012"
2011-12-06,"Adam Hoyle",2.0,"get a local copy up and running on dev",,,"Men's Health","BILLED: Belly Off 2012"
2011-12-02,"Adam Hoyle",0.25,"send radnor notes on video sizes and required embed code from BC",,,"Men's Health","BILLED: Belly Off 2012"
2011-11-30,"Adam Hoyle",0.25,"review designs, email client",,,"Men's Health","BILLED: Belly Off 2012"
2011-11-28,"Adam Hoyle",0.5,"check dev --> prod for discrepancies, request IT to tar the prod directory so we can setup local to match.",,,"Men's Health","BILLED: Belly Off 2012"
2011-11-28,"Adam Hoyle",0.5,"review project notes, meet with Jay, compile list of suggested design tweaks",,,"Men's Health","BILLED: Belly Off 2012"
2010-02-01,"Adam Hoyle",0.75,"review BO load test results",,,"Men's Health","BILLED: BellyOff - Load Testing"
2010-01-28,"Adam Hoyle",3.0,"migrate profiles from prod to dev, diffmerge code, update database, test.",,,"Men's Health","BILLED: BellyOff - Load Testing"
2010-01-26,"Adam Hoyle",0.25,"pull backups of BellyOff, server issues",,,"Men's Health","BILLED: BellyOff - Load Testing"
2011-01-10,"Adam Hoyle",4.0,"Updates to scoreboard with new queries to increase number of pounds lost",,,"Men's Health","BILLED: BellyOff 2011"
2011-01-03,"Adam Hoyle",1.25,"post-launch reverse sync prod to dev and code merge",,,"Men's Health","BILLED: BellyOff 2011"
2010-12-21,"Adam Hoyle",8.0,"launch and post-launch QA, cleanup",,,"Men's Health","BILLED: BellyOff 2011"
2010-12-21,"Adam Hoyle",7.0,"final cleanup and launch prep",,,"Men's Health","BILLED: BellyOff 2011"
2010-12-19,"Adam Hoyle",4.0,"various updates from outstanding todo list",,,"Men's Health","BILLED: BellyOff 2011"
2010-12-17,"Adam Hoyle",4.0,"setup new sections in CMS, add new content.",,,"Men's Health","BILLED: BellyOff 2011"
2010-12-17,"Adam Hoyle",0.5,"Go/No Go call for Tuesday's launch",,,"Men's Health","BILLED: BellyOff 2011"
2010-12-16,"Adam Hoyle",8.0,"revisions, testing, dev",,,"Men's Health","BILLED: BellyOff 2011"
2010-12-15,"Adam Hoyle",18.0,"front-end dev, template updates, testing",,,"Men's Health","BILLED: BellyOff 2011"
2010-12-14,"Adam Hoyle",1.72833,"styling for Expert Comments, Comment on Profile",,,"Men's Health","BILLED: BellyOff 2011"
2010-12-13,"Adam Hoyle",4.11222,"CSS and template updates",,,"Men's Health","BILLED: BellyOff 2011"
2010-12-10,"Adam Hoyle",1.5,"CSS and design updates to dev site on local, send status update to steve and brad",,,"Men's Health","BILLED: BellyOff 2011"
2010-12-10,"Adam Hoyle",0.25,"call w/ Brad re: security scan scheduling and deployment plan",,,"Men's Health","BILLED: BellyOff 2011"
2010-12-03,"Adam Hoyle",0.75,"coordinate with Mani re: CAS for BellyOff 2011",,,"Men's Health","BILLED: BellyOff 2011"
2010-12-03,"Adam Hoyle",0.5,"Send Brad BO 2011 assets for Brightcove player updates",,,"Men's Health","BILLED: BellyOff 2011"
2010-12-03,"Adam Hoyle",0.5,"Call with Steve, Kevin, Brad to review designs and take notes on some feedback",,,"Men's Health","BILLED: BellyOff 2011"
2010-12-02,"Adam Hoyle",4.0,"Design updated for 2011 refresh and new features",,,"Men's Health","BILLED: BellyOff 2011"
2010-10-27,"Adam Hoyle",3.0,"work on design updates",,,"Men's Health","BILLED: BellyOff 2011"
2010-02-08,"Adam Hoyle",0.25,"few quick copy updates from BP, upload final PSD",,,"Men's Health","BILLED: Best Foods - Updates"
2010-02-05,"Adam Hoyle",1.0,"work on another design variation for Best Foods after speaking with Bill Phillips",,,"Men's Health","BILLED: Best Foods - Updates"
2010-02-01,"Adam Hoyle",1.5,"work on Updates to MH Best Foods homepage",,,"Men's Health","BILLED: Best Foods - Updates"
2009-05-26,"Adam Hoyle",0.25,"final updates, adding link to 2008 archive list",,,"Men's Health","BILLED: Best Foods 2009"
2009-05-18,"Adam Hoyle",0.25,"re-enable syncing and syn site to prod, request full Akamai clear",,,"Men's Health","BILLED: Best Foods 2009"
2009-05-13,"Adam Hoyle",1.5,"research CMS setup, backup CMS,",,,"Men's Health","BILLED: Best Foods 2009"
2009-05-13,"Adam Hoyle",1.0,"create list style archive page",,,"Men's Health","BILLED: Best Foods 2009"
2009-05-12,"Adam Hoyle",0.5,"move data to mysql, move 2008 items to archive category via MySQL queries",,,"Men's Health","BILLED: Best Foods 2009"
2009-05-11,"Adam Hoyle",0.5,"research CMS setup, backup CMS",,,"Men's Health","BILLED: Best Foods 2009"
2010-10-11,"Adam Hoyle",7.5,"overtime/rush charge due to Yahoo blog hit",,,"Men's Health","BILLED: Best Foods 2010"
2010-10-11,"Adam Hoyle",7.5,"backup site and database, create new fields for tags, create new categories, move all 2009 items to archive with query, size and crop all photos, upload all photos to CMS, train Quinn on data entry, download missing images, size and crop, upload to CMS, sync with prod, clear akamai, add benefit icons",,,"Men's Health","BILLED: Best Foods 2010"
2010-10-04,"Adam Hoyle",0.75,"resize and save photos",,,"Men's Health","BILLED: Best Foods 2010"
2010-10-03,"Adam Hoyle",0.5,"download and process assets for 125 best foods from Brad",,,"Men's Health","BILLED: Best Foods 2010"
2009-05-05,"Adam Hoyle",0.5,"update code for voting by sport, new code from Mike Deal",,,"Men's Health","BILLED: Best Gym Bodies"
2009-05-01,"Adam Hoyle",0.25,"send Michael Deal instructions for the view by sport customization",,,"Men's Health","BILLED: Best Gym Bodies"
2009-04-28,"Adam Hoyle",1.0,"troubleshoot for final launch, work on comments",,,"Men's Health","BILLED: Best Gym Bodies"
2009-04-28,"Adam Hoyle",0.5,"troubleshoot bestbodies",,,"Men's Health","BILLED: Best Gym Bodies"
2009-04-27,"Adam Hoyle",0.5,"Trying to get CAS integrated on womenshealthmag.com",,,"Men's Health","BILLED: Best Gym Bodies"
2009-04-27,"Adam Hoyle",0.5,"try to get files onto server",,,"Men's Health","BILLED: Best Gym Bodies"
2009-04-24,"Adam Hoyle",4.5,"add articles from Amanda and make final preparations for merging BB_CAS with BESTBODIES",,,"Men's Health","BILLED: Best Gym Bodies"
2009-04-24,"Adam Hoyle",0.75,"review site and work on final CAS todos",,,"Men's Health","BILLED: Best Gym Bodies"
2009-04-23,"Adam Hoyle",0.75,"brainstorm, review and test cas stuff with mat",,,"Men's Health","BILLED: Best Gym Bodies"
2009-04-22,"Adam Hoyle",1.5,"move application files and database to prod, email IT about rsync error",,,"Men's Health","BILLED: Best Gym Bodies"
2009-04-21,"Adam Hoyle",0.75,"update with new customizations",,,"Men's Health","BILLED: Best Gym Bodies"
2009-04-17,"Adam Hoyle",0.5,"update with new customizations",,,"Men's Health","BILLED: Best Gym Bodies"
2009-04-17,"Adam Hoyle",0.75,"meeting with Michael Deal re: customizations","Modify templates","Website","Men's Health","BILLED: Best Gym Bodies"
2009-04-17,"Adam Hoyle",0.5,"homepage design changes from Amanda","Code Templates","Website","Men's Health","BILLED: Best Gym Bodies"
2009-04-17,"Adam Hoyle",0.5,"work on technical issues with server and prod","Code Templates","Website","Men's Health","BILLED: Best Gym Bodies"
2009-04-17,"Adam Hoyle",0.5,"homepage image changes","Code Templates","Website","Men's Health","BILLED: Best Gym Bodies"
2009-04-17,"Adam Hoyle",0.5,"work on setting up the production server","Install software","Website","Men's Health","BILLED: Best Gym Bodies"
2009-04-17,"Adam Hoyle",2.0,"final template coding changes before handoff","Code Templates","Website","Men's Health","BILLED: Best Gym Bodies"
2009-04-16,"Adam Hoyle",2.75,"work on styling","Modify templates","Website","Men's Health","BILLED: Best Gym Bodies"
2009-04-16,"Adam Hoyle",1.25,"re-setup up sports based on Michael Deals updates","Install software","Website","Men's Health","BILLED: Best Gym Bodies"
2009-04-16,"Adam Hoyle",0.25,"update featured image",,,"Men's Health","BILLED: Best Gym Bodies"
2009-04-16,"Adam Hoyle",1.0,,,,"Men's Health","BILLED: Best Gym Bodies"
2009-04-15,"Adam Hoyle",1.75,"work on profile display templates","Code Templates","Website","Men's Health","BILLED: Best Gym Bodies"
2009-04-15,"Adam Hoyle",0.5,"create rating icons","Code Templates","Website","Men's Health","BILLED: Best Gym Bodies"
2009-04-15,"Adam Hoyle",3.25,"setup custom fields for sports","Install software","Website","Men's Health","BILLED: Best Gym Bodies"
2009-04-14,"Adam Hoyle",0.25,"call with Brad to discuss CAS",,,"Men's Health","BILLED: Best Gym Bodies"
2009-04-14,"Adam Hoyle",2.0,"start coding","Code Templates","Website","Men's Health","BILLED: Best Gym Bodies"
2009-04-14,"Adam Hoyle",0.75,"call with Amanda re: Best Bodies designs",,,"Men's Health","BILLED: Best Gym Bodies"
2009-04-13,"Adam Hoyle",1.5,"work on revisions from call","Design","Website","Men's Health","BILLED: Best Gym Bodies"
2009-04-13,"Adam Hoyle",0.5,"conference call to review first round designs with Amanda, Brad and Jay E.",,,"Men's Health","BILLED: Best Gym Bodies"
2009-04-13,"Adam Hoyle",3.25,"work on first round designs","Design","Website","Men's Health","BILLED: Best Gym Bodies"
2009-04-10,"Adam Hoyle",0.503056,,"Install software","Website","Men's Health","BILLED: Best Gym Bodies"
2009-04-10,"Adam Hoyle",1.0,"work on design comps","Design","Website","Men's Health","BILLED: Best Gym Bodies"
2009-04-09,"Adam Hoyle",1.5,,"Design","Website","Men's Health","BILLED: Best Gym Bodies"
2009-04-09,"Adam Hoyle",0.5,"install application on MH server",,,"Men's Health","BILLED: Best Gym Bodies"
2009-04-08,"Adam Hoyle",1.5,"explore templates and do some customization tests",,,"Men's Health","BILLED: Best Gym Bodies"
2009-04-08,"Adam Hoyle",0.5,"conference call with Amanda re: Fit Bodies",,,"Men's Health","BILLED: Best Gym Bodies"
2009-04-08,"Adam Hoyle",0.5,"screenshot all of the key screens and print them out to start sketching.",,,"Men's Health","BILLED: Best Gym Bodies"
2009-04-08,"Adam Hoyle",0.75,"install new version of MiPhoto onto mini.",,,"Men's Health","BILLED: Best Gym Bodies"
2009-04-07,"Adam Hoyle",0.5,"demo MiPhoto for Brad, Steve, Amanda",,,"Men's Health","BILLED: Best Gym Bodies"
2009-08-03,"Adam Hoyle",1.0,"covering Michael Deal's time for custom programming",,,"Men's Health","BILLED: Best Gym Bodies - Phase 2"
2009-07-20,"Adam Hoyle",0.5,"checking best bodies P2",,,"Men's Health","BILLED: Best Gym Bodies - Phase 2"
2010-03-22,"Adam Hoyle",7.0,"continue working on design updates",,,"Men's Health","BILLED: Best Lists - Design Tweaks"
2010-03-21,"Adam Hoyle",1.5,"Review feedback, research files, begin making design updates",,,"Men's Health","BILLED: Best Lists - Design Tweaks"
2011-05-27,"Adam Hoyle",1.5,"finalize and deliver code to Brad",,,"Men's Health","BILLED: Best Summer Ever"
2011-05-27,"Adam Hoyle",0.5,"update ad code",,,"Men's Health","BILLED: Best Summer Ever"
2011-05-26,"Adam Hoyle",2.0,"proof copy, make copy edits from Kevin",,,"Men's Health","BILLED: Best Summer Ever"
2011-05-25,"Adam Hoyle",0.5,"project coordination, call with Trevor and Dan re: functionality, etc.",,,"Men's Health","BILLED: Best Summer Ever"
2011-05-20,"Adam Hoyle",0.5,"download designs, review with Dan, post to BC for Jill",,,"Men's Health","BILLED: Best Summer Ever"
2011-05-09,"Adam Hoyle",1.0,"setup RSYNC, sync to prod, test",,,"Men's Health","BILLED: Big Book of Sex landing page"
2011-05-05,"Adam Hoyle",1.0,"final code review, obtain client approval, request RSYNC",,,"Men's Health","BILLED: Big Book of Sex landing page"
2011-04-08,"Adam Hoyle",1.0,"check CM and ad tags, update, move to MH dev, send link for final review",,,"Men's Health","BILLED: Big Book of Sex landing page"
2011-04-04,"Adam Hoyle",1.0,"review project and organize remaining tasks and code for Stella",,,"Men's Health","BILLED: Big Book of Sex landing page"
2011-09-29,"Adam Hoyle",0.25,"link update",,,"Men's Health","BILLED: Business Travel Center"
2011-09-29,"Adam Hoyle",0.726111,"move to prod",,,"Men's Health","BILLED: Business Travel Center"
2011-09-29,"Adam Hoyle",3.0,"finish designs, code, update URLS",,,"Men's Health","BILLED: Business Travel Center"
2011-09-28,"Adam Hoyle",1.5,"design updates",,,"Men's Health","BILLED: Business Travel Center"
2010-06-25,"Adam Hoyle",0.5,"update CM and meta on new video page, sync to prod, clear akamai",,,"Men's Health","BILLED: Celebrity Fitness"
2010-06-23,"Adam Hoyle",1.75,"build video template and add sample video from brightcove for testing","add video section","Post-launch","Men's Health","BILLED: Celebrity Fitness"
2010-06-22,"Adam Hoyle",0.5,"create new section in CMS and create template page","add video section","Post-launch","Men's Health","BILLED: Celebrity Fitness"
2010-06-18,"Adam Hoyle",2.0,"migrate slideshows and associated features to production",,,"Men's Health","BILLED: Celebrity Fitness"
2010-06-17,"Adam Hoyle",0.5,,"add clean URLs for exercise details","Post-launch","Men's Health","BILLED: Celebrity Fitness"
2010-06-17,"Adam Hoyle",1.25,"create slideshow list page, add iframes, and add block back to sidebar",,,"Men's Health","BILLED: Celebrity Fitness"
2010-06-15,"Adam Hoyle",2.0,"migrate ad refresh and pagination fixes to production, QA",,,"Men's Health","BILLED: Celebrity Fitness"
2010-06-09,"Adam Hoyle",0.5,"update field type for slideshows to allow more text",,,"Men's Health","BILLED: Celebrity Fitness"
2010-06-08,"Adam Hoyle",0.5,,"Remove ETNT iPhone screenshot from Discover MH box","Post-launch","Men's Health","BILLED: Celebrity Fitness"
2010-06-07,"Adam Hoyle",0.5,"Add pullquote field to CMS, update CSS and template",,,"Men's Health","BILLED: Celebrity Fitness"
2010-06-07,"Adam Hoyle",0.25,,"Add fast facts and pull quote","Post-launch","Men's Health","BILLED: Celebrity Fitness"
2010-06-04,"Adam Hoyle",0.25,"link template to CMS","create new content type for slideshows with text","Post-launch","Men's Health","BILLED: Celebrity Fitness"
2010-06-04,"Adam Hoyle",0.75,"design slideshow page",,,"Men's Health","BILLED: Celebrity Fitness"
2010-06-02,"Adam Hoyle",1.25,"make the magazine cover ad served",,,"Men's Health","BILLED: Celebrity Fitness"
2010-05-26,"Adam Hoyle",0.75,"work on post-launch QA items from Eric",,,"Men's Health","BILLED: Celebrity Fitness"
2010-05-25,"Adam Hoyle",3.5,"Final tweaks, launch and troubleshoot clean URL issue.",,,"Men's Health","BILLED: Celebrity Fitness"
2010-05-24,"Adam Hoyle",0.5,"move Workouts to last field in CMS",,,"Men's Health","BILLED: Celebrity Fitness"
2010-05-24,"Adam Hoyle",2.75,"work through remaining todos and ad hoc requests from trevor",,,"Men's Health","BILLED: Celebrity Fitness"
2010-05-14,"Adam Hoyle",4.0,"work through changes from Steve, call with Brad and Trevor to discuss loose ends.",,,"Men's Health","BILLED: Celebrity Fitness"
2010-05-12,"Adam Hoyle",4.75,"link remaining sections to CMS",,,"Men's Health","BILLED: Celebrity Fitness"
2010-05-07,"Adam Hoyle",4.75,"add CM, ad tags, tracking code, meta to celeb index page, add alpha listing and link to CMS",,,"Men's Health","BILLED: Celebrity Fitness"
2010-04-29,"Adam Hoyle",3.5,"link celeb fitness article page to CMS",,,"Men's Health","BILLED: Celebrity Fitness"
2010-04-28,"Adam Hoyle",0.75,"organize CM tags, ad tags, and tracking codes",,,"Men's Health","BILLED: Celebrity Fitness"
2010-04-27,"Adam Hoyle",0.75,"organize code for article page and enter test content",,,"Men's Health","BILLED: Celebrity Fitness"
2010-04-26,"Adam Hoyle",0.25,"save social media icons on transparent for Jill",,,"Men's Health","BILLED: Celebrity Fitness"
2010-04-20,"Adam Hoyle",0.25,"Update sections headings for Meta, Tag Cloud, and move Related Celeb to top of form on all content types",,,"Men's Health","BILLED: Celebrity Fitness"
2010-04-20,"Adam Hoyle",0.5,"setup workouts section based on Brad's feedback",,,"Men's Health","BILLED: Celebrity Fitness"
2010-04-14,"Adam Hoyle",0.5,"Call w/ Brad re: Celeb Fitness CMS",,,"Men's Health","BILLED: Celebrity Fitness"
2010-04-08,"Adam Hoyle",1.0,"CMS walkthrough with MH team",,,"Men's Health","BILLED: Celebrity Fitness"
2010-04-07,"Adam Hoyle",1.5,"setup and configure content types and fields for Artices, Video, Exercises, Slideshows, Lists, and Celebrities in CMS, prep for demo to MH team",,,"Men's Health","BILLED: Celebrity Fitness"
2010-04-01,"Adam Hoyle",1.0,"design review and feedback with Scarlett",,,"Men's Health","BILLED: Celebrity Fitness"
2010-03-31,"Adam Hoyle",0.5,"review designs and give internal feedback",,,"Men's Health","BILLED: Celebrity Fitness"
2010-03-29,"Adam Hoyle",0.75,"install CMS on MH Mini-dev and begin early configuration",,,"Men's Health","BILLED: Celebrity Fitness"
2010-03-26,"Adam Hoyle",0.75,"Review celeb fitness feedback with Scarlett",,,"Men's Health","BILLED: Celebrity Fitness"
2010-03-17,"Adam Hoyle",0.5,"finalize design comps to send to client, email",,,"Men's Health","BILLED: Celebrity Fitness"
2010-03-17,"Adam Hoyle",4.75,"workout and zmod page designs",,,"Men's Health","BILLED: Celebrity Fitness"
2010-03-15,"Adam Hoyle",0.5,"review current designs with Scarlett and give feedback",,,"Men's Health","BILLED: Celebrity Fitness"
2010-03-11,"Adam Hoyle",1.0,"Call w/ Steve to review Celeb Fitness feedback and editorial guidance",,,"Men's Health","BILLED: Celebrity Fitness"
2010-09-10,"Adam Hoyle",1.5,"project coordination",,,"Men's Health","BILLED: Celebrity Sweat"
2011-03-15,"Adam Hoyle",0.25,"design updates",,,"Men's Health","BILLED: Celebrity Sweat P2"
2011-03-04,"Adam Hoyle",0.630556,"create new landing page for Andy Bynum",,,"Men's Health","BILLED: Celebrity Sweat P2"
2011-02-12,"Adam Hoyle",0.25,"Download and review assets from Brad",,,"Men's Health","BILLED: Celebrity Sweat P2"
2009-06-17,"Adam Hoyle",3.25,"finalize homepage",,,"Men's Health","BILLED: Celebrity Workout Channel"
2009-06-16,"Adam Hoyle",2.0,"coding homepage",,,"Men's Health","BILLED: Celebrity Workout Channel"
2009-06-16,"Adam Hoyle",0.75,"enter remaining videos, create thumbnails",,,"Men's Health","BILLED: Celebrity Workout Channel"
2009-06-16,"Adam Hoyle",0.622778,"add video code, setup pagination",,,"Men's Health","BILLED: Celebrity Workout Channel"
2009-06-15,"Adam Hoyle",0.5,"upload thumbnails to articles",,,"Men's Health","BILLED: Celebrity Workout Channel"
2009-06-15,"Adam Hoyle",2.0,"finalize linking list and detail page tempaltes to CMS",,,"Men's Health","BILLED: Celebrity Workout Channel"
2009-05-22,"Adam Hoyle",0.75,"resize and save images for thumbnails and articles",,,"Men's Health","BILLED: Celebrity Workout Channel"
2009-05-21,"Adam Hoyle",0.25,"Look for images on FTP, troubleshoot FTP connection",,,"Men's Health","BILLED: Celebrity Workout Channel"
2009-05-19,"Adam Hoyle",0.75,"code detail page",,,"Men's Health","BILLED: Celebrity Workout Channel"
2009-05-18,"Adam Hoyle",0.5,"coding detail page template","Code Templates","Website","Men's Health","BILLED: Celebrity Workout Channel"
2009-05-18,"Adam Hoyle",0.25,"add new field for ""Celeb's Name"" and update all articles",,,"Men's Health","BILLED: Celebrity Workout Channel"
2009-05-18,"Adam Hoyle",1.75,"coding for template list page","Code Templates","Website","Men's Health","BILLED: Celebrity Workout Channel"
2009-05-18,"Adam Hoyle",1.0,"enter Celebrity Workouts content into CMS from Joel",,,"Men's Health","BILLED: Celebrity Workout Channel"
2009-05-15,"Adam Hoyle",2.5,"coding templates","Code Templates","Website","Men's Health","BILLED: Celebrity Workout Channel"
2009-05-15,"Adam Hoyle",0.5,"setup CMS",,,"Men's Health","BILLED: Celebrity Workout Channel"
2009-05-08,"Adam Hoyle",0.25,"call with Joel to review final design feedback",,,"Men's Health","BILLED: Celebrity Workout Channel"
2009-05-08,"Adam Hoyle",2.75,"homepage and list page designs",,,"Men's Health","BILLED: Celebrity Workout Channel"
2009-05-07,"Adam Hoyle",0.25,"call with Joel to review latest round of designs",,,"Men's Health","BILLED: Celebrity Workout Channel"
2009-05-06,"Adam Hoyle",1.0,"work on design revisions to detail page based on call with Joel and Brad",,,"Men's Health","BILLED: Celebrity Workout Channel"
2009-05-06,"Adam Hoyle",0.5,"review Joel's feedback and prep for call, conference call with Joel and Brad to review designs","Design","Website","Men's Health","BILLED: Celebrity Workout Channel"
2009-05-06,"Adam Hoyle",0.25,"review feedback from Joel Weber re: first round designs",,,"Men's Health","BILLED: Celebrity Workout Channel"
2009-05-01,"Adam Hoyle",1.75,,"Design","Website","Men's Health","BILLED: Celebrity Workout Channel"
2009-04-30,"Adam Hoyle",2.0,,"Design","Website","Men's Health","BILLED: Celebrity Workout Channel"
2009-04-29,"Adam Hoyle",0.75,,"Design","Website","Men's Health","BILLED: Celebrity Workout Channel"
2009-04-29,"Adam Hoyle",1.5,,"Design","Website","Men's Health","BILLED: Celebrity Workout Channel"
2009-04-27,"Adam Hoyle",2.0,"work on wireframes",,,"Men's Health","BILLED: Celebrity Workout Channel"
2009-04-27,"Adam Hoyle",0.5,"setup and test rsync script",,,"Men's Health","BILLED: Celebrity Workout Channel"
2009-04-23,"Adam Hoyle",0.25,"request rsyncs",,,"Men's Health","BILLED: Celebrity Workout Channel"
2009-04-23,"Adam Hoyle",0.25,"install CMS",,,"Men's Health","BILLED: Celebrity Workout Channel"
2010-10-25,"Adam Hoyle",0.5,"dad.menshealth.com deployment",,,"Men's Health","BILLED: CH Migration to DAD"
2010-10-22,"Adam Hoyle",2.25,"Add sponsor add to CH, create Metrograde callout for homepage, troubleshoot IE7",,,"Men's Health","BILLED: CH Migration to DAD"
2010-10-21,"Adam Hoyle",2.0,"add 8 new articles to MH Dad's",,,"Men's Health","BILLED: CH Migration to DAD"
2010-10-21,"Adam Hoyle",0.75,"Update homepage with new content",,,"Men's Health","BILLED: CH Migration to DAD"
2010-10-20,"Adam Hoyle",0.5,"pre-launch checkin, review remaining tasks with IT, Edit and Ad Ops",,,"Men's Health","BILLED: CH Migration to DAD"
2010-10-19,"Adam Hoyle",1.75,"DAD logo updates, call with Steve, move box ad on homepage, remove mag cover from homepage and sidebar, troubleshoot comments - (disabled for now)",,,"Men's Health","BILLED: CH Migration to DAD"
2010-07-19,"Adam Hoyle",0.25,"create 301 list for CH",,,"Men's Health","BILLED: CH Migration to DAD"
2010-07-13,"Adam Hoyle",0.5,"weekly status update call",,,"Men's Health","BILLED: CH Migration to DAD"
2010-07-06,"Adam Hoyle",1.0,"Add MSN tags to CH and MHL",,,"Men's Health","BILLED: CH Migration to DAD"
2010-06-28,"Adam Hoyle",1.75,"MH Living - finish testing php, update coremetrics, fix CM error on CH, add channel nav include, add footer include",,,"Men's Health","BILLED: CH Migration to DAD"
2010-06-28,"Adam Hoyle",0.5,"weekly conference call to update status and progress",,,"Men's Health","BILLED: CH Migration to DAD"
2010-06-28,"Adam Hoyle",1.5,"backup MH Living, change file extension to .php and test",,,"Men's Health","BILLED: CH Migration to DAD"
2010-06-28,"Adam Hoyle",2.75,"backup CH and move to dev-dad.menshealth.com. update CM tags based on new specs from Seth Holladay, add MH channel nav, add shared footer",,,"Men's Health","BILLED: CH Migration to DAD"
2010-06-17,"Adam Hoyle",0.5,"call with Fred, Mani, Anna re: caching on dad.menshealth.com",,,"Men's Health","BILLED: CH Migration to DAD"
2010-05-31,"Adam Hoyle",0.5,"Conference call to discuss next steps",,,"Men's Health","BILLED: CH Migration to DAD"
2010-05-17,"Adam Hoyle",1.5,"backup and migrate files and database for MH Living from Hostway to MH Mini Dev",,,"Men's Health","BILLED: CH Migration to DAD"
2009-09-08,"Adam Hoyle",0.506111,"article cleanup",,,"Men's Health","BILLED: Children's Health Website"
2009-09-08,"Adam Hoyle",0.263333,"fix page 2 templates",,,"Men's Health","BILLED: Children's Health Website"
2009-09-07,"Adam Hoyle",0.765833,,,,"Men's Health","BILLED: Children's Health Website"
2009-09-07,"Adam Hoyle",0.879444,,"Create search results page and test search engine","Loose ends","Men's Health","BILLED: Children's Health Website"
2009-09-07,"Adam Hoyle",2.46278,,"Link Popular articles on the homepage","Loose ends","Men's Health","BILLED: Children's Health Website"
2009-09-07,"Adam Hoyle",1.41583,"work through Steve's feedback and basecamp todos",,,"Men's Health","BILLED: Children's Health Website"
2009-09-07,"Adam Hoyle",0.089444,,"Darken font color in newsletter sub box. Know we confirmed its working, result page should be something other than google – let’s use this copy: “Thanks for your interest in the Children’s Health email newsletter.","Channel Pages","Men's Health","BILLED: Children's Health Website"
2009-09-07,"Adam Hoyle",0.395278,"work on Steve feedbacm/notes, add meta, create contact page",,,"Men's Health","BILLED: Children's Health Website"
2009-09-06,"Adam Hoyle",1.20639,"work on homepage",,,"Men's Health","BILLED: Children's Health Website"
2009-09-04,"Adam Hoyle",3.25,"work on loose ends",,,"Men's Health","BILLED: Children's Health Website"
2009-09-03,"Adam Hoyle",1.77972,"work on outstanding todos",,,"Men's Health","BILLED: Children's Health Website"
2009-09-03,"Adam Hoyle",2.5,"Work on CH loose ends",,,"Men's Health","BILLED: Children's Health Website"
2009-09-03,"Adam Hoyle",0.25,"create checklist for Mat","Link Templates to CMS","Website","Men's Health","BILLED: Children's Health Website"
2009-09-03,"Adam Hoyle",2.75,"link detail page to CMS","Link Templates to CMS","Website","Men's Health","BILLED: Children's Health Website"
2009-09-03,"Adam Hoyle",0.5,"work on email collector with Kim Jones",,,"Men's Health","BILLED: Children's Health Website"
2009-09-02,"Adam Hoyle",0.5,"setup enewsletter test form...",,,"Men's Health","BILLED: Children's Health Website"
2009-09-02,"Adam Hoyle",0.5,"setup test pages for ads",,,"Men's Health","BILLED: Children's Health Website"
2009-09-02,"Adam Hoyle",1.5,"work on linking list page to CMS, getting ad tags and CM implemented","Link Templates to CMS","Website","Men's Health","BILLED: Children's Health Website"
2009-09-02,"Adam Hoyle",1.0,"complete CMS installation and customization, link to MH dashboard",,,"Men's Health","BILLED: Children's Health Website"
2009-09-01,"Adam Hoyle",1.0,,"Install CMS","Website","Men's Health","BILLED: Children's Health Website"
2009-08-28,"Adam Hoyle",1.0,"work on final updates from Steve, post comps for approval",,,"Men's Health","BILLED: Children's Health Website"
2009-08-26,"Adam Hoyle",0.25,"request web server instance from IT",,,"Men's Health","BILLED: Children's Health Website"
2009-08-26,"Adam Hoyle",1.25,"work on final design revisions",,,"Men's Health","BILLED: Children's Health Website"
2009-08-24,"Adam Hoyle",0.25,"conference call with eric & steve re: homepade designs and changes",,,"Men's Health","BILLED: Children's Health Website"
2009-08-21,"Adam Hoyle",2.95833,"Work on homepage design, finalize and post for review",,,"Men's Health","BILLED: Children's Health Website"
2009-08-20,"Adam Hoyle",0.5,"Work on minor design updates to CH, remove Milestones heading, remove FITSCHOOLS logo from nav, change fonts to Georgia, and remove all caps from dek",,,"Men's Health","BILLED: Children's Health Website"
2009-08-20,"Adam Hoyle",0.5,"call with Steve and Seth re: CoreMetrics tagging for Children's Health Mag",,,"Men's Health","BILLED: Children's Health Website"
2009-08-19,"Adam Hoyle",0.5,"review designs with steve",,,"Men's Health","BILLED: Children's Health Website"
2009-08-18,"Adam Hoyle",4.5,"finalize list page and article page, post for review",,,"Men's Health","BILLED: Children's Health Website"
2009-08-18,"Adam Hoyle",2.79278,"work on designs",,,"Men's Health","BILLED: Children's Health Website"
2009-08-17,"Adam Hoyle",2.25,"start working on designs from wireframes",,,"Men's Health","BILLED: Children's Health Website"
2009-08-17,"Adam Hoyle",2.5,"finish wireframes",,,"Men's Health","BILLED: Children's Health Website"
2009-08-14,"Adam Hoyle",1.0,"work on wireframes for CH.com",,,"Men's Health","BILLED: Children's Health Website"
2009-08-13,"Adam Hoyle",1.25,"finalize mood board",,,"Men's Health","BILLED: Children's Health Website"
2009-08-12,"Adam Hoyle",3.5,"start pulling design elements and defining style guidelines",,,"Men's Health","BILLED: Children's Health Website"
2009-08-10,"Adam Hoyle",0.5,"research print spreads print some samples for design inspiration",,,"Men's Health","BILLED: Children's Health Website"
2009-08-05,"Adam Hoyle",1.0,"research brand and print spreads from the magazine indesign files",,,"Men's Health","BILLED: Children's Health Website"
2009-07-31,"Adam Hoyle",0.5,"Kick-off call with Steve & Brad",,,"Men's Health","BILLED: Children's Health Website"
2011-11-15,"Adam Hoyle",0.25,"process changes from Gabe, brainstorm on solution for content not fitting into boxes",,,"Men's Health","BILLED: Cold & Flu ""Symptom Solver"" Tool"
2011-11-04,"Adam Hoyle",0.5,"review and deliver first round designs",,,"Men's Health","BILLED: Cold & Flu ""Symptom Solver"" Tool"
2010-11-03,"Adam Hoyle",6.0,"design and custom video player specs",,,"Men's Health","BILLED: Custom Video Player"
2010-12-09,"Adam Hoyle",1.25,"migrate to production and test",,,"Men's Health","BILLED: DADventures"
2010-12-09,"Adam Hoyle",0.5,"Walk Brad through CMS",,,"Men's Health","BILLED: DADventures"
2010-12-08,"Adam Hoyle",1.25,"IE fixes and misc. cleanup from Brad",,,"Men's Health","BILLED: DADventures"
2010-12-08,"Adam Hoyle",1.0,"add Toyota product ties",,,"Men's Health","BILLED: DADventures"
2010-12-07,"Adam Hoyle",1.0,"coordinate photo uploads, additional CMS tweaks, fix selector form",,,"Men's Health","BILLED: DADventures"
2010-12-07,"Adam Hoyle",1.04889,"finalize coding",,,"Men's Health","BILLED: DADventures"
2010-12-06,"Adam Hoyle",2.81083,"finish front-end coding",,,"Men's Health","BILLED: DADventures"
2010-12-01,"Adam Hoyle",2.04278,"begin coding for Dadventures",,,"Men's Health","BILLED: DADventures"
2010-12-01,"Adam Hoyle",0.3475,"install and configure CMS on dev",,,"Men's Health","BILLED: DADventures"
2009-06-26,"Adam Hoyle",2.0,"update Fitness-WTG page",,,"Men's Health","BILLED: Download Center"
2009-06-21,"Adam Hoyle",1.28694,"move CMSB to prod",,,"Men's Health","BILLED: Download Center"
2009-06-18,"Adam Hoyle",0.5,"final tweaks on downlaod center and send to kim for permission to move to prod",,,"Men's Health","BILLED: Download Center"
2009-06-18,"Adam Hoyle",2.5,"implement quick links",,,"Men's Health","BILLED: Download Center"
2009-06-18,"Adam Hoyle",2.0,"run through final changes from Kim... create mockups and send to kim for approal",,,"Men's Health","BILLED: Download Center"
2009-06-11,"Adam Hoyle",0.75,"call with Kim Jones re: download center, review feedback with Mat, review site",,,"Men's Health","BILLED: Download Center"
2009-06-09,"Adam Hoyle",1.75889,"finalize download center, create sub-category pages, test",,,"Men's Health","BILLED: Download Center"
2009-06-03,"Adam Hoyle",1.25,"work on view templates for CMSB version of download center",,,"Men's Health","BILLED: Download Center"
2009-06-02,"Adam Hoyle",1.0,"export ETNT database for Fuzz Productions to use on iPhone App",,,"Men's Health","BILLED: Download Center"
2009-06-01,"Adam Hoyle",2.25,"setup fields and section editors",,,"Men's Health","BILLED: Download Center"
2009-06-01,"Adam Hoyle",0.5,"install CMSB on Mini to start rebuilding Download Center",,,"Men's Health","BILLED: Download Center"
2009-05-20,"Adam Hoyle",1.25,"finalize and prepare to launch",,,"Men's Health","BILLED: Download Center"
2009-05-19,"Adam Hoyle",0.5,"work on final changes from Kim Jones",,,"Men's Health","BILLED: Download Center"
2009-05-18,"Adam Hoyle",0.5,"continue coding inside detail page",,,"Men's Health","BILLED: Download Center"
2009-05-18,"Adam Hoyle",1.0,"adjust CMS publish rule to NOT include items from sub-categories on secondary features. setup go-to-meeting for Kim Jones to walk through options. Update logo per Steve, request change to rsync",,,"Men's Health","BILLED: Download Center"
2009-05-17,"Adam Hoyle",0.365556,"final feedback from Kim Jones, setup user accounts for Brad, Brit, Steve, Jaclyn",,,"Men's Health","BILLED: Download Center"
2009-05-15,"Adam Hoyle",1.0,"work on homepage",,,"Men's Health","BILLED: Download Center"
2009-05-13,"Adam Hoyle",0.25,"update designs to show New / Sale tag",,,"Men's Health","BILLED: Download Center"
2009-05-12,"Adam Hoyle",0.25,"review questions and feedback from Kim Jones",,,"Men's Health","BILLED: Download Center"
2009-05-12,"Adam Hoyle",1.75,"link templates to CMS",,,"Men's Health","BILLED: Download Center"
2009-05-12,"Adam Hoyle",1.0,"finish coding templates",,,"Men's Health","BILLED: Download Center"
2009-05-12,"Adam Hoyle",0.5,,,,"Men's Health","BILLED: Download Center"
2009-05-11,"Adam Hoyle",2.5,"code templates",,,"Men's Health","BILLED: Download Center"
2009-05-11,"Adam Hoyle",0.75,"code templates",,,"Men's Health","BILLED: Download Center"
2009-05-11,"Adam Hoyle",1.25,"configure CMS categories and custom fields",,,"Men's Health","BILLED: Download Center"
2009-05-08,"Adam Hoyle",0.25,"call with Kim Jones to review final feedback",,,"Men's Health","BILLED: Download Center"
2009-05-08,"Adam Hoyle",1.25,"final design revisions based on Steve's feedback",,,"Men's Health","BILLED: Download Center"
2009-05-07,"Adam Hoyle",1.0,"design updates based on final round of feedback from Kim",,,"Men's Health","BILLED: Download Center"
2009-05-07,"Adam Hoyle",0.5,"call w/ Kim Jones, and updates to project notes in Basecamp",,,"Men's Health","BILLED: Download Center"
2009-05-07,"Adam Hoyle",1.75,"design updates based on new navigation",,,"Men's Health","BILLED: Download Center"
2009-05-06,"Adam Hoyle",1.5,"discuss navigation with Kim Jones and work on design comps",,,"Men's Health","BILLED: Download Center"
2009-05-05,"Adam Hoyle",0.5,"review navigation with Kim Jones",,,"Men's Health","BILLED: Download Center"
2009-05-04,"Adam Hoyle",3.75,"design",,,"Men's Health","BILLED: Download Center"
2009-04-30,"Adam Hoyle",0.25,"review asset list from Kim Jones and download thumbnails, update basecamp",,,"Men's Health","BILLED: Download Center"
2009-04-29,"Adam Hoyle",0.5,"review requirements",,,"Men's Health","BILLED: Download Center"
2009-04-28,"Adam Hoyle",0.75,"review requirements and respond to Kim Jones re: thumbnail sizes and asset list questions",,,"Men's Health","BILLED: Download Center"
2009-04-27,"Adam Hoyle",0.25,"setup and test rsync script",,,"Men's Health","BILLED: Download Center"
2009-04-23,"Adam Hoyle",0.5,"install CMS",,,"Men's Health","BILLED: Download Center"
2009-04-23,"Adam Hoyle",0.5,"research rodale store, prevention store, etc.",,,"Men's Health","BILLED: Download Center"
2009-07-22,"Adam Hoyle",0.5,"call w/ Eric and Niki to review enewsletter feedback",,,"Men's Health","BILLED: Enewsletter redesign"
2009-06-02,"Adam Hoyle",6.0,"Template coding (to cover outsourced time)",,,"Men's Health","BILLED: ETNT 2.0 - Design, Coding, Consulting"
2009-06-01,"Adam Hoyle",0.5,"finalize code for IE and check",,,"Men's Health","BILLED: ETNT 2.0 - Design, Coding, Consulting"
2009-06-01,"Adam Hoyle",1.5,"work on XHTML/CSS coding for ETNT 2.0",,,"Men's Health","BILLED: ETNT 2.0 - Design, Coding, Consulting"
2009-05-27,"Adam Hoyle",0.5,"organize files and email coders",,,"Men's Health","BILLED: ETNT 2.0 - Design, Coding, Consulting"
2009-05-20,"Adam Hoyle",0.25,"email Jason and Eric about designs and ask about code",,,"Men's Health","BILLED: ETNT 2.0 - Design, Coding, Consulting"
2009-05-19,"Adam Hoyle",1.0,"review niki's designs, print wireframes, touch up PSDs",,,"Men's Health","BILLED: ETNT 2.0 - Design, Coding, Consulting"
2009-05-14,"Adam Hoyle",0.25,"conference call with Jason john and Eric to review comps",,,"Men's Health","BILLED: ETNT 2.0 - Design, Coding, Consulting"
2009-05-13,"Adam Hoyle",0.25,"review designs with Niki",,,"Men's Health","BILLED: ETNT 2.0 - Design, Coding, Consulting"
2009-05-13,"Adam Hoyle",0.75,"review Niki's design comps and give feedback",,,"Men's Health","BILLED: ETNT 2.0 - Design, Coding, Consulting"
2009-04-30,"Adam Hoyle",0.75,"review wireframes and prep for call with Jason John re: creative direction, update basecamp","Meetings","Misc.","Men's Health","BILLED: ETNT 2.0 - Design, Coding, Consulting"
2009-04-16,"Adam Hoyle",1.0,"review wireframes version 1.2, and conference call with Jason John, Eric Goeres, Carolyn, Goulding",,,"Men's Health","BILLED: ETNT 2.0 - Design, Coding, Consulting"
2009-12-18,"Adam Hoyle",1.0,"Conference call with Kim Ray, Eric, Brian Short, re: ETNT Feature Parity - status update, webex meeting to demp features",,,"Men's Health","BILLED: ETNT 2.0 - Phase 2"
2009-12-17,"Adam Hoyle",0.5,"Conference call with Kim Ray, Eric, Brian Short, re: ETNT Feature Parity - status update",,,"Men's Health","BILLED: ETNT 2.0 - Phase 2"
2009-12-04,"Adam Hoyle",0.25,"send bar graphic image to Anna",,,"Men's Health","BILLED: ETNT 2.0 - Phase 2"
2009-12-03,"Adam Hoyle",0.25,"cleanup layered PSDs for delivery to Anna",,,"Men's Health","BILLED: ETNT 2.0 - Phase 2"
2009-11-30,"Adam Hoyle",1.25,"quick phone call with Eric and Vikram to review designs, then work on the design updates, complete and post for review",,,"Men's Health","BILLED: ETNT 2.0 - Phase 2"
2009-11-30,"Adam Hoyle",1.5,"finish designs for wireframes Daily Log (wireframe page 6), My Info & Targets (wireframe page 17), and Homepage (not logged in), and post for review",,,"Men's Health","BILLED: ETNT 2.0 - Phase 2"
2009-11-27,"Adam Hoyle",1.5,"homepage NOT LOGGED IN design comp, daily log design comp",,,"Men's Health","BILLED: ETNT 2.0 - Phase 2"
2009-11-23,"Adam Hoyle",1.25,"Make updates to the ""Add Food to Log"" page based on our last call",,,"Men's Health","BILLED: ETNT 2.0 - Phase 2"
2009-11-20,"Adam Hoyle",0.5,"conference call with Brian Short to review ETNT 2.0 designs",,,"Men's Health","BILLED: ETNT 2.0 - Phase 2"
2009-11-19,"Adam Hoyle",2.0,"work on design updates based on feedback from call",,,"Men's Health","BILLED: ETNT 2.0 - Phase 2"
2009-11-16,"Adam Hoyle",0.5,"conference call to review ETNT 2.0 designs with team",,,"Men's Health","BILLED: ETNT 2.0 - Phase 2"
2009-11-16,"Adam Hoyle",5.55805,"finish first round designs and post for review",,,"Men's Health","BILLED: ETNT 2.0 - Phase 2"
2009-11-15,"Adam Hoyle",1.5,"Cleanup files, post for review",,,"Men's Health","BILLED: ETNT 2.0 - Phase 2"
2009-11-15,"Adam Hoyle",2.75,"work on design comps from wireframes",,,"Men's Health","BILLED: ETNT 2.0 - Phase 2"
2009-11-12,"Adam Hoyle",0.75,"design research for new features",,,"Men's Health","BILLED: ETNT 2.0 - Phase 2"
2009-11-04,"Adam Hoyle",0.505833,"conference call with Eric, Jason, Kristy",,,"Men's Health","BILLED: ETNT 2.0 - Phase 2"
2010-09-13,"Adam Hoyle",5.0,"Produce new ETNT homepage design ideas based on MH.com homepage template",,,"Men's Health","BILLED: ETNT Homepage Design Ideas"
2009-03-12,"Adam Hoyle",2.0,"work on rev 3 for homepage redesign",,,"Men's Health","BILLED: ETNT Homepage Redesign"
2009-03-10,"Adam Hoyle",0.25,"email with Eric re: feedback",,,"Men's Health","BILLED: ETNT Homepage Redesign"
2009-03-10,"Adam Hoyle",1.75,"work on a 3rd design option with a blog-like ""THIS JUST IN"" section in the main column, per Eric",,,"Men's Health","BILLED: ETNT Homepage Redesign"
2009-03-09,"Adam Hoyle",3.25,"work on second variation",,,"Men's Health","BILLED: ETNT Homepage Redesign"
2009-03-06,"Adam Hoyle",5.75,"designs",,,"Men's Health","BILLED: ETNT Homepage Redesign"
2009-03-04,"Adam Hoyle",2.5,"designs",,,"Men's Health","BILLED: ETNT Homepage Redesign"
2009-03-03,"Adam Hoyle",1.25,"work on wireframes",,,"Men's Health","BILLED: ETNT Homepage Redesign"
2010-01-11,"Adam Hoyle",1.0,"Conference call re: new ETNT homepage slider",,,"Men's Health","BILLED: ETNT Homepage Slider"
2010-01-07,"Adam Hoyle",0.75,"troubleshoot slider issues on dev, send Brian instructions to replace billboard.js. refresh cufon was not included.",,,"Men's Health","BILLED: ETNT Homepage Slider"
2010-01-04,"Adam Hoyle",0.25,"conference call with Eric, Brian, Kim, Mat re: next steps",,,"Men's Health","BILLED: ETNT Homepage Slider"
2010-01-04,"Adam Hoyle",0.5,"finish and post design comp for ETNT homepage slider",,,"Men's Health","BILLED: ETNT Homepage Slider"
2009-11-30,"Adam Hoyle",0.25,"update links, check page and move to production",,,"Men's Health","BILLED: ETNT iPhone App Landing Page"
2009-01-21,"Adam Hoyle",1.5,"Monitor ETNT load testing",,,"Men's Health","BILLED: ETNT Premium"
2009-01-20,"Adam Hoyle",2.25,"pull down updated HTML, load onto dev server, make sql edits per dave. Applied indexing to accounts7 favorites table per Dave",,,"Men's Health","BILLED: ETNT Premium"
2009-01-20,"Adam Hoyle",0.75,"review Phase 1A spec and priority list",,,"Men's Health","BILLED: ETNT Premium"
2009-01-19,"Adam Hoyle",0.5,"spec out subdomains to regina",,,"Men's Health","BILLED: ETNT Premium"
2009-01-16,"Adam Hoyle",0.75,"move full database to dev for Brandley's testing",,,"Men's Health","BILLED: ETNT Premium"
2009-01-16,"Adam Hoyle",1.0,"call re: QA load testing (with Dave",,,"Men's Health","BILLED: ETNT Premium"
2009-01-16,"Adam Hoyle",0.75,"QA terminate process, email results to regina. need to change to not wipe the table after running to solve the issue of no-registered users holding out and getting in after decline",,,"Men's Health","BILLED: ETNT Premium"
2009-01-15,"Adam Hoyle",1.75,"eatthis.com site outage",,,"Men's Health","BILLED: ETNT Premium"
2009-01-14,"Adam Hoyle",0.25,"make some edit changes to premium_content.php page",,,"Men's Health","BILLED: ETNT Premium"
2009-01-14,"Adam Hoyle",1.25,"work on premium_content.php page, add graphics and clean up. Move changes to MH ETNT, move and test on prod, run queries to toggle records to visible and check the premium box",,,"Men's Health","BILLED: ETNT Premium"
2009-01-13,"Adam Hoyle",1.96667,"work on show/hide premium content functionality",,,"Men's Health","BILLED: ETNT Premium"
2009-01-13,"Adam Hoyle",0.934444,"work on show/hide premium content functionality",,,"Men's Health","BILLED: ETNT Premium"
2009-01-13,"Adam Hoyle",2.0,"setup new user account on ETNT CMSs for cristina_goyanes, work on show/hide content for ETNT premium, look into zMod sorting for Abby",,,"Men's Health","BILLED: ETNT Premium"
2009-01-13,"Adam Hoyle",1.0,"conference call re: xml feed for quattro",,,"Men's Health","BILLED: ETNT Premium"
2009-01-09,"Adam Hoyle",0.5,"changes to tease box",,,"Men's Health","BILLED: ETNT Premium"
2009-01-09,"Adam Hoyle",2.25,"create premium tease box for WH and MH with link to OAE",,,"Men's Health","BILLED: ETNT Premium"
2009-01-09,"Adam Hoyle",1.75,"work on combining food types, email CSV to Amanda, and send list of Prim, Sec, Tert values from old database",,,"Men's Health","BILLED: ETNT Premium"
2009-01-08,"Adam Hoyle",0.551667,"work on getting multiple food type values into multiselect using concatenate",,,"Men's Health","BILLED: ETNT Premium"
2009-01-08,"Adam Hoyle",1.75,"review specs for phase 1A, make notes",,,"Men's Health","BILLED: ETNT Premium"
2009-01-06,"Adam Hoyle",0.25,"create custom 404",,,"Men's Health","BILLED: ETNT Premium"
2009-01-06,"Adam Hoyle",0.5,"remove disable account checkbox in CMS",,,"Men's Health","BILLED: ETNT Premium"
2009-01-06,"Adam Hoyle",0.25,"respond to regina's email about db backups",,,"Men's Health","BILLED: ETNT Premium"
2009-01-06,"Adam Hoyle",0.75,"conference call re: phase 1A and consolidation",,,"Men's Health","BILLED: ETNT Premium"
2009-01-06,"Adam Hoyle",1.25,"conference call re: phase 1A and consolidation",,,"Men's Health","BILLED: ETNT Premium"
2009-01-05,"Adam Hoyle",0.75,"research CMS configurations for ETNT, research consumer reports, look into content type settings in ETNT Prem CMS",,,"Men's Health","BILLED: ETNT Premium"
2009-01-05,"Adam Hoyle",0.25,"hide best and worst restaurants for kids from WH site",,,"Men's Health","BILLED: ETNT Premium"
2009-01-05,"Adam Hoyle",0.75,"conference call about ETNT declines, make changes to status drop-down in CMS, and update website_functions2.php",,,"Men's Health","BILLED: ETNT Premium"
2009-01-05,"Adam Hoyle",0.5,"hide 125 best groceries from WH ETNT site",,,"Men's Health","BILLED: ETNT Premium"
2009-01-05,"Adam Hoyle",0.75,"add next link to top swaps, email dave about issues",,,"Men's Health","BILLED: ETNT Premium"
2009-01-02,"Adam Hoyle",0.5,"add google tracking code",,,"Men's Health","BILLED: ETNT Premium"
2009-05-29,"Adam Hoyle",1.75,,"re-check all CM tags, ad tags, meta tags","Final Steps to Launch","Men's Health","BILLED: ETNT Premium - Phase 1B"
2009-05-29,"Adam Hoyle",1.75,"CMS article review and transfer of hard-coded to zMods",,,"Men's Health","BILLED: ETNT Premium - Phase 1B"
2009-05-28,"Adam Hoyle",1.5,"prep for 1B training call",,,"Men's Health","BILLED: ETNT Premium - Phase 1B"
2009-05-28,"Adam Hoyle",2.0,"troubleshoot for IE6",,,"Men's Health","BILLED: ETNT Premium - Phase 1B"
2009-05-28,"Adam Hoyle",0.25,"","Links within articles should appear red and underlined, currently they appear black and are not noticeable.","Final Steps to Launch","Men's Health","BILLED: ETNT Premium - Phase 1B"
2009-05-27,"Adam Hoyle",1.25,"update iPhone module in sidebar",,,"Men's Health","BILLED: ETNT Premium - Phase 1B"
2009-05-27,"Adam Hoyle",0.5,"finalize",,,"Men's Health","BILLED: ETNT Premium - Phase 1B"
2009-05-27,"Adam Hoyle",2.0,"run through final todos - videos, navigation",,,"Men's Health","BILLED: ETNT Premium - Phase 1B"
2009-05-26,"Adam Hoyle",0.474722,"enter and format blog posts, adjust css and CMS as needed",,,"Men's Health","BILLED: ETNT Premium - Phase 1B"
2009-05-26,"Adam Hoyle",0.25,"enter Today's Best blog entries from Carolyn into ETNT CMS",,,"Men's Health","BILLED: ETNT Premium - Phase 1B"
2009-05-26,"Adam Hoyle",2.5,"create list of top 50 URLs on ETNT and put into Apache webserver format for Chris T. for 301 redirects on new site","Implement redirect strategy","Final Steps to Launch","Men's Health","BILLED: ETNT Premium - Phase 1B"
2009-05-25,"Adam Hoyle",1.25,"run through and check all items from 1A, 1B and make notes for final changes before launch",,,"Men's Health","BILLED: ETNT Premium - Phase 1B"
2009-05-22,"Adam Hoyle",0.25,"review phase 1A items to insure they carried over in the 1B deployment",,,"Men's Health","BILLED: ETNT Premium - Phase 1B"
2009-05-22,"Adam Hoyle",0.25,"backup premium site prior to updates",,,"Men's Health","BILLED: ETNT Premium - Phase 1B"
2009-05-21,"Adam Hoyle",0.5,"backup prod database",,,"Men's Health","BILLED: ETNT Premium - Phase 1B"
2009-05-19,"Adam Hoyle",0.75,"review ETNT Phase 1B with Mat",,,"Men's Health","BILLED: ETNT Premium - Phase 1B"
2009-05-14,"Adam Hoyle",0.5,"create fields for goulding formula",,,"Men's Health","BILLED: ETNT Premium - Phase 1B"
2009-05-08,"Adam Hoyle",0.25,"review and troubleshoot 1B with Mat",,,"Men's Health","BILLED: ETNT Premium - Phase 1B"
2009-05-08,"Adam Hoyle",0.25,"checkin with Mat, review CMS and homepage on mini",,,"Men's Health","BILLED: ETNT Premium - Phase 1B"
2009-05-05,"Adam Hoyle",0.75,"email dave edis about implementing the goulding formula",,,"Men's Health","BILLED: ETNT Premium - Phase 1B"
2009-04-03,"Adam Hoyle",1.25,"respond to eric's email about phase 1B, CMS changes, timelines, etc.",,,"Men's Health","BILLED: ETNT Premium - Phase 1B"
2009-04-02,"Adam Hoyle",1.75,"review feedback on phase 1B homepage design changes",,,"Men's Health","BILLED: ETNT Premium - Phase 1B"
2009-04-01,"Adam Hoyle",3.0,"work on design changes from eric",,,"Men's Health","BILLED: ETNT Premium - Phase 1B"
2009-04-01,"Adam Hoyle",0.25,"call with eric re: design changes from DZ",,,"Men's Health","BILLED: ETNT Premium - Phase 1B"
2009-03-27,"Adam Hoyle",1.0,"call with eric re etnt homepage, make design updates and post for final review",,,"Men's Health","BILLED: ETNT Premium - Phase 1B"
2009-03-25,"Adam Hoyle",1.0,"work on polishing 7b (Eric's comp) for final round",,,"Men's Health","BILLED: ETNT Premium - Phase 1B"
2009-04-14,"Adam Hoyle",0.75,"CMS walkthrough",,,"Men's Health","BILLED: ETNT Premium Phase1A"
2009-04-13,"Adam Hoyle",0.75,"email dave edis about setting expiration date for early users per maryann lesniak",,,"Men's Health","BILLED: ETNT Premium Phase1A"
2009-04-09,"Adam Hoyle",0.75,"design changes to current free sites from DZ homepage fire drill",,,"Men's Health","BILLED: ETNT Premium Phase1A"
2009-04-03,"Adam Hoyle",0.25,"test confirmation process with tristar codes, and reset oracle",,,"Men's Health","BILLED: ETNT Premium Phase1A"
2009-04-03,"Adam Hoyle",0.5,"set publish status and toggle all values to published on premium.dev",,,"Men's Health","BILLED: ETNT Premium Phase1A"
2009-04-02,"Adam Hoyle",0.5,"review initial defect report from Laura Hurni and prioritize bugs, enter into basecamp",,,"Men's Health","BILLED: ETNT Premium Phase1A"
2009-03-31,"Adam Hoyle",0.5,"conference call with laura hurni to walk through CMS for QA",,,"Men's Health","BILLED: ETNT Premium Phase1A"
2009-03-31,"Adam Hoyle",0.25,"troubleshoot issue on dev with scheme files ""unknown in field list""",,,"Men's Health","BILLED: ETNT Premium Phase1A"
2009-03-30,"Adam Hoyle",0.5,"conference call with Jarrett and Laura Hurni re: Phase 1A status and QA testing",,,"Men's Health","BILLED: ETNT Premium Phase1A"
2009-03-30,"Adam Hoyle",0.5,"conference call with Steve Bork. Eric Goeres, and Ron Lopez, status update re: ETNT Phase 1A",,,"Men's Health","BILLED: ETNT Premium Phase1A"
2009-03-30,"Adam Hoyle",0.75,"craete QA list for Laura and update for MH team",,,"Men's Health","BILLED: ETNT Premium Phase1A"
2009-03-26,"Adam Hoyle",0.5,"check phase 1A",,,"Men's Health","BILLED: ETNT Premium Phase1A"
2009-03-24,"Adam Hoyle",0.5,,"ETNT1A.FS#44 - Link to results lists from results.php","Site/UI","Men's Health","BILLED: ETNT Premium Phase1A"
2009-03-24,"Adam Hoyle",1.0,"check presentation of 0 vs null on etnt",,,"Men's Health","BILLED: ETNT Premium Phase1A"
2009-03-23,"Adam Hoyle",0.25,"support for Bradley Andrews on the mobile feed, server path question",,,"Men's Health","BILLED: ETNT Premium Phase1A"
2009-03-21,"Adam Hoyle",0.75,"review daves updates - password reset",,,"Men's Health","BILLED: ETNT Premium Phase1A"
2009-03-21,"Adam Hoyle",0.25,"send user flow to laura for load testing of free sites, troubleshoot broken images and flash from Tools section",,,"Men's Health","BILLED: ETNT Premium Phase1A"
2009-03-17,"Adam Hoyle",1.75,"push files from local.dev to mh.dev for free sites, send user flow to Laura",,,"Men's Health","BILLED: ETNT Premium Phase1A"
2009-03-14,"Adam Hoyle",1.25,"review remaining items and prep for call on monday",,,"Men's Health","BILLED: ETNT Premium Phase1A"
2009-03-02,"Adam Hoyle",1.25,"revert CMS back to allow decimals",,,"Men's Health","BILLED: ETNT Premium Phase1A"
2009-02-27,"Adam Hoyle",1.0,"Create notes and tutorial for Amanda and Eric on how they can use Query browser to edit data directly in the database",,,"Men's Health","BILLED: ETNT Premium Phase1A"
2009-02-27,"Adam Hoyle",0.25,"call with Eric and Amanda re: data editing through Query Browser, Excel, CMS, etc.",,,"Men's Health","BILLED: ETNT Premium Phase1A"
2009-02-26,"Adam Hoyle",1.0,"conference call with full ETNT team for Q&A session",,,"Men's Health","BILLED: ETNT Premium Phase1A"
2009-02-25,"Adam Hoyle",0.5,"write up sample use-case for next load test",,,"Men's Health","BILLED: ETNT Premium Phase1A"
2009-02-25,"Adam Hoyle",0.5,"conference call to discuss load test results",,,"Men's Health","BILLED: ETNT Premium Phase1A"
2009-02-24,"Adam Hoyle",0.25,"create new users account for David Kang",,,"Men's Health","BILLED: ETNT Premium Phase1A"
2009-02-24,"Adam Hoyle",0.5,"conference call to review ETNT load test results",,,"Men's Health","BILLED: ETNT Premium Phase1A"
2009-02-23,"Adam Hoyle",0.75,"review and comment results of the latest prod load test, test confirm.php",,,"Men's Health","BILLED: ETNT Premium Phase1A"
2009-02-23,"Adam Hoyle",1.25,"add content scheduling to prod CMS",,,"Men's Health","BILLED: ETNT Premium Phase1A"
2009-02-23,"Adam Hoyle",0.25,"conference call with jarrett and eric re: load testing on prod",,,"Men's Health","BILLED: ETNT Premium Phase1A"
2009-02-23,"Adam Hoyle",0.25,"review Krivda's ETNT re-platforming plan",,,"Men's Health","BILLED: ETNT Premium Phase1A"
2009-02-23,"Adam Hoyle",1.0,"review outstanding items and re-prioritize, add numeric error checking to dev and prod for nutritional values on grocery and menu items",,,"Men's Health","BILLED: ETNT Premium Phase1A"
2009-02-23,"Adam Hoyle",1.0,"test new directories for FREE sites on dev",,,"Men's Health","BILLED: ETNT Premium Phase1A"
2009-02-20,"Adam Hoyle",0.75,"review load test results, and discuss next steps woth IT and Dave E",,,"Men's Health","BILLED: ETNT Premium Phase1A"
2009-02-19,"Adam Hoyle",0.5,"run queries to update nutrition fields and update the field type in the CMS to INT","ETNT1A.FS#51 - Set blank Nutrition Fields to Null","Data & Data management","Men's Health","BILLED: ETNT Premium Phase1A"
2009-02-19,"Adam Hoyle",0.5,"send sample process for load test to Jarrett, Eric and Laura, send Chris T static pages for Akamai caching of login, respond to action items on Jarretts list from meeting recap",,,"Men's Health","BILLED: ETNT Premium Phase1A"
2009-02-19,"Adam Hoyle",0.75,"conference call with Jarrett, Eric, Ron Lopez re: load testing",,,"Men's Health","BILLED: ETNT Premium Phase1A"
2009-02-18,"Adam Hoyle",1.0,"conference call with Eric, Steve, Dave E., Tom R. re: TriStar transaction codes and expiration dates","TriStar offer ID processes","Registration Process & Account Management","Men's Health","BILLED: ETNT Premium Phase1A"
2009-02-13,"Adam Hoyle",1.75,"create static pages for order redirects",,,"Men's Health","BILLED: ETNT Premium Phase1A"
2009-02-13,"Adam Hoyle",0.75,"conference call with steve and eric to discuss plan for Tristar TV commercial",,,"Men's Health","BILLED: ETNT Premium Phase1A"
2009-02-13,"Adam Hoyle",0.25,"review tempalte code from free sites and give mat feedback",,,"Men's Health","BILLED: ETNT Premium Phase1A"
2009-02-10,"Adam Hoyle",0.5,"update nutritionals to accept null and update database column types in CMS, and set empty values to null",,,"Men's Health","BILLED: ETNT Premium Phase1A"
2009-02-10,"Adam Hoyle",0.5,"research the undefinted index error - calories - that's appearing on dev for grocery items (but not on prod), send notes to dave",,,"Men's Health","BILLED: ETNT Premium Phase1A"
2009-02-10,"Adam Hoyle",0.5,"update neverRemoves to show content, email DE about error message from menu_items table",,,"Men's Health","BILLED: ETNT Premium Phase1A"
2009-02-09,"Adam Hoyle",0.25,"added syndication fields to dv and prod",,,"Men's Health","BILLED: ETNT Premium Phase1A"
2009-02-09,"Adam Hoyle",1.0,"review dave's feedbacl and questions, complete any CMS updates possible",,,"Men's Health","BILLED: ETNT Premium Phase1A"
2009-02-07,"Adam Hoyle",0.307778,"review and respond to dave edis questions",,,"Men's Health","BILLED: ETNT Premium Phase1A"
2009-02-07,"Adam Hoyle",0.75,"review dave's comments on tasks delagated to him",,,"Men's Health","BILLED: ETNT Premium Phase1A"
2009-02-06,"Adam Hoyle",1.75,"research ways to make the free/paid, content work under the new platform, setup fields in cms and run tests",,,"Men's Health","BILLED: ETNT Premium Phase1A"
2009-02-06,"Adam Hoyle",0.5,"conference call with eric, shannon, maryann, re: cancelling memberships",,,"Men's Health","BILLED: ETNT Premium Phase1A"
2009-02-06,"Adam Hoyle",0.5,"code free site templates",,,"Men's Health","BILLED: ETNT Premium Phase1A"
2009-02-05,"Adam Hoyle",0.5,"add new fields to CMS for syndication, confirm that all content has premium/free option",,,"Men's Health","BILLED: ETNT Premium Phase1A"
2009-02-05,"Adam Hoyle",0.5,"code free site templates",,,"Men's Health","BILLED: ETNT Premium Phase1A"
2009-02-04,"Adam Hoyle",0.75,"work on Phase 1A items, completed: FS.1A#50, email date with outline of next steps, update priority spreadsheet with completed tasks",,,"Men's Health","BILLED: ETNT Premium Phase1A"
2009-02-04,"Adam Hoyle",0.25,"update GO button with new split link offer",,,"Men's Health","BILLED: ETNT Premium Phase1A"
2009-02-04,"Adam Hoyle",0.5,"review outstanding tasks on FS1A and assign appropriate tasks to DE",,,"Men's Health","BILLED: ETNT Premium Phase1A"
2009-02-04,"Adam Hoyle",0.75,"code templates for WH free site",,,"Men's Health","BILLED: ETNT Premium Phase1A"
2009-02-02,"Adam Hoyle",1.25,"Work on updates to CMS - Completed FS#16, FS#17, FS#22, FS#24, FS#27, FS#28, FS#29, FS#31, FS#35",,,"Men's Health","BILLED: ETNT Premium Phase1A"
2009-02-02,"Adam Hoyle",0.75,"review subdomain setup on dev, email Chris T... directories exist but I can't hit them in a browser.",,,"Men's Health","BILLED: ETNT Premium Phase1A"
2009-01-29,"Adam Hoyle",0.5,"complete FS#10",,,"Men's Health","BILLED: ETNT Premium Phase1A"
2009-01-29,"Adam Hoyle",0.5,"handoff call with steve and eric",,,"Men's Health","BILLED: ETNT Premium Phase1A"
2009-01-29,"Adam Hoyle",2.0,"design mockups of free and paid in the new template",,,"Men's Health","BILLED: ETNT Premium Phase1A"
2009-01-26,"Adam Hoyle",0.900833,"code and database optimizations",,,"Men's Health","BILLED: ETNT Premium Phase1A"
2009-01-26,"Adam Hoyle",0.25,"prioritize tasks",,,"Men's Health","BILLED: ETNT Premium Phase1A"
2009-01-23,"Adam Hoyle",0.5,"updated /lib/website_functions2.php and defaulted the hostname to ""eatthis.com"" if not specified, test on dev, move to prod",,,"Men's Health","BILLED: ETNT Premium Phase1A"
2009-01-23,"Adam Hoyle",0.25,"check status of ETNT terminate test",,,"Men's Health","BILLED: ETNT Premium Phase1A"
2009-01-23,"Adam Hoyle",0.75,"send out an update to the team with information on MySQL load balancers, and blocked host errors.",,,"Men's Health","BILLED: ETNT Premium Phase1A"
2009-01-22,"Adam Hoyle",0.25,"research error logs, reply to regina and tom",,,"Men's Health","BILLED: ETNT Premium Phase1A"
2009-01-22,"Adam Hoyle",1.0,"research errors and load testing, send Dave E. update and next steps",,,"Men's Health","BILLED: ETNT Premium Phase1A"
2009-01-22,"Adam Hoyle",0.25,"put together a sample user flow for ETNT",,,"Men's Health","BILLED: ETNT Premium Phase1A"
2009-01-22,"Adam Hoyle",1.0,"monitor and standby during load testing",,,"Men's Health","BILLED: ETNT Premium Phase1A"
2009-01-21,"Adam Hoyle",0.75,"Mockup designs of premium template as free (including banner ads, and channel nav.)",,,"Men's Health","BILLED: ETNT Premium Phase1A"
2009-06-22,"Adam Hoyle",1.0,"reorder from 30 - 1",,,"Men's Health","BILLED: ETNT Slideshow Templates"
2009-06-21,"Adam Hoyle",0.624722,"check all content on 30 worst foods slideshow",,,"Men's Health","BILLED: ETNT Slideshow Templates"
2009-06-19,"Adam Hoyle",2.5,"create 1-15",,,"Men's Health","BILLED: ETNT Slideshow Templates"
2011-05-04,"Adam Hoyle",2.0,"QA and project coordination",,,"Men's Health","BILLED: Fit for Summer/Life Challenge"
2011-05-03,"Adam Hoyle",1.5,"design tweaks, organize content, project coordination",,,"Men's Health","BILLED: Fit for Summer/Life Challenge"
2011-05-02,"Adam Hoyle",0.5,"call with Ron Lopez re: security scan and game plan",,,"Men's Health","BILLED: Fit for Summer/Life Challenge"
2011-04-29,"Adam Hoyle",0.25,"create RAF",,,"Men's Health","BILLED: Fit for Summer/Life Challenge"
2011-04-29,"Adam Hoyle",1.5,"call with Bill, Adam, Eric re: design changes, review project details, update basecamp, organize reqs, update designs",,,"Men's Health","BILLED: Fit for Summer/Life Challenge"
2011-04-29,"Adam Hoyle",0.5,"update comps with new logo, tweaks, post for review and email client",,,"Men's Health","BILLED: Fit for Summer/Life Challenge"
2011-04-28,"Adam Hoyle",0.5,"conference call w/ Adam, Bill, Dan, Eric... but they were no shows. (Except for Dan)",,,"Men's Health","BILLED: Fit for Summer/Life Challenge"
2011-04-27,"Adam Hoyle",3.0,"design over MyMH",,,"Men's Health","BILLED: Fit for Summer/Life Challenge"
2011-04-22,"Adam Hoyle",0.75,"research, client emails, gather resources, PDF, images, fonts, etc.",,,"Men's Health","BILLED: Fit for Summer/Life Challenge"
2011-01-14,"Adam Hoyle",1.0,"updates to fitclick tour based on feedback from Dena and Michelle, package and post all assets for final delivery",,,"Men's Health","BILLED: FitClick iPhone App Tours"
2011-09-26,"Adam Hoyle",0.25,"more QA, adjusting font-sizes, margins, etc.",,,"Men's Health","BILLED: Fragrance Finder"
2011-09-26,"Adam Hoyle",0.25,"QA",,,"Men's Health","BILLED: Fragrance Finder"
2011-09-25,"Adam Hoyle",0.5,"troubleshoot paths, update paths",,,"Men's Health","BILLED: Fragrance Finder"
2011-09-22,"Adam Hoyle",0.25,"coordinate page creation and asset upload with Radnor",,,"Men's Health","BILLED: Fragrance Finder"
2011-04-26,"Adam Hoyle",0.5,"tweaks to GSA on celeb fitness",,,"Men's Health","BILLED: Google Search Appliance"
2011-04-25,"Adam Hoyle",0.507222,"add GSA to Celeb Fitness","Add GSA to: http://www.menshealth.com/celebrity-fitness","Add GSA","Men's Health","BILLED: Google Search Appliance"
2011-04-25,"Adam Hoyle",0.585,"add GSA to Abs Diet","Add GSA to: http://www.menshealth.com/abs-diet-club/","Add GSA","Men's Health","BILLED: Google Search Appliance"
2011-04-25,"Adam Hoyle",0.881111,"tweak to GSA on bestfoods, dad and bellyoff per Kyle",,,"Men's Health","BILLED: Google Search Appliance"
2011-04-20,"Adam Hoyle",0.513333,"update template code, republish site, test, sync to prod, clear akamai, email client","Add GSA to: http://www.menshealth.com/bestfoods","Add GSA","Men's Health","BILLED: Google Search Appliance"
2011-04-20,"Adam Hoyle",0.75,"update template code, republish site, test, sync to prod, clear akamai, email client","Add GSA to: http://my.menshealth.com/bellyoff/","Add GSA","Men's Health","BILLED: Google Search Appliance"
2011-04-20,"Adam Hoyle",1.25,"update template code, republish site, test, sync to prod, clear akamai, email client","Add GSA to dad.menshealth.com","Add GSA","Men's Health","BILLED: Google Search Appliance"
2011-04-20,"Adam Hoyle",2.0,"add new GAS search field to MH Lists per Kyle Western, republish site, sync, send instructions.",,,"Men's Health","BILLED: Google Search Appliance"
2010-06-24,"Adam Hoyle",3.0,"design comps",,,"Men's Health","BILLED: Grills Gone Wild"
2010-06-21,"Adam Hoyle",0.5,"Process notes and requirements from Eric, enter to basecamp",,,"Men's Health","BILLED: Grills Gone Wild"
2011-03-21,"Adam Hoyle",4.0,"troubleshooting voting and old pairings",,,"Men's Health","BILLED: Hottest Athletes Bracket"
2011-03-20,"Adam Hoyle",3.0,"troubleshoot voting and old pairings",,,"Men's Health","BILLED: Hottest Athletes Bracket"
2011-03-16,"Adam Hoyle",1.0,"post-launch push and testing",,,"Men's Health","BILLED: Hottest Athletes Bracket"
2011-03-08,"Adam Hoyle",2.0,"changes from Mike Darling",,,"Men's Health","BILLED: Hottest Athletes Bracket"
2011-03-04,"Adam Hoyle",0.5,"go through remaining items from Mike, download new photos",,,"Men's Health","BILLED: Hottest Athletes Bracket"
2011-03-04,"Adam Hoyle",1.92139,"design updates, post and send update email to Eric & Dan",,,"Men's Health","BILLED: Hottest Athletes Bracket"
2011-02-25,"Adam Hoyle",1.0,"finally finished and sent to the client",,,"Men's Health","BILLED: Hottest Athletes Bracket"
2011-02-24,"Adam Hoyle",2.735,"finalize design",,,"Men's Health","BILLED: Hottest Athletes Bracket"
2011-02-16,"Adam Hoyle",1.0,"preliminary research into design, send notes to client",,,"Men's Health","BILLED: Hottest Athletes Bracket"
2011-02-15,"Adam Hoyle",0.5,"client communication and explanation for project details and functionality",,,"Men's Health","BILLED: Hottest Athletes Bracket"
2011-06-16,"Adam Hoyle",0.75,"update 99 most desirable designs for hottest athletes",,,"Men's Health","BILLED: Hottest Female Athletes - Votable Slideshow"
2011-03-16,"Adam Hoyle",2.5,"launch and post-launch issues and support",,,"Men's Health","BILLED: HTDEB"
2011-03-02,"Adam Hoyle",0.5,"update background image, run build",,,"Men's Health","BILLED: HTDEB"
2011-02-07,"Adam Hoyle",0.420833,"review HTDEB backend",,,"Men's Health","BILLED: HTDEB"
2010-04-05,"Adam Hoyle",0.75,"create MH Presents tile",,,"Men's Health","BILLED: iPad Apps Microsite"
2010-04-03,"Adam Hoyle",0.25,"create MH Presents and Discover MH tiles",,,"Men's Health","BILLED: iPad Apps Microsite"
2010-04-02,"Adam Hoyle",0.25,"fixing typo ""EXPERIENCE""",,,"Men's Health","BILLED: iPad Apps Microsite"
2010-04-02,"Adam Hoyle",0.5,"Move iPad to prod",,,"Men's Health","BILLED: iPad Apps Microsite"
2010-04-02,"Adam Hoyle",1.0,"move site to prod server, request new rule on F5",,,"Men's Health","BILLED: iPad Apps Microsite"
2010-04-01,"Adam Hoyle",1.0,"review iPad site, coordinate with Kyle & Niki on pre-launch details",,,"Men's Health","BILLED: iPad Apps Microsite"
2010-03-31,"Adam Hoyle",0.5,"review site",,,"Men's Health","BILLED: iPad Apps Microsite"
2009-08-26,"Adam Hoyle",0.25,"consult with Kyle on conversion event tagging",,,"Men's Health","BILLED: iPhone App Landing Page"
2009-08-12,"Adam Hoyle",0.5,"quick meeting with Scarlett to go over requirements",,,"Men's Health","BILLED: iPhone App Landing Page"
2011-02-04,"Adam Hoyle",1.0,"more copy edits, package and re-deliver assets",,,"Men's Health","BILLED: iPhone App Tour - Post launch"
2011-02-01,"Adam Hoyle",1.0,"copy updates, package and re-deliver assets",,,"Men's Health","BILLED: iPhone App Tour - Post launch"
2010-01-15,"Adam Hoyle",0.5,"process content from Kyle",,,"Men's Health","BILLED: iPhone Apps CMS"
2009-09-02,"Adam Hoyle",0.25,"finalize Jimmy homepage module and send to Kyle, Eric",,,"Men's Health","BILLED: Jimmy the Bartender - iPhone App Landing Page"
2009-08-31,"Adam Hoyle",0.5,"copy changes from Kyle",,,"Men's Health","BILLED: Jimmy the Bartender - iPhone App Landing Page"
2009-08-28,"Adam Hoyle",9.0,"RUSH FEE",,,"Men's Health","BILLED: Jimmy the Bartender - iPhone App Landing Page"
2009-08-28,"Adam Hoyle",1.0,"post-launch cleanup - alt tags, lightbox, link fixes, slider fixes",,,"Men's Health","BILLED: Jimmy the Bartender - iPhone App Landing Page"
2009-08-28,"Adam Hoyle",2.5,"save out the image assets for Jimmy the Bartender iPhone App, work on coding, and getting site live",,,"Men's Health","BILLED: Jimmy the Bartender - iPhone App Landing Page"
2009-03-25,"Adam Hoyle",1.75,"review load test results and investigate new homepage load time issue... change javascri[pt links, remove unecessary php code, fix some misc. apache, php, errors, re-uploads for new test",,,"Men's Health","BILLED: Load testing & optimizations"
2009-03-23,"Adam Hoyle",0.25,"conference call to discuss load test results from new ETNT WH and MH Free sites",,,"Men's Health","BILLED: Load testing & optimizations"
2009-03-23,"Adam Hoyle",1.25,"review load test results for ETNT Free sites MH and WH",,,"Men's Health","BILLED: Load testing & optimizations"
2009-03-07,"Adam Hoyle",1.0,"Loadtest free ETNT WH and MH sites",,,"Men's Health","BILLED: Load testing & optimizations"
2009-03-05,"Adam Hoyle",1.0,"review results from load testing, fix favicon, respond with comments on long load time, review php logs, send notes to dave edis",,,"Men's Health","BILLED: Load testing & optimizations"
2009-02-24,"Adam Hoyle",0.75,"review chagnes from dave on favorites and promote new code to production",,,"Men's Health","BILLED: Load testing & optimizations"
2009-02-24,"Adam Hoyle",0.5,"review code in oracle_functions.php, and confirm.php, register.php to see if there's any reason why test codes are not being toggles as used",,,"Men's Health","BILLED: Load testing & optimizations"
2011-06-15,"Adam Hoyle",0.25,"IE bug fix",,,"Men's Health","BILLED: Man Killer Quizzes"
2011-06-14,"Adam Hoyle",0.25,"publish all",,,"Men's Health","BILLED: Man Killer Quizzes"
2011-06-14,"Adam Hoyle",0.25,"copy edits",,,"Men's Health","BILLED: Man Killer Quizzes"
2011-06-14,"Adam Hoyle",2.0,"final deployment and testing",,,"Men's Health","BILLED: Man Killer Quizzes"
2011-06-13,"Adam Hoyle",3.0,"add 4 additional quizzes to Drupal, testing, copy edits, etc",,,"Men's Health","BILLED: Man Killer Quizzes"
2011-06-12,"Adam Hoyle",0.5,"fixes from Kevin before going live.",,,"Men's Health","BILLED: Man Killer Quizzes"
2011-06-11,"Adam Hoyle",1.25,"move stroke quiz to new-mh, test, tweak styles",,,"Men's Health","BILLED: Man Killer Quizzes"
2010-12-03,"Adam Hoyle",0.5,"Update MH blogger box to 3 columns for longer MH News column",,,"Men's Health","BILLED: Men's Health.com Redesign"
2010-11-23,"Adam Hoyle",0.5,"Revisions and updates to design comps for variation on SM links on slideshows",,,"Men's Health","BILLED: Men's Health.com Redesign"
2010-11-18,"Adam Hoyle",0.5,"Design comp for social media links on slideshow template, post comp for review",,,"Men's Health","BILLED: Men's Health.com Redesign"
2010-11-17,"Adam Hoyle",3.0,"Update MH header and Today's News designs, post comps for review",,,"Men's Health","BILLED: Men's Health.com Redesign"
2010-11-16,"Adam Hoyle",0.75,"Bug review call, Go/No Go build to PRE",,,"Men's Health","BILLED: Men's Health.com Redesign"
2010-11-11,"Adam Hoyle",1.0,"Phase 2 bug review and feature request meeting",,,"Men's Health","BILLED: Men's Health.com Redesign"
2010-11-08,"Adam Hoyle",1.5,"Design comp for multiple states of slideshow with text overlay, post for review",,,"Men's Health","BILLED: Men's Health.com Redesign"
2010-11-08,"Adam Hoyle",1.0,"Bug review call",,,"Men's Health","BILLED: Men's Health.com Redesign"
2010-11-05,"Adam Hoyle",0.25,"Update double arrows on Today's News to red, save and post comps for review",,,"Men's Health","BILLED: Men's Health.com Redesign"
2010-11-05,"Adam Hoyle",0.25,"Update homepage design comps for Todays News to include double arrows after deks, post for review",,,"Men's Health","BILLED: Men's Health.com Redesign"
2010-11-05,"Adam Hoyle",0.5,"Bug review call",,,"Men's Health","BILLED: Men's Health.com Redesign"
2010-11-04,"Adam Hoyle",1.0,"Bug review call",,,"Men's Health","BILLED: Men's Health.com Redesign"
2010-11-02,"Adam Hoyle",0.75,"Update design comps with ""SEE ALL BLOGS >"" on channel, article and home",,,"Men's Health","BILLED: Men's Health.com Redesign"
2010-11-02,"Adam Hoyle",3.0,"Deployment, troubleshooting redirect issues on minisites, QA site throughout deployment",,,"Men's Health","BILLED: Men's Health.com Redesign"
2010-10-28,"Adam Hoyle",0.5,"final go/no go and code freeze",,,"Men's Health","BILLED: Men's Health.com Redesign"
2010-10-28,"Adam Hoyle",2.25,"SEO Meeting and Go/No Go",,,"Men's Health","BILLED: Men's Health.com Redesign"
2010-10-27,"Adam Hoyle",0.5,"QA home and channel",,,"Men's Health","BILLED: Men's Health.com Redesign"
2010-10-26,"Adam Hoyle",0.5,"troubleshoot new MH.com slider image size",,,"Men's Health","BILLED: Men's Health.com Redesign"
2010-10-25,"Adam Hoyle",0.75,"Change sex-relationships to sex-women",,,"Men's Health","BILLED: Men's Health.com Redesign"
2010-10-21,"Adam Hoyle",1.5,"weekly design call pre-launch items",,,"Men's Health","BILLED: Men's Health.com Redesign"
2010-10-20,"Adam Hoyle",1.0,"QA home and channel",,,"Men's Health","BILLED: Men's Health.com Redesign"
2010-10-20,"Adam Hoyle",0.75,"Weekly redesign tech call",,,"Men's Health","BILLED: Men's Health.com Redesign"
2010-10-20,"Adam Hoyle",0.5,"bug review call",,,"Men's Health","BILLED: Men's Health.com Redesign"
2010-10-15,"Adam Hoyle",0.75,"finalize custom video player design",,,"Men's Health","BILLED: Men's Health.com Redesign"
2010-10-13,"Adam Hoyle",0.25,"email steve re: design for lighbox mockup on article pages",,,"Men's Health","BILLED: Men's Health.com Redesign"
2010-10-13,"Adam Hoyle",1.0,"MH redesign weekly call",,,"Men's Health","BILLED: Men's Health.com Redesign"
2010-10-12,"Adam Hoyle",0.5,"daily bug call",,,"Men's Health","BILLED: Men's Health.com Redesign"
2010-10-07,"Adam Hoyle",1.0,"weekly design call",,,"Men's Health","BILLED: Men's Health.com Redesign"
2010-10-07,"Adam Hoyle",0.5,"Call w/ Steve reL SERP, update template page with new header - using channel without second row nav, post link",,,"Men's Health","BILLED: Men's Health.com Redesign"
2010-10-05,"Adam Hoyle",1.0,"verify design QA and email Laura updates",,,"Men's Health","BILLED: Men's Health.com Redesign"
2010-10-04,"Adam Hoyle",1.5,"update Twitter/Retweet buttons based on new requirements, resave and post JPG and PSD for team",,,"Men's Health","BILLED: Men's Health.com Redesign"
2010-09-30,"Adam Hoyle",1.0,"weekly design call",,,"Men's Health","BILLED: Men's Health.com Redesign"
2010-09-29,"Adam Hoyle",1.25,"respond to QA bug 15004, update JS and send to Matt Dorman",,,"Men's Health","BILLED: Men's Health.com Redesign"
2010-09-28,"Adam Hoyle",0.25,"Update Anna on final QA status items - fixed",,,"Men's Health","BILLED: Men's Health.com Redesign"
2010-09-28,"Adam Hoyle",0.75,"Update QA design comps to reflect changes and decisions made during development",,,"Men's Health","BILLED: Men's Health.com Redesign"
2010-09-27,"Adam Hoyle",0.5,"QA call with Anna, Laura and NPS",,,"Men's Health","BILLED: Men's Health.com Redesign"
2010-09-21,"Adam Hoyle",0.5,"review MH.com QA items in HP QC, send notes to Anna",,,"Men's Health","BILLED: Men's Health.com Redesign"
2010-09-20,"Adam Hoyle",0.5,"call with Anna re: budget, update invoice and resubmit to Catalyst",,,"Men's Health","BILLED: Men's Health.com Redesign"
2010-09-16,"Adam Hoyle",1.25,"weekly design call",,,"Men's Health","BILLED: Men's Health.com Redesign"
2010-09-15,"Adam Hoyle",1.5,"update headers for consistency on approved designs, repost and send links to Anna, Eric, BP, and Laura",,,"Men's Health","BILLED: Men's Health.com Redesign"
2010-09-15,"Adam Hoyle",0.25,"call with Anna and Laura re: header designs, QA, etc.",,,"Men's Health","BILLED: Men's Health.com Redesign"
2010-09-02,"Adam Hoyle",0.5,"Weekly design conference call",,,"Men's Health","BILLED: Men's Health.com Redesign"
2010-09-01,"Adam Hoyle",0.5,"weekly tech call",,,"Men's Health","BILLED: Men's Health.com Redesign"
2010-08-26,"Adam Hoyle",0.5,"weekly redesign call",,,"Men's Health","BILLED: Men's Health.com Redesign"
2010-08-25,"Adam Hoyle",0.5,"Weekly tech call",,,"Men's Health","BILLED: Men's Health.com Redesign"
2010-08-12,"Adam Hoyle",0.5,"weekly design conference call",,,"Men's Health","BILLED: Men's Health.com Redesign"
2010-08-11,"Adam Hoyle",0.75,"weekly tech conference call",,,"Men's Health","BILLED: Men's Health.com Redesign"
2010-08-09,"Adam Hoyle",1.25,"Update MH.com search results page, and post final comp for approval",,,"Men's Health","BILLED: Men's Health.com Redesign"
2010-08-06,"Adam Hoyle",3.5,"update designs with notes from anna, finalize and deliver layered PSDs",,,"Men's Health","BILLED: Men's Health.com Redesign"
2010-08-06,"Adam Hoyle",0.75,"create comp showing leaderboard ad at the top of the page when no pencil is available, post for review",,,"Men's Health","BILLED: Men's Health.com Redesign"
2010-08-06,"Adam Hoyle",0.75,"create comp showing leaderboard ad in place of pencil ad, post for review",,,"Men's Health","BILLED: Men's Health.com Redesign"
2010-08-05,"Adam Hoyle",1.25,"weekly conference call",,,"Men's Health","BILLED: Men's Health.com Redesign"
2010-08-04,"Adam Hoyle",1.0,"weekly tech conference call with IT",,,"Men's Health","BILLED: Men's Health.com Redesign"
2010-08-03,"Adam Hoyle",0.5,"call with Anna to discuss MH.com",,,"Men's Health","BILLED: Men's Health.com Redesign"
2010-08-03,"Adam Hoyle",0.75,"prep and post final comps for approval",,,"Men's Health","BILLED: Men's Health.com Redesign"
2010-08-02,"Adam Hoyle",0.5,"design updates based on feedback from Matt Bean - adding social media icons for recognition",,,"Men's Health","BILLED: Men's Health.com Redesign"
2010-07-30,"Adam Hoyle",1.0,"homepage design updates from BP",,,"Men's Health","BILLED: Men's Health.com Redesign"
2010-07-29,"Adam Hoyle",1.0,"more updates to homepage design based on call with Eric and Dan",,,"Men's Health","BILLED: Men's Health.com Redesign"
2010-07-29,"Adam Hoyle",0.5,"call with Eric re: latest round of HP designs",,,"Men's Health","BILLED: Men's Health.com Redesign"
2010-07-29,"Adam Hoyle",0.75,"work on design updates to homepage based on end of day notes from dave",,,"Men's Health","BILLED: Men's Health.com Redesign"
2010-07-29,"Adam Hoyle",1.0,"weekly team call re: design and homepage",,,"Men's Health","BILLED: Men's Health.com Redesign"
2010-07-28,"Adam Hoyle",3.0,"Review feedback and make notes, begin design changes",,,"Men's Health","BILLED: Men's Health.com Redesign"
2010-07-28,"Adam Hoyle",1.0,"Meeting with DZ to review designs",,,"Men's Health","BILLED: Men's Health.com Redesign"
2010-07-28,"Adam Hoyle",2.5,"refine designs in preparation for morning meeting",,,"Men's Health","BILLED: Men's Health.com Redesign"
2010-07-28,"Adam Hoyle",1.0,"morning meeting with Eric, Dan, Bill, Steve",,,"Men's Health","BILLED: Men's Health.com Redesign"
2010-07-28,"Adam Hoyle",2.75,"revisions based on morning meeting with Eric, Dan, Bill, Steve",,,"Men's Health","BILLED: Men's Health.com Redesign"
2010-07-27,"Adam Hoyle",5.5,"work on homepage design updates based on notes from Eric and Bill Phillips",,,"Men's Health","BILLED: Men's Health.com Redesign"
2010-07-26,"Adam Hoyle",0.75,"Create photoshop overlay of screenshots and approved design for use in documenting QA items",,,"Men's Health","BILLED: Men's Health.com Redesign"
2010-07-26,"Adam Hoyle",0.5,"research for homepage redesign",,,"Men's Health","BILLED: Men's Health.com Redesign"
2010-07-22,"Adam Hoyle",1.25,"design search results page",,,"Men's Health","BILLED: Men's Health.com Redesign"
2010-07-22,"Adam Hoyle",1.0,"weekly design call",,,"Men's Health","BILLED: Men's Health.com Redesign"
2010-07-21,"Adam Hoyle",0.25,"call with Ron Lopez for project and drupal dev checkin",,,"Men's Health","BILLED: Men's Health.com Redesign"
2010-07-21,"Adam Hoyle",2.5,"Weekly tech call, into homepage redesign call based on notes and wireframes from Eric and DZ",,,"Men's Health","BILLED: Men's Health.com Redesign"
2010-07-14,"Adam Hoyle",4.0,"weekly tech and design call - THIS COVERS ADAM B, AND ADAM H",,,"Men's Health","BILLED: Men's Health.com Redesign"
2010-07-07,"Adam Hoyle",0.5,"weekly conference call",,,"Men's Health","BILLED: Men's Health.com Redesign"
2010-07-01,"Adam Hoyle",0.75,"weekly conference call",,,"Men's Health","BILLED: Men's Health.com Redesign"
2010-06-29,"Adam Hoyle",0.5,"call with Matt, Matt, Jarrett, Anna to discuss implemetnation strategy for Channel Index page in Drupal",,,"Men's Health","BILLED: Men's Health.com Redesign"
2010-06-24,"Adam Hoyle",1.5,"weekly conference call to review notes on backend and feedback from Eric and Steve",,,"Men's Health","BILLED: Men's Health.com Redesign"
2010-06-17,"Adam Hoyle",1.0,"weekly conference call to review drupal admin with northpoint",,,"Men's Health","BILLED: Men's Health.com Redesign"
2010-06-11,"Adam Hoyle",0.75,"update List page design with SORT BY options",,,"Men's Health","BILLED: Men's Health.com Redesign"
2010-06-03,"Adam Hoyle",0.75,"weekly call, review schedule",,,"Men's Health","BILLED: Men's Health.com Redesign"
2010-05-27,"Adam Hoyle",1.0,"package and deliver PSDs to NPS",,,"Men's Health","BILLED: Men's Health.com Redesign"
2010-05-27,"Adam Hoyle",1.5,"design updates to channel list page based on notes from Eric, added PER PAGE 10-25-50-100",,,"Men's Health","BILLED: Men's Health.com Redesign"
2010-05-27,"Adam Hoyle",2.0,"finalize PSDs for Article, Slideshow, List and post for review for conference call",,,"Men's Health","BILLED: Men's Health.com Redesign"
2010-05-27,"Adam Hoyle",1.0,"Weekly conference call with Rodale and NPS team",,,"Men's Health","BILLED: Men's Health.com Redesign"
2010-05-26,"Adam Hoyle",0.5,"status update call with Eric in prep for tomorrow's conference call",,,"Men's Health","BILLED: Men's Health.com Redesign"
2010-05-26,"Adam Hoyle",0.5,"call with Ron Lopez and Adam Balson re: Drupal status and involvement",,,"Men's Health","BILLED: Men's Health.com Redesign"
2010-05-21,"Adam Hoyle",0.25,"update navigation in PSDs with approved design from Melissa",,,"Men's Health","BILLED: Men's Health.com Redesign"
2010-05-20,"Adam Hoyle",0.5,"Adam H and Adam B on weekly conference call with MH and IT",,,"Men's Health","BILLED: Men's Health.com Redesign"
2010-05-12,"Adam Hoyle",0.75,"revisions to channel and article pages per Eric",,,"Men's Health","BILLED: Men's Health.com Redesign"
2010-05-11,"Adam Hoyle",0.5,"update channel page designs based on requests from Eric, post for review",,,"Men's Health","BILLED: Men's Health.com Redesign"
2010-05-06,"Adam Hoyle",3.25,"document designs and provide style guide",,,"Men's Health","BILLED: Men's Health.com Redesign"
2010-05-05,"Adam Hoyle",2.5,"work on PSD cleanup and finalize for delivery",,,"Men's Health","BILLED: Men's Health.com Redesign"
2010-04-26,"Adam Hoyle",0.5,"prep MH.com PSDs for delivery to Anna for coding",,,"Men's Health","BILLED: Men's Health.com Redesign"
2010-04-21,"Adam Hoyle",2.0,"Update article template based on functional requirement notes, post for review.",,,"Men's Health","BILLED: Men's Health.com Redesign"
2010-04-09,"Adam Hoyle",1.0,"review design changes from Eric based on his functional requirements review",,,"Men's Health","BILLED: Men's Health.com Redesign"
2010-04-02,"Adam Hoyle",0.75,"call w/ Eric re: homepage and article designs, review changes to right rail, post notes to basecamp",,,"Men's Health","BILLED: Men's Health.com Redesign"
2010-03-31,"Adam Hoyle",1.0,"Kickoff call with IT MH redesign kick-off meeting is for the dev portion of the project.",,,"Men's Health","BILLED: Men's Health.com Redesign"
2010-03-09,"Adam Hoyle",2.75,"video channel wireframes",,,"Men's Health","BILLED: Men's Health.com Redesign"
2010-03-08,"Adam Hoyle",1.5,"work on research vide websites and develop wireframes for new MH video channel",,,"Men's Health","BILLED: Men's Health.com Redesign"
2010-02-25,"Adam Hoyle",0.5,"Blog channel designs",,,"Men's Health","BILLED: Men's Health.com Redesign"
2010-02-24,"Adam Hoyle",1.0,"cut new navigation graphics for MH homepage to send to drupal team",,,"Men's Health","BILLED: Men's Health.com Redesign"
2010-02-23,"Adam Hoyle",1.0,"mockup navigation with replaced WOMEN with SEX & WOMEN, and also SEX",,,"Men's Health","BILLED: Men's Health.com Redesign"
2010-02-12,"Adam Hoyle",1.0,"Call with Eric, Phillips, Adam, and Dan to preview design updates",,,"Men's Health","BILLED: Men's Health.com Redesign"
2010-02-11,"Adam Hoyle",4.5,,,,"Men's Health","BILLED: Men's Health.com Redesign"
2010-02-09,"Adam Hoyle",4.75,"work on design comps for Jimmy, Workouts, and continue building presentation deck",,,"Men's Health","BILLED: Men's Health.com Redesign"
2010-02-08,"Adam Hoyle",4.25,"work on presentation deck",,,"Men's Health","BILLED: Men's Health.com Redesign"
2010-02-05,"Adam Hoyle",0.5,"digg module design",,,"Men's Health","BILLED: Men's Health.com Redesign"
2010-02-05,"Adam Hoyle",2.0,"header explorations",,,"Men's Health","BILLED: Men's Health.com Redesign"
2010-02-03,"Adam Hoyle",0.5,"print and review updated channels and article page designs",,,"Men's Health","BILLED: Men's Health.com Redesign"
2010-02-03,"Adam Hoyle",0.5,"work on channel headers, channel page designs and article page designs, add digg",,,"Men's Health","BILLED: Men's Health.com Redesign"
2010-02-02,"Adam Hoyle",4.0,"work on channel page designs",,,"Men's Health","BILLED: Men's Health.com Redesign"
2010-01-29,"Adam Hoyle",1.5,"reasearch and work on channel header designs",,,"Men's Health","BILLED: Men's Health.com Redesign"
2010-01-27,"Adam Hoyle",0.75,"call with Eric and Dan re: MH channel and article page designs",,,"Men's Health","BILLED: Men's Health.com Redesign"
2010-01-26,"Adam Hoyle",0.25,"Finish saving designs, post for review and email eric",,,"Men's Health","BILLED: Men's Health.com Redesign"
2010-01-26,"Adam Hoyle",3.5,"updates to channel and article pages, based on feedback from Friday's call",,,"Men's Health","BILLED: Men's Health.com Redesign"
2010-01-21,"Adam Hoyle",1.25,"channel and article page revisions before call with phillips based on feedback from eric, conference call to review",,,"Men's Health","BILLED: Men's Health.com Redesign"
2010-01-20,"Adam Hoyle",5.25,"finish article page design, post, and conference call with Eric to review.",,,"Men's Health","BILLED: Men's Health.com Redesign"
2010-01-19,"Adam Hoyle",1.5,"begin article page design",,,"Men's Health","BILLED: Men's Health.com Redesign"
2010-01-19,"Adam Hoyle",1.5,"analyze article and channel level pages from other news and mag sites from jess",,,"Men's Health","BILLED: Men's Health.com Redesign"
2010-01-14,"Adam Hoyle",0.75,"work on design updates to channel pages",,,"Men's Health","BILLED: Men's Health.com Redesign"
2010-01-14,"Adam Hoyle",0.5,"post and send Eric MH fav icon designs",,,"Men's Health","BILLED: Men's Health.com Redesign"
2010-01-13,"Adam Hoyle",0.5,"create color variations for fav icon","Design new fav icon","Misc.","Men's Health","BILLED: Men's Health.com Redesign"
2009-12-17,"Adam Hoyle",0.5,"homepage checkin call to review new slider updates",,,"Men's Health","BILLED: Men's Health.com Redesign"
2009-12-16,"Adam Hoyle",0.75,"conference call w/ MH team to review post-launch tasks, slider fixes that Brunello is working on",,,"Men's Health","BILLED: Men's Health.com Redesign"
2009-12-15,"Adam Hoyle",0.5,"conference call with MH team to review oustanding issues after new homepage launch",,,"Men's Health","BILLED: Men's Health.com Redesign"
2009-12-15,"Adam Hoyle",1.0,"look into line-height issues in IE on homepage slider",,,"Men's Health","BILLED: Men's Health.com Redesign"
2009-12-14,"Adam Hoyle",1.0,"10PM conference call to finalize homepage for launch tomorrow morning",,,"Men's Health","BILLED: Men's Health.com Redesign"
2009-12-14,"Adam Hoyle",0.75,"Followup conference call to review homepage",,,"Men's Health","BILLED: Men's Health.com Redesign"
2009-12-14,"Adam Hoyle",1.0,"weekly conference call re: MH.com homepage launch",,,"Men's Health","BILLED: Men's Health.com Redesign"
2009-12-11,"Adam Hoyle",1.0,"weekly conference call to review homepage",,,"Men's Health","BILLED: Men's Health.com Redesign"
2009-12-10,"Adam Hoyle",0.5,"CSS changes to carousel font size, and fixed height",,,"Men's Health","BILLED: Men's Health.com Redesign"
2009-12-10,"Adam Hoyle",1.25,"Weekly MH.com Homepage conference call",,,"Men's Health","BILLED: Men's Health.com Redesign"
2009-12-04,"Adam Hoyle",0.5,"Weekly conference call to review MH.com homepage",,,"Men's Health","BILLED: Men's Health.com Redesign"
2009-12-04,"Adam Hoyle",0.25,"create new VOTE, SIGNUP NOW, SEARCH, and YOUR ACCOUNT buttons, as images for Brian Short",,,"Men's Health","BILLED: Men's Health.com Redesign"
2009-12-01,"Adam Hoyle",4.5,"work on first round channel page designs, post for review",,,"Men's Health","BILLED: Men's Health.com Redesign"
2009-12-01,"Adam Hoyle",0.75,"Weekly phone call to review homepage redesign project",,,"Men's Health","BILLED: Men's Health.com Redesign"
2009-11-30,"Adam Hoyle",1.0,"work on channel level page designs based on Eric's wireframes and new grid",,,"Men's Health","BILLED: Men's Health.com Redesign"
2009-11-24,"Adam Hoyle",0.5,"weekly conference call with MH team re: progress on MH.com homepage",,,"Men's Health","BILLED: Men's Health.com Redesign"
2009-11-20,"Adam Hoyle",0.5,"weekly conference call with MH team to review MH.com homepage and slider",,,"Men's Health","BILLED: Men's Health.com Redesign"
2009-11-19,"Adam Hoyle",0.25,"package up the slider files and deliver to Brian Short",,,"Men's Health","BILLED: Men's Health.com Redesign"
2009-11-18,"Adam Hoyle",0.5,"weekly team meeting re: MH.com homepage design and slider",,,"Men's Health","BILLED: Men's Health.com Redesign"
2009-11-16,"Adam Hoyle",0.5,"Update Brightcove player skin for new homepage",,,"Men's Health","BILLED: Men's Health.com Redesign"
2009-11-13,"Adam Hoyle",1.0,"conference call with Drupal team to review homepage",,,"Men's Health","BILLED: Men's Health.com Redesign"
2009-11-13,"Adam Hoyle",1.0,"review prod-homepage.menshealth.com against approved PSD and make notes for tweaks needed by IT",,,"Men's Health","BILLED: Men's Health.com Redesign"
2009-11-11,"Adam Hoyle",0.25,"save images for slider",,,"Men's Health","BILLED: Men's Health.com Redesign"
2009-11-11,"Adam Hoyle",0.75,"weekly conference call w/ MH team re: homepage and site redesign & development - review tasks and schedule",,,"Men's Health","BILLED: Men's Health.com Redesign"
2009-11-10,"Adam Hoyle",0.5,"update Daily Dose with layer for each day of the week",,,"Men's Health","BILLED: Men's Health.com Redesign"
2009-11-09,"Adam Hoyle",0.5,"Update Homepage PSD with 7 Daily Dose images, 1 for each day of the week - Per Brian Short",,,"Men's Health","BILLED: Men's Health.com Redesign"
2009-11-09,"Adam Hoyle",0.75,"conference call with IT to discuss slider implementation - to AJAX or not to AJAX, that was the question.",,,"Men's Health","BILLED: Men's Health.com Redesign"
2009-11-06,"Adam Hoyle",0.75,"grid system research",,,"Men's Health","BILLED: Men's Health.com Redesign"
2009-11-06,"Adam Hoyle",0.75,"conference call with Kim Ray, Eric Goeres, and Northpoint to answer any questions about homepage PSD",,,"Men's Health","BILLED: Men's Health.com Redesign"
2009-11-04,"Adam Hoyle",0.799722,"work on slider design updates to match Yahoo! slider, per eric",,,"Men's Health","BILLED: Men's Health.com Redesign"
2009-11-03,"Adam Hoyle",2.75,"PSD cleanup and final delivery",,,"Men's Health","BILLED: Men's Health.com Redesign"
2009-11-03,"Adam Hoyle",0.5,"Work on PSD cleanup",,,"Men's Health","BILLED: Men's Health.com Redesign"
2009-10-30,"Adam Hoyle",0.75,"conference call Discuss MH HP Slider Requirements (Drupal) with Eric, Kim, Steve, Kevin, Brian",,,"Men's Health","BILLED: Men's Health.com Redesign"
2009-10-28,"Adam Hoyle",0.75,"meeting with Eric, and IT re: new homepage designs & implementation",,,"Men's Health","BILLED: Men's Health.com Redesign"
2009-10-28,"Adam Hoyle",1.0,"Work on updates to v16 before call with IT",,,"Men's Health","BILLED: Men's Health.com Redesign"
2009-10-27,"Adam Hoyle",1.25,"work on v15 design updates in preparation for call w/ IT",,,"Men's Health","BILLED: Men's Health.com Redesign"
2009-10-27,"Adam Hoyle",0.25,"review v14 with Eric, take notes and update basecamp",,,"Men's Health","BILLED: Men's Health.com Redesign"
2009-10-26,"Adam Hoyle",1.5,"Work on TRANSMISSIONS box and a few other tweaks from Eric",,,"Men's Health","BILLED: Men's Health.com Redesign"
2009-10-26,"Adam Hoyle",0.5,"work on a few tweaks for Eric",,,"Men's Health","BILLED: Men's Health.com Redesign"
2009-10-22,"Adam Hoyle",1.5,"work on updates based on meeting in NY with Eric and Steve",,,"Men's Health","BILLED: Men's Health.com Redesign"
2009-10-20,"Adam Hoyle",0.260833,"homepage updates before meeting with Eric",,,"Men's Health","BILLED: Men's Health.com Redesign"
2009-10-20,"Adam Hoyle",2.71861,"work on latest round of updates before meeting w/ Eric",,,"Men's Health","BILLED: Men's Health.com Redesign"
2009-10-16,"Adam Hoyle",1.5,"work on changes from Eric based on meeting w/ Phillips and Heroun",,,"Men's Health","BILLED: Men's Health.com Redesign"
2009-10-15,"Adam Hoyle",0.5,"talk to eric about ""lots of notes"" on the homepage design",,,"Men's Health","BILLED: Men's Health.com Redesign"
2009-10-15,"Adam Hoyle",1.0,"changes from eric: 5 photos under the slider, 2 lines of text only, change burger to hot girl",,,"Men's Health","BILLED: Men's Health.com Redesign"
2009-10-14,"Adam Hoyle",1.0,"work on some changes from Eric before he sends to Dave",,,"Men's Health","BILLED: Men's Health.com Redesign"
2009-10-13,"Adam Hoyle",1.0,"work on update designs based on call with Eric",,,"Men's Health","BILLED: Men's Health.com Redesign"
2009-10-13,"Adam Hoyle",1.75,"work on new nav designs based on Eric's feedback",,,"Men's Health","BILLED: Men's Health.com Redesign"
2009-10-09,"Adam Hoyle",2.5,"update slider designs and redesign above the nav area, post for review with Eric",,,"Men's Health","BILLED: Men's Health.com Redesign"
2009-09-01,"Adam Hoyle",3.0,"design and client proofing of 2 designs and assets for Jimmy app home page module.",,,"Men's Health","BILLED: Men's Health.com Redesign"
2009-08-31,"Adam Hoyle",0.5,"add a pop-up effect per Eric, save and post design comps.",,,"Men's Health","BILLED: Men's Health.com Redesign"
2009-08-28,"Adam Hoyle",1.25,"Work on latest round of revisions from DZ, add thumbnail bar, and try text over a big black box",,,"Men's Health","BILLED: Men's Health.com Redesign"
2009-08-27,"Adam Hoyle",0.25,"review notes from DZ with Eric",,,"Men's Health","BILLED: Men's Health.com Redesign"
2009-08-25,"Adam Hoyle",0.5,"prepare final homepage comps and post for Eric",,,"Men's Health","BILLED: Men's Health.com Redesign"
2009-08-25,"Adam Hoyle",0.5,"conference call with Steve and Eric to review designs",,,"Men's Health","BILLED: Men's Health.com Redesign"
2009-08-25,"Adam Hoyle",2.25,"Work on changes from Eric, save and post for review",,,"Men's Health","BILLED: Men's Health.com Redesign"
2009-08-24,"Adam Hoyle",0.25,"conference call with eric & steve re: homepade designs and changes",,,"Men's Health","BILLED: Men's Health.com Redesign"
2009-08-20,"Adam Hoyle",2.0,"Work on changes based on feedback from Eric",,,"Men's Health","BILLED: Men's Health.com Redesign"
2009-08-19,"Adam Hoyle",3.5,"work on slider designs",,,"Men's Health","BILLED: Men's Health.com Redesign"
2009-08-14,"Adam Hoyle",0.75,"kick-off call w/ MH team re: slider redesigns",,,"Men's Health","BILLED: Men's Health.com Redesign"
2009-08-14,"Adam Hoyle",0.5,"research previous slider iterations from the Wiki",,,"Men's Health","BILLED: Men's Health.com Redesign"
2011-03-01,"Adam Hoyle",1.0,"migrate to prod, test",,,"Men's Health","BILLED: MH Dad - Slideshows"
2011-03-01,"Adam Hoyle",0.533889,"migrate to dev",,,"Men's Health","BILLED: MH Dad - Slideshows"
2011-03-01,"Adam Hoyle",0.875833,"tie slidewhos to CMS, populate content for first slideshow for testing",,,"Men's Health","BILLED: MH Dad - Slideshows"
2011-02-15,"Adam Hoyle",0.75,"review designs, provide feedback, coordinate delivery to client for review",,,"Men's Health","BILLED: MH Dad - Slideshows"
2010-10-20,"Adam Hoyle",0.75,"IE hack for background transparency over the Q",,,"Men's Health","BILLED: MH Experts"
2010-10-20,"Adam Hoyle",0.5,"MH Experts Go/No Go",,,"Men's Health","BILLED: MH Experts"
2010-10-06,"Adam Hoyle",1.0,"CSS update to address font size in IE 6, test and send to Mani",,,"Men's Health","BILLED: MH Experts"
2010-10-01,"Adam Hoyle",0.25,"CSS tweak for FF",,,"Men's Health","BILLED: MH Experts"
2010-09-30,"Adam Hoyle",1.0,"review, package and deliver coded templates to Mani",,,"Men's Health","BILLED: MH Experts"
2010-09-21,"Adam Hoyle",0.5,"consolidate final feedback, coordinate approval, email steve about front-end dev timeline",,,"Men's Health","BILLED: MH Experts"
2010-09-09,"Adam Hoyle",1.0,"call with Steve, Eric and Mani to review MH Experts designs",,,"Men's Health","BILLED: MH Experts"
2010-09-01,"Adam Hoyle",0.75,"Meet with Scarlett re: designs",,,"Men's Health","BILLED: MH Experts"
2010-06-10,"Adam Hoyle",0.75,"Migrate updated CSS to production, clear Akamai, test",,,"Men's Health","BILLED: MH Header/Footer Redesigns"
2010-06-09,"Adam Hoyle",2.0,"QA new navigation",,,"Men's Health","BILLED: MH Header/Footer Redesigns"
2010-06-03,"Adam Hoyle",0.5,"compile list of sites using large and small header includes for QA",,,"Men's Health","BILLED: MH Header/Footer Redesigns"
2010-06-03,"Adam Hoyle",0.5,"update CSS on MH lists to accomodate new headers, per Mani",,,"Men's Health","BILLED: MH Header/Footer Redesigns"
2010-05-14,"Adam Hoyle",0.75,"meet with Scarlett and Derek to bring them up to speed on the MH navigation and design directions",,,"Men's Health","BILLED: MH Header/Footer Redesigns"
2011-11-22,"Adam Hoyle",0.25,"push to prod, clear akamai",,,"Men's Health","BILLED: MH iPad Page Update"
2011-11-22,"Adam Hoyle",0.25,"QA and email Mark for approval",,,"Men's Health","BILLED: MH iPad Page Update"
2011-11-21,"Adam Hoyle",0.5,"coordinate video updates",,,"Men's Health","BILLED: MH iPad Page Update"
2011-11-16,"Adam Hoyle",0.5,"push live, clear akamai",,,"Men's Health","BILLED: MH iPad Page Update"
2011-11-15,"Adam Hoyle",0.5,"QA, give jill feedback, email client for approval",,,"Men's Health","BILLED: MH iPad Page Update"
2011-11-14,"Adam Hoyle",0.5,"misc. project coordination",,,"Men's Health","BILLED: MH iPad Page Update"
2009-07-17,"Adam Hoyle",0.5,"remove numbers from 100 tips :(",,,"Men's Health","BILLED: MH Lists - Custom zMods"
2009-07-17,"Adam Hoyle",1.5,"Finish ""100 Tips..."" zMod",,,"Men's Health","BILLED: MH Lists - Custom zMods"
2009-07-17,"Adam Hoyle",0.6875,"Working on ""100 Tips...""",,,"Men's Health","BILLED: MH Lists - Custom zMods"
2009-07-16,"Adam Hoyle",1.0,"Continue working on ""100 Tips..."" zMod",,,"Men's Health","BILLED: MH Lists - Custom zMods"
2009-07-16,"Adam Hoyle",0.908889,"Checking 50 ways, fixing zMods",,,"Men's Health","BILLED: MH Lists - Custom zMods"
2009-07-16,"Adam Hoyle",3.0,"""100 Tips..."" zMod",,,"Men's Health","BILLED: MH Lists - Custom zMods"
2010-11-03,"Adam Hoyle",4.0,"Mat's time for slideshow promo implementation",,,"Men's Health","BILLED: MH Lists - new promos"
2010-11-02,"Adam Hoyle",6.5,"CMS setup and implementation",,,"Men's Health","BILLED: MH Lists - new promos"
2010-10-25,"Adam Hoyle",1.0,"design mockups for Eric and Mat",,,"Men's Health","BILLED: MH Lists - new promos"
2011-04-05,"Adam Hoyle",0.912778,"design updates from eric, post updated comp for review",,,"Men's Health","BILLED: MH Lists - Redesign"
2011-03-15,"Adam Hoyle",1.0,"updates and repost",,,"Men's Health","BILLED: MH Lists - Redesign"
2011-03-01,"Adam Hoyle",2.54833,"initial designs",,,"Men's Health","BILLED: MH Lists - Redesign"
2009-06-17,"Adam Hoyle",1.25,"complete remaining todos","Ad tags","Final Steps","Men's Health","BILLED: MH Lists - Redesign & Comments"
2009-05-26,"Adam Hoyle",0.5,"conference call with team to discuss latest round of designs",,,"Men's Health","BILLED: MH Lists - Redesign & Comments"
2009-05-21,"Adam Hoyle",4.0,"work on design variations - hopefully final",,,"Men's Health","BILLED: MH Lists - Redesign & Comments"
2009-05-19,"Adam Hoyle",0.5,"call with MH team re: MH Lists designs and next steps",,,"Men's Health","BILLED: MH Lists - Redesign & Comments"
2009-04-13,"Adam Hoyle",2.5,"design comp",,,"Men's Health","BILLED: MH Lists - Redesign & Comments"
2009-04-09,"Adam Hoyle",0.25,"feedback with mat on MH lists designs",,,"Men's Health","BILLED: MH Lists - Redesign & Comments"
2009-04-03,"Adam Hoyle",0.5,"conference call to discuss MH lists updates",,,"Men's Health","BILLED: MH Lists - Redesign & Comments"
2009-03-27,"Adam Hoyle",0.75,"research autolinking",,,"Men's Health","BILLED: MH Lists - Redesign & Comments"
2009-10-15,"Adam Hoyle",0.25,"quick design update and send updated comp to Steve",,,"Men's Health","BILLED: MH Lists - Slideshows"
2011-10-12,"Adam Hoyle",0.75,"wiki walkthrough",,,"Men's Health","BILLED: MH Wiki"
2011-10-11,"Adam Hoyle",0.575556,"general QA",,,"Men's Health","BILLED: MH Wiki"
2011-09-21,"Adam Hoyle",1.27528,"respond to Brad's notes, questions and feedback, update designs, post and send response",,,"Men's Health","BILLED: MH Wiki"
2011-09-15,"Adam Hoyle",0.5,"conference call to review initial designs",,,"Men's Health","BILLED: MH Wiki"
2011-09-15,"Adam Hoyle",1.0,"finalize and post designs for initial review",,,"Men's Health","BILLED: MH Wiki"
2011-09-15,"Adam Hoyle",3.5,"finalize first round of designs",,,"Men's Health","BILLED: MH Wiki"
2011-09-14,"Adam Hoyle",4.15722,"initial designs",,,"Men's Health","BILLED: MH Wiki"
2011-09-06,"Adam Hoyle",0.5,"timeline and milestones to Kim",,,"Men's Health","BILLED: MH Wiki"
2011-04-27,"Adam Hoyle",0.5,"update channel designs with new, new headers and repost for Eric",,,"Men's Health","BILLED: MH.com Channel Redesign"
2011-04-05,"Adam Hoyle",1.18583,"channel updates, save, post for review",,,"Men's Health","BILLED: MH.com Channel Redesign"
2011-03-28,"Adam Hoyle",0.75,"channel design updates for round 3, based on Gabe's notes",,,"Men's Health","BILLED: MH.com Channel Redesign"
2011-03-08,"Adam Hoyle",1.52722,"work on round 2 revisions from Gabe",,,"Men's Health","BILLED: MH.com Channel Redesign"
2011-02-28,"Adam Hoyle",2.5,"round 2 design updates based on notes from Gabe and Dan",,,"Men's Health","BILLED: MH.com Channel Redesign"
2011-02-15,"Adam Hoyle",3.0,"design updates per notes from BP",,,"Men's Health","BILLED: MH.com Channel Redesign"
2011-08-29,"Adam Hoyle",0.25,"project coordination",,,"Men's Health","BILLED: MH.com Homepage Slider Resize"
2011-04-06,"Adam Hoyle",0.25,"setup local test for Jill",,,"Men's Health","BILLED: MH.com Slider Optimization"
2011-04-19,"Adam Hoyle",1.0,"Updates to wireframe and spec from Kelly",,,"Men's Health","BILLED: MH.com Slideshow Spec"
2011-02-28,"Adam Hoyle",0.5,"final updates from Eric, add confidential tag, add number 19 and edits to 5,6,7",,,"Men's Health","BILLED: MH.com Slideshow Spec"
2011-02-28,"Adam Hoyle",0.5,"update spec with uploadable background image and auto-scroll per Eric and Dan",,,"Men's Health","BILLED: MH.com Slideshow Spec"
2011-02-25,"Adam Hoyle",1.0,"update spec and wireframes with notes from Eric and Dan",,,"Men's Health","BILLED: MH.com Slideshow Spec"
2011-02-23,"Adam Hoyle",1.25,"Review w/ Eric, update, send final version",,,"Men's Health","BILLED: MH.com Slideshow Spec"
2011-02-22,"Adam Hoyle",0.5,"finish wires and spec and deliver to client",,,"Men's Health","BILLED: MH.com Slideshow Spec"
2011-02-17,"Adam Hoyle",2.0,"wireframe and spec for new Drupal ""feature slideshow"" content type",,,"Men's Health","BILLED: MH.com Slideshow Spec"
2011-04-19,"Adam Hoyle",1.5,"additional revisions and post for review, cleanup and send layered PSD to Dan.",,,"Men's Health","BILLED: MH.com Streamline Header"
2011-03-25,"Adam Hoyle",2.0,"finish and post first round design ideas",,,"Men's Health","BILLED: MH.com Streamline Header"
2011-03-24,"Adam Hoyle",2.0,"MH streamlined header designs and research",,,"Men's Health","BILLED: MH.com Streamline Header"
2009-08-10,"Adam Hoyle",1.5,"update adventure guide to use simple header, update CSS, work on Yoga center and get tracking codes in place, check ad tags, CM, and add Google Search",,,"Men's Health","BILLED: Mini-site CODE Maintenance"
2009-08-07,"Adam Hoyle",0.75,"updates to Triathlon",,,"Men's Health","BILLED: Mini-site CODE Maintenance"
2009-08-07,"Adam Hoyle",2.16139,"Work on Gear channel",,,"Men's Health","BILLED: Mini-site CODE Maintenance"
2009-08-06,"Adam Hoyle",6.75,"Update shared include code on MH LIsts",,,"Men's Health","BILLED: Mini-site CODE Maintenance"
2009-08-06,"Adam Hoyle",2.84,"Work on shared headers for Adventure guide, BBQ, Celeb, Gear, Triathlon",,,"Men's Health","BILLED: Mini-site CODE Maintenance"
2009-08-05,"Adam Hoyle",1.25,"pull backups for all sites and re-check previous code.",,,"Men's Health","BILLED: Mini-site CODE Maintenance"
2009-08-05,"Adam Hoyle",0.368611,,"checkbox in CMS to show/hide production shared include","Celebrity Workouts","Men's Health","BILLED: Mini-site CODE Maintenance"
2009-08-05,"Adam Hoyle",0.428611,"pull down files for PT and Celeb Workouts and disable syncing on both sites.",,,"Men's Health","BILLED: Mini-site CODE Maintenance"
2009-08-04,"Adam Hoyle",1.0,,"Shared Header","Adventure Guide","Men's Health","BILLED: Mini-site CODE Maintenance"
2009-08-04,"Adam Hoyle",0.75,"implement shared include on gear tech",,,"Men's Health","BILLED: Mini-site CODE Maintenance"
2009-08-03,"Adam Hoyle",0.25,"compile a list of all mini sites, and which include they use...",,,"Men's Health","BILLED: Mini-site CODE Maintenance"
2009-08-03,"Adam Hoyle",2.0,"add new shared header code to Power Training and Gear/Tech templates",,,"Men's Health","BILLED: Mini-site CODE Maintenance"
2009-07-22,"Adam Hoyle",0.25,"","Check all Meta tags","Supplement Center","Men's Health","BILLED: Mini-site CODE Maintenance"
2009-07-22,"Adam Hoyle",0.25,,"Check all CM Tags","Supplement Center","Men's Health","BILLED: Mini-site CODE Maintenance"
2009-07-22,"Adam Hoyle",0.25,"","Check all Ad Tags","Supplement Center","Men's Health","BILLED: Mini-site CODE Maintenance"
2009-07-21,"Adam Hoyle",0.25,,"Add Google Search Appliance tags","Supplement Center","Men's Health","BILLED: Mini-site CODE Maintenance"
2009-07-21,"Adam Hoyle",0.25,,"Check all tracking codes","Supplement Center","Men's Health","BILLED: Mini-site CODE Maintenance"
2009-07-21,"Adam Hoyle",0.75,"Gather code for Supplement Center",,,"Men's Health","BILLED: Mini-site CODE Maintenance"
2009-07-20,"Adam Hoyle",0.25,,"Check all Ad Tags","Power Training","Men's Health","BILLED: Mini-site CODE Maintenance"
2009-07-20,"Adam Hoyle",0.25,,"Check all CM Tags","Power Training","Men's Health","BILLED: Mini-site CODE Maintenance"
2009-07-20,"Adam Hoyle",0.5,,"Add Google Search Appliance tags","Power Training","Men's Health","BILLED: Mini-site CODE Maintenance"
2009-07-20,"Adam Hoyle",0.5,"","Check all tracking codes","Power Training","Men's Health","BILLED: Mini-site CODE Maintenance"
2009-07-15,"Adam Hoyle",0.5,"","Check all Ad Tags","Adventure Guide","Men's Health","BILLED: Mini-site CODE Maintenance"
2009-07-15,"Adam Hoyle",0.25,,"Add Google Search Appliance tags","Adventure Guide","Men's Health","BILLED: Mini-site CODE Maintenance"
2009-07-15,"Adam Hoyle",0.25,,"Check all tracking codes","Adventure Guide","Men's Health","BILLED: Mini-site CODE Maintenance"
2009-07-14,"Adam Hoyle",0.5,"Gather code for Adventure Guide - email to Brad for Approval",,,"Men's Health","BILLED: Mini-site CODE Maintenance"
2009-07-14,"Adam Hoyle",0.5,"Gather code for Power Training - email to Brad for Approval",,,"Men's Health","BILLED: Mini-site CODE Maintenance"
2009-06-26,"Adam Hoyle",0.75,"review launch Style channel code updates",,,"Men's Health","BILLED: Mini-site CODE Maintenance"
2009-06-25,"Adam Hoyle",1.75,"re-re-check style channel",,,"Men's Health","BILLED: Mini-site CODE Maintenance"
2009-06-24,"Adam Hoyle",1.13222,"checking",,,"Men's Health","BILLED: Mini-site CODE Maintenance"
2009-06-23,"Adam Hoyle",1.25,"Gather code from Style Channel and email to Brad, Steve for review",,,"Men's Health","BILLED: Mini-site CODE Maintenance"
2010-09-07,"Adam Hoyle",10.0,"prep for launch. troubleshoot lingering deployment issues",,,"Men's Health","BILLED: My Men's Health"
2010-09-03,"Adam Hoyle",5.5,"Final pre-launch work and troubleshooting",,,"Men's Health","BILLED: My Men's Health"
2010-09-02,"Adam Hoyle",0.5,"review steps for building programs in Drupal with Derek",,,"Men's Health","BILLED: My Men's Health"
2010-09-02,"Adam Hoyle",1.0,"Review MyMH with MH Team - pre-launch",,,"Men's Health","BILLED: My Men's Health"
2010-09-01,"Adam Hoyle",1.25,"review MyMH, CAS call, testing",,,"Men's Health","BILLED: My Men's Health"
2010-09-01,"Adam Hoyle",1.5,"Data entry and testing for Workouts",,,"Men's Health","BILLED: My Men's Health"
2010-08-31,"Adam Hoyle",1.25,"review site and make list of loose ends",,,"Men's Health","BILLED: My Men's Health"
2010-08-31,"Adam Hoyle",0.75,"pre-launch status call",,,"Men's Health","BILLED: My Men's Health"
2010-08-26,"Adam Hoyle",0.5,"gather CM and ad tags for Adam B",,,"Men's Health","BILLED: My Men's Health"
2010-08-26,"Adam Hoyle",0.75,"review content requirements and send request to Steve and Brad",,,"Men's Health","BILLED: My Men's Health"
2010-08-26,"Adam Hoyle",0.5,"review interior page designs with Adam B",,,"Men's Health","BILLED: My Men's Health"
2010-08-25,"Adam Hoyle",0.25,"review interior page design changes",,,"Men's Health","BILLED: My Men's Health"
2010-08-24,"Adam Hoyle",0.5,"review interior page designs with Derek",,,"Men's Health","BILLED: My Men's Health"
2010-08-23,"Adam Hoyle",0.75,"meeting with Adam B to review exercise/workout/program structure. Drupal modifications and test scenarios",,,"Men's Health","BILLED: My Men's Health"
2010-08-11,"Adam Hoyle",1.5,"design updates based on client feedback",,,"Men's Health","BILLED: My Men's Health"
2010-08-10,"Adam Hoyle",1.5,"design updates",,,"Men's Health","BILLED: My Men's Health"
2010-08-10,"Adam Hoyle",1.0,"conference call to review design, internal discussion",,,"Men's Health","BILLED: My Men's Health"
2010-08-09,"Adam Hoyle",4.0,"Finish first round designs and post for review.",,,"Men's Health","BILLED: My Men's Health"
2010-08-05,"Adam Hoyle",3.0,"research, moodboard and design for MyMH",,,"Men's Health","BILLED: My Men's Health"
2010-08-04,"Adam Hoyle",1.0,"assemble notes and email Steve re: MyMH wireframes, sitemap, etc.",,,"Men's Health","BILLED: My Men's Health"
2010-08-04,"Adam Hoyle",0.75,"update sitemap and review updated wireframes",,,"Men's Health","BILLED: My Men's Health"
2010-08-03,"Adam Hoyle",3.5,"meeting with Derek and Adam to talk through MyMH functionality",,,"Men's Health","BILLED: My Men's Health"
2010-08-03,"Adam Hoyle",1.25,"call with steve re: workouts functionality",,,"Men's Health","BILLED: My Men's Health"
2010-07-29,"Adam Hoyle",0.75,"review MyMH wireframes with Steve and Brad",,,"Men's Health","BILLED: My Men's Health"
2010-07-28,"Adam Hoyle",0.25,"review wireframes",,,"Men's Health","BILLED: My Men's Health"
2010-07-27,"Adam Hoyle",0.5,"update sitemap with articles section",,,"Men's Health","BILLED: My Men's Health"
2010-07-23,"Adam Hoyle",0.75,"revise sitemap",,,"Men's Health","BILLED: My Men's Health"
2010-07-22,"Adam Hoyle",1.0,"call with MH team to review sitemap",,,"Men's Health","BILLED: My Men's Health"
2010-07-22,"Adam Hoyle",0.75,"internal meeting",,,"Men's Health","BILLED: My Men's Health"
2010-07-22,"Adam Hoyle",1.25,"finalize sitemap",,,"Men's Health","BILLED: My Men's Health"
2010-07-20,"Adam Hoyle",0.5,"research charting apps",,,"Men's Health","BILLED: My Men's Health"
2010-12-15,"Adam Hoyle",2.0,"support and testing for deployment",,,"Men's Health","BILLED: MyMH - Phase 2, 3, 4"
2010-12-13,"Adam Hoyle",0.25,"go/nogo call with jamil, anna, Adam b",,,"Men's Health","BILLED: MyMH - Phase 2, 3, 4"
2010-12-09,"Adam Hoyle",0.25,"design tweaks for workout log",,,"Men's Health","BILLED: MyMH - Phase 2, 3, 4"
2010-12-02,"Adam Hoyle",1.0,"Phase 2 deployment",,,"Men's Health","BILLED: MyMH - Phase 2, 3, 4"
2010-12-01,"Adam Hoyle",0.75,"review Phase 2 updates",,,"Men's Health","BILLED: MyMH - Phase 2, 3, 4"
2010-11-30,"Adam Hoyle",0.75,"review Phase 2 items and take feedback from Steve",,,"Men's Health","BILLED: MyMH - Phase 2, 3, 4"
2010-09-15,"Adam Hoyle",0.75,"design mockup for locked content page",,,"Men's Health","BILLED: MyMH - Phase 2, 3, 4"
2010-09-09,"Adam Hoyle",0.75,,"Content changes (See comment for details)","Clean up from initial launch","Men's Health","BILLED: MyMH - Phase 2, 3, 4"
2011-12-21,"Adam Hoyle",0.5,"drop HTML for article nav into new promo content type, and add to articles",,,"Men's Health","BILLED: New Year, New You"
2011-12-21,"Adam Hoyle",0.5,"project coordination",,,"Men's Health","BILLED: New Year, New You"
2011-12-20,"Adam Hoyle",0.25,"check status, email eric, dan, gabe",,,"Men's Health","BILLED: New Year, New You"
2011-12-20,"Adam Hoyle",0.75,"work with Jill on Twitter integration",,,"Men's Health","BILLED: New Year, New You"
2011-12-19,"Adam Hoyle",0.5,"project coordination",,,"Men's Health","BILLED: New Year, New You"
2011-10-03,"Adam Hoyle",0.5,"update paths and insert code into Drupal, test",,,"Men's Health","BILLED: Oral Care Center"
2011-09-28,"Adam Hoyle",0.75,"process notes, review designs, get content",,,"Men's Health","BILLED: Oral Care Center"
2010-11-19,"Adam Hoyle",0.586667,"create WH and Abs versions",,,"Men's Health","BILLED: Personal Trainer Slider"
2010-11-15,"Adam Hoyle",10.0,"MIKE KIVIKOSKI'S TIME - FRONT-END DEV",,,"Men's Health","BILLED: Personal Trainer Slider"
2010-11-15,"Adam Hoyle",1.0,"testing and CSS tweaks prior to client delivery",,,"Men's Health","BILLED: Personal Trainer Slider"
2010-11-09,"Adam Hoyle",1.0,"additional cleanup for files and delivery to Mike",,,"Men's Health","BILLED: Personal Trainer Slider"
2010-11-04,"Adam Hoyle",1.25,"review files, make dev notes, cleanup file",,,"Men's Health","BILLED: Personal Trainer Slider"
2011-10-20,"Adam Hoyle",0.5,"QA",,,"Men's Health","BILLED: Sandwich Center"
2011-10-19,"Adam Hoyle",0.75,"support, QA w/ Jill",,,"Men's Health","BILLED: Sandwich Center"
2011-10-04,"Adam Hoyle",0.75,"sandwich center design tweaks for results page",,,"Men's Health","BILLED: Sandwich Center"
2011-04-26,"Adam Hoyle",0.5,"meet with Jill, Stella for project download",,,"Men's Health","BILLED: Sandwich Center"
2011-04-25,"Adam Hoyle",0.5,"review designs, brainstorm possible solutions",,,"Men's Health","BILLED: Sandwich Center"
2011-10-12,"Adam Hoyle",0.5,"respond to security scan",,,"Men's Health","BILLED: Sex & Health Forums/Bulletin Board"
2011-09-22,"Adam Hoyle",0.25,"more testing and QA, email Gabe",,,"Men's Health","BILLED: Sex & Health Forums/Bulletin Board"
2011-09-22,"Adam Hoyle",0.75,"coordination during deployment, testing, monitoring for F5",,,"Men's Health","BILLED: Sex & Health Forums/Bulletin Board"
2011-09-19,"Adam Hoyle",0.5,"check ads and CM, submit RAF and coordinate for deployment",,,"Men's Health","BILLED: Sex & Health Forums/Bulletin Board"
2010-11-19,"Adam Hoyle",0.503333,"research and sitemap",,,"Men's Health","BILLED: Sex & Health Microsite"
2011-05-25,"Adam Hoyle",0.5,"smoketesting & deployment",,,"Men's Health","BILLED: Sex Position Playbook"
2011-05-19,"Adam Hoyle",0.25,"obtain approval, submit RAF",,,"Men's Health","BILLED: Sex Position Playbook"
2011-05-17,"Adam Hoyle",0.75,"support and project coordination, update client on status and request approval, work with Jill on SHARE links from results page",,,"Men's Health","BILLED: Sex Position Playbook"
2011-05-17,"Adam Hoyle",0.25,"update nav with book link, commit, build",,,"Men's Health","BILLED: Sex Position Playbook"
2011-05-12,"Adam Hoyle",0.5,"final QA, check meta, CM, add tracker, send to edit team for final approval before sending RAF",,,"Men's Health","BILLED: Sex Position Playbook"
2011-05-05,"Adam Hoyle",0.5,"package code and assets, coordinate final approval, email client instructions",,,"Men's Health","BILLED: Skin Cancer Center"
2011-05-03,"Adam Hoyle",0.5,"project coordination",,,"Men's Health","BILLED: Skin Cancer Center"
2009-12-21,"Adam Hoyle",0.75,"migration to prod, test",,,"Men's Health","BILLED: Spartacus Challenge"
2009-12-20,"Adam Hoyle",0.75,"work on Brads final edits to Spartacus",,,"Men's Health","BILLED: Spartacus Challenge"
2009-12-18,"Adam Hoyle",0.5,"create and upload spartacus placeholder page",,,"Men's Health","BILLED: Spartacus Challenge"
2009-12-17,"Adam Hoyle",3.75,"Finish loose ends, enter content.",,,"Men's Health","BILLED: Spartacus Challenge"
2009-12-14,"Adam Hoyle",0.5,"review Spartacus site and email Steve",,,"Men's Health","BILLED: Spartacus Challenge"
2009-12-14,"Adam Hoyle",0.5,"download and review content from Brad",,,"Men's Health","BILLED: Spartacus Challenge"
2009-12-13,"Adam Hoyle",1.0,"add trackin codes, ad tags, CM tags, shared header include",,,"Men's Health","BILLED: Spartacus Challenge"
2009-12-04,"Adam Hoyle",1.5,"save and crop images for workout, organize text and other content",,,"Men's Health","BILLED: Spartacus Challenge"
2009-12-03,"Adam Hoyle",0.25,"download Spartacus workout photos from Brad",,,"Men's Health","BILLED: Spartacus Challenge"
2009-12-02,"Adam Hoyle",0.5,"create background images",,,"Men's Health","BILLED: Spartacus Challenge"
2009-11-24,"Adam Hoyle",0.5,"update spartacus designs with BBOE callout",,,"Men's Health","BILLED: Spartacus Challenge"
2009-11-22,"Adam Hoyle",1.955,"finalize design and post for approval",,,"Men's Health","BILLED: Spartacus Challenge"
2009-11-21,"Adam Hoyle",2.75,"work on final design updates and send designs to coder",,,"Men's Health","BILLED: Spartacus Challenge"
2009-11-09,"Adam Hoyle",3.25,"work on inside page design, post for review",,,"Men's Health","BILLED: Spartacus Challenge"
2009-11-09,"Adam Hoyle",1.0,"finish homepage design",,,"Men's Health","BILLED: Spartacus Challenge"
2009-11-06,"Adam Hoyle",4.5,"research and mood board design",,,"Men's Health","BILLED: Spartacus Challenge"
2009-11-04,"Adam Hoyle",0.765833,"design research, gather artwork from Starz",,,"Men's Health","BILLED: Spartacus Challenge"
2009-02-03,"Adam Hoyle",1.0,"update Flash",,,"Men's Health","BILLED: Spring-Style Updates"
2009-01-30,"Adam Hoyle",0.25,"sizedown the HUGE TIFFs and PSDs to a manageable size, gather dependent files",,,"Men's Health","BILLED: Spring-Style Updates"
2011-02-28,"Adam Hoyle",1.0,"project coordination",,,"Men's Health","BILLED: Stuff You Should Like"
2011-09-30,"Adam Hoyle",1.00056,"move to prod, update paths, testing and troubleshooting",,,"Men's Health","BILLED: Style Quiz"
2011-09-26,"Adam Hoyle",0.25,"followup with Radnor re: results",,,"Men's Health","BILLED: Style Quiz"
2011-11-16,"Adam Hoyle",0.5,"design tweaks, update clickthrough",,,"Men's Health","BILLED: Sub Order Page Redo"
2011-11-15,"Adam Hoyle",0.5,"tweaks, add highlighter",,,"Men's Health","BILLED: Sub Order Page Redo"
2011-11-14,"Adam Hoyle",1.25,"design tweaks and project/client coordination",,,"Men's Health","BILLED: Sub Order Page Redo"
2011-11-11,"Adam Hoyle",0.5,"research and design tweaks",,,"Men's Health","BILLED: Sub Order Page Redo"
2011-01-20,"Adam Hoyle",2.07972,"review notes from Steve and Kim, update comps and post for second round review",,,"Men's Health","BILLED: Sweeps & Newsletter Acquisition Pages"
2011-01-11,"Adam Hoyle",4.0,"designs for sweeps, list, and enews. revisions with D, post for client review",,,"Men's Health","BILLED: Sweeps & Newsletter Acquisition Pages"
2010-11-18,"Adam Hoyle",0.5,"conference call with Anna, Steve, Mani, Kim Jones",,,"Men's Health","BILLED: Sweeps & Newsletter Acquisition Pages"
2011-11-07,"Adam Hoyle",0.271667,"research affiliate codes for itunes links",,,"Men's Health","BILLED: The Workout 100"
2011-11-02,"Adam Hoyle",0.5,"review notes for iTunes affiliate program",,,"Men's Health","BILLED: The Workout 100"
2011-10-31,"Adam Hoyle",0.35,"QA site after Drupal drop-in, email client",,,"Men's Health","BILLED: The Workout 100"
2011-09-28,"Adam Hoyle",0.25,"review content from Mike, add to basecamp",,,"Men's Health","BILLED: The Workout 100"
2011-09-22,"Adam Hoyle",0.5,"discuss project with Mike Darling, estimate",,,"Men's Health","BILLED: The Workout 100"
2010-06-23,"Adam Hoyle",0.75,"design mockups, post for client review, add notes to basecamp",,,"Men's Health","BILLED: Tour de Lance"
2009-10-05,"Adam Hoyle",1.25,"update WH/MW confirmation email copy, check start here page copy on WH",,,"Men's Health","BILLED: Transform 2009 - MH & WH"
2009-10-02,"Adam Hoyle",0.25,"udpate workout",,,"Men's Health","BILLED: Transform 2009 - MH & WH"
2009-10-02,"Adam Hoyle",0.5,"update confirmation email copy, and test",,,"Men's Health","BILLED: Transform 2009 - MH & WH"
2009-10-02,"Adam Hoyle",0.5,"fix links on workout pages",,,"Men's Health","BILLED: Transform 2009 - MH & WH"
2009-10-01,"Adam Hoyle",0.5,"squashing bugs",,,"Men's Health","BILLED: Transform 2009 - MH & WH"
2009-10-01,"Adam Hoyle",0.25,"Add new text to photo upload page to encourage better photo submissions",,,"Men's Health","BILLED: Transform 2009 - MH & WH"
2009-09-29,"Adam Hoyle",1.25,"gather ad tags from best bodies, replace all tags on WH tempalte","Updates ad tags","WH Pre-launch","Men's Health","BILLED: Transform 2009 - MH & WH"
2009-09-28,"Adam Hoyle",2.0,"move to prod and troubleshoot image uploads.",,,"Men's Health","BILLED: Transform 2009 - MH & WH"
2009-09-28,"Adam Hoyle",3.0,"process feedback, code workout page templates and send to Steve, re-size hi-res Men's exercise photos",,,"Men's Health","BILLED: Transform 2009 - MH & WH"
2009-09-26,"Adam Hoyle",0.811111,"review loose ends",,,"Men's Health","BILLED: Transform 2009 - MH & WH"
2009-09-26,"Adam Hoyle",0.5,,"Add CM Tags","Loose ends","Men's Health","BILLED: Transform 2009 - MH & WH"
2009-09-26,"Adam Hoyle",0.251111,,"Remove lorem ipsum from heading","Loose ends","Men's Health","BILLED: Transform 2009 - MH & WH"
2009-09-26,"Adam Hoyle",0.253333,,"Check navigation for Diet and Workout PDF links","Loose ends","Men's Health","BILLED: Transform 2009 - MH & WH"
2009-09-26,"Adam Hoyle",0.3925,,"Add Ad Tags","Loose ends","Men's Health","BILLED: Transform 2009 - MH & WH"
2009-09-26,"Adam Hoyle",1.72222,"call / email with Michael Deal on minimum functionality",,,"Men's Health","BILLED: Transform 2009 - MH & WH"
2009-09-25,"Adam Hoyle",1.25,"prepare an emergency plan",,,"Men's Health","BILLED: Transform 2009 - MH & WH"
2009-09-25,"Adam Hoyle",0.75,"work on Transform workout/exercise pages",,,"Men's Health","BILLED: Transform 2009 - MH & WH"
2009-09-25,"Adam Hoyle",1.25,"testing mass comm feature, reviewing progress and outstanding items with mat",,,"Men's Health","BILLED: Transform 2009 - MH & WH"
2009-09-25,"Adam Hoyle",0.25,"add cross-gender links to landing pages",,,"Men's Health","BILLED: Transform 2009 - MH & WH"
2009-09-24,"Adam Hoyle",5.75,"coding workout pages",,,"Men's Health","BILLED: Transform 2009 - MH & WH"
2009-09-23,"Adam Hoyle",0.25,"take WH landing page live",,,"Men's Health","BILLED: Transform 2009 - MH & WH"
2009-09-23,"Adam Hoyle",0.5,"update WH Official Rules",,,"Men's Health","BILLED: Transform 2009 - MH & WH"
2009-09-23,"Adam Hoyle",3.5,"work on copy edits and bugs on MH and WH landing pages",,,"Men's Health","BILLED: Transform 2009 - MH & WH"
2009-09-22,"Adam Hoyle",0.620556,"last minute changes from Steve... keep dek and intro on logged in state, updates from AC",,,"Men's Health","BILLED: Transform 2009 - MH & WH"
2009-09-22,"Adam Hoyle",0.5,"update MH rules",,,"Men's Health","BILLED: Transform 2009 - MH & WH"
2009-09-18,"Adam Hoyle",0.5,"QA and followup on loose ends",,,"Men's Health","BILLED: Transform 2009 - MH & WH"
2009-09-18,"Adam Hoyle",2.5,"work on changes",,,"Men's Health","BILLED: Transform 2009 - MH & WH"
2009-09-17,"Adam Hoyle",0.5,"organize and review design feedback",,,"Men's Health","BILLED: Transform 2009 - MH & WH"
2009-09-17,"Adam Hoyle",0.75,"discuss transform feedback with Steve, Brad",,,"Men's Health","BILLED: Transform 2009 - MH & WH"
2009-09-16,"Adam Hoyle",6.25,"finish first round design comps and post for review",,,"Men's Health","BILLED: Transform 2009 - MH & WH"
2009-09-15,"Adam Hoyle",0.25,"plan design comps",,,"Men's Health","BILLED: Transform 2009 - MH & WH"
2009-09-15,"Adam Hoyle",0.75,"research design requirements",,,"Men's Health","BILLED: Transform 2009 - MH & WH"
2009-09-15,"Adam Hoyle",0.25,"Update landing page designs with female model pic",,,"Men's Health","BILLED: Transform 2009 - MH & WH"
2009-09-09,"Adam Hoyle",1.25,"Landing page designs",,,"Men's Health","BILLED: Transform 2009 - MH & WH"
2009-09-08,"Adam Hoyle",0.75,"landing page design",,,"Men's Health","BILLED: Transform 2009 - MH & WH"
2009-09-04,"Adam Hoyle",1.25,"design landing pages",,,"Men's Health","BILLED: Transform 2009 - MH & WH"
2009-08-27,"Adam Hoyle",0.5,"research and estimate timeline and budget",,,"Men's Health","BILLED: Transform 2009 - MH & WH"
2009-08-24,"Adam Hoyle",0.5,"prep for conference call, review notes, organize assets. Conference call with Steve to review",,,"Men's Health","BILLED: Transform 2009 - MH & WH"
2011-06-01,"Adam Hoyle",1.0,"review final code, remove header and footer, insert ad tags, deliver to Brad",,,"Men's Health","BILLED: Urbanathlon Landing Page"
2011-05-20,"Adam Hoyle",0.5,"download designs, review with Dan, post to BC for Jill",,,"Men's Health","BILLED: Urbanathlon Landing Page"
2010-07-15,"Adam Hoyle",0.5,"troubleshoot poor image quality, followup with Steve, eric, Brad. Request F5 rule.",,,"Men's Health","BILLED: Women of MH"
2010-07-06,"Adam Hoyle",0.75,"call with jarrett and holford to discuss launch plan for Women of MH",,,"Men's Health","BILLED: Women of MH"
2010-06-21,"Adam Hoyle",0.25,"create list of needed user accounts for Adam B.","Add user accounts for all MH editors (see attached list)","Misc.","Men's Health","BILLED: Women of MH"
2010-06-17,"Adam Hoyle",1.0,"migrate database from MH Mini to Drupal Mini",,,"Men's Health","BILLED: Women of MH"
2010-06-16,"Adam Hoyle",1.25,"check ad tagging and CM, troubleshoot and update DFP validation",,,"Men's Health","BILLED: Women of MH"
2010-06-16,"Adam Hoyle",1.5,"update watermark, update drupal",,,"Men's Health","BILLED: Women of MH"
2010-06-14,"Adam Hoyle",0.75,"conference call with Adam B and MH team to review Women of MH",,,"Men's Health","BILLED: Women of MH"
2010-06-08,"Adam Hoyle",1.75,"migrate women of MH to MH dev server for client review",,,"Men's Health","BILLED: Women of MH"
2010-05-17,"Adam Hoyle",0.5,"review Women of Mh designs with Eric, Dan, Steve, Phillips, and Derek",,,"Men's Health","BILLED: Women of MH"
2010-04-16,"Adam Hoyle",1.75,"continue work on wireframes, prep and send to MH team for review",,,"Men's Health","BILLED: Women of MH"
2010-04-15,"Adam Hoyle",1.25,"continue work on Women of MH wireframes",,,"Men's Health","BILLED: Women of MH"
2010-04-14,"Adam Hoyle",1.0,"refresh on project notes and requirements, research, and begin wireframes",,,"Men's Health","BILLED: Women of MH"
2010-04-05,"Adam Hoyle",0.25,"Call with Steve, setup milesones",,,"Men's Health","BILLED: Women of MH"
2010-04-01,"Adam Hoyle",0.5,"Kickoff call with Eric, Steve, Dan, add notes and project kickoff plan to basecamp",,,"Men's Health","BILLED: Women of MH"
2010-03-11,"Adam Hoyle",0.5,"design research of WH website and OMG Yahoo",,,"Men's Health","BILLED: Women of MH"
2010-11-30,"Adam Hoyle",1.0,"7am deployment",,,"Men's Health","BILLED: Women of MH - Slideshows"
2010-11-29,"Adam Hoyle",0.92,"Go/NoGo call with Anna, Jamil and IT",,,"Men's Health","BILLED: Women of MH - Slideshows"
2010-09-23,"Adam Hoyle",0.5,"review designs and email eric",,,"Men's Health","BILLED: Women of MH - Slideshows"
2009-05-14,"Adam Hoyle",0.25,"comments from steve - fix video and add dek to calendar page",,,"Men's Health","BILLED: Yoga Center Updates"
2009-05-14,"Adam Hoyle",0.25,"more one-off changs from Amanda changing punctuation and capitalizations",,,"Men's Health","BILLED: Yoga Center Updates"
2009-05-14,"Adam Hoyle",0.5,"final copy changes from Amanda before launch",,,"Men's Health","BILLED: Yoga Center Updates"
2009-05-14,"Adam Hoyle",0.25,"research clearing browser history with javascript - turns out it's not possible due to security",,,"Men's Health","BILLED: Yoga Center Updates"
2009-05-14,"Adam Hoyle",0.5,"work on homepage main feature image updates with new photos from Amanda",,,"Men's Health","BILLED: Yoga Center Updates"
2009-05-14,"Adam Hoyle",1.75,"work on final changes from Amanda: rename pages with numbers so next/prev can be implemented.",,,"Men's Health","BILLED: Yoga Center Updates"
2009-05-13,"Adam Hoyle",0.395833,"work on final update list - link romanelli article and get started button, make thumbnail bigger",,,"Men's Health","BILLED: Yoga Center Updates"
2009-05-13,"Adam Hoyle",0.25,"Work on changes from Brad and Amanda",,,"Men's Health","BILLED: Yoga Center Updates"
2009-05-13,"Adam Hoyle",0.25,"Review with Amanda and Brad",,,"Men's Health","BILLED: Yoga Center Updates"
2009-05-13,"Adam Hoyle",1.25,"link templates to CMS",,,"Men's Health","BILLED: Yoga Center Updates"
2009-05-12,"Adam Hoyle",0.5,"move to MySQL and migrate all eating well articles to living well category. Create new category for Quick Start guide.",,,"Men's Health","BILLED: Yoga Center Updates"
2009-05-08,"Adam Hoyle",0.25,"review comps with Niki",,,"Men's Health","BILLED: Yoga Center Updates"
2009-05-06,"Adam Hoyle",0.5,"review requirements with Brad and Niki",,,"Men's Health","BILLED: Yoga Center Updates"
2010-04-13,"Adam Hoyle",0.75,"begin research and design updates",,,"Men's Health","ETNT Slideshows"
2009-05-28,"Adam Hoyle",1.5,"Add Google Search Appliance to WH ETNT",,,"Men's Health","Google Search Appliance"
2010-09-01,"Adam Hoyle",0.75,"review August billing",,,"Men's Health","Gym Finder 2010"
2010-09-01,"Adam Hoyle",0.75,"troubleshooting post-launch glitches and fixing navigation include",,,"Men's Health","Gym Finder 2010"
2010-08-31,"Adam Hoyle",0.5,"launch call with Mani, Terrance, Anna to discuss launch",,,"Men's Health","Gym Finder 2010"
2010-08-31,"Adam Hoyle",1.5,"launch GymFinder, configure CMS with RSYNC section, send emails to Ron and IT about backups and access to production server",,,"Men's Health","Gym Finder 2010"
2010-08-30,"Adam Hoyle",0.75,"test GF Cas from Mani, make CSS edits",,,"Men's Health","Gym Finder 2010"
2010-08-10,"Adam Hoyle",0.5,"conference call with localeze and Jill",,,"Men's Health","Gym Finder 2010"
2010-08-05,"Adam Hoyle",0.75,"call with Localeze",,,"Men's Health","Gym Finder 2010"
2010-08-02,"Adam Hoyle",0.75,"QA GF ads, CM",,,"Men's Health","Gym Finder 2010"
2010-08-02,"Adam Hoyle",1.75,"link the article page, special offers, to the CMS",,,"Men's Health","Gym Finder 2010"
2010-07-20,"Adam Hoyle",1.5,"add CAS to GF",,,"Men's Health","Gym Finder 2010"
2010-07-20,"Adam Hoyle",0.75,"Add sub banner ad",,,"Men's Health","Gym Finder 2010"
2010-07-15,"Adam Hoyle",0.5,"troubleshoot Gymfinder ad tags and shared include",,,"Men's Health","Gym Finder 2010"
2010-04-06,"Adam Hoyle",0.25,"download new PSD from Dan. Review and upload to basecamp",,,"Men's Health","Gym Finder 2010"
2010-04-06,"Adam Hoyle",0.5,"design handoff call with Steve, Dan, Brad",,,"Men's Health","Gym Finder 2010"
2010-04-05,"Adam Hoyle",0.25,"Call w/ Steve, set project milestones",,,"Men's Health","Gym Finder 2010"
2010-03-19,"Adam Hoyle",1.0,"requirements review with Steve & Brad",,,"Men's Health","Gym Finder 2010"
2010-03-12,"Adam Hoyle",0.5,"Kickoff call with Localeze",,,"Men's Health","Gym Finder 2010"
2011-12-20,"Adam Hoyle",0.5,"work with Seth and Jeremy for ad tags",,,"Men's Health","iPad Storefront"
2011-12-19,"Adam Hoyle",0.75,"project coordination, review notes and wireframes, call with Mark Steffen",,,"Men's Health","iPad Storefront"
2011-12-21,"Adam Hoyle",0.5,"gameplan with Jay and do wire sketches",,,"Men's Health","Metrograder"
2011-12-21,"Adam Hoyle",0.5,"project rundown call with Eric, Dan, Kevin, review Metrograde wires",,,"Men's Health","MH - Dev / Misc. Support"
2011-12-19,"Adam Hoyle",0.5,"VPN issues",,,"Men's Health","MH - Dev / Misc. Support"
2011-12-13,"Adam Hoyle",0.5,"weekly project rundown",,,"Men's Health","MH - Dev / Misc. Support"
2011-12-09,"Adam Hoyle",1.0,"investigate slow queries on belly off, edit templates to remove sort by rating functionality, push to prod, email the team",,,"Men's Health","MH - Dev / Misc. Support"
2011-12-08,"Adam Hoyle",0.25,"weekly project call",,,"Men's Health","MH - Dev / Misc. Support"
2011-12-02,"Adam Hoyle",0.75,"misc. project followups, process notes and update basecamp",,,"Men's Health","MH - Dev / Misc. Support"
2011-12-02,"Adam Hoyle",0.5,"Call w/ Eric, Dan, Gabe to discuss new projects",,,"Men's Health","MH - Dev / Misc. Support"
2011-11-30,"Adam Hoyle",0.25,"compile all previous MH headers for Melissa",,,"Men's Health","MH - Dev / Misc. Support"
2011-11-29,"Adam Hoyle",0.5,"Weekly dashboard call",,,"Men's Health","MH - Dev / Misc. Support"
2011-11-28,"Adam Hoyle",0.5,"Delete comment from MH Lists per user request. Delete a bunch of SPAM, send Kim Jones access to MH Lists comment moderation.",,,"Men's Health","MH - Dev / Misc. Support"
2011-11-22,"Adam Hoyle",0.5,"prep project status notes for weekly rundown call",,,"Men's Health","MH - Dev / Misc. Support"
2011-11-18,"Adam Hoyle",0.25,"update cold and flu center dek, clear akamai",,,"Men's Health","MH - Dev / Misc. Support"
2011-11-14,"Adam Hoyle",0.25,"troubleshoot FTP connection issues, email Fred",,,"Men's Health","MH - Dev / Misc. Support"
2011-11-10,"Adam Hoyle",0.75,"check in on misc. projects and followups",,,"Men's Health","MH - Dev / Misc. Support"
2011-11-08,"Adam Hoyle",4.0,"coverage for stock photo purchases",,,"Men's Health","MH - Dev / Misc. Support"
2011-11-07,"Adam Hoyle",1.25,"followup on status of multiple project, update basecamp, email clients",,,"Men's Health","MH - Dev / Misc. Support"
2011-11-07,"Adam Hoyle",0.5,"call with Eric re: new projects",,,"Men's Health","MH - Dev / Misc. Support"
2011-11-02,"Adam Hoyle",0.65,"review open projects, process new projects to into basecamp",,,"Men's Health","MH - Dev / Misc. Support"
2011-11-01,"Adam Hoyle",0.75,"emails and project followups",,,"Men's Health","MH - Dev / Misc. Support"
2011-10-27,"Adam Hoyle",0.25,"Women of MH deployment QA",,,"Men's Health","MH - Dev / Misc. Support"
2011-10-26,"Adam Hoyle",0.25,"project rundown, design dashboard w/ Eric and Dan",,,"Men's Health","MH - Dev / Misc. Support"
2011-10-26,"Adam Hoyle",0.5,"notes on BellyOff re-do for Eric and Kevin",,,"Men's Health","MH - Dev / Misc. Support"
2011-10-20,"Adam Hoyle",1.25,"misc. support, project coordination, client emails, planning... process new projects to basecamp",,,"Men's Health","MH - Dev / Misc. Support"
2011-10-18,"Adam Hoyle",0.5,"weekly design dashboard call",,,"Men's Health","MH - Dev / Misc. Support"
2011-10-17,"Adam Hoyle",1.25,"review open projects, process notes into basecamp, general follows up on open items",,,"Men's Health","MH - Dev / Misc. Support"
2011-10-14,"Adam Hoyle",1.0,"process project notes into basecamp",,,"Men's Health","MH - Dev / Misc. Support"
2011-10-13,"Adam Hoyle",1.25,"project coordination and client communication for Wiki, Hottest of All Time, Workout 100",,,"Men's Health","MH - Dev / Misc. Support"
2011-10-12,"Adam Hoyle",0.5,"process email, update basecamp",,,"Men's Health","MH - Dev / Misc. Support"
2011-10-11,"Adam Hoyle",0.5,"weekly dashboard call with Eric, Dan, Gabe, and crew",,,"Men's Health","MH - Dev / Misc. Support"
2011-10-11,"Adam Hoyle",0.5,"project rundown call w/ Jarrett",,,"Men's Health","MH - Dev / Misc. Support"
2011-10-04,"Adam Hoyle",0.75,"weekly design dashboard call w/ Eric and Dan",,,"Men's Health","MH - Dev / Misc. Support"
2011-10-04,"Adam Hoyle",0.75,"troubleshoot missing sponsor ad on Celeb Fitness for Seiko campaign, update CSS, push to prod, clear akamai",,,"Men's Health","MH - Dev / Misc. Support"
2011-09-27,"Adam Hoyle",0.25,"call with Jarrett and Holdford to review Wiki search module",,,"Men's Health","MH - Dev / Misc. Support"
2011-09-27,"Adam Hoyle",0.5,"weekly design dashboard call w/ Eric and Dan",,,"Men's Health","MH - Dev / Misc. Support"
2011-09-27,"Adam Hoyle",0.5,"SSPB and HTDEB post-deployment testing and emails",,,"Men's Health","MH - Dev / Misc. Support"
2011-09-22,"Adam Hoyle",0.25,"call w/ Jarrett re: wiki search",,,"Men's Health","MH - Dev / Misc. Support"
2011-09-21,"Adam Hoyle",0.75,"deploy celeb fitness sidebar, clear akamai, test on prod",,,"Men's Health","MH - Dev / Misc. Support"
2011-09-20,"Adam Hoyle",0.5,"design dashboard call w/ Eric and Dan",,,"Men's Health","MH - Dev / Misc. Support"
2011-09-20,"Adam Hoyle",2.98306,"design, code on dev, send for approval","Celebrity Fitness: Replace Discover MH with NL signup","Misc.","Men's Health","MH - Dev / Misc. Support"
2011-09-20,"Adam Hoyle",0.75,"design for MH SSPB newsletter signup block",,,"Men's Health","MH - Dev / Misc. Support"
2011-09-20,"Adam Hoyle",0.5,"design comp for MH HTDEB newsletter signup for sidebar",,,"Men's Health","MH - Dev / Misc. Support"
2011-09-13,"Adam Hoyle",0.75,"weekly oroject rundown and status updates for dashboard meeting",,,"Men's Health","MH - Dev / Misc. Support"
2011-09-12,"Adam Hoyle",0.25,"followup on Beer IQ quiz with Mike Darling, and publish.",,,"Men's Health","MH - Dev / Misc. Support"
2011-09-08,"Adam Hoyle",0.25,"call w/ Eric re: upcoming projects",,,"Men's Health","MH - Dev / Misc. Support"
2011-09-08,"Adam Hoyle",0.25,"test best summer ever fixes, clear akamai",,,"Men's Health","MH - Dev / Misc. Support"
2011-09-07,"Adam Hoyle",0.33,"weekly design dashboard call w/ Eric and Dan",,,"Men's Health","MH - Dev / Misc. Support"
2011-09-07,"Adam Hoyle",1.0,"research bellyoff membership numbers for Jeff Csatari",,,"Men's Health","MH - Dev / Misc. Support"
2011-09-06,"Adam Hoyle",0.5,"troubleshoot maria masters user account on FFL so she can browse contestant list",,,"Men's Health","MH - Dev / Misc. Support"
2011-08-31,"Adam Hoyle",0.5,"weekly design dashboard call w/ Eric, Dan, Gabe",,,"Men's Health","MH - Dev / Misc. Support"
2011-08-29,"Adam Hoyle",1.0,"pull queries for Radnor with FFL users, create new view",,,"Men's Health","MH - Dev / Misc. Support"
2011-08-18,"Adam Hoyle",1.5,"review and estimate MH Wiki project",,,"Men's Health","MH - Dev / Misc. Support"
2011-08-11,"Adam Hoyle",0.5,"smoketest HFA",,,"Men's Health","MH - Dev / Misc. Support"
2011-08-10,"Adam Hoyle",0.5,"Project status call w/ Kevin and Brad",,,"Men's Health","MH - Dev / Misc. Support"
2011-08-10,"Adam Hoyle",0.5,"weekly dashboard call w/ Eric, Dan",,,"Men's Health","MH - Dev / Misc. Support"
2011-08-08,"Adam Hoyle",1.0,"1 troubleshoot 404s on HFA, support for John Gilpatrick on Celeb Fitness CMS",,,"Men's Health","MH - Dev / Misc. Support"
2011-08-05,"Adam Hoyle",2.0,"troubleshooting and fixing 404s on celeb fitness in dev and production, due to traffic spike firedrill",,,"Men's Health","MH - Dev / Misc. Support"
2011-08-05,"Adam Hoyle",1.0,"troubleshoot excessive 404s on MH.com per Jarrett... (even though most are not coming from minisites)",,,"Men's Health","MH - Dev / Misc. Support"
2011-08-02,"Adam Hoyle",0.75,"post-launch emails and updates to ads and anchor tags on HFA",,,"Men's Health","MH - Dev / Misc. Support"
2011-08-02,"Adam Hoyle",1.0,"HFA deployment and post-launch smoke testing and troubleshooting of ads",,,"Men's Health","MH - Dev / Misc. Support"
2011-08-01,"Adam Hoyle",0.5,"update urbanathlon page with new video player, and re-arrange content",,,"Men's Health","MH - Dev / Misc. Support"
2011-07-28,"Adam Hoyle",1.5,"troubleshoot MH minisites CMS on dev being broken, due to IT change",,,"Men's Health","MH - Dev / Misc. Support"
2011-07-27,"Adam Hoyle",1.0,"update urbanathlon page with new video player, and re-arrange content",,,"Men's Health","MH - Dev / Misc. Support"
2011-07-27,"Adam Hoyle",0.5,"weekly design dashboard call with Dan and Gabe",,,"Men's Health","MH - Dev / Misc. Support"
2011-07-26,"Adam Hoyle",0.5,"troubleshoot man killer heart disease quiz based on user email. can't reproduce, possibly user error.",,,"Men's Health","MH - Dev / Misc. Support"
2011-07-22,"Adam Hoyle",0.5,"troubleshoot HTDEB new ad unit",,,"Men's Health","MH - Dev / Misc. Support"
2011-07-21,"Adam Hoyle",0.5,"troubleshoot Abs Diet, resync, verify",,,"Men's Health","MH - Dev / Misc. Support"
2011-07-21,"Adam Hoyle",0.5,"uncomment special ad unit on HTDEB, move search box to top of right sidebar",,,"Men's Health","MH - Dev / Misc. Support"
2011-07-19,"Adam Hoyle",0.5,"weekly design dashboard call",,,"Men's Health","MH - Dev / Misc. Support"
2011-07-13,"Adam Hoyle",0.5,"weekly daily dashboard call with Gabe and Dan",,,"Men's Health","MH - Dev / Misc. Support"
2011-07-12,"Adam Hoyle",0.75,"regroup on MH quiz builder, update Kim Jones, send link and instructions",,,"Men's Health","MH - Dev / Misc. Support"
2011-07-05,"Adam Hoyle",0.5,"add universal tracker to printer friendly page on MH Lists per Kyle Western",,,"Men's Health","MH - Dev / Misc. Support"
2011-06-29,"Adam Hoyle",2.0,"update ad tiles on Celeb Fitness per Jeremy",,,"Men's Health","MH - Dev / Misc. Support"
2011-06-15,"Adam Hoyle",1.0,"firedrill to restore /apps on MH prod",,,"Men's Health","MH - Dev / Misc. Support"
2011-06-08,"Adam Hoyle",0.5,"call w/ Gabe to review open project status",,,"Men's Health","MH - Dev / Misc. Support"
2011-06-07,"Adam Hoyle",0.5,"design dashboard w/ Eric",,,"Men's Health","MH - Dev / Misc. Support"
2011-06-07,"Adam Hoyle",0.5,"troubleshoot HTDEB ad code in right sidebar",,,"Men's Health","MH - Dev / Misc. Support"
2011-06-07,"Adam Hoyle",0.25,"get Ashley and Chloe working on creating a URL list of all brunello built sites for security scan",,,"Men's Health","MH - Dev / Misc. Support"
2011-06-07,"Adam Hoyle",0.25,"HTDEB deployment",,,"Men's Health","MH - Dev / Misc. Support"
2011-06-06,"Adam Hoyle",0.5,"project rundown call w/ Brad / Kevin",,,"Men's Health","MH - Dev / Misc. Support"
2011-06-03,"Adam Hoyle",1.0,"put together full list of all MH minisites, test all URLs, filter list, note which are Brunello-built, send to Jarrett and Terrence for Security Scan",,,"Men's Health","MH - Dev / Misc. Support"
2011-06-02,"Adam Hoyle",0.5,"project rundown call w/ Brad",,,"Men's Health","MH - Dev / Misc. Support"
2011-06-02,"Adam Hoyle",0.5,"call to discuss directory lock-down on minisites",,,"Men's Health","MH - Dev / Misc. Support"
2011-05-31,"Adam Hoyle",0.25,"troubleshoot permissions issue on BBOS for Brad",,,"Men's Health","MH - Dev / Misc. Support"
2011-05-31,"Adam Hoyle",0.5,"coordinate new ad deployment on HTDEB",,,"Men's Health","MH - Dev / Misc. Support"
2011-05-25,"Adam Hoyle",0.5,"smoketesting & deployment for new HTDEB footer",,,"Men's Health","MH - Dev / Misc. Support"
2011-05-24,"Adam Hoyle",0.25,"pull latest numbers from FFL for Bill",,,"Men's Health","MH - Dev / Misc. Support"
2011-05-24,"Adam Hoyle",0.5,"quick design dashboard with Eric and Dan",,,"Men's Health","MH - Dev / Misc. Support"
2011-05-23,"Adam Hoyle",1.0,"Review Drupal Webform notes from Adam B. Call w/ Jarrett re: building quizes in Drupal",,,"Men's Health","MH - Dev / Misc. Support"
2011-05-20,"Adam Hoyle",0.5,"bi-weekly call with IT project managers",,,"Men's Health","MH - Dev / Misc. Support"
2011-05-20,"Adam Hoyle",0.5,"pull and reconcile registrations from FFL for Ron and Bill",,,"Men's Health","MH - Dev / Misc. Support"
2011-05-20,"Adam Hoyle",0.5,"troubleshoot MH Dad rsync issue, send permissions request to IT",,,"Men's Health","MH - Dev / Misc. Support"
2011-05-18,"Adam Hoyle",0.5,"call w/ Brad - project run through and prioritization",,,"Men's Health","MH - Dev / Misc. Support"
2011-05-18,"Adam Hoyle",1.0,"project coordination, FFL updates",,,"Men's Health","MH - Dev / Misc. Support"
2011-05-17,"Adam Hoyle",0.75,"pull list of registrations from Fit for Life and send to Brad... call with Ron and Jarrett re: updates needed to CAS registration",,,"Men's Health","MH - Dev / Misc. Support"
2011-05-17,"Adam Hoyle",0.75,"look into FB LIKE buttons on Fit for Summer header",,,"Men's Health","MH - Dev / Misc. Support"
2011-05-17,"Adam Hoyle",1.0,"call w/ Brad re: HTDBE footer, schedule RAF, organize and test code for implementation",,,"Men's Health","MH - Dev / Misc. Support"
2011-05-16,"Adam Hoyle",0.25,"support for MH wiki user accounts pre Kim Jones",,,"Men's Health","MH - Dev / Misc. Support"
2011-05-13,"Adam Hoyle",0.25,"troubleshoot CAS issue on Fit for Summer - send steps for user to Brad",,,"Men's Health","MH - Dev / Misc. Support"
2011-05-12,"Adam Hoyle",0.75,"basecamp updates with new project documentations, designs, notes, etc.",,,"Men's Health","MH - Dev / Misc. Support"
2011-05-12,"Adam Hoyle",1.0,"call with Gabe and Kelly to discuss Car Guide quiz and Sexual Health forums, gather content and notes, update basecamp",,,"Men's Health","MH - Dev / Misc. Support"
2011-05-11,"Adam Hoyle",0.25,"make the profile picture not required on Fit for Summer, per BP",,,"Men's Health","MH - Dev / Misc. Support"
2011-05-11,"Adam Hoyle",0.5,"push BBOS update to prod, clear akamai",,,"Men's Health","MH - Dev / Misc. Support"
2011-05-10,"Adam Hoyle",0.5,"email communications about who to email and who to CC for various requests",,,"Men's Health","MH - Dev / Misc. Support"
2011-05-09,"Adam Hoyle",0.25,"post-launch meta tag updates to BBOS per Gabe",,,"Men's Health","MH - Dev / Misc. Support"
2011-05-09,"Adam Hoyle",0.5,"troubleshoot RSYNC for BBOS, push site to prod, clear akamai",,,"Men's Health","MH - Dev / Misc. Support"
2011-05-09,"Adam Hoyle",0.5,"post-launch support and coordination for Skin Cancer center",,,"Men's Health","MH - Dev / Misc. Support"
2011-05-09,"Adam Hoyle",1.0,"post-launch support and coordination for FFL",,,"Men's Health","MH - Dev / Misc. Support"
2011-05-06,"Adam Hoyle",1.0,"project status call with IT project managers",,,"Men's Health","MH - Dev / Misc. Support"
2011-05-04,"Adam Hoyle",0.5,"weekly status call with Brad and Larry",,,"Men's Health","MH - Dev / Misc. Support"
2011-05-02,"Adam Hoyle",1.5,"troubleshoot MH Lists rsync, email fred, coordinate and test, confirm fix",,,"Men's Health","MH - Dev / Misc. Support"
2011-04-28,"Adam Hoyle",1.5,"troubleshoot and fix broken search template on MH Lists per Brad via Larry, test and deploy to prod, clear akamai",,,"Men's Health","MH - Dev / Misc. Support"
2011-04-27,"Adam Hoyle",0.5,"project status update call with Larry and Brad",,,"Men's Health","MH - Dev / Misc. Support"
2011-04-20,"Adam Hoyle",0.5,"weekly project status call with Brad and Larry",,,"Men's Health","MH - Dev / Misc. Support"
2011-04-19,"Adam Hoyle",1.0,"weekly design dashboard call with Eric, Dan, Bill, Adam Campbell",,,"Men's Health","MH - Dev / Misc. Support"
2011-04-18,"Adam Hoyle",0.5,"Support for Andrew Daniels on MH Lists Akamai clearing",,,"Men's Health","MH - Dev / Misc. Support"
2011-04-13,"Adam Hoyle",0.25,"test lactose updated with new ad and refreshes, push to dev, email client for approval",,,"Men's Health","MH - Dev / Misc. Support"
2011-04-13,"Adam Hoyle",0.5,"weekly project rundown with Brad and Larry",,,"Men's Health","MH - Dev / Misc. Support"
2011-04-12,"Adam Hoyle",1.0,"weekly design dashboard",,,"Men's Health","MH - Dev / Misc. Support"
2011-04-11,"Adam Hoyle",0.75,"troubleshooting, testing, and client communication for MH.com slider optimizations.",,,"Men's Health","MH - Dev / Misc. Support"
2011-04-11,"Adam Hoyle",1.5,"updates to iYogaLife footer, testing, deploy to prod",,,"Men's Health","MH - Dev / Misc. Support"
2011-04-11,"Adam Hoyle",2.0,"Lacoste photo re-touching",,,"Men's Health","MH - Dev / Misc. Support"
2011-04-06,"Adam Hoyle",0.5,"weekly project update call with Brad and Larry",,,"Men's Health","MH - Dev / Misc. Support"
2011-04-05,"Adam Hoyle",0.535,"design dashboard call with Eric, Dan, Kelly",,,"Men's Health","MH - Dev / Misc. Support"
2011-04-05,"Adam Hoyle",0.5,"work with Jill on LBN cross site scripting, test and send link for approval",,,"Men's Health","MH - Dev / Misc. Support"
2011-04-05,"Adam Hoyle",0.25,"review and send RAF for HTDEB",,,"Men's Health","MH - Dev / Misc. Support"
2011-04-05,"Adam Hoyle",0.507778,"add no-store cache controll headers to Lacoste, sync to MH dev, and prod, clear Akamai",,,"Men's Health","MH - Dev / Misc. Support"
2011-04-04,"Adam Hoyle",1.5,"project review, status updates to client and team",,,"Men's Health","MH - Dev / Misc. Support"
2011-04-04,"Adam Hoyle",0.75,"update mh server with lacoste changes, sync to prod, clear akamai, test",,,"Men's Health","MH - Dev / Misc. Support"
2011-03-28,"Adam Hoyle",0.5,"troubleshoot rsync on MH lists related to server migrations from IT",,,"Men's Health","MH - Dev / Misc. Support"
2011-03-28,"Adam Hoyle",0.5,"look into broken image on MH experts, create new image sprite from Eric's attachement for the general MH category, loop in Mani",,,"Men's Health","MH - Dev / Misc. Support"
2011-03-27,"Adam Hoyle",2.0,"troubleshooting db overload, adjust settings, communicate with client",,,"Men's Health","MH - Dev / Misc. Support"
2011-03-25,"Adam Hoyle",0.5,"client communications re: HAB voting",,,"Men's Health","MH - Dev / Misc. Support"
2011-03-25,"Adam Hoyle",0.75,"IT project status call with Ron, Jarrett and brand project managers",,,"Men's Health","MH - Dev / Misc. Support"
2011-03-25,"Adam Hoyle",1.0,"IT conference call re: server change over due to lease expiration",,,"Men's Health","MH - Dev / Misc. Support"
2011-03-24,"Adam Hoyle",0.25,"additional updates to Women of MH slideshow, remove photos, edit link copy per kevin Donahue... test, clear akamai",,,"Men's Health","MH - Dev / Misc. Support"
2011-03-24,"Adam Hoyle",0.25,"create new drupal editor account for john gilpatrick",,,"Men's Health","MH - Dev / Misc. Support"
2011-03-24,"Adam Hoyle",0.5,"bracket round 3 deployment and testing",,,"Men's Health","MH - Dev / Misc. Support"
2011-03-24,"Adam Hoyle",0.25,"Women of MH slideshow link to International page, test, clear akamai",,,"Men's Health","MH - Dev / Misc. Support"
2011-03-22,"Adam Hoyle",8.0,"troubleshooting and urgent updates to HAB and HTDEB",,,"Men's Health","MH - Dev / Misc. Support"
2011-03-10,"Adam Hoyle",1.0,"PM, organize notes and details for new projects",,,"Men's Health","MH - Dev / Misc. Support"
2011-03-10,"Adam Hoyle",1.0,"remove iframe sub box from MH Lists per Kim Jones, republish, test, sync to prod",,,"Men's Health","MH - Dev / Misc. Support"
2011-03-09,"Adam Hoyle",0.25,"create new CMS user account for Gabe on Celeb Fitness",,,"Men's Health","MH - Dev / Misc. Support"
2011-03-09,"Adam Hoyle",0.5,"update CMSB view function to ignore anything after cm_mmc",,,"Men's Health","MH - Dev / Misc. Support"
2011-03-08,"Adam Hoyle",0.75,"troubleshoot smoothie selector duplicate living under MHLiving on Hostway",,,"Men's Health","MH - Dev / Misc. Support"
2011-03-08,"Adam Hoyle",0.5,"weekly design dashboard",,,"Men's Health","MH - Dev / Misc. Support"
2011-03-08,"Adam Hoyle",0.25,"push dad slideshows updates to MH dev and prod",,,"Men's Health","MH - Dev / Misc. Support"
2011-03-07,"Adam Hoyle",1.5,"smoketest all minisites after PHP/Apache upgrades, per Jarrett",,,"Men's Health","MH - Dev / Misc. Support"
2011-03-07,"Adam Hoyle",0.25,"update CM title so it's javascript safe on MH dad slideshows",,,"Men's Health","MH - Dev / Misc. Support"
2011-03-07,"Adam Hoyle",0.5,"update text field on slideshow photo caption from text field to text box",,,"Men's Health","MH - Dev / Misc. Support"
2011-03-07,"Adam Hoyle",1.0,"troubleshooting dad slideshow, bad link",,,"Men's Health","MH - Dev / Misc. Support"
2011-03-07,"Adam Hoyle",1.0,"move new db from prod to dev to troubleshoot slideshow issue on MH Dad",,,"Men's Health","MH - Dev / Misc. Support"
2011-03-02,"Adam Hoyle",0.5,"iphone tour updates - ""below the fold"" indicator - project coordination and delivery to client",,,"Men's Health","MH - Dev / Misc. Support"
2011-03-02,"Adam Hoyle",2.0,"troubleshoot MH Lists styles not loading on 1 specific overview page. Cause was double-quotes in meta tag override",,,"Men's Health","MH - Dev / Misc. Support"
2011-03-01,"Adam Hoyle",0.5,"weekly design dash",,,"Men's Health","MH - Dev / Misc. Support"
2011-02-25,"Adam Hoyle",1.5,"review projects and update basecamp",,,"Men's Health","MH - Dev / Misc. Support"
2011-02-25,"Adam Hoyle",0.5,"project status call with Rodale IT",,,"Men's Health","MH - Dev / Misc. Support"
2011-02-24,"Adam Hoyle",0.25,"setup new CMS user accounts per Kim Ray",,,"Men's Health","MH - Dev / Misc. Support"
2011-02-24,"Adam Hoyle",0.5,"review AskMen Top 99 Women feature and send notes to Eric and Bill",,,"Men's Health","MH - Dev / Misc. Support"
2011-02-23,"Adam Hoyle",0.5,"design dashboard call w/ Eric, Dan, Sam",,,"Men's Health","MH - Dev / Misc. Support"
2011-02-22,"Adam Hoyle",0.5,"finalize Spartacus updates and add new field for video",,,"Men's Health","MH - Dev / Misc. Support"
2011-02-22,"Adam Hoyle",1.0,"Troubleshoot permissions issues on MH.com wiki for Kim Jones",,,"Men's Health","MH - Dev / Misc. Support"
2011-02-21,"Adam Hoyle",1.0,"finish updates to Spartacus, test, push to prod, test, clear akamai",,,"Men's Health","MH - Dev / Misc. Support"
2011-02-21,"Adam Hoyle",1.25,"run preliminary security scan on HTDEB",,,"Men's Health","MH - Dev / Misc. Support"
2011-02-21,"Adam Hoyle",1.0,"look into HTDEB static image for single image how tos",,,"Men's Health","MH - Dev / Misc. Support"
2011-02-18,"Adam Hoyle",3.0,"review spartacus changes, update site on dev, push to prod, test, clear akamai",,,"Men's Health","MH - Dev / Misc. Support"
2011-02-16,"Adam Hoyle",0.5,"weekly design dashboard call",,,"Men's Health","MH - Dev / Misc. Support"
2011-02-16,"Adam Hoyle",0.75,"test CMSB sites on PHP 5.3",,,"Men's Health","MH - Dev / Misc. Support"
2011-02-16,"Adam Hoyle",1.0,"research and notes for iPad development in HTML5 for client proposal",,,"Men's Health","MH - Dev / Misc. Support"
2011-02-16,"Adam Hoyle",0.75,"Type notes for ""get people scrolling on iphone tours"", and send to client along with comps.",,,"Men's Health","MH - Dev / Misc. Support"
2011-02-15,"Adam Hoyle",0.5,"Copy edits to iPhone tour code for WH per Michelle",,,"Men's Health","MH - Dev / Misc. Support"
2011-02-14,"Adam Hoyle",0.25,"etup new CMS user account for Kyle Western on MH Lists",,,"Men's Health","MH - Dev / Misc. Support"
2011-02-12,"Adam Hoyle",0.239722,"deploy Abs Diet promo updates, clear Akamai",,,"Men's Health","MH - Dev / Misc. Support"
2011-02-10,"Adam Hoyle",1.0,"designs for MH Lists",,,"Men's Health","MH - Dev / Misc. Support"
2011-02-10,"Adam Hoyle",1.5,"design updates to channel pages",,,"Men's Health","MH - Dev / Misc. Support"
2011-02-10,"Adam Hoyle",6.0,"Meetings in NY with Eric, Dan, Sean, re: all projects",,,"Men's Health","MH - Dev / Misc. Support"
2011-02-08,"Adam Hoyle",0.5,"create thumbnails for 3 featured workouts on Celeb Fitness, upload to CMS, confirm with Gilpatrick. - request from Gillptrick.",,,"Men's Health","MH - Dev / Misc. Support"
2011-02-08,"Adam Hoyle",0.5,"troubleshoot issue on celeb fitness homepage for Gilpatrick and Trevor",,,"Men's Health","MH - Dev / Misc. Support"
2011-02-07,"Adam Hoyle",1.0,"finalize PSDs for MH Newsletter and Sweeps pages",,,"Men's Health","MH - Dev / Misc. Support"
2011-02-07,"Adam Hoyle",1.08,"update promos art on Abs Diet from Steve via Gina Pritchard",,,"Men's Health","MH - Dev / Misc. Support"
2011-02-03,"Adam Hoyle",1.18472,"sync prod and dev for GF, remove comments",,,"Men's Health","MH - Dev / Misc. Support"
2011-02-01,"Adam Hoyle",6.0,"meetings in NY",,,"Men's Health","MH - Dev / Misc. Support"
2011-02-01,"Adam Hoyle",1.0,"post-launch copy edits to slideshow page",,,"Men's Health","MH - Dev / Misc. Support"
2011-02-01,"Adam Hoyle",1.0,"update CM tags on Dadventures, sync to prod, clear Akamai",,,"Men's Health","MH - Dev / Misc. Support"
2011-01-26,"Adam Hoyle",0.5,"client communication/coordination re: MyMH Spartacus workout ad tagging",,,"Men's Health","MH - Dev / Misc. Support"
2011-01-26,"Adam Hoyle",1.0,"update CM tags per Steve via Victoria and Todd. Pointing to test data???",,,"Men's Health","MH - Dev / Misc. Support"
2011-01-25,"Adam Hoyle",1.0,"Coordinate off-hours MyMH deployment",,,"Men's Health","MH - Dev / Misc. Support"
2011-01-24,"Adam Hoyle",1.5,"update homepage on MH Dad site to feature Dadventures in primary slot, troubleshoot RSYNC, depoly to production",,,"Men's Health","MH - Dev / Misc. Support"
2011-01-23,"Adam Hoyle",0.350556,"add dadventures to homepage",,,"Men's Health","MH - Dev / Misc. Support"
2011-01-18,"Adam Hoyle",1.0,"additional fixes to iphone tour per Michelle",,,"Men's Health","MH - Dev / Misc. Support"
2011-01-17,"Adam Hoyle",0.5,"additional fitclick screenshots outside of scope",,,"Men's Health","MH - Dev / Misc. Support"
2011-01-16,"Adam Hoyle",0.5,"troubleshoot and fix sponsor ad issue on MyMH",,,"Men's Health","MH - Dev / Misc. Support"
2011-01-13,"Adam Hoyle",2.5,"Belly Off! loose ends - fix ad tiles, update Forum copy, fix ""Next Steps"" promo, test, sync to prod",,,"Men's Health","MH - Dev / Misc. Support"
2011-01-12,"Adam Hoyle",0.25,"troubleshoot CH article issue w/ Kim Jones",,,"Men's Health","MH - Dev / Misc. Support"
2011-01-12,"Adam Hoyle",0.25,"re-upload missing spelunking photo to Dadventures.",,,"Men's Health","MH - Dev / Misc. Support"
2011-01-10,"Adam Hoyle",1.25,"implement new BellyOff scoreboard queries on prod",,,"Men's Health","MH - Dev / Misc. Support"
2011-01-07,"Adam Hoyle",0.702778,"Work through post-launch BellyOff changes from Brad, Jeff, Steve, Kevin, etc.",,,"Men's Health","MH - Dev / Misc. Support"
2011-01-07,"Adam Hoyle",1.5,"Experiment with BellyOff scoreboard query updates for better weight loss numbers",,,"Men's Health","MH - Dev / Misc. Support"
2011-01-07,"Adam Hoyle",0.750278,"BellyOff Scoreboard design updates",,,"Men's Health","MH - Dev / Misc. Support"
2011-01-07,"Adam Hoyle",0.594167,"conference call with Eric, Steve, Melissa, Kelly re: NFL Center and Beer Quiz, and followup with Steve re: timeline",,,"Men's Health","MH - Dev / Misc. Support"
2011-01-07,"Adam Hoyle",1.0,"sync and test Dadventures updates",,,"Men's Health","MH - Dev / Misc. Support"
2011-01-07,"Adam Hoyle",1.0,"support for Kim Jones re: MH Apps landing pages, update new screenshots, edit titles, clear Akamai",,,"Men's Health","MH - Dev / Misc. Support"
2011-01-06,"Adam Hoyle",1.0,"Update Dadventures with adtag in place of product tie-in box",,,"Men's Health","MH - Dev / Misc. Support"
2011-01-04,"Adam Hoyle",1.5,"address script injection vulnerability on Abs Diet, hot-fix dev, sync to prod",,,"Men's Health","MH - Dev / Misc. Support"
2011-01-01,"Adam Hoyle",1.0,"Add intro to Metabolic meal plan page, remove link from 2nd tab",,,"Men's Health","MH - Dev / Misc. Support"
2010-12-30,"Adam Hoyle",2.0,"post-launch support and changes from Jeff Csatari",,,"Men's Health","MH - Dev / Misc. Support"
2010-12-22,"Adam Hoyle",1.0,"troubleshoot and fix sessions issue on Dadventures CMS, add caption field below product tie-in photos",,,"Men's Health","MH - Dev / Misc. Support"
2010-12-14,"Adam Hoyle",2.0,"review and respond to security scan",,,"Men's Health","MH - Dev / Misc. Support"
2010-12-13,"Adam Hoyle",0.5,"remove spam from gymfinder",,,"Men's Health","MH - Dev / Misc. Support"
2010-12-03,"Adam Hoyle",0.5,"BURP Security Suite walkthrough with Jamil",,,"Men's Health","MH - Dev / Misc. Support"
2010-12-01,"Adam Hoyle",0.75,"support for John Gilpatrick on MyMH workout setup and tweaking",,,"Men's Health","MH - Dev / Misc. Support"
2010-11-30,"Adam Hoyle",1.0,"weekly design dashboard",,,"Men's Health","MH - Dev / Misc. Support"
2010-11-29,"Adam Hoyle",1.0,"adjust CSS on MH Lists text promo to wrapping occurs on slideshows with wider photos, test, deploy",,,"Men's Health","MH - Dev / Misc. Support"
2010-11-29,"Adam Hoyle",0.75,"project status updates with Steve",,,"Men's Health","MH - Dev / Misc. Support"
2010-11-24,"Adam Hoyle",1.5,"debug ""last slide promo"" feature and push to production",,,"Men's Health","MH - Dev / Misc. Support"
2010-11-22,"Adam Hoyle",2.0,"Research SQL Injection security warning on Women of MH deployment, it was a false positive related to shared include code for MH header",,,"Men's Health","MH - Dev / Misc. Support"
2010-11-22,"Adam Hoyle",1.5,"Troubleshoot Women of MH after early deployment issues with other prod sites. Coordinate on troubleshoot issues with node.css timing out, hanging site.",,,"Men's Health","MH - Dev / Misc. Support"
2010-11-22,"Adam Hoyle",1.25,"update Spartacus, remove contest image and promo, test rsync, deploy, test, clear akamai",,,"Men's Health","MH - Dev / Misc. Support"
2010-11-19,"Adam Hoyle",0.25,"add Crazy Egg to Style slideshow homepage per Eric, deploy, clear akamai, test",,,"Men's Health","MH - Dev / Misc. Support"
2010-11-18,"Adam Hoyle",0.5,"Hide Kia logo on Tip of the Day (used CSS hack in the view to get around deployment.)",,,"Men's Health","MH - Dev / Misc. Support"
2010-11-18,"Adam Hoyle",0.508611,"change personal trainer URLs on Belly Off, setup rsync, deploy, test",,,"Men's Health","MH - Dev / Misc. Support"
2010-11-18,"Adam Hoyle",1.72444,"add new workout to MyMH per Brad",,,"Men's Health","MH - Dev / Misc. Support"
2010-11-18,"Adam Hoyle",0.5,"update Coremetrics tagging on Abs Diet - hotfix for CM issues",,,"Men's Health","MH - Dev / Misc. Support"
2010-11-17,"Adam Hoyle",1.0,"coordinate hotfix for MyMH due to CM tagging",,,"Men's Health","MH - Dev / Misc. Support"
2010-11-15,"Adam Hoyle",0.5,"update MH.com article page designs to include Stumble logo replacing Buzz. Send assets to team.",,,"Men's Health","MH - Dev / Misc. Support"
2010-11-11,"Adam Hoyle",1.0,"implement and test special offer promo slide on MH Lists",,,"Men's Health","MH - Dev / Misc. Support"
2010-11-11,"Adam Hoyle",0.5,"support for Women of MH - Carolyn is embedding video from youtube into articles and HTML is being stripped. Set input type to no filter to fix this.",,,"Men's Health","MH - Dev / Misc. Support"
2010-11-11,"Adam Hoyle",1.0,"finish implementation of On-Page on MH Lists",,,"Men's Health","MH - Dev / Misc. Support"
2010-11-10,"Adam Hoyle",0.5,"respond to terrence re: security audit and provide code samples",,,"Men's Health","MH - Dev / Misc. Support"
2010-11-09,"Adam Hoyle",0.5,"design dashboard call",,,"Men's Health","MH - Dev / Misc. Support"
2010-11-09,"Adam Hoyle",0.5,"compile list of profile sites for security audit",,,"Men's Health","MH - Dev / Misc. Support"
2010-11-05,"Adam Hoyle",0.5,"new project call with eric",,,"Men's Health","MH - Dev / Misc. Support"
2010-11-04,"Adam Hoyle",1.25,"update social media icons on MH Lists, add ""View on 1 page"" link",,,"Men's Health","MH - Dev / Misc. Support"
2010-11-03,"Adam Hoyle",0.25,"call with Brad and John re: Abs Diet content",,,"Men's Health","MH - Dev / Misc. Support"
2010-11-03,"Adam Hoyle",0.5,"conference call with Anna re: Women of MH caching",,,"Men's Health","MH - Dev / Misc. Support"
2010-11-03,"Adam Hoyle",0.75,"troubleshoot Women of MH photo clearing issue (aka mystery bug)",,,"Men's Health","MH - Dev / Misc. Support"
2010-11-03,"Adam Hoyle",0.25,"remove sweeps from homepage on celeb fitness, sync to prod, clear akamai",,,"Men's Health","MH - Dev / Misc. Support"
2010-11-02,"Adam Hoyle",0.75,"test image uploads for validation after patch was deployed",,,"Men's Health","MH - Dev / Misc. Support"
2010-11-01,"Adam Hoyle",1.5,"troubleshoot server issues on MH due to excessive load and page caching",,,"Men's Health","MH - Dev / Misc. Support"
2010-11-01,"Adam Hoyle",0.5,"update Kashi photo on Best Foods site - a PR contacted MH about the incorrect photo. waiting on server issues to sync",,,"Men's Health","MH - Dev / Misc. Support"
2010-11-01,"Adam Hoyle",1.25,"patch spartacus, bellyoff, and abs diet on dev",,,"Men's Health","MH - Dev / Misc. Support"
2010-11-01,"Adam Hoyle",0.5,"remove sidebar promos from Celeb Fitness, clear akamai",,,"Men's Health","MH - Dev / Misc. Support"
2010-10-28,"Adam Hoyle",1.25,"security patch for Abs Diet and BellyOff code on dev to verify image type on upload",,,"Men's Health","MH - Dev / Misc. Support"
2010-10-27,"Adam Hoyle",0.75,"add text link promos to MH lists, test and send to client for approval",,,"Men's Health","MH - Dev / Misc. Support"
2010-10-27,"Adam Hoyle",0.25,"send MH Lists slide promo template to Eric and Dan",,,"Men's Health","MH - Dev / Misc. Support"
2010-10-27,"Adam Hoyle",0.5,"Call with Michelle Rivera re: Power Training redesign",,,"Men's Health","MH - Dev / Misc. Support"
2010-10-27,"Adam Hoyle",1.0,"off hours CTNT deployment (new book and links)",,,"Men's Health","MH - Dev / Misc. Support"
2010-10-26,"Adam Hoyle",1.0,"meet with Mat about misc. support issues, MH Lists, Dad comments",,,"Men's Health","MH - Dev / Misc. Support"
2010-10-26,"Adam Hoyle",0.5,"create MH Lists slideshow promo mockup",,,"Men's Health","MH - Dev / Misc. Support"
2010-10-26,"Adam Hoyle",0.25,"weekly design dashboard call",,,"Men's Health","MH - Dev / Misc. Support"
2010-10-26,"Adam Hoyle",0.75,"create new book cover images for CTNT, submit RAF",,,"Men's Health","MH - Dev / Misc. Support"
2010-10-26,"Adam Hoyle",0.25,"dig up belly off phpbb admin for Brad",,,"Men's Health","MH - Dev / Misc. Support"
2010-10-25,"Adam Hoyle",0.5,"Update Abs Diet book covers",,,"Men's Health","MH - Dev / Misc. Support"
2010-10-21,"Adam Hoyle",0.5,"fix universal tracker on MH Celeb Fitness and sync to production (< > were encoded)",,,"Men's Health","MH - Dev / Misc. Support"
2010-10-19,"Adam Hoyle",0.75,"design dashboard",,,"Men's Health","MH - Dev / Misc. Support"
2010-10-19,"Adam Hoyle",1.5,"Add Sweeps images to Celeb Fitness (per Kim Jones), Schedule RAF, backup prod and dev, coordinate RSYNC",,,"Men's Health","MH - Dev / Misc. Support"
2010-10-18,"Adam Hoyle",1.5,"troubleshooting MH Lists comments and Akamai caching + headers issues. Fixed.",,,"Men's Health","MH - Dev / Misc. Support"
2010-10-18,"Adam Hoyle",1.0,"add nocache header control to CMS on MH Lists to bypass caching on highly commented pages, republish lists, test on dev, sync to prod, clear akamai, test on prod",,,"Men's Health","MH - Dev / Misc. Support"
2010-10-17,"Adam Hoyle",2.0,"add FB Like and Tweet buttons to MH Lists, test, troubleshoot, sync to prod",,,"Men's Health","MH - Dev / Misc. Support"
2010-10-15,"Adam Hoyle",0.5,"add sweepstakes links to Celeb Fitness",,,"Men's Health","MH - Dev / Misc. Support"
2010-10-15,"Adam Hoyle",0.5,"troubleshoot issue on Women of MH",,,"Men's Health","MH - Dev / Misc. Support"
2010-10-14,"Adam Hoyle",12.0,"onsite in NY",,,"Men's Health","MH - Dev / Misc. Support"
2010-10-13,"Adam Hoyle",1.0,"mockups for LIKE button",,,"Men's Health","MH - Dev / Misc. Support"
2010-10-12,"Adam Hoyle",0.5,"project status update call w/ steve",,,"Men's Health","MH - Dev / Misc. Support"
2010-10-12,"Adam Hoyle",1.0,"weekly design dashboard call",,,"Men's Health","MH - Dev / Misc. Support"
2010-10-12,"Adam Hoyle",0.25,"submit RAF for Abs Diet",,,"Men's Health","MH - Dev / Misc. Support"
2010-10-06,"Adam Hoyle",0.75,"call with Steve re: best foods, belly off, mymh and other misc. project status updates",,,"Men's Health","MH - Dev / Misc. Support"
2010-10-05,"Adam Hoyle",0.5,"Go/No Go call re: MyMH CAS integration",,,"Men's Health","MH - Dev / Misc. Support"
2010-10-01,"Adam Hoyle",0.25,"troubleshoot More from MH include on MH Lists for Kim Jones",,,"Men's Health","MH - Dev / Misc. Support"
2010-09-30,"Adam Hoyle",0.75,"process notes on deployment process and RAF, and send details to Rodale and Brunello teams for review",,,"Men's Health","MH - Dev / Misc. Support"
2010-09-30,"Adam Hoyle",1.0,"call with Ron, Steve, Anna, Jarrett, Dena to review deployment process",,,"Men's Health","MH - Dev / Misc. Support"
2010-09-30,"Adam Hoyle",0.25,"status update and checkin with steve",,,"Men's Health","MH - Dev / Misc. Support"
2010-09-29,"Adam Hoyle",0.5,"Abs Diet ""Go/No Go"" call and update RAF with new dependencies on SSL",,,"Men's Health","MH - Dev / Misc. Support"
2010-09-28,"Adam Hoyle",0.75,"weekly design dashboard call with Eric, Dan, Scarlett",,,"Men's Health","MH - Dev / Misc. Support"
2010-09-28,"Adam Hoyle",0.25,"review new tracking code for MyMH, clarify request with client",,,"Men's Health","MH - Dev / Misc. Support"
2010-09-28,"Adam Hoyle",1.25,"review MH lists tracking code, remove quantcast and comscore, add universal pixel, publish on dev and verify change",,,"Men's Health","MH - Dev / Misc. Support"
2010-09-27,"Adam Hoyle",1.0,"project status call w/ Steve and Eric, discuss new projects: MyMH P2, BellyOff 2011, Best Foods, Tech & Gear",,,"Men's Health","MH - Dev / Misc. Support"
2010-09-23,"Adam Hoyle",1.5,"brainstorming and meeting for Bellyoff/myMH strategy. CSS updates, testing after F5 rule implementation",,,"Men's Health","MH - Dev / Misc. Support"
2010-09-22,"Adam Hoyle",0.25,"call with Steve re: Belly Off testing",,,"Men's Health","MH - Dev / Misc. Support"
2010-09-21,"Adam Hoyle",0.5,"weekly design dashboard call",,,"Men's Health","MH - Dev / Misc. Support"
2010-09-21,"Adam Hoyle",0.25,"Call with Steve re: MyMH firedrill... possibly change BellyOff to my.menshealth.com/bellyoff/, also unlock some content on MyMH",,,"Men's Health","MH - Dev / Misc. Support"
2010-09-21,"Adam Hoyle",0.5,"Abs Diet deployment Go/No Go call",,,"Men's Health","MH - Dev / Misc. Support"
2010-09-20,"Adam Hoyle",0.5,"call w/ Steve re: project status updates",,,"Men's Health","MH - Dev / Misc. Support"
2010-09-20,"Adam Hoyle",0.5,"call with Mani and Dave re: SSO API",,,"Men's Health","MH - Dev / Misc. Support"
2010-09-20,"Adam Hoyle",0.5,"update rolls and permissions for John Gilpatrick for My.Menshealth",,,"Men's Health","MH - Dev / Misc. Support"
2010-09-20,"Adam Hoyle",1.25,"update code on Celeb Fitness, coordinate with infra for files and deployment",,,"Men's Health","MH - Dev / Misc. Support"
2010-09-20,"Adam Hoyle",0.25,"call w/ Eric re: WH and Experts checkin",,,"Men's Health","MH - Dev / Misc. Support"
2010-09-17,"Adam Hoyle",1.0,"update article pages for KW targeting on Celebrity Fitness",,,"Men's Health","MH - Dev / Misc. Support"
2010-09-17,"Adam Hoyle",0.5,"more troubleshooting of ad calls on MH Lists",,,"Men's Health","MH - Dev / Misc. Support"
2010-09-17,"Adam Hoyle",0.25,"fix ad call on MH Lists - size=160x600.1, replublish, sync, clear Akamai",,,"Men's Health","MH - Dev / Misc. Support"
2010-09-17,"Adam Hoyle",1.75,"fix ad call on MH Lists - size=160x600.1, replublish, sync, clear Akamai",,,"Men's Health","MH - Dev / Misc. Support"
2010-09-17,"Adam Hoyle",0.75,"call re: CH/MHL migration, troublshooting CAS issues in MyMH",,,"Men's Health","MH - Dev / Misc. Support"
2010-09-16,"Adam Hoyle",0.5,"Call with Steve to discuss launch of Abs Diet",,,"Men's Health","MH - Dev / Misc. Support"
2010-09-16,"Adam Hoyle",0.5,"change sub offer on Women of MH to ad-served",,,"Men's Health","MH - Dev / Misc. Support"
2010-09-15,"Adam Hoyle",0.5,"types up notes to Ron Lopez about deployment process and production access",,,"Men's Health","MH - Dev / Misc. Support"
2010-09-15,"Adam Hoyle",0.5,"weekly design dashboard call with Eric, Scarlett, Melissa",,,"Men's Health","MH - Dev / Misc. Support"
2010-09-14,"Adam Hoyle",1.0,"preparation for weekly design dashboard call and status update with Eric",,,"Men's Health","MH - Dev / Misc. Support"
2010-09-14,"Adam Hoyle",0.5,"coordinate with ad ops on tracker for MyMH promo... turns out it's the MH.com homepage, refered to Steve",,,"Men's Health","MH - Dev / Misc. Support"
2010-09-14,"Adam Hoyle",0.5,"Drupal support for Ryan Harris on MyMH",,,"Men's Health","MH - Dev / Misc. Support"
2010-09-14,"Adam Hoyle",0.25,"call with steve re: Women of MH update requests",,,"Men's Health","MH - Dev / Misc. Support"
2010-09-08,"Adam Hoyle",0.5,"Call with Eric re: ETNT",,,"Men's Health","MH - Dev / Misc. Support"
2010-09-08,"Adam Hoyle",0.75,"call with Steve re: project status, MyMH post-launch, and Celebrity Sweat",,,"Men's Health","MH - Dev / Misc. Support"
2010-09-02,"Adam Hoyle",0.75,"Call with Ron Lopez to review new Rodale security policies and implications on development timelines",,,"Men's Health","MH - Dev / Misc. Support"
2010-08-30,"Adam Hoyle",0.5,"weekly status update call with steve",,,"Men's Health","MH - Dev / Misc. Support"
2010-08-24,"Adam Hoyle",0.5,"weekly design dashboard call with Eric, Dan, Katrina, Melissa",,,"Men's Health","MH - Dev / Misc. Support"
2010-08-23,"Adam Hoyle",0.5,"project status update call with Steve",,,"Men's Health","MH - Dev / Misc. Support"
2010-08-06,"Adam Hoyle",0.5,"Change FACT field from text to WYSIWYG, remove text-transform from CSS - per steve and trevor",,,"Men's Health","MH - Dev / Misc. Support"
2010-08-02,"Adam Hoyle",0.5,"project status call with Steve",,,"Men's Health","MH - Dev / Misc. Support"
2010-07-26,"Adam Hoyle",0.25,"update pricing on Jimmy website to FREE pre Kyle Western",,,"Men's Health","MH - Dev / Misc. Support"
2010-07-26,"Adam Hoyle",0.5,"weekly status call with Steve",,,"Men's Health","MH - Dev / Misc. Support"
2010-07-23,"Adam Hoyle",0.5,"troubleshoot and fix issue on celeb fitness with multiple exercises",,,"Men's Health","MH - Dev / Misc. Support"
2010-07-20,"Adam Hoyle",0.5,"Weekly design dashboard call with Eric",,,"Men's Health","MH - Dev / Misc. Support"
2010-07-19,"Adam Hoyle",0.5,"weekly status update call with Steve",,,"Men's Health","MH - Dev / Misc. Support"
2010-07-16,"Adam Hoyle",2.0,"troubleshoot caching issues on Women of MH with Adam B",,,"Men's Health","MH - Dev / Misc. Support"
2010-07-13,"Adam Hoyle",0.5,"project review with steve",,,"Men's Health","MH - Dev / Misc. Support"
2010-07-08,"Adam Hoyle",0.75,"correct 404 errors on Celeb Fitness related to ajax spinner gif",,,"Men's Health","MH - Dev / Misc. Support"
2010-06-30,"Adam Hoyle",0.25,"support for James Keepnews on MH.com theming.",,,"Men's Health","MH - Dev / Misc. Support"
2010-06-29,"Adam Hoyle",0.5,"call with Jarrett re: SEO, Clean URLs, moving mini sites to subdirectory and brainstorming on best approach, do it on F5 or phsyically change site locations",,,"Men's Health","MH - Dev / Misc. Support"
2010-06-29,"Adam Hoyle",0.5,"weekly project status update call with Steve",,,"Men's Health","MH - Dev / Misc. Support"
2010-06-28,"Adam Hoyle",1.0,"troubleshoot CM documentation and email Seth Holladay about errors with using absolute/relative URLs for linking to CM library files",,,"Men's Health","MH - Dev / Misc. Support"
2010-06-28,"Adam Hoyle",0.5,"call w/ Anna re: Drupal dev and redirect strategy (possibly changing mini sites to /features/",,,"Men's Health","MH - Dev / Misc. Support"
2010-06-23,"Adam Hoyle",0.5,"weekly tech meeting with MH team",,,"Men's Health","MH - Dev / Misc. Support"
2010-06-22,"Adam Hoyle",1.0,"weekly design dashboard call with Eric, Dan, Steve, Melissa, Katrina",,,"Men's Health","MH - Dev / Misc. Support"
2010-06-22,"Adam Hoyle",0.75,"Call with Steve and Carolyn re: Women of MH, status update report with Steve on other outstanding projects. Priority juggling.",,,"Men's Health","MH - Dev / Misc. Support"
2010-06-22,"Adam Hoyle",0.75,"support for MH Lists - unpublish list ""star spangled cities"" per Steve",,,"Men's Health","MH - Dev / Misc. Support"
2010-06-17,"Adam Hoyle",0.75,"enter clean URLs for all exercises",,,"Men's Health","MH - Dev / Misc. Support"
2010-06-17,"Adam Hoyle",0.25,"locate and upload broken image for reverse crunch on celeb fitness",,,"Men's Health","MH - Dev / Misc. Support"
2010-06-17,"Adam Hoyle",0.5,"package and send all Celeb Fitness ABC exercise photos to Gilpatrick per Steve",,,"Men's Health","MH - Dev / Misc. Support"
2010-06-17,"Adam Hoyle",0.25,"call with steve to discuss changes and new requirements for building workouts in celeb fitness",,,"Men's Health","MH - Dev / Misc. Support"
2010-06-16,"Adam Hoyle",1.25,"weekly design dashboard call with Eric, Dan, Steve, Melissa",,,"Men's Health","MH - Dev / Misc. Support"
2010-06-15,"Adam Hoyle",0.25,"CMS support for Brad changing /weekend/ to /gear-up-for-summer/ and updating CMS paths, rsync, etc.",,,"Men's Health","MH - Dev / Misc. Support"
2010-06-15,"Adam Hoyle",1.0,"troubleshoot ad refresh and pagination issues on Celebrity Fitness",,,"Men's Health","MH - Dev / Misc. Support"
2010-06-14,"Adam Hoyle",0.75,"update itunes link for 1000 exercises app page and sync to prod, clear akamai",,,"Men's Health","MH - Dev / Misc. Support"
2010-06-14,"Adam Hoyle",1.0,"migrate database from local dev to MH dev, drop tables from Women of MH Drupal install due to permissions issue",,,"Men's Health","MH - Dev / Misc. Support"
2010-06-11,"Adam Hoyle",0.5,"project status update call and timeline review with Steve",,,"Men's Health","MH - Dev / Misc. Support"
2010-06-11,"Adam Hoyle",0.25,"send color specs to Dan",,,"Men's Health","MH - Dev / Misc. Support"
2010-06-09,"Adam Hoyle",0.75,"project status update call with Steve",,,"Men's Health","MH - Dev / Misc. Support"
2010-06-07,"Adam Hoyle",0.25,"send EPS of ETNT logo to Paul S.",,,"Men's Health","MH - Dev / Misc. Support"
2010-06-04,"Adam Hoyle",0.5,"troubleshoot broken images in MH lists for Kasia. Images saved as CMYK",,,"Men's Health","MH - Dev / Misc. Support"
2010-06-03,"Adam Hoyle",0.25,"support or Katrina on ad tags on MH Weekend",,,"Men's Health","MH - Dev / Misc. Support"
2010-06-02,"Adam Hoyle",0.5,"project status update call with Steve",,,"Men's Health","MH - Dev / Misc. Support"
2010-06-01,"Adam Hoyle",0.75,"Weekly design dashboard call with Eric, Steve, Dan, Melissa",,,"Men's Health","MH - Dev / Misc. Support"
2010-05-27,"Adam Hoyle",0.5,"support for Andrew and Gilpatric re: article slider headlines",,,"Men's Health","MH - Dev / Misc. Support"
2010-05-26,"Adam Hoyle",0.5,"troubleshoot more server issues related to database port change",,,"Men's Health","MH - Dev / Misc. Support"
2010-05-26,"Adam Hoyle",1.0,"troubleshoot db connection issues on minidev due to port change to 3308",,,"Men's Health","MH - Dev / Misc. Support"
2010-05-20,"Adam Hoyle",0.25,"create new CMS user account for Carolyn Kylstra",,,"Men's Health","MH - Dev / Misc. Support"
2010-05-17,"Adam Hoyle",0.25,"weekly milestone call w/ Steve, Dan",,,"Men's Health","MH - Dev / Misc. Support"
2010-05-09,"Adam Hoyle",20.0,"MOVING HOURS FROM CELEB FITNESS",,,"Men's Health","MH - Dev / Misc. Support"
2010-05-07,"Adam Hoyle",0.25,"remove download links for ETNT app site, per Steve via DZ",,,"Men's Health","MH - Dev / Misc. Support"
2010-05-06,"Adam Hoyle",0.25,"look into permissions issue on MH Lists, disabled article is still appearing on prod. need group write on lists so we can cleanup",,,"Men's Health","MH - Dev / Misc. Support"
2010-05-05,"Adam Hoyle",0.5,"call with Mani, Fred, Anna re: migration of MH Living from Hostway to living.menshealth.com",,,"Men's Health","MH - Dev / Misc. Support"
2010-05-03,"Adam Hoyle",0.25,"send Brad and Katrina template for iPhone/iPad page",,,"Men's Health","MH - Dev / Misc. Support"
2010-05-03,"Adam Hoyle",0.25,"create new arrow graphic for MH Service nav, in grey, per Eric",,,"Men's Health","MH - Dev / Misc. Support"
2010-05-03,"Adam Hoyle",0.5,"weekly milestone status meeting with Eric and Steve",,,"Men's Health","MH - Dev / Misc. Support"
2010-04-30,"Adam Hoyle",0.25,"organize iPad assets and upload to Rodale's basecamp",,,"Men's Health","MH - Dev / Misc. Support"
2010-04-29,"Adam Hoyle",0.25,"locate Mh slider .js from archives and send to Kim Ray, troubleshooting double-text bug in IE",,,"Men's Health","MH - Dev / Misc. Support"
2010-04-29,"Adam Hoyle",0.5,"troubleshoot VPN, update PCF file and distribute to developers",,,"Men's Health","MH - Dev / Misc. Support"
2010-04-28,"Adam Hoyle",0.5,"conference call with kim ray, seth and ad ops re: migrating CH and MHL to Men's Health.com domain",,,"Men's Health","MH - Dev / Misc. Support"
2010-04-27,"Adam Hoyle",0.5,"look into database connection from app, join conference call.",,,"Men's Health","MH - Dev / Misc. Support"
2010-04-27,"Adam Hoyle",0.5,"look into MySQL error on Best Bodies",,,"Men's Health","MH - Dev / Misc. Support"
2010-04-26,"Adam Hoyle",0.5,"milestone checkin call with Steve",,,"Men's Health","MH - Dev / Misc. Support"
2010-04-21,"Adam Hoyle",0.75,"weekly design dashboard meeting with Dan, Eric, Katrina",,,"Men's Health","MH - Dev / Misc. Support"
2010-04-13,"Adam Hoyle",0.5,"look into linking error on MH Lists for Kasia... NEXT button leads to 404. Reblushed, synced, and added parent category to the Filter drop down.",,,"Men's Health","MH - Dev / Misc. Support"
2010-04-12,"Adam Hoyle",0.5,"call with Steve re: milestone checkin",,,"Men's Health","MH - Dev / Misc. Support"
2010-04-08,"Adam Hoyle",0.25,"Look into mobile apps CMS for Kyle, changes are not appearing live... sent URL for production CMS",,,"Men's Health","MH - Dev / Misc. Support"
2010-04-07,"Adam Hoyle",0.5,"Look into Akamai errors on MH Lists during traffic spike. Made adjustments to CSS and used absolute paths to images.",,,"Men's Health","MH - Dev / Misc. Support"
2010-04-07,"Adam Hoyle",1.0,"Reply to Eric with strategy for lowering homepage abandonment rate",,,"Men's Health","MH - Dev / Misc. Support"
2010-04-06,"Adam Hoyle",0.25,"Look into He vs. She iPhone app ""difficulties"" per Kyle",,,"Men's Health","MH - Dev / Misc. Support"
2010-04-06,"Adam Hoyle",0.25,"update contact phone number on prevention guides website per Jill Baughman",,,"Men's Health","MH - Dev / Misc. Support"
2010-04-06,"Adam Hoyle",0.75,"Weekly ""Dashboard"" meeting with MH team",,,"Men's Health","MH - Dev / Misc. Support"
2010-04-05,"Adam Hoyle",0.5,"Project status call and milestone review on outstanding projects.",,,"Men's Health","MH - Dev / Misc. Support"
2010-04-02,"Adam Hoyle",0.5,"project status call with Steve",,,"Men's Health","MH - Dev / Misc. Support"
2010-03-30,"Adam Hoyle",0.5,"Followup call with Steve re: Drupal recruitment",,,"Men's Health","MH - Dev / Misc. Support"
2010-03-30,"Adam Hoyle",1.0,"Conference call with Eric, Steve, Dan, Scarlett to review all project status",,,"Men's Health","MH - Dev / Misc. Support"
2010-03-30,"Adam Hoyle",1.5,"Look into Spartacus profile update/createdby dates to determine eligibility for contest.",,,"Men's Health","MH - Dev / Misc. Support"
2010-03-29,"Adam Hoyle",0.5,"call with Steve & Eric re: project status check in",,,"Men's Health","MH - Dev / Misc. Support"
2010-03-24,"Adam Hoyle",0.25,"Call w/ Eric re: WH designs and ETNT rethink of main header",,,"Men's Health","MH - Dev / Misc. Support"
2010-03-23,"Adam Hoyle",3.0,"Process notes from meeting",,,"Men's Health","MH - Dev / Misc. Support"
2010-03-23,"Adam Hoyle",8.0,"Project status meetings in NY: GF, WH redesign, MH redesign, celeb fitness, abs diet",,,"Men's Health","MH - Dev / Misc. Support"
2010-03-19,"Adam Hoyle",0.25,"Look into issue with db cached error on MH Lists comments. Clearing akamai solved the issue.",,,"Men's Health","MH - Dev / Misc. Support"
2010-03-18,"Adam Hoyle",0.25,"look into recovery of file upload for spartacus user, per brad",,,"Men's Health","MH - Dev / Misc. Support"
2010-03-18,"Adam Hoyle",0.5,"pull 24 MH Living contest entrants for Steve",,,"Men's Health","MH - Dev / Misc. Support"
2010-03-17,"Adam Hoyle",0.25,"Call Rackspace re: issues logging into MH Living, attempting to retrieve black and decker sweepstakes entrants for Steve",,,"Men's Health","MH - Dev / Misc. Support"
2010-03-16,"Adam Hoyle",0.5,"Call w/ Eric re: new projects, MH Lists, and Women of MH",,,"Men's Health","MH - Dev / Misc. Support"
2010-03-15,"Adam Hoyle",0.25,"troubleshoot and correct issue on MH Lists in DEV, comment script was hanging on db connection to colo07, change to colo01, update templates, republish",,,"Men's Health","MH - Dev / Misc. Support"
2010-03-15,"Adam Hoyle",0.75,"Check dsatabase connections on minisites to mysqlcolo07, connect to colo01 to get table inventory for site checking",,,"Men's Health","MH - Dev / Misc. Support"
2010-03-13,"Adam Hoyle",1.5,"Coordinating with MH and Rodale IT re: MySQL server (mysqlcolo07). Server is toasted, migrating to backup and redirecting. Updated error pages, testing sites, clearing Akamai.",,,"Men's Health","MH - Dev / Misc. Support"
2010-03-13,"Adam Hoyle",0.5,"Troubleshooting issues on MH Lists comments",,,"Men's Health","MH - Dev / Misc. Support"
2010-03-12,"Adam Hoyle",0.5,"write and send project status report to Eric",,,"Men's Health","MH - Dev / Misc. Support"
2010-03-10,"Adam Hoyle",0.5,"find BBOF eyebrow ad from archive and send to steve along with inventory",,,"Men's Health","MH - Dev / Misc. Support"
2010-03-08,"Adam Hoyle",0.25,"MH Lists design updates, send new Discover MH header graphic to Steve",,,"Men's Health","MH - Dev / Misc. Support"
2010-03-02,"Adam Hoyle",0.25,"configure CMS access for all sites for John Gilpatrick, editorial intern, per Kevin Donahue",,,"Men's Health","MH - Dev / Misc. Support"
2010-02-24,"Adam Hoyle",0.5,"update bellyoff graphics with new offer, per Sharisse",,,"Men's Health","MH - Dev / Misc. Support"
2010-02-24,"Adam Hoyle",0.25,"pull BellyOff email list CSV for Brad",,,"Men's Health","MH - Dev / Misc. Support"
2010-02-23,"Adam Hoyle",0.75,"create new BO and Spartacus CMS accounts for Steve, send Steve test URLS for CAS API",,,"Men's Health","MH - Dev / Misc. Support"
2010-02-23,"Adam Hoyle",0.5,"update BO pro URLS with new keycode per Charisse",,,"Men's Health","MH - Dev / Misc. Support"
2010-02-22,"Adam Hoyle",2.25,"migrating non-logged in pages and functionality to prod",,,"Men's Health","MH - Dev / Misc. Support"
2010-02-12,"Adam Hoyle",0.75,"Check BO pages and send Mat feedback on redirects and sponsor ad placement",,,"Men's Health","MH - Dev / Misc. Support"
2010-02-12,"Adam Hoyle",0.75,"Support for Brad with error on MHLists. Added DART but disabled category. fixed and repubsliehd.",,,"Men's Health","MH - Dev / Misc. Support"
2010-02-12,"Adam Hoyle",1.5,"Work on design updates for MH Lists",,,"Men's Health","MH - Dev / Misc. Support"
2010-02-08,"Adam Hoyle",0.5,"call with Steve re: project status",,,"Men's Health","MH - Dev / Misc. Support"
2010-02-05,"Adam Hoyle",0.25,"organize list of outstanding MH Lists todos and send to Steve",,,"Men's Health","MH - Dev / Misc. Support"
2010-02-05,"Adam Hoyle",0.25,"troubleshoot ad tags and clear akamai on MH lists for celeb / G2",,,"Men's Health","MH - Dev / Misc. Support"
2010-02-05,"Adam Hoyle",0.5,"update MH Lists templates to include kw value from CMS category level, test, republish, email steve",,,"Men's Health","MH - Dev / Misc. Support"
2010-02-02,"Adam Hoyle",0.25,"check MH Lists printable, clear CSS",,,"Men's Health","MH - Dev / Misc. Support"
2010-02-01,"Adam Hoyle",1.0,"work on updates for BO non-logged in pages",,,"Men's Health","MH - Dev / Misc. Support"
2010-01-29,"Adam Hoyle",0.25,"update quicklinks on Download Center to point to new iPhone Apps landing page, per Kim Jones",,,"Men's Health","MH - Dev / Misc. Support"
2010-01-29,"Adam Hoyle",1.5,"query MH lists to find all articles that don't have unique meta data per Steve",,,"Men's Health","MH - Dev / Misc. Support"
2010-01-29,"Adam Hoyle",0.5,"adjusting pixels on BellyOff scoreboard for brad",,,"Men's Health","MH - Dev / Misc. Support"
2010-01-29,"Adam Hoyle",0.75,"add publish new link to main nav on lists, send email to steve and team explaining new functionality",,,"Men's Health","MH - Dev / Misc. Support"
2010-01-28,"Adam Hoyle",0.25,"add Publishing link to MH Lists CMS navigation per Steve",,,"Men's Health","MH - Dev / Misc. Support"
2010-01-28,"Adam Hoyle",1.0,"add publishUpdated function",,,"Men's Health","MH - Dev / Misc. Support"
2010-01-28,"Adam Hoyle",0.25,"download backup of MH lists",,,"Men's Health","MH - Dev / Misc. Support"
2010-01-26,"Adam Hoyle",0.5,"research and fix jquery bug in FF 3.5 causing all javascript on the page to break",,,"Men's Health","MH - Dev / Misc. Support"
2010-01-26,"Adam Hoyle",0.5,"look into file uploads on wiki, disable certain security settings to allow ZIP and HTML",,,"Men's Health","MH - Dev / Misc. Support"
2010-01-21,"Adam Hoyle",0.75,"migrate MH iPhone Homepage to Prod",,,"Men's Health","MH - Dev / Misc. Support"
2010-01-19,"Adam Hoyle",0.25,"call with Kim Ray re: Load Testing on Belly Off",,,"Men's Health","MH - Dev / Misc. Support"
2010-01-19,"Adam Hoyle",0.25,"call with Kim Ray re: Load Testing on Belly Off",,,"Men's Health","MH - Dev / Misc. Support"
2010-01-19,"Adam Hoyle",1.75,"add pagination to profile list pages on BellyOff",,,"Men's Health","MH - Dev / Misc. Support"
2010-01-19,"Adam Hoyle",12.0,"DAVE EDIS - BELLY OFF",,,"Men's Health","MH - Dev / Misc. Support"
2010-01-15,"Adam Hoyle",2.75,"[for deleted to-do: ""Add iPhone App callouts (See comment for details)""]",,,"Men's Health","MH - Dev / Misc. Support"
2010-01-13,"Adam Hoyle",0.5,"Transform essay field",,,"Men's Health","MH - Dev / Misc. Support"
2010-01-12,"Adam Hoyle",0.25,"put Spartacus Workout PDF behind login",,,"Men's Health","MH - Dev / Misc. Support"
2010-01-11,"Adam Hoyle",0.25,"Look into issue with MH Lists comments",,,"Men's Health","MH - Dev / Misc. Support"
2010-01-08,"Adam Hoyle",0.25,"support for Jaclyn Valero with MH Lists slideshow and akamai syncing",,,"Men's Health","MH - Dev / Misc. Support"
2010-01-07,"Adam Hoyle",0.25,"Updates to BO Dumbbell Blast workout PDFs per Jeff, edits were made after the fact due to missing content in the videos.",,,"Men's Health","MH - Dev / Misc. Support"
2010-01-07,"Adam Hoyle",0.25,"support for Kim Jones on Download Center, pasting in styles from MSWord.",,,"Men's Health","MH - Dev / Misc. Support"
2010-01-07,"Adam Hoyle",0.25,"look into scoreboard numbers on Bo to make sure they are accurate, per question from Bill Phillips",,,"Men's Health","MH - Dev / Misc. Support"
2010-01-07,"Adam Hoyle",0.25,"remove kitty photo from Spartacus",,,"Men's Health","MH - Dev / Misc. Support"
2010-01-07,"Adam Hoyle",0.5,"update bellyoff pro links to include keycode per kim jones. Keycodes return errors, sent back to Kim Jones for correction.",,,"Men's Health","MH - Dev / Misc. Support"
2010-01-07,"Adam Hoyle",0.25,"update bellyoff pro links to include keycode per kim jones. Keycodes return errors, sent back to Kim Jones for correction.",,,"Men's Health","MH - Dev / Misc. Support"
2010-01-07,"Adam Hoyle",0.5,"update BellyOff CMS code in viewerfunctions to ignore CM tagging",,,"Men's Health","MH - Dev / Misc. Support"
2010-01-06,"Adam Hoyle",0.25,"Update spartacus logo and link to CMS per Brad",,,"Men's Health","MH - Dev / Misc. Support"
2010-01-06,"Adam Hoyle",0.5,"provide support for Fuzz Produtions with updating iPhone directory on PROD. Coordinate with IT to fix permissions issues.",,,"Men's Health","MH - Dev / Misc. Support"
2010-01-05,"Adam Hoyle",1.0,"Move PHPBB CAS integration to BellyOff on Prod, test",,,"Men's Health","MH - Dev / Misc. Support"
2010-01-05,"Adam Hoyle",1.0,"research shared session issues on load-balanced servers, type up notes and send IT request to set shared session path",,,"Men's Health","MH - Dev / Misc. Support"
2010-01-05,"Adam Hoyle",0.5,"call w/ brad re: post-launch BellyOff feedback",,,"Men's Health","MH - Dev / Misc. Support"
2010-01-05,"Adam Hoyle",0.5,"Send notes to Jarrett, Tom, Chris re: new appliation launches so they can monitor the servers",,,"Men's Health","MH - Dev / Misc. Support"
2010-01-04,"Adam Hoyle",0.25,"update no-cache code on BellyOff and add Meta data [for deleted to-do: ""Contestants page should default to highest rated""]",,,"Men's Health","MH - Dev / Misc. Support"
2010-01-04,"Adam Hoyle",0.25,"[for deleted to-do: ""Contestants page should default to highest rated""]",,,"Men's Health","MH - Dev / Misc. Support"
2010-01-04,"Adam Hoyle",0.5,"[for deleted to-do: ""Remove pop-up ad from ad calls""]",,,"Men's Health","MH - Dev / Misc. Support"
2010-01-04,"Adam Hoyle",0.5,"[for deleted to-do: ""Add Edge-control no-cache""]",,,"Men's Health","MH - Dev / Misc. Support"
2009-12-28,"Adam Hoyle",0.25,"remove ETNT sale price, change back to reg. price, per Brad",,,"Men's Health","MH - Dev / Misc. Support"
2009-12-24,"Adam Hoyle",0.5,"Update ETNT iPhone App landing page with sale price, per brad",,,"Men's Health","MH - Dev / Misc. Support"
2009-12-16,"Adam Hoyle",0.5,"look into MH Lists slideshows displaying 2 sets of next/prev buttons",,,"Men's Health","MH - Dev / Misc. Support"
2009-12-10,"Adam Hoyle",0.25,"remove spam comments from MH Lists, ban user, and send link and instructions to MH on how to use the MH Lists comment admin",,,"Men's Health","MH - Dev / Misc. Support"
2009-12-09,"Adam Hoyle",0.25,"check slider styles and send CSS tweak to Brian",,,"Men's Health","MH - Dev / Misc. Support"
2009-12-07,"Adam Hoyle",0.5,"update iPhone App links on MH Download Center to point to the new URL from Kim Jones",,,"Men's Health","MH - Dev / Misc. Support"
2009-12-03,"Adam Hoyle",0.5,"send Steve 25 - 50 random MH Living entrants for the Black and Decker prize they never gave away.",,,"Men's Health","MH - Dev / Misc. Support"
2009-12-02,"Adam Hoyle",0.25,"pull transform numbers from database",,,"Men's Health","MH - Dev / Misc. Support"
2009-12-01,"Adam Hoyle",0.25,"look into overlapping ads in MH lists, add a clear both... issue is only happening in IE8.",,,"Men's Health","MH - Dev / Misc. Support"
2009-11-30,"Adam Hoyle",0.75,"look into slow running query on BestBodies sites",,,"Men's Health","MH - Dev / Misc. Support"
2009-11-23,"Adam Hoyle",2.5,"add Phase 3 workout to MH Transform",,,"Men's Health","MH - Dev / Misc. Support"
2009-11-20,"Adam Hoyle",0.25,"install PHP BB on MH Mini",,,"Men's Health","MH - Dev / Misc. Support"
2009-11-18,"Adam Hoyle",0.5,"call weith Dave Edis re: improving publishing on Lists.",,,"Men's Health","MH - Dev / Misc. Support"
2009-11-18,"Adam Hoyle",0.25,"support call with Abby re: MH Lists - publish new list, but not publish in-progress slideshows. Diable Cateogory or run a query to hide all associated articles.",,,"Men's Health","MH - Dev / Misc. Support"
2009-11-13,"Adam Hoyle",0.25,"query MH Lists to see how many articles and categories don't have meta override - per Steve",,,"Men's Health","MH - Dev / Misc. Support"
2009-11-13,"Adam Hoyle",1.75,"MH Lists - issue with zMod due to double-quotes in headline, fixed, then broken next/prev button",,,"Men's Health","MH - Dev / Misc. Support"
2009-11-12,"Adam Hoyle",0.514167,"fix Next / Prev buttons on MH Lists slideshows in IE 8",,,"Men's Health","MH - Dev / Misc. Support"
2009-11-12,"Adam Hoyle",0.25,"fix Next / Prev buttons on MH Lists slideshows in IE 8",,,"Men's Health","MH - Dev / Misc. Support"
2009-11-12,"Adam Hoyle",0.25,"create CMS user accounts for Kevin Donahue on ALL MH Mini sites",,,"Men's Health","MH - Dev / Misc. Support"
2009-11-10,"Adam Hoyle",0.5,"look into MH Lists publishing isses",,,"Men's Health","MH - Dev / Misc. Support"
2009-11-10,"Adam Hoyle",0.25,"call w/ Steve re: MH Lists ""discover more MH is linking back to different article...",,,"Men's Health","MH - Dev / Misc. Support"
2009-11-09,"Adam Hoyle",0.25,"help Brad troubleshoot Transform issue where user could not access phase 2 workouts. Sent step-by-step w/ screenshot to help user resolve",,,"Men's Health","MH - Dev / Misc. Support"
2009-11-04,"Adam Hoyle",1.23778,"add one more link, under ""All *category* Lists"" that says ""All *category* Articles"" and links to the Vignette level channel that corresponds to the category.",,,"Men's Health","MH - Dev / Misc. Support"
2009-11-04,"Adam Hoyle",0.25,"Per Steve, via Hicks - Look into potential SPAM issue on MH Lists article. The content apeared in the content field and was determinated to be remnant code from Vignette during copy/paste.",,,"Men's Health","MH - Dev / Misc. Support"
2009-11-04,"Adam Hoyle",0.257778,"support for Joel Weber and Steve B. on MH Lists slideshow... Next button was not appearing on intro page. Rebublished and synced to fix the problem.",,,"Men's Health","MH - Dev / Misc. Support"
2009-11-04,"Adam Hoyle",0.25,"setup CMS access on dashboard and mh lists for Caroyn Kylstra",,,"Men's Health","MH - Dev / Misc. Support"
2009-11-04,"Adam Hoyle",0.511111,"support for Kim Jones on Download Center - Download Button not appearing, because it was not added to the free category",,,"Men's Health","MH - Dev / Misc. Support"
2009-11-02,"Adam Hoyle",0.25,"support for Joel Weber on publishing and syncing new Celeb Workouts (Derek Jeter)",,,"Men's Health","MH - Dev / Misc. Support"
2009-10-30,"Adam Hoyle",0.25,"update iFrame pages on Best Foods to use a different ad-tag pre Steve and Kim Ray because of Rich Media ad issues",,,"Men's Health","MH - Dev / Misc. Support"
2009-10-26,"Adam Hoyle",2.0,"create phase 2 workout for WH",,,"Men's Health","MH - Dev / Misc. Support"
2009-10-25,"Adam Hoyle",2.12972,"create week 5 workout for MH",,,"Men's Health","MH - Dev / Misc. Support"
2009-10-22,"Adam Hoyle",0.75,"work on MH Transform Workout pages",,,"Men's Health","MH - Dev / Misc. Support"
2009-10-20,"Adam Hoyle",0.508611,"conference call with Brad & Katrina",,,"Men's Health","MH - Dev / Misc. Support"
2009-10-19,"Adam Hoyle",0.5,"update Newsletter Sign-up redirect on CH site. Point to WH special offer",,,"Men's Health","MH - Dev / Misc. Support"
2009-10-19,"Adam Hoyle",0.25,"call w/ Brad re: Adventure Guide redesign",,,"Men's Health","MH - Dev / Misc. Support"
2009-10-19,"Adam Hoyle",0.5,"call w/ Steve & Localeze re: GymFinder",,,"Men's Health","MH - Dev / Misc. Support"
2009-10-09,"Adam Hoyle",0.25,"pull transform numbers for Steve",,,"Men's Health","MH - Dev / Misc. Support"
2009-10-09,"Adam Hoyle",0.25,"call W/ Kasia re: lists",,,"Men's Health","MH - Dev / Misc. Support"
2009-10-09,"Adam Hoyle",0.25,"call w/ Brittany re: MH Lists",,,"Men's Health","MH - Dev / Misc. Support"
2009-10-08,"Adam Hoyle",0.25,"Update PV Guides contact page and form submission",,,"Men's Health","MH - Dev / Misc. Support"
2009-10-06,"Adam Hoyle",0.5,"call w/ Steve re: MH Lists updates, meeting with Mat",,,"Men's Health","MH - Dev / Misc. Support"
2009-10-05,"Adam Hoyle",0.25,"support Brittany and Kasia with publishing on MH Lists",,,"Men's Health","MH - Dev / Misc. Support"
2009-10-02,"Adam Hoyle",0.25,"fix typo in Transform diet PDF, save and upload new file",,,"Men's Health","MH - Dev / Misc. Support"
2009-10-01,"Adam Hoyle",0.5,"work on slider video design mockups",,,"Men's Health","MH - Dev / Misc. Support"
2009-10-01,"Adam Hoyle",0.25,"pull latest registrant lists and email addresses for WH/MH transform and send to Steve",,,"Men's Health","MH - Dev / Misc. Support"
2009-09-29,"Adam Hoyle",2.0,"add instructions page to Transform MH/WH workouts",,,"Men's Health","MH - Dev / Misc. Support"
2009-09-29,"Adam Hoyle",0.25,"move MH workout pages to dev so Brad can make edits.",,,"Men's Health","MH - Dev / Misc. Support"
2009-09-25,"Adam Hoyle",0.5,"support for Kasia with MH Lists",,,"Men's Health","MH - Dev / Misc. Support"
2009-09-24,"Adam Hoyle",0.5,"update callback link on download center download.php per jarret wold",,,"Men's Health","MH - Dev / Misc. Support"
2009-09-23,"Adam Hoyle",1.0,"work on billing summary for MH/WH per Steve's request",,,"Men's Health","MH - Dev / Misc. Support"
2009-09-21,"Adam Hoyle",0.75,"summarize 2009 billing for Steve",,,"Men's Health","MH - Dev / Misc. Support"
2009-09-18,"Adam Hoyle",0.25,"check and test shared includes, akamai clear",,,"Men's Health","MH - Dev / Misc. Support"
2009-09-17,"Adam Hoyle",0.5,"call with Eric & Brian re: MH HP sliders",,,"Men's Health","MH - Dev / Misc. Support"
2009-09-17,"Adam Hoyle",0.25,"add UL/LI styling for CH",,,"Men's Health","MH - Dev / Misc. Support"
2009-09-17,"Adam Hoyle",0.5,"check dev sites for shared include update breakage",,,"Men's Health","MH - Dev / Misc. Support"
2009-09-15,"Adam Hoyle",0.25,"setup new user account for Adam Bornstein on CH CMS per Kim Jones",,,"Men's Health","MH - Dev / Misc. Support"
2009-09-15,"Adam Hoyle",1.0,"Troubleshoot slow running query on Best Bodies for Jarrett Wold, turn off vote delay seems to have fixed the issue.",,,"Men's Health","MH - Dev / Misc. Support"
2009-09-14,"Adam Hoyle",0.5,"Look into slow running query on MH Best Bodies per Jarrett Wold",,,"Men's Health","MH - Dev / Misc. Support"
2009-09-14,"Adam Hoyle",0.25,"add Meta code to CH from Seth",,,"Men's Health","MH - Dev / Misc. Support"
2009-09-10,"Adam Hoyle",0.5,"add more spacing between the < li >'s on MHLists ""Discover MH Box"", per Steve",,,"Men's Health","MH - Dev / Misc. Support"
2009-09-10,"Adam Hoyle",0.5,"add comscore beacon to CH",,,"Men's Health","MH - Dev / Misc. Support"
2009-09-10,"Adam Hoyle",1.75,"troubleshoot IE issues on CH",,,"Men's Health","MH - Dev / Misc. Support"
2009-09-08,"Adam Hoyle",0.285833,"configure CMS access for Trevor.Thieme@rodale.com",,,"Men's Health","MH - Dev / Misc. Support"
2009-09-02,"Adam Hoyle",0.25,"edit breadcrum length for MH Lists to make category menu more managable",,,"Men's Health","MH - Dev / Misc. Support"
2009-09-02,"Adam Hoyle",0.5,"research MH Lists drop down list solutions, email dave edis",,,"Men's Health","MH - Dev / Misc. Support"
2009-08-27,"Adam Hoyle",1.15333,"move Discover MH module to sidebar, below subscription module, republish, sync to production, request full Akamai clear",,,"Men's Health","MH - Dev / Misc. Support"
2009-08-27,"Adam Hoyle",0.5,"call with Steve, Jaclyn & Niki re: enewsletters",,,"Men's Health","MH - Dev / Misc. Support"
2009-08-26,"Adam Hoyle",0.25,"support Anna with questions about free content requireing a login on the premium ETNT site. I instructed her to her the MH or WH subdomain for all free content.",,,"Men's Health","MH - Dev / Misc. Support"
2009-08-13,"Adam Hoyle",0.75,"research MH coremetrics for Download Center in prep for call with Kim Jones",,,"Men's Health","MH - Dev / Misc. Support"
2009-08-13,"Adam Hoyle",0.5,"fix and update Twitter feed on all 3 ETNT sites",,,"Men's Health","MH - Dev / Misc. Support"
2009-08-11,"Adam Hoyle",0.75,"Download center, bug fix, undefined variable",,,"Men's Health","MH - Dev / Misc. Support"
2009-08-10,"Adam Hoyle",0.5,"gather and zip files for ETNT Slideshows",,,"Men's Health","MH - Dev / Misc. Support"
2009-08-07,"Adam Hoyle",0.25,"Update Worst Food in America - new item for number 1",,,"Men's Health","MH - Dev / Misc. Support"
2009-08-06,"Adam Hoyle",1.0,"troubleshoot ETNT site outage - Twitter down...",,,"Men's Health","MH - Dev / Misc. Support"
2009-08-05,"Adam Hoyle",0.5,"Update ETNT account exiprations per Jason Jonn",,,"Men's Health","MH - Dev / Misc. Support"
2009-08-04,"Adam Hoyle",0.5,"Support for Erin Hicks on embedding video in a blog post on ETNT",,,"Men's Health","MH - Dev / Misc. Support"
2009-08-03,"Adam Hoyle",0.5,"copy updates to 30 Worst Foods slideshow per DZ",,,"Men's Health","MH - Dev / Misc. Support"
2009-07-30,"Adam Hoyle",0.25,"pull down a copy of the ETNT database and send to Fuzz",,,"Men's Health","MH - Dev / Misc. Support"
2009-07-28,"Adam Hoyle",0.25,"add tracking link to FB app",,,"Men's Health","MH - Dev / Misc. Support"
2009-07-28,"Adam Hoyle",0.25,"change iPhone app link on download center",,,"Men's Health","MH - Dev / Misc. Support"
2009-07-28,"Adam Hoyle",0.5,"conference call with Steve and Kim re: Download Center",,,"Men's Health","MH - Dev / Misc. Support"
2009-07-28,"Adam Hoyle",0.5,"Update Download Center iPhone app links to point directly to iTunes",,,"Men's Health","MH - Dev / Misc. Support"
2009-07-17,"Adam Hoyle",0.5,"Run query on DB to get all Titles and URLS for all non-zMod lists",,,"Men's Health","MH - Dev / Misc. Support"
2009-07-15,"Adam Hoyle",0.5,"Call w/ Kim re: CAS on Download Center",,,"Men's Health","MH - Dev / Misc. Support"
2009-07-14,"Adam Hoyle",1.0,"and emailing w/ Kim Jones","Add Hidden/Visible drop-down option for Downloads and toggle all WTG to hidden. Update template PHP code with WHERE clause to control output of hidden downloads.","Download Center","Men's Health","MH - Dev / Misc. Support"
2009-07-09,"Adam Hoyle",1.5,"Update Subscribe button on ETNT to point to newsletter signup page, add twitter feed to sidebar of 3 sites, troubleshoot and clear akamai",,,"Men's Health","MH - Dev / Misc. Support"
2009-06-24,"Adam Hoyle",0.5,"create remaining featured video images and upload to CMS - for celeb workouts",,,"Men's Health","MH - Dev / Misc. Support"
2009-06-24,"Adam Hoyle",0.5,"create featured thumbs for celeb workouts",,,"Men's Health","MH - Dev / Misc. Support"
2009-06-23,"Adam Hoyle",0.25,"remove HTML from Meta tags on Celebrity Workouts CMS, add Jay-Z video, sync, clear",,,"Men's Health","MH - Dev / Misc. Support"
2009-06-23,"Adam Hoyle",1.0,"support for FUZZ productions with iPhone app admin... issues with Akamai caching. Provide MySQL connection details, etc. Email IT",,,"Men's Health","MH - Dev / Misc. Support"
2009-06-15,"Adam Hoyle",0.25,"update Wiki to allow more file type uploads",,,"Men's Health","MH - Dev / Misc. Support"
2009-06-12,"Adam Hoyle",2.0,"Rodale commerce update - testing",,,"Men's Health","MH - Dev / Misc. Support"
2009-06-12,"Adam Hoyle",3.0,"Rodale commerce update - update",,,"Men's Health","MH - Dev / Misc. Support"
2009-06-11,"Adam Hoyle",1.0,"finish Mh 301 list",,,"Men's Health","MH - Dev / Misc. Support"
2009-06-10,"Adam Hoyle",0.121111,"seperate sidebar include for ETNT MH and WH and include referral codes on book orders",,,"Men's Health","MH - Dev / Misc. Support"
2009-06-10,"Adam Hoyle",6.0,"rodale commerce updates",,,"Men's Health","MH - Dev / Misc. Support"
2009-06-09,"Adam Hoyle",0.421111,"rodale comerce upgrade, make file changes and prep for 1:30 changes",,,"Men's Health","MH - Dev / Misc. Support"
2009-06-09,"Adam Hoyle",2.81,"update sidebars to show all 4 book covers, remove login box and add to premium content page, work on updates to allow cm tagging",,,"Men's Health","MH - Dev / Misc. Support"
2009-06-09,"Adam Hoyle",0.5,"look into workaround for coremetrics tagging issue and parameters on ETNT redirects",,,"Men's Health","MH - Dev / Misc. Support"
2009-06-08,"Adam Hoyle",1.5,"add 4 book module to sidebar",,,"Men's Health","MH - Dev / Misc. Support"
2009-06-07,"Adam Hoyle",0.5,"redirects",,,"Men's Health","MH - Dev / Misc. Support"
2009-06-05,"Adam Hoyle",0.75,"work on processing new list of 301s",,,"Men's Health","MH - Dev / Misc. Support"
2009-06-05,"Adam Hoyle",0.25,"work on processing new list of 301s",,,"Men's Health","MH - Dev / Misc. Support"
2009-06-05,"Adam Hoyle",0.75,"work on Oracle connection updates, looking for variables, helping Tom R. track down some informaiton",,,"Men's Health","MH - Dev / Misc. Support"
2009-06-05,"Adam Hoyle",1.75,"work on processing new list of 301s",,,"Men's Health","MH - Dev / Misc. Support"
2009-06-05,"Adam Hoyle",1.0,"work on Oracle connection updates",,,"Men's Health","MH - Dev / Misc. Support"
2009-06-05,"Adam Hoyle",0.5,"conference call with MH Staff and Seth Holladay re: 301s",,,"Men's Health","MH - Dev / Misc. Support"
2009-06-05,"Adam Hoyle",2.16361,"ETNT 301s",,,"Men's Health","MH - Dev / Misc. Support"
2009-06-04,"Adam Hoyle",2.75,"DZ firedrill - ETNT homepage needs urgent changes per DZ's request",,,"Men's Health","MH - Dev / Misc. Support"
2009-06-03,"Adam Hoyle",0.25,"support Fuzz with MH Mini environment",,,"Men's Health","MH - Dev / Misc. Support"
2009-06-03,"Adam Hoyle",0.25,"Get Jess setup on article entries for 125 best supermarket foods... entering into the new CMS",,,"Men's Health","MH - Dev / Misc. Support"
2009-06-03,"Adam Hoyle",0.25,"look into media wiki image uploads",,,"Men's Health","MH - Dev / Misc. Support"
2009-06-03,"Adam Hoyle",0.5,"troubleshoot redirects with Chris, Amanda",,,"Men's Health","MH - Dev / Misc. Support"
2009-06-02,"Adam Hoyle",0.5,"support call with Nick at Fuzz Productions, reset VPN password",,,"Men's Health","MH - Dev / Misc. Support"
2009-06-02,"Adam Hoyle",0.25,"check CMS access for Carolyn Krystal on ETNT CMS",,,"Men's Health","MH - Dev / Misc. Support"
2009-06-01,"Adam Hoyle",0.75,"Research GymFinder stored sessions issue and troubleshoot with IT",,,"Men's Health","MH - Dev / Misc. Support"
2009-05-29,"Adam Hoyle",0.5,"call with Eric, Jason Jonn, Nat re: ETNT iPhone app development",,,"Men's Health","MH - Dev / Misc. Support"
2009-05-22,"Adam Hoyle",1.0,"run query on prod to update expired users",,,"Men's Health","MH - Dev / Misc. Support"
2009-05-22,"Adam Hoyle",0.5,"work with mark to create queries for extending expiration dates",,,"Men's Health","MH - Dev / Misc. Support"
2009-05-22,"Adam Hoyle",0.5,"Look into broken Belly Off! flyout on download center - email Brad and Kim about JS and CSS updates to try",,,"Men's Health","MH - Dev / Misc. Support"
2009-05-20,"Adam Hoyle",1.0,"look into database for ETNT premium users and plan how we'll extend the expirations and preserve originals",,,"Men's Health","MH - Dev / Misc. Support"
2009-05-20,"Adam Hoyle",0.75,"research CMS controller options for scheduling homepage updates and loading settings from different tables",,,"Men's Health","MH - Dev / Misc. Support"
2009-05-20,"Adam Hoyle",0.25,"look into blank article on ETNT WH site per Amanda - best and worst foods for kids",,,"Men's Health","MH - Dev / Misc. Support"
2009-05-19,"Adam Hoyle",0.5,"move Download-Center to MySQL and give database access and instructions to Kim Jones",,,"Men's Health","MH - Dev / Misc. Support"
2009-05-19,"Adam Hoyle",0.5,"Brainstorming call with Brad and Amanda to discuss Best Gym Bodies Phase 2",,,"Men's Health","MH - Dev / Misc. Support"
2009-05-18,"Adam Hoyle",0.25,"check CMS access for Brittany Risher via Kim Jones",,,"Men's Health","MH - Dev / Misc. Support"
2009-05-14,"Adam Hoyle",0.5,"update ETNT book cover promo for new Best & Worst book per Eric and DZ",,,"Men's Health","MH - Dev / Misc. Support"
2009-05-13,"Adam Hoyle",0.25,"create generic ETNT user account for OLS per Eric",,,"Men's Health","MH - Dev / Misc. Support"
2009-05-11,"Adam Hoyle",0.25,"Update the Best & Worst keycode link on ETNT per Eric / Marketing",,,"Men's Health","MH - Dev / Misc. Support"
2009-05-11,"Adam Hoyle",0.25,"look into XML feed for ETNT, based on email from Eric",,,"Men's Health","MH - Dev / Misc. Support"
2009-05-11,"Adam Hoyle",0.25,"look into XML feed for ETNT, based on email from Eric",,,"Men's Health","MH - Dev / Misc. Support"
2009-05-07,"Adam Hoyle",0.5,"update video slot on ETNT Free sites with promo for new book, per DZ firedrill",,,"Men's Health","MH - Dev / Misc. Support"
2009-05-07,"Adam Hoyle",0.25,"create high-res, vector ETNT logo for Jason John per request",,,"Men's Health","MH - Dev / Misc. Support"
2009-05-07,"Adam Hoyle",0.5,"ETNT changes from Eric - update promo include file to remove ""pre-order"" and change redirection URL",,,"Men's Health","MH - Dev / Misc. Support"
2009-05-06,"Adam Hoyle",1.75,"call with Eric re: 50/50 redirect, and login box on free sites",,,"Men's Health","MH - Dev / Misc. Support"
2009-05-05,"Adam Hoyle",0.5,"help brad update rsync code for MH Weekend",,,"Men's Health","MH - Dev / Misc. Support"
2009-05-05,"Adam Hoyle",1.75,"design login module for sidebar of ETNT free sites (since eatthis.com is going to be redirected to the MH Free site per DZ)",,,"Men's Health","MH - Dev / Misc. Support"
2009-05-05,"Adam Hoyle",0.25,"Create admin account for Brad on CMS Dashboard, and walk him through adding sites to the list",,,"Men's Health","MH - Dev / Misc. Support"
2009-05-04,"Adam Hoyle",1.0,"call w/ Abby Lerner to discuss updating Best Foods in the CMS - she had some questions about categories, etc.",,,"Men's Health","MH - Dev / Misc. Support"
2009-05-02,"Adam Hoyle",0.75,"per Amanda - set it up so the title of the article links back to the landing page\nof the z-mod",,,"Men's Health","MH - Dev / Misc. Support"
2009-04-30,"Adam Hoyle",0.25,"help Brad and Katrina with MH Weekend CMS questions - floating a box ad mid-content via CMS",,,"Men's Health","MH - Dev / Misc. Support"
2009-04-30,"Adam Hoyle",0.25,"call with mani and jarrett re: user accounts table for ETNT so they can import the data into CAS for ETNT 2.0",,,"Men's Health","MH - Dev / Misc. Support"
2009-04-30,"Adam Hoyle",0.75,"update basecamp with notes on ETNT phases 1A and 1B",,,"Men's Health","MH - Dev / Misc. Support"
2009-04-30,"Adam Hoyle",0.25,"Help Amanda with floating ""it"" on ETNT article page ""Sugary Foods""",,,"Men's Health","MH - Dev / Misc. Support"
2009-04-30,"Adam Hoyle",0.5,"help Amanda with a quick question on the newsletter formatting of a zMod page ""Blended Fruit Drink""",,,"Men's Health","MH - Dev / Misc. Support"
2009-04-30,"Adam Hoyle",0.25,"check Brad's new instance /weekend/. Send Brad an email explaining the rsync code in publishRules.html template",,,"Men's Health","MH - Dev / Misc. Support"
2009-04-28,"Adam Hoyle",0.75,"coordinate restore of mhlists category table to fix re-ordering that occored from the A-Z sort function. publish, sync, clear.",,,"Men's Health","MH - Dev / Misc. Support"
2009-04-27,"Adam Hoyle",0.25,"MH Lists help for Brittany with ordering - looks like someone clicked the Sort A-Z",,,"Men's Health","MH - Dev / Misc. Support"
2009-04-27,"Adam Hoyle",0.25,"DZ firedrill, updating ETNT premium homepage",,,"Men's Health","MH - Dev / Misc. Support"
2009-04-23,"Adam Hoyle",0.5,"change article headline lines from red to blue per Eric Goeres",,,"Men's Health","MH - Dev / Misc. Support"
2009-04-22,"Adam Hoyle",1.0,"research Twiki per Kim Jones request",,,"Men's Health","MH - Dev / Misc. Support"
2009-04-22,"Adam Hoyle",0.75,"homepage updates per DZ firedrill, new videos in sidebar, swap Ellen video with Oprah",,,"Men's Health","MH - Dev / Misc. Support"
2009-04-22,"Adam Hoyle",0.25,"fix XML file for ETNT game, wrong sandwiches are matched up",,,"Men's Health","MH - Dev / Misc. Support"
2009-04-21,"Adam Hoyle",0.500556,"more help Amanda with ETNT CMS questions, embedding video into article pages via Brightcove",,,"Men's Health","MH - Dev / Misc. Support"
2009-04-21,"Adam Hoyle",0.506667,"help Amanda with ETNT CMS questions, embedding video into article pages via Brightcove",,,"Men's Health","MH - Dev / Misc. Support"
2009-04-17,"Adam Hoyle",0.25,"update video links on ETNT per DZ firedrill",,,"Men's Health","MH - Dev / Misc. Support"
2009-04-16,"Adam Hoyle",0.493333,"look into WH publishing zMods not appearing on ""Best Grab-n-Go..."" article. It was entered twice in the zMod list.",,,"Men's Health","MH - Dev / Misc. Support"
2009-04-16,"Adam Hoyle",0.5,"more changes to the homepage per DZ firedrill",,,"Men's Health","MH - Dev / Misc. Support"
2009-04-16,"Adam Hoyle",0.25,"DZ firedrill, updating links on MH Free homepage",,,"Men's Health","MH - Dev / Misc. Support"
2009-04-15,"Adam Hoyle",0.75,"DZ firedrill, update all links on ETNT homepage, and sidebar videos",,,"Men's Health","MH - Dev / Misc. Support"
2009-04-15,"Adam Hoyle",0.25,"remove ETNT tri-star redirects",,,"Men's Health","MH - Dev / Misc. Support"
2009-04-15,"Adam Hoyle",0.25,"fix quotation mark bug on ETNT for Amanda",,,"Men's Health","MH - Dev / Misc. Support"
2009-04-14,"Adam Hoyle",0.5,"update powertraining on dev - bad links in pagination",,,"Men's Health","MH - Dev / Misc. Support"
2009-04-08,"Adam Hoyle",0.5,"Call with Eric and Amanda - DZ firedrill, change the free ETNT homepage",,,"Men's Health","MH - Dev / Misc. Support"
2009-04-08,"Adam Hoyle",3.75,"Call with Eric and Amanda - DZ firedrill, change the free ETNT homepage",,,"Men's Health","MH - Dev / Misc. Support"
2009-04-07,"Adam Hoyle",0.25,"setup user accounts for Jarrett on all CMSs",,,"Men's Health","MH - Dev / Misc. Support"
2009-04-07,"Adam Hoyle",1.75,"work on setting up demo site for MH Best Bodies",,,"Men's Health","MH - Dev / Misc. Support"
2009-04-06,"Adam Hoyle",0.25,"pull BL hero dad stats for MH",,,"Men's Health","MH - Dev / Misc. Support"
2009-04-06,"Adam Hoyle",2.5,"installation and testing of miphoto on local mini dev server",,,"Men's Health","MH - Dev / Misc. Support"
2009-04-02,"Adam Hoyle",0.25,"work with mat on trying to fix the blue / yellow article bug on ETNT free sites",,,"Men's Health","MH - Dev / Misc. Support"
2009-04-01,"Adam Hoyle",0.25,"help amanda with troubleshooting publish error in blue template",,,"Men's Health","MH - Dev / Misc. Support"
2009-03-30,"Adam Hoyle",0.5,"help amanda with CMS bug that causes blue zMods, the workaround wasn't working so I had to change the field type to memo from string because there were sooo many categories selected",,,"Men's Health","MH - Dev / Misc. Support"
2009-03-24,"Adam Hoyle",0.25,"setup Jaclyn Valero accounts on ETNT premium, check dev cms",,,"Men's Health","MH - Dev / Misc. Support"
2009-03-23,"Adam Hoyle",1.25,"conference call to discuss renewals for ETNT, Dave Edis is on call as well",,,"Men's Health","MH - Dev / Misc. Support"
2009-03-23,"Adam Hoyle",1.5,"run a query to remove all D&B listings from GymFinder DB. This also covers Mark's time",,,"Men's Health","MH - Dev / Misc. Support"
2009-03-23,"Adam Hoyle",0.75,"email bradley andrews about etnt feed, where are the images located... send sample queries for cms_uploads table",,,"Men's Health","MH - Dev / Misc. Support"
2009-03-21,"Adam Hoyle",0.183889,"support for bradley andrews for xml quatrro feed, how do we provide image links to logos",,,"Men's Health","MH - Dev / Misc. Support"
2009-03-21,"Adam Hoyle",0.75,"backup GymFinder database before sending horlbeck instructions to delete DB",,,"Men's Health","MH - Dev / Misc. Support"
2009-03-19,"Adam Hoyle",0.451389,"support for amanda on publishing for etnt wh... error related to blue pages",,,"Men's Health","MH - Dev / Misc. Support"
2009-03-17,"Adam Hoyle",0.75,"","Add links to download center (See comment for placement, links and copy)","Power Training Updates","Men's Health","MH - Dev / Misc. Support"
2009-03-11,"Adam Hoyle",0.5,"check deployment and new test user accounts created by MaryAnn Lesniak to confirm term-date is being set. Email date about status not being set.",,,"Men's Health","MH - Dev / Misc. Support"
2009-03-11,"Adam Hoyle",0.5,"create 8 CSR user accounts on ETNT prod cms per Jason John",,,"Men's Health","MH - Dev / Misc. Support"
2009-03-11,"Adam Hoyle",1.0,"deploy and test code for Tristar account expiry to prod",,,"Men's Health","MH - Dev / Misc. Support"
2009-03-09,"Adam Hoyle",0.25,"support Kim Jones, missing byline on article was causing dek to overlap on gear page.",,,"Men's Health","MH - Dev / Misc. Support"
2009-03-06,"Adam Hoyle",0.25,"support for Amanda on Username / Password",,,"Men's Health","MH - Dev / Misc. Support"
2009-03-02,"Adam Hoyle",6.0,"ETNT firedrill with Amanda - restaurant report card",,,"Men's Health","MH - Dev / Misc. Support"
2009-03-02,"Adam Hoyle",0.25,"create new user account for Carolyn Kylstra on the ETNT CMSs",,,"Men's Health","MH - Dev / Misc. Support"
2009-03-02,"Adam Hoyle",0.5,"call with Sean & Eric re: ETNT Phase 1B",,,"Men's Health","MH - Dev / Misc. Support"
2009-02-25,"Adam Hoyle",0.5,"create 45 CSR accounts on prod",,,"Men's Health","MH - Dev / Misc. Support"
2009-02-25,"Adam Hoyle",0.25,"create 3 new admin user accounts on 3 ETNT dev CMSs per: eric, kvrida",,,"Men's Health","MH - Dev / Misc. Support"
2009-02-23,"Adam Hoyle",0.25,"brainstorming w/ regina re: iphone app",,,"Men's Health","MH - Dev / Misc. Support"
2009-02-23,"Adam Hoyle",0.25,"test confirm.php",,,"Men's Health","MH - Dev / Misc. Support"
2009-02-20,"Adam Hoyle",0.5,"setup new user accounts for CMS",,,"Men's Health","MH - Dev / Misc. Support"
2009-02-19,"Adam Hoyle",0.25,"test confirm.php",,,"Men's Health","MH - Dev / Misc. Support"
2009-02-18,"Adam Hoyle",0.25,"test confirm.php",,,"Men's Health","MH - Dev / Misc. Support"
2009-02-18,"Adam Hoyle",0.25,"support Brad with supplement center mobile feed, put files on prod, update db connection settings, and notify the team",,,"Men's Health","MH - Dev / Misc. Support"
2009-02-13,"Adam Hoyle",0.25,"test confirm.php",,,"Men's Health","MH - Dev / Misc. Support"
2009-02-11,"Adam Hoyle",0.223889,"put new XML php files up onto dev and prod, per bradley adrews",,,"Men's Health","MH - Dev / Misc. Support"
2009-02-11,"Adam Hoyle",0.336389,"troubleshoot bad offer link, send an email to shannon and eric with list of links",,,"Men's Health","MH - Dev / Misc. Support"
2009-02-10,"Adam Hoyle",0.25,"test confirm.php",,,"Men's Health","MH - Dev / Misc. Support"
2009-02-09,"Adam Hoyle",0.25,"look into VPN access issues, Cristina Goyanes. Create IT Unix test accounts on CMS dashboard and all ETNT CMSs",,,"Men's Health","MH - Dev / Misc. Support"
2009-02-09,"Adam Hoyle",0.5,"review menshealth mobile site on iphone",,,"Men's Health","MH - Dev / Misc. Support"
2009-02-06,"Adam Hoyle",0.25,"test confirm.php",,,"Men's Health","MH - Dev / Misc. Support"
2009-02-06,"Adam Hoyle",0.5,"troubleshoot database connection issues with Viji",,,"Men's Health","MH - Dev / Misc. Support"
2009-02-05,"Adam Hoyle",0.5,"conference call with Eric, Ron Lopez, and Jarrett",,,"Men's Health","MH - Dev / Misc. Support"
2009-02-05,"Adam Hoyle",0.25,"test confirm.php",,,"Men's Health","MH - Dev / Misc. Support"
2009-02-03,"Adam Hoyle",0.5,"move PHP and XML files from Bradley onto dev/prod and updates db connection credentials.",,,"Men's Health","MH - Dev / Misc. Support"
2009-02-03,"Adam Hoyle",0.5,"conference call with Akamai",,,"Men's Health","MH - Dev / Misc. Support"
2009-01-28,"Adam Hoyle",0.25,"look into MySQL alerts and foward to DE",,,"Men's Health","MH - Dev / Misc. Support"
2009-01-28,"Adam Hoyle",0.25,"check stats for oprah plug - traffic was double average, but not even close to peak when yahoo and newsletters hit",,,"Men's Health","MH - Dev / Misc. Support"
2009-01-28,"Adam Hoyle",0.25,"from brittany rischer - look into list pages not re-ordering on dev - solution: you need to replulish after changing the order because those pages are not dynamic.",,,"Men's Health","MH - Dev / Misc. Support"
2009-01-28,"Adam Hoyle",0.25,"troubleshoot CMS for ETNT not working, turns out it was related to Akamai being turned on",,,"Men's Health","MH - Dev / Misc. Support"
2009-01-28,"Adam Hoyle",0.75,"look into ETNT customer service issues, user can't register (Lori Ploch - hereslori@yahoo.com), etc. Corrected an issue with disabled account error.",,,"Men's Health","MH - Dev / Misc. Support"
2009-01-28,"Adam Hoyle",1.0,"call with Rodale IT team to discuss load testing results and where to go from here",,,"Men's Health","MH - Dev / Misc. Support"
2009-01-27,"Adam Hoyle",0.75,"pull stats from MH free, get baseline for expected traffic levels after CMS consolidation",,,"Men's Health","MH - Dev / Misc. Support"
2009-01-27,"Adam Hoyle",0.75,"update WH templates to correct stray MH title tag. call with dave edis to discuss optimization",,,"Men's Health","MH - Dev / Misc. Support"
2009-01-27,"Adam Hoyle",0.75,"respond to load test email plan, and amanda's request for article being open on both free sites",,,"Men's Health","MH - Dev / Misc. Support"
2009-01-27,"Adam Hoyle",0.25,"look into user registration issues for conf number A003807563",,,"Men's Health","MH - Dev / Misc. Support"
2009-01-26,"Adam Hoyle",0.75,"look into new kids articles on WH site... (20 worst zMod) - needed to update the drop-downs because they're hard-coded.",,,"Men's Health","MH - Dev / Misc. Support"
2009-01-26,"Adam Hoyle",0.25,"update newsletter signup in sidebar include on WH ETNT Free to point to new page on WH",,,"Men's Health","MH - Dev / Misc. Support"
2009-01-26,"Adam Hoyle",0.75,"customer service support for ETNT, missing passwords, user accounts, etc.",,,"Men's Health","MH - Dev / Misc. Support"
2009-01-26,"Adam Hoyle",0.25,"review email from Bradley re: GF and SC",,,"Men's Health","MH - Dev / Misc. Support"
2009-01-24,"Adam Hoyle",0.25,"reply to Regina and Bradley re: GF and SC data questions",,,"Men's Health","MH - Dev / Misc. Support"
2009-01-23,"Adam Hoyle",0.5,"Move ETNT and GF databases from PROD to DEV for Bradley to work on Quattro XML feed.",,,"Men's Health","MH - Dev / Misc. Support"
2009-01-23,"Adam Hoyle",0.5,"GF and SC support for mobile feed for quattro",,,"Men's Health","MH - Dev / Misc. Support"
2009-01-23,"Adam Hoyle",0.5,"call with eric re project transition and plans",,,"Men's Health","MH - Dev / Misc. Support"
2009-01-23,"Adam Hoyle",0.5,"ETNT Premium - site down, chris restarted the web server and it came back up. he was in the middle of configuring site monitoring when the site went down.",,,"Men's Health","MH - Dev / Misc. Support"
2009-01-22,"Adam Hoyle",0.5,"track down missing GF photos.... to be continued",,,"Men's Health","MH - Dev / Misc. Support"
2009-01-22,"Adam Hoyle",0.5,"call with Regina and Brad re: SC and GF databases",,,"Men's Health","MH - Dev / Misc. Support"
2009-01-21,"Adam Hoyle",1.0,"look into error on ETNT Registration page 'unknown column 'disabled' in 'field list' - RESOLVED - emails to customer service were from JAn 8... issue was originally corrected Jan 9",,,"Men's Health","MH - Dev / Misc. Support"
2009-01-16,"Adam Hoyle",0.25,"Look into Amanda's syncing issue with hiding restaurants. Looks like it either wasn't cleared, or wasn't synced. sent her a list of URLs to check including list pages and drop downs for Akamai",,,"Men's Health","MH - Dev / Misc. Support"
2009-01-14,"Adam Hoyle",1.25,"research GymFinder questions for Regina",,,"Men's Health","MH - Dev / Misc. Support"
2009-01-12,"Adam Hoyle",0.5,"update website preview link in CMS",,,"Men's Health","MH - Dev / Misc. Support"
2009-01-12,"Adam Hoyle",1.25,"move Supplement Center to MySQL",,,"Men's Health","MH - Dev / Misc. Support"
2009-01-08,"Adam Hoyle",0.25,"Belly Off support, reordering zMods for Greg Presto",,,"Men's Health","MH - Dev / Misc. Support"
2011-11-03,"Adam Hoyle",0.666389,"Gather assets and start ad",,,"Men's Health","MH iPad Edition Ad"
2011-02-11,"Adam Hoyle",0.5,"Review project notes with Eric and gather assets",,,"Men's Health","MH iPad FREE"
2009-05-22,"Adam Hoyle",0.75,"type up notes for estimate",,,"Men's Health","MH.com CMS Controller"
2009-05-21,"Adam Hoyle",0.75,"diagram CMS controller schema",,,"Men's Health","MH.com CMS Controller"
2010-10-15,"Adam Hoyle",0.25,"create EPS of Abs Diet Approved logo for use in video",,,"Men's Health","Misc. Graphic Support"
2010-06-30,"Adam Hoyle",0.5,"send transparent and vector Digg icon, send layered version of Discover MH to James Keepnews",,,"Men's Health","Misc. Graphic Support"
2010-05-08,"Adam Hoyle",7.0,"image updates for MH Presents",,,"Men's Health","Misc. Graphic Support"
2010-04-27,"Adam Hoyle",0.5,"create discover MH graphics over black for celeb fitness",,,"Men's Health","Misc. Graphic Support"
2010-04-02,"Adam Hoyle",0.25,"create iPad image for homepage slider, per Kevin Donahue",,,"Men's Health","Misc. Graphic Support"
2010-03-31,"Adam Hoyle",0.5,"Update service nav hover arrow to 127x10 per Mani",,,"Men's Health","Misc. Graphic Support"
2010-03-29,"Adam Hoyle",0.5,"finalize service nav updates and send assets to Mani",,,"Men's Health","Misc. Graphic Support"
2010-03-29,"Adam Hoyle",0.5,"tweaks to service nav updates based on feedback from MH team",,,"Men's Health","Misc. Graphic Support"
2010-03-29,"Adam Hoyle",1.5,"MH service nav area design comps and post for review",,,"Men's Health","Misc. Graphic Support"
2010-03-11,"Adam Hoyle",0.5,"add National Magazine Award Nominee flag and byline to Dead Man Driving MH Presents tile",,,"Men's Health","Misc. Graphic Support"
2010-02-10,"Adam Hoyle",0.5,"send Best Foods and Belly Off art to Katrina",,,"Men's Health","Misc. Graphic Support"
2010-02-03,"Adam Hoyle",0.25,"create new button for ETNT Phase 3 - My Trackers - per Brian",,,"Men's Health","Misc. Graphic Support"
2010-01-14,"Adam Hoyle",0.25,"create black / red versions of DD icons.",,,"Men's Health","Misc. Graphic Support"
2010-01-14,"Adam Hoyle",0.25,"followup with eric on new MH Presents slides, slice Daily Dose graphics and send",,,"Men's Health","Misc. Graphic Support"
2010-01-14,"Adam Hoyle",1.5,"MH Daily Dose Icons, post and send to eric",,,"Men's Health","Misc. Graphic Support"
2010-01-05,"Adam Hoyle",0.25,"Update video heading graphic per Eric",,,"Men's Health","Misc. Graphic Support"
2009-12-10,"Adam Hoyle",2.25,"work on new MH Presents tiles for new homepage launch",,,"Men's Health","Misc. Graphic Support"
2009-12-08,"Adam Hoyle",0.25,"send Vikram exercise images for Spartacus, workout text, and other Spartacus artwork for use in iPhone app",,,"Men's Health","Misc. Graphic Support"
2009-11-24,"Adam Hoyle",0.25,"create heading graphic for CH newsletter for MH homepage",,,"Men's Health","Misc. Graphic Support"
2009-11-13,"Adam Hoyle",0.25,"swap screenshots on iPhone 3-up, per Vikram",,,"Men's Health","Misc. Graphic Support"
2009-11-13,"Adam Hoyle",0.25,"swap screens on iPhone graphic per Vikram",,,"Men's Health","Misc. Graphic Support"
2009-11-13,"Adam Hoyle",0.5,"Create iPhone 3-up graphic for ETNT app for Vikram",,,"Men's Health","Misc. Graphic Support"
2009-09-21,"Adam Hoyle",0.0,"--------billed to here -------",,,"Men's Health","Misc. Graphic Support"
2009-09-10,"Adam Hoyle",0.5,"create new ETNT arrows with text, per Eric",,,"Men's Health","Misc. Graphic Support"
2009-08-11,"Adam Hoyle",0.5,"Add text to Marine Corps Workout slider image..",,,"Men's Health","Misc. Graphic Support"
2009-08-11,"Adam Hoyle",0.5,"update MH Presents cards per feedback from Eric",,,"Men's Health","Misc. Graphic Support"
2009-08-10,"Adam Hoyle",1.0,"Pull images from Compass... create 3 more cards - Best Places to Workout, Walk Like a Man Work Like a Woman, Know How to Pick 'Em.",,,"Men's Health","Misc. Graphic Support"
2009-08-07,"Adam Hoyle",0.5,"revise on Eric Bana ""card""",,,"Men's Health","Misc. Graphic Support"
2009-08-07,"Adam Hoyle",0.75,"work on design for 3 MH Presents ""cards"" per Eric",,,"Men's Health","Misc. Graphic Support"
2011-04-06,"Adam Hoyle",1.0,"process notes",,,"Men's Health","Urbanathlon"
2011-12-13,"Adam Hoyle",0.5,"conference call",,,"Men's Health","Votable Slideshow Tune-up"
2011-07-05,"Adam Hoyle",0.5,"email instructions for Rackspace email transition",,,"Oldways/WGC","Oldways - Dev/Misc Support"
2011-05-05,"Adam Hoyle",1.0,"troubleshoot redirects on IIS server",,,"Oldways/WGC","Oldways - Dev/Misc Support"
2011-05-03,"Adam Hoyle",1.0,"setup redirects",,,"Oldways/WGC","Oldways - Dev/Misc Support"
2011-10-06,"Adam Hoyle",0.5,"DNS changes, QA and testing",,,"Oldways/WGC","Oldways/WGC Hosting"
2011-09-22,"Adam Hoyle",0.25,"update email aliases",,,"Oldways/WGC","WGC - Dev/Misc. Support"
2011-08-30,"Adam Hoyle",0.5,"checking final changes, project coordination",,,"Organic Gardening","BILLED: Vertical Gardening Landing Page"
2011-08-29,"Adam Hoyle",0.5,"Core metrics updated",,,"Organic Gardening","BILLED: Vertical Gardening Landing Page"
2010-06-22,"Adam Hoyle",1.5,"support, QA, troubleshooting",,,"Pamela Meyer","BILLED: LieSpotting"
2010-01-13,"Adam Hoyle",0.25,"domain renewal",,,"Parisse","BILLED: Domain Name Renewal"
2009-02-05,"Adam Hoyle",0.5,"process email",,,"Parisse","New blog category"
2009-11-11,"Adam Hoyle",0.5,"help Nan with updates to HW section",,,"Parisse","Website Updates"
2009-11-11,"Adam Hoyle",0.5,"help Nan with updates to HW section",,,"Parisse","Website Updates"
2009-11-10,"Adam Hoyle",0.25,"Website updates for new speaking intensive 12/9",,,"Parisse","Website Updates"
2009-11-10,"Adam Hoyle",0.25,"call with Nan re: website updates for SI 12-8/9-09",,,"Parisse","Website Updates"
2010-01-22,"Adam Hoyle",0.5,"conference call with Justin to discuss first round questionnaire",,,"Parsonage Productions","BILLED: Diagnosis Questionnaire"
2011-09-15,"Adam Hoyle",1.0,"coordinate launch",,,"Prevention","BILLED: Breast Cancer Quiz"
2011-09-13,"Adam Hoyle",0.75,"QA and project coordination",,,"Prevention","BILLED: Breast Cancer Quiz"
2011-09-13,"Adam Hoyle",1.07889,"update ad tags, check CM, add tracking codes, etc.",,,"Prevention","BILLED: Breast Cancer Quiz"
2011-07-01,"Adam Hoyle",0.5,"troubleshoot quiz logic between local, pre, prd",,,"Prevention","BILLED: Defy Your Age"
2011-06-17,"Adam Hoyle",0.25,"create blogger user accounts",,,"Prevention","BILLED: Defy Your Age"
2011-06-17,"Adam Hoyle",0.25,"add new images from Irna",,,"Prevention","BILLED: Defy Your Age"
2011-06-16,"Adam Hoyle",2.75,"DYA deployment, testing",,,"Prevention","BILLED: Defy Your Age"
2011-06-14,"Adam Hoyle",1.0,"QA",,,"Prevention","BILLED: Defy Your Age"
2011-06-08,"Adam Hoyle",0.5,"nav updates to PSD for John",,,"Prevention","BILLED: Defy Your Age"
2011-06-03,"Adam Hoyle",0.5,"blog list page",,,"Prevention","BILLED: Defy Your Age"
2011-06-02,"Adam Hoyle",1.25,"research blog features, design blog detail page",,,"Prevention","BILLED: Defy Your Age"
2011-05-16,"Adam Hoyle",1.5,"respond to Deborah's feedback, update designs",,,"Prevention","BILLED: Defy Your Age"
2011-05-13,"Adam Hoyle",0.5,"call w/ Miriam to review List and detail",,,"Prevention","BILLED: Defy Your Age"
2011-05-13,"Adam Hoyle",2.0,"design article detail page",,,"Prevention","BILLED: Defy Your Age"
2011-05-12,"Adam Hoyle",2.0,"design updates from Miriam, save, post for approval",,,"Prevention","BILLED: Defy Your Age"
2011-05-11,"Adam Hoyle",3.5,"work through Miriam's design changes to the homepage",,,"Prevention","BILLED: Defy Your Age"
2011-05-11,"Adam Hoyle",0.75,"call with Miriam to answer questions about DYA and walk through all of the feedback and questions from the editors",,,"Prevention","BILLED: Defy Your Age"
2011-05-10,"Adam Hoyle",0.25,"font change, post new design, obtain approval!",,,"Prevention","BILLED: Defy Your Age"
2011-05-09,"Adam Hoyle",1.0,"FINAL final design updates, post for review",,,"Prevention","BILLED: Defy Your Age"
2011-05-09,"Adam Hoyle",2.13,"design updates",,,"Prevention","BILLED: Defy Your Age"
2011-05-06,"Adam Hoyle",1.0,"call w/ Miriam to review designs",,,"Prevention","BILLED: Defy Your Age"
2011-05-04,"Adam Hoyle",2.0,"design updates",,,"Prevention","BILLED: Defy Your Age"
2011-05-03,"Adam Hoyle",3.0,"round 2 design updates",,,"Prevention","BILLED: Defy Your Age"
2011-04-26,"Adam Hoyle",2.0,"finalize and post first round homepage design",,,"Prevention","BILLED: Defy Your Age"
2011-04-25,"Adam Hoyle",2.18361,"begin designs",,,"Prevention","BILLED: Defy Your Age"
2011-04-25,"Adam Hoyle",0.5,"call with Steve re: DYA blogs",,,"Prevention","BILLED: Defy Your Age"
2011-04-20,"Adam Hoyle",0.75,"conference call with Steve, Marilyn, and Jarrett (started late)",,,"Prevention","BILLED: Defy Your Age"
2011-04-20,"Adam Hoyle",1.0,"review spec, prep for call, notes and questions on requirements, draft document of content types and taxonomy.",,,"Prevention","BILLED: Defy Your Age"
2011-04-12,"Adam Hoyle",1.0,"kickoff call with Steve",,,"Prevention","BILLED: Defy Your Age"
2011-09-01,"Adam Hoyle",0.5,"phone training",,,"Prevention","BILLED: DYA Phase 2"
2011-08-30,"Adam Hoyle",1.25,"check updates, begin deployment",,,"Prevention","BILLED: DYA Phase 2"
2011-08-26,"Adam Hoyle",0.5,"project coordination, call w/ Miriam & Steve, feedback to Jay",,,"Prevention","BILLED: DYA Phase 2"
2011-08-25,"Adam Hoyle",1.0,"design support, project coordination",,,"Prevention","BILLED: DYA Phase 2"
2011-12-21,"Adam Hoyle",1.0,"review ad tags, CM, trackers and other final QA to prep for launch",,,"Prevention","BILLED: Flat Belly Community"
2011-12-20,"Adam Hoyle",0.5,"write point descriptions, update eating plan, and workout images on the site",,,"Prevention","BILLED: Flat Belly Community"
2011-12-20,"Adam Hoyle",0.65,"project coordination",,,"Prevention","BILLED: Flat Belly Community"
2011-12-19,"Adam Hoyle",0.5,"project coordination, followup on sec scan, schedule RAF, quick QA to checkin on outstanding todos",,,"Prevention","BILLED: Flat Belly Community"
2011-12-16,"Adam Hoyle",0.5,"send our recap and notes from meeting, meet with John and Jay",,,"Prevention","BILLED: Flat Belly Community"
2011-12-15,"Adam Hoyle",1.0,"conference call to walk through full site with Steve, Emily, Diana, John",,,"Prevention","BILLED: Flat Belly Community"
2011-12-02,"Adam Hoyle",0.5,"call to discuss content requirements with Diana and Mara",,,"Prevention","BILLED: Flat Belly Community"
2011-11-29,"Adam Hoyle",0.5,"create A records, send content list to Emily",,,"Prevention","BILLED: Flat Belly Community"
2011-11-10,"Adam Hoyle",0.5,"call w/ Steve and Emily re: designs",,,"Prevention","BILLED: Flat Belly Community"
2011-11-04,"Adam Hoyle",0.75,"review designs and send to Steve and Emily for review",,,"Prevention","BILLED: Flat Belly Community"
2011-10-18,"Adam Hoyle",1.04944,"review sitemap, provide feedback for Jay",,,"Prevention","BILLED: Flat Belly Community"
2011-10-07,"Adam Hoyle",0.75,"kickoff brainstorming call",,,"Prevention","BILLED: Flat Belly Community"
2011-11-10,"Adam Hoyle",0.25,"schedule deployment, submit RAF",,,"Prevention","BILLED: How to Prevent Anything"
2011-10-28,"Adam Hoyle",0.25,"review site, request minisite setup",,,"Prevention","BILLED: How to Prevent Anything"
2011-09-21,"Adam Hoyle",0.5,"call w/ Miriam re: design feedback, process notes to BC, quick mockups and ideas w/ Jay",,,"Prevention","BILLED: How to Prevent Anything"
2011-09-16,"Adam Hoyle",0.25,"review and send initial designs",,,"Prevention","BILLED: How to Prevent Anything"
2011-08-31,"Adam Hoyle",1.25,"update ad zones per Jeremy, test, push to prod",,,"Prevention","BILLED: Re-skin iYogaLife"
2011-08-15,"Adam Hoyle",5.0,"launch and QA",,,"Prevention","BILLED: Re-skin iYogaLife"
2011-08-10,"Adam Hoyle",0.998611,"review IT requirements and email Marilyn and Steve",,,"Prevention","BILLED: Re-skin iYogaLife"
2011-07-21,"Adam Hoyle",2.0,"download full backup of the site, update CM, ad, tracking tags, re-upload, send to Steve",,,"Prevention","BILLED: Re-skin iYogaLife"
2011-05-16,"Adam Hoyle",0.5,"conference call with Marilyn and Jarrett to kickoff the project",,,"Prevention","BILLED: Re-skin iYogaLife"
2011-06-01,"Adam Hoyle",1.0,"deployment call and QA of site to prod",,,"Prevention","BILLED: Slideshows & Lists"
2011-05-31,"Adam Hoyle",0.25,"deployment readiness call",,,"Prevention","BILLED: Slideshows & Lists"
2011-05-31,"Adam Hoyle",0.5,"troubleshooting for entering RAF into QC",,,"Prevention","BILLED: Slideshows & Lists"
2011-05-31,"Adam Hoyle",0.5,"create RAF, review redirect list",,,"Prevention","BILLED: Slideshows & Lists"
2011-05-27,"Adam Hoyle",0.75,"prep for pre-launch call, call w/ Marilyn, Deborah, Steve",,,"Prevention","BILLED: Slideshows & Lists"
2011-05-26,"Adam Hoyle",0.5,"update RAF with new irule list, confirm with jarrett, emailing with Marilyn",,,"Prevention","BILLED: Slideshows & Lists"
2011-05-16,"Adam Hoyle",0.5,"review open items, call with Marilyn re: deployment to production, respond to marilyn via email re: closed bugs and deployment",,,"Prevention","BILLED: Slideshows & Lists"
2011-05-13,"Adam Hoyle",0.5,"call w/ Steve re: Lists & Slideshows, discuss MSN, and nav links to channels on list/ss detail pages",,,"Prevention","BILLED: Slideshows & Lists"
2011-05-09,"Adam Hoyle",0.5,"create additional user accounts for editors per Marilyn",,,"Prevention","BILLED: Slideshows & Lists"
2011-05-09,"Adam Hoyle",1.0,"conference call for training",,,"Prevention","BILLED: Slideshows & Lists"
2011-05-03,"Adam Hoyle",1.0,"setup user accounts and editor roles, email Marilyn and team",,,"Prevention","BILLED: Slideshows & Lists"
2011-04-28,"Adam Hoyle",0.5,"conference call to discuss headers",,,"Prevention","BILLED: Slideshows & Lists"
2011-04-22,"Adam Hoyle",0.75,"call w/ steve, project coordination",,,"Prevention","BILLED: Slideshows & Lists"
2011-04-21,"Adam Hoyle",1.0,"Organize CM, DFP and Tracker codes, send to PM for approval",,,"Prevention","BILLED: Slideshows & Lists"
2011-04-15,"Adam Hoyle",1.0,"design updates, and post for review with Paul, Miriam",,,"Prevention","BILLED: Slideshows & Lists"
2011-04-14,"Adam Hoyle",3.51667,"design for SS/List channel/homepage",,,"Prevention","BILLED: Slideshows & Lists"
2011-04-13,"Adam Hoyle",0.5,"call with Marilyn to review dev schedule",,,"Prevention","BILLED: Slideshows & Lists"
2011-04-11,"Adam Hoyle",0.25,"additional changes, post final file",,,"Prevention","BILLED: Slideshows & Lists"
2011-04-11,"Adam Hoyle",1.5,"design updates from steve, post designs for final approval",,,"Prevention","BILLED: Slideshows & Lists"
2011-04-06,"Adam Hoyle",0.25,"review project schedule for Marilyn",,,"Prevention","BILLED: Slideshows & Lists"
2011-03-24,"Adam Hoyle",0.5,"call w/ Steve re: lists/SS functional reqs",,,"Prevention","BILLED: Slideshows & Lists"
2011-02-15,"Adam Hoyle",0.5,"review designs, coordinate delivery to client for initial review",,,"Prevention","BILLED: Slideshows & Lists"
2011-10-11,"Adam Hoyle",0.5,"revise to ETNT templates per Steve, post for review",,,"Prevention","BILLED: Slideshows & Lists Phase 3"
2011-10-11,"Adam Hoyle",0.75,"comps for slideshow next button and arrows",,,"Prevention","BILLED: Slideshows & Lists Phase 3"
2011-10-11,"Adam Hoyle",0.5,"veritcal acuity mockups and track down documentation",,,"Prevention","BILLED: Slideshows & Lists Phase 3"
2011-10-11,"Adam Hoyle",0.651944,"design updates to ETNT template",,,"Prevention","BILLED: Slideshows & Lists Phase 3"
2011-09-22,"Adam Hoyle",0.25,"smoketest deployment",,,"Prevention","BILLED: Slideshows & Lists Phase 3"
2011-09-16,"Adam Hoyle",1.0,"design mockup for channel link and etnt template",,,"Prevention","BILLED: Slideshows & Lists Phase 3"
2011-12-21,"Adam Hoyle",0.5,"call with Raj, Emily, Marilyn to discuss finalizing sweeps page, create thank you page, package and deliver to Raj",,,"Prevention","BILLED: Sweeps Page"
2011-11-23,"Adam Hoyle",0.25,"text updates from legal and notes on image license",,,"Prevention","BILLED: Sweeps Page"
2011-11-16,"Adam Hoyle",0.5,"followup and obtain approval, transition to Jill for development",,,"Prevention","BILLED: Sweeps Page"
2011-11-15,"Adam Hoyle",0.5,"revisions, feedback, tweaks, update click-throughs",,,"Prevention","BILLED: Sweeps Page"
2011-11-15,"Adam Hoyle",0.5,"review and give Jess feedback on designs",,,"Prevention","BILLED: Sweeps Page"
2011-10-07,"Adam Hoyle",0.25,"make the logo 70% smaller per Miriam",,,"Prevention","BILLED: Turn Up Your Fat Burn"
2011-10-06,"Adam Hoyle",0.5,"call with Miriam to review changes",,,"Prevention","BILLED: Turn Up Your Fat Burn"
2011-10-06,"Adam Hoyle",1.0,"review list of changes from miriam, make changes, send for final approval",,,"Prevention","BILLED: Turn Up Your Fat Burn"
2011-09-30,"Adam Hoyle",0.5,"updates for miriam",,,"Prevention","BILLED: Turn Up Your Fat Burn"
2011-09-20,"Adam Hoyle",0.25,"package up and deliver",,,"Prevention","BILLED: Turn Up Your Fat Burn"
2011-08-05,"Adam Hoyle",3.0,"WP block page, Grocery Server, Home Remedie, Recipe finder",,,"Prevention","BILLED: Website Redesign"
2011-08-01,"Adam Hoyle",0.5,"update recipe block in footer of all pages with ""Calories"" in place of ""Prep Time""",,,"Prevention","BILLED: Website Redesign"
2011-08-01,"Adam Hoyle",0.25,"call w/ Miriam re: changes to the Recipe block in the footer",,,"Prevention","BILLED: Website Redesign"
2011-08-01,"Adam Hoyle",3.0,"design updates from Miriam",,,"Prevention","BILLED: Website Redesign"
2011-07-29,"Adam Hoyle",5.0,"work on final round of edits",,,"Prevention","BILLED: Website Redesign"
2011-07-29,"Adam Hoyle",3.0,"work on final round of PSD, multiple updates and new pages",,,"Prevention","BILLED: Website Redesign"
2011-07-28,"Adam Hoyle",0.5,"status call w/ Miriam",,,"Prevention","BILLED: Website Redesign"
2011-07-27,"Adam Hoyle",1.0,"process notes from Miriam on new changes",,,"Prevention","BILLED: Website Redesign"
2011-07-25,"Adam Hoyle",1.0,"spec all image sizes used throughout designs",,,"Prevention","BILLED: Website Redesign"
2011-07-25,"Adam Hoyle",0.5,"call w/ Miriam re: remaining pages and todos",,,"Prevention","BILLED: Website Redesign"
2011-07-25,"Adam Hoyle",0.25,"save and post grid specs",,,"Prevention","BILLED: Website Redesign"
2011-07-22,"Adam Hoyle",1.0,"Add CAS pages to clickthrough, update font size toggle to grey",,,"Prevention","BILLED: Website Redesign"
2011-07-22,"Adam Hoyle",1.0,"create special click through for Dave Z",,,"Prevention","BILLED: Website Redesign"
2011-07-22,"Adam Hoyle",4.0,"design supplements page, video page, finalize all, save JPGs, post clickthrough",,,"Prevention","BILLED: Website Redesign"
2011-07-21,"Adam Hoyle",6.0,"cleanup news and sweeps pages, make updates to quiz, slideshow, list pages",,,"Prevention","BILLED: Website Redesign"
2011-07-21,"Adam Hoyle",0.25,"call w/ Miriam to check on status of remaining pages",,,"Prevention","BILLED: Website Redesign"
2011-07-21,"Adam Hoyle",1.0,"review project notes, update basecamp, organize for next round of design deliverables",,,"Prevention","BILLED: Website Redesign"
2011-07-18,"Adam Hoyle",1.0,"call with Steve and Miriam re: remaining templates that need to be designed",,,"Prevention","BILLED: Website Redesign"
2011-07-18,"Adam Hoyle",0.75,"final tweaks, save and post, email to Miriam",,,"Prevention","BILLED: Website Redesign"
2011-07-18,"Adam Hoyle",6.0,"Create List, Slideshow, Quiz templates",,,"Prevention","BILLED: Website Redesign"
2011-07-14,"Adam Hoyle",2.0,"update all pages to show a devil ad option, fix newsletter heading to be centered",,,"Prevention","BILLED: Website Redesign"
2011-07-13,"Adam Hoyle",0.5,"adjust spacing between content end and footer top per miriam. save and post new files",,,"Prevention","BILLED: Website Redesign"
2011-07-13,"Adam Hoyle",0.5,"call w/ Miriam to discuss additional templates needed",,,"Prevention","BILLED: Website Redesign"
2011-07-13,"Adam Hoyle",2.85028,"updates to search, and channel pages per Miriam, create article page PSD, save multiple PSDs for topic page variations",,,"Prevention","BILLED: Website Redesign"
2011-07-07,"Adam Hoyle",6.5,"final cleanup and prep of PSDs for home, channel, category, topic, article, search, and archive",,,"Prevention","BILLED: Website Redesign"
2011-07-07,"Adam Hoyle",1.84472,"continued prep, tighten up grid, create all hover states",,,"Prevention","BILLED: Website Redesign"
2011-07-06,"Adam Hoyle",7.31556,"final cleanup and prep of PSDs for home, channel, category, topic, article, search, and archive",,,"Prevention","BILLED: Website Redesign"
2011-07-01,"Adam Hoyle",3.0,"additional updates to home, category, channel, topic, search, archive, footer, save all comps, create updated click-through, post",,,"Prevention","BILLED: Website Redesign"
2011-07-01,"Adam Hoyle",4.0,"updates to home, category, channel, topic, search, archive, footer",,,"Prevention","BILLED: Website Redesign"
2011-06-30,"Adam Hoyle",1.5,"phone calls with Miriam",,,"Prevention","BILLED: Website Redesign"
2011-06-30,"Adam Hoyle",1.25,"save all comps, create updated click-through, post",,,"Prevention","BILLED: Website Redesign"
2011-06-30,"Adam Hoyle",7.0,"updates to home, category, channel, topic, search, archive, footer",,,"Prevention","BILLED: Website Redesign"
2011-06-29,"Adam Hoyle",1.5,"update click-throughs, post for client, process NEW round of change requests",,,"Prevention","BILLED: Website Redesign"
2011-06-28,"Adam Hoyle",3.0,"updates to home, category, channel, topic, grid, click throughs",,,"Prevention","BILLED: Website Redesign"
2011-06-27,"Adam Hoyle",4.0,"grid research and define specs",,,"Prevention","BILLED: Website Redesign"
2011-06-20,"Adam Hoyle",1.0,"create click through of all pages and post for miriam",,,"Prevention","BILLED: Website Redesign"
2011-06-20,"Adam Hoyle",0.75,"more search page revisions",,,"Prevention","BILLED: Website Redesign"
2011-06-20,"Adam Hoyle",0.5,"Search page revisions, post updates",,,"Prevention","BILLED: Website Redesign"
2011-06-20,"Adam Hoyle",1.5,"search results",,,"Prevention","BILLED: Website Redesign"
2011-06-20,"Adam Hoyle",1.0,"Save JPGs, update clickthroughs, update landing page list of links, email Miriam",,,"Prevention","BILLED: Website Redesign"
2011-06-19,"Adam Hoyle",6.0,"Final round of updates to Home, Channel, Category, Topic",,,"Prevention","BILLED: Website Redesign"
2011-06-17,"Adam Hoyle",0.5,"call w/ Miriam to discuss final steps",,,"Prevention","BILLED: Website Redesign"
2011-06-17,"Adam Hoyle",1.5,"create list of all pages and links, PDFs of all revision requests for Miriam",,,"Prevention","BILLED: Website Redesign"
2011-06-17,"Adam Hoyle",4.0,"Updates to Channel, Topic, Home, Category, save, update clickthroughs",,,"Prevention","BILLED: Website Redesign"
2011-06-16,"Adam Hoyle",2.25,"design updates to Channel page and navigation on category and channel",,,"Prevention","BILLED: Website Redesign"
2011-06-15,"Adam Hoyle",3.0,"design updates to Homepage and category page",,,"Prevention","BILLED: Website Redesign"
2011-06-15,"Adam Hoyle",1.0,"conference call w/ Steve, Andy, Miriam, Paul to review designs",,,"Prevention","BILLED: Website Redesign"
2011-06-13,"Adam Hoyle",3.0,"Channel and Category designs",,,"Prevention","BILLED: Website Redesign"
2011-06-12,"Adam Hoyle",3.0,"homepage and topic page revisions, start category and channel pages",,,"Prevention","BILLED: Website Redesign"
2011-06-11,"Adam Hoyle",0.5,"process feedback, update basecamp",,,"Prevention","BILLED: Website Redesign"
2011-06-10,"Adam Hoyle",2.5,"Homepage and topic page updates, post for review",,,"Prevention","BILLED: Website Redesign"
2011-06-09,"Adam Hoyle",3.0,"homepage and topic page design revisions",,,"Prevention","BILLED: Website Redesign"
2011-06-08,"Adam Hoyle",0.5,"review feedback from Miriam, update basecamp",,,"Prevention","BILLED: Website Redesign"
2011-06-08,"Adam Hoyle",1.5,"call with Andy, Steve, Miriam, Paul re: PVN wires from Andy",,,"Prevention","BILLED: Website Redesign"
2011-06-07,"Adam Hoyle",3.0,"homepage design",,,"Prevention","BILLED: Website Redesign"
2011-06-06,"Adam Hoyle",4.0,"homepage design",,,"Prevention","BILLED: Website Redesign"
2011-06-06,"Adam Hoyle",4.0,"Updates to topic page",,,"Prevention","BILLED: Website Redesign"
2011-06-03,"Adam Hoyle",0.75,"review feedback from Miriam on v5",,,"Prevention","BILLED: Website Redesign"
2011-06-03,"Adam Hoyle",1.25,"finish updates from list, save and email to Miriam for her meeting",,,"Prevention","BILLED: Website Redesign"
2011-06-02,"Adam Hoyle",3.0,"Topic Page design updates based on feedback",,,"Prevention","BILLED: Website Redesign"
2011-06-02,"Adam Hoyle",0.5,"call with Miriam to discuss feedback",,,"Prevention","BILLED: Website Redesign"
2011-06-02,"Adam Hoyle",1.5,"additional design updates, alternate heading styles",,,"Prevention","BILLED: Website Redesign"
2011-06-01,"Adam Hoyle",4.75,"review feedback, prep files, make updates, save and post for review",,,"Prevention","BILLED: Website Redesign"
2011-06-01,"Adam Hoyle",1.0,"additional updates before call based on Steve and Paul's feedback",,,"Prevention","BILLED: Website Redesign"
2011-06-01,"Adam Hoyle",1.0,"call with Miriam, Steve, Paul to review designs",,,"Prevention","BILLED: Website Redesign"
2011-05-31,"Adam Hoyle",3.0,"design revisions and updates, post for review",,,"Prevention","BILLED: Website Redesign"
2011-05-31,"Adam Hoyle",0.5,"call w/ Miriam to review design updates.",,,"Prevention","BILLED: Website Redesign"
2011-05-31,"Adam Hoyle",2.5,"produce multiple color scheme variations, post for review",,,"Prevention","BILLED: Website Redesign"
2011-05-30,"Adam Hoyle",3.0,"design updates to topic page based on feedback from Miriam, Paul, Steve",,,"Prevention","BILLED: Website Redesign"
2011-05-24,"Adam Hoyle",1.5,"finish initial topic page design, post for review",,,"Prevention","BILLED: Website Redesign"
2011-05-23,"Adam Hoyle",2.5,"Prevention TOPIC page designs based on Andy's wireframe",,,"Prevention","BILLED: Website Redesign"
2011-05-19,"Adam Hoyle",1.0,"recap on PVN wireframes based on Andy's presentation, call with Paul, Steve, Miriam",,,"Prevention","BILLED: Website Redesign"
2011-05-18,"Adam Hoyle",2.0,"Conference call and webex to review Wireframes and presentation from Andy",,,"Prevention","BILLED: Website Redesign"
2011-05-18,"Adam Hoyle",1.0,"Call with Steve & Miriam to review initial homepage direction",,,"Prevention","BILLED: Website Redesign"
2011-05-18,"Adam Hoyle",4.0,"update grid to 990, work on preliminary homepage designs before Andy's wireframe presentation",,,"Prevention","BILLED: Website Redesign"
2011-05-11,"Adam Hoyle",0.75,"call w/ Steve to brainstorm about PVN ideas for the site",,,"Prevention","BILLED: Website Redesign"
2011-05-10,"Adam Hoyle",1.0,"conference call with Steve, Miriam, Paul",,,"Prevention","BILLED: Website Redesign"
2011-05-10,"Adam Hoyle",3.0,"moodboard, early homepage design",,,"Prevention","BILLED: Website Redesign"
2011-05-09,"Adam Hoyle",1.0,"grid spec and begin homepage design",,,"Prevention","BILLED: Website Redesign"
2011-04-28,"Adam Hoyle",1.0,"call to discuss homepage plan with Miriam and paul, process notes",,,"Prevention","BILLED: Website Redesign"
2011-04-26,"Adam Hoyle",0.75,"conference call with Miriam, Steve, Paul re: PVN footer designs",,,"Prevention","BILLED: Website Redesign"
2011-04-15,"Adam Hoyle",1.0,"weekly call with Paul, Miriam, Deborah",,,"Prevention","BILLED: Website Redesign"
2011-04-08,"Adam Hoyle",1.5,"call to review with Miriam, Paul, Steve",,,"Prevention","BILLED: Website Redesign"
2011-04-08,"Adam Hoyle",3.0,"moodboard + multiple header designs",,,"Prevention","BILLED: Website Redesign"
2011-04-07,"Adam Hoyle",2.0,"moodboard designs",,,"Prevention","BILLED: Website Redesign"
2011-04-07,"Adam Hoyle",2.5,"creative good usability findings meeting",,,"Prevention","BILLED: Website Redesign"
2011-12-08,"Adam Hoyle",0.5,"meet with jay to discuss IA and design",,,"Prevention","BILLED: White House - Cook w/ Your Kids"
2011-10-14,"Adam Hoyle",0.5,"kickoff call with Steve and Emily",,,"Prevention","BILLED: White House - Cook w/ Your Kids"
2011-12-08,"Adam Hoyle",0.5,"create media type icons for PVN.com",,,"Prevention","Dev/Misc Support"
2011-12-07,"Adam Hoyle",0.25,"coordinate banner ad updates for Steve",,,"Prevention","Dev/Misc Support"
2011-12-05,"Adam Hoyle",0.25,"send image specs to Emily for Sweeps page",,,"Prevention","Dev/Misc Support"
2011-11-23,"Adam Hoyle",0.25,"coordinate and deliver ""new purple"" PSDs",,,"Prevention","Dev/Misc Support"
2011-11-22,"Adam Hoyle",0.75,"weekly status call on PVN.com redesign",,,"Prevention","Dev/Misc Support"
2011-11-21,"Adam Hoyle",0.5,"updates to news page design, per Steve",,,"Prevention","Dev/Misc Support"
2011-11-21,"Adam Hoyle",1.80194,"PVN news list page",,,"Prevention","Dev/Misc Support"
2011-11-18,"Adam Hoyle",0.5,"coordinate PVN.com design color changes with Steve, Jay",,,"Prevention","Dev/Misc Support"
2011-11-09,"Adam Hoyle",0.495278,"weekly redesign status call",,,"Prevention","Dev/Misc Support"
2011-11-09,"Adam Hoyle",0.121667,"weekly redesign status call",,,"Prevention","Dev/Misc Support"
2011-11-09,"Adam Hoyle",0.5,,"Updates to the article template (see comment for details)","PVN.com Redesign Tasks","Prevention","Dev/Misc Support"
2011-11-08,"Adam Hoyle",0.5,"","Create new Sweeps sky scrapper ad for right sidebar, update the image to show the Merle Norman giveaway (or a beauty photo)","PVN.com Redesign Tasks","Prevention","Dev/Misc Support"
2011-11-08,"Adam Hoyle",0.5,"package up ""high-res"" files of site design for marketing",,,"Prevention","Dev/Misc Support"
2011-11-07,"Adam Hoyle",0.5,"Call w/ Steve re: Article page, Flat Belly, and other misc. projects status and feedback",,,"Prevention","Dev/Misc Support"
2011-11-04,"Adam Hoyle",2.0,"article page footer revisions, post and send to Steve",,,"Prevention","Dev/Misc Support"
2011-11-03,"Adam Hoyle",1.0,"conference call w/ PVN, NPS re: redesign progress",,,"Prevention","Dev/Misc Support"
2011-11-02,"Adam Hoyle",0.5,"call w/ Steve and Emily re: QA on PVN.com, and notes for article page design updates.",,,"Prevention","Dev/Misc Support"
2011-10-28,"Adam Hoyle",0.25,"updates to ipad entitlement ad",,,"Prevention","Dev/Misc Support"
2011-10-27,"Adam Hoyle",1.0,"create ipad ads to promote free tablet edition to existing subscribers",,,"Prevention","Dev/Misc Support"
2011-10-25,"Adam Hoyle",0.75,"Call w/ Steve re: pharma ads and UGC regulations, brainstorm solutions, discuss project budgets",,,"Prevention","Dev/Misc Support"
2011-10-25,"Adam Hoyle",0.25,"support for Melissa Roberson re: logging into prd",,,"Prevention","Dev/Misc Support"
2011-10-24,"Adam Hoyle",0.25,"mockup new pagination style for existing vignette pages",,,"Prevention","Dev/Misc Support"
2011-10-20,"Adam Hoyle",0.5,"coordination for removal of FB comment form from /tips",,,"Prevention","Dev/Misc Support"
2011-10-20,"Adam Hoyle",0.25,"CMS support for Emily Frey re: form code in drupal",,,"Prevention","Dev/Misc Support"
2011-10-19,"Adam Hoyle",0.25,"CMS support for Emily Frey... adding PHP code to open HTML feature template",,,"Prevention","Dev/Misc Support"
2011-10-18,"Adam Hoyle",0.25,"CMS support for Emily Frey, inserting images to SS&L body",,,"Prevention","Dev/Misc Support"
2011-10-18,"Adam Hoyle",0.3925,"package up quiz results page and send to Marilyn",,,"Prevention","Dev/Misc Support"
2011-10-17,"Adam Hoyle",0.5,"create new user accounts for Nina, troubleshoot login issues for Diana (reset password)",,,"Prevention","Dev/Misc Support"
2011-10-17,"Adam Hoyle",0.5,"Call w/ NPS to talk about new features on SS&L",,,"Prevention","Dev/Misc Support"
2011-10-14,"Adam Hoyle",1.0,"updated header designs for PVN.com with subscription callout and mag cover",,,"Prevention","Dev/Misc Support"
2011-10-12,"Adam Hoyle",0.5,"process email, update basecamp with project notes",,,"Prevention","Dev/Misc Support"
2011-10-06,"Adam Hoyle",0.75,"create PVN quiz results page per Miriam",,,"Prevention","Dev/Misc Support"
2011-09-30,"Adam Hoyle",0.15,"troubleshoot dya ads",,,"Prevention","Dev/Misc Support"
2011-09-29,"Adam Hoyle",2.60222,"tweaks to PSDs per Miriam",,,"Prevention","Dev/Misc Support"
2011-09-28,"Adam Hoyle",0.75,"call w/ Steve and Miriam re: SS&L updates before deployment freeze",,,"Prevention","Dev/Misc Support"
2011-09-27,"Adam Hoyle",0.75,"troubleshoot PVN BC quiz - turns out the prod build wiped out the symlink",,,"Prevention","Dev/Misc Support"
2011-09-27,"Adam Hoyle",3.5,"finalize PSDs, update homepage with new slider, save JPGS, post, conference call with Steve and Miriam",,,"Prevention","Dev/Misc Support"
2011-09-26,"Adam Hoyle",1.83556,"finish updating remaining fonts in PSDs",,,"Prevention","Dev/Misc Support"
2011-09-26,"Adam Hoyle",4.95389,"update all designs with tahoma and times, tighten spacing",,,"Prevention","Dev/Misc Support"
2011-09-20,"Adam Hoyle",0.5,"call w/ Miriam to discuss design feedback on ETNT SS&L and HTPA",,,"Prevention","Dev/Misc Support"
2011-09-15,"Adam Hoyle",2.0,"Updates to PVN homepage to perfect the alignment",,,"Prevention","Dev/Misc Support"
2011-09-15,"Adam Hoyle",0.5,"call with Miriam to discuss font changes, homepage tweaks, slider, etc.",,,"Prevention","Dev/Misc Support"
2011-09-14,"Adam Hoyle",0.637222,"SEO meeting to define headings and heirarchy",,,"Prevention","Dev/Misc Support"
2011-09-12,"Adam Hoyle",0.75,"PVN homepage, add a subscribe unit similar to realsimple, per miriam",,,"Prevention","Dev/Misc Support"
2011-09-12,"Adam Hoyle",1.25,"HP slider and subscribe promo design updates",,,"Prevention","Dev/Misc Support"
2011-09-12,"Adam Hoyle",1.5,"support and troubleshooting for PVN /tips db/settings file issues",,,"Prevention","Dev/Misc Support"
2011-09-09,"Adam Hoyle",0.75,"coordinate build being opened, run build to push out FB fixes, verify changes, clear cache, email the team",,,"Prevention","Dev/Misc Support"
2011-09-08,"Adam Hoyle",1.0,"homepage slider design updates per Miriam and Steve",,,"Prevention","Dev/Misc Support"
2011-09-08,"Adam Hoyle",0.5,"call w/ NPS to discuss designs and headers, etc.",,,"Prevention","Dev/Misc Support"
2011-09-06,"Adam Hoyle",0.25,"create user accounts for emily frey on /tips and /dya",,,"Prevention","Dev/Misc Support"
2011-08-31,"Adam Hoyle",0.75,"new homepage design w/ slider",,,"Prevention","Dev/Misc Support"
2011-08-31,"Adam Hoyle",0.5,"combine all final PSDs into a single Zip and post for Marilyn",,,"Prevention","Dev/Misc Support"
2011-08-30,"Adam Hoyle",0.25,"add new admin menu shortcut for managing all content per Katie Becker",,,"Prevention","Dev/Misc Support"
2011-08-29,"Adam Hoyle",0.25,"call w/ Steve re: new homepage clickthrough, pvn (mh) HP slider",,,"Prevention","Dev/Misc Support"
2011-08-25,"Adam Hoyle",1.0,"troubleshooting /tips bug with HTML being rendered in title",,,"Prevention","Dev/Misc Support"
2011-08-22,"Adam Hoyle",0.5,"update clickthrough with new pages, send to Marilyn",,,"Prevention","Dev/Misc Support"
2011-08-19,"Adam Hoyle",1.5,"fix Miriam's homepage design, update experts again, per miriam",,,"Prevention","Dev/Misc Support"
2011-08-19,"Adam Hoyle",1.5,"Update Experts pages for Miriam",,,"Prevention","Dev/Misc Support"
2011-08-17,"Adam Hoyle",2.75,"Updates to PVN homepage design, Experts Channel, and 2 new pages for Experts",,,"Prevention","Dev/Misc Support"
2011-08-15,"Adam Hoyle",0.5,"project status call w/ Steve",,,"Prevention","Dev/Misc Support"
2011-08-08,"Adam Hoyle",0.5,"post new comps, email Miriam",,,"Prevention","Dev/Misc Support"
2011-08-02,"Adam Hoyle",0.25,"create new user account on SNL for freelancer, Mitchell Jones per Chris",,,"Prevention","Dev/Misc Support"
2011-08-01,"Adam Hoyle",20.0,"Miki Kivikowski's hours for the blog support",,,"Prevention","Dev/Misc Support"
2011-07-28,"Adam Hoyle",0.25,"support for chris on accessing DYA slideshow content",,,"Prevention","Dev/Misc Support"
2011-07-26,"Adam Hoyle",1.0,"troubleshooting for DYA ad tags",,,"Prevention","Dev/Misc Support"
2011-07-21,"Adam Hoyle",0.5,"fix DYA blog bolding... unclosed bold tag from editor",,,"Prevention","Dev/Misc Support"
2011-07-15,"Adam Hoyle",0.25,"update permissions on editor role to allow editors to delete own content",,,"Prevention","Dev/Misc Support"
2011-07-12,"Adam Hoyle",0.5,"troubleshoot login issue for Diane Kelly",,,"Prevention","Dev/Misc Support"
2011-06-11,"Adam Hoyle",0.25,"create new user accounts for Nicole Hrin Molly Raisch Allyson Fox",,,"Prevention","Dev/Misc Support"
2011-06-07,"Adam Hoyle",0.5,"project coordination and emailing with Marilyn re: PVN SNL P2 schedule",,,"Prevention","Dev/Misc Support"
2011-05-25,"Adam Hoyle",0.75,"create sub offer for PVN lists and update site",,,"Prevention","Dev/Misc Support"
2011-05-23,"Adam Hoyle",1.0,"change 300 X variable promo unit from image/URL to open HTML for DFP code. Update content type and views on dev, pre, and prod",,,"Prevention","Dev/Misc Support"
2011-05-23,"Adam Hoyle",0.25,"respond to PVN SS&L questions from Marilyn and Steve",,,"Prevention","Dev/Misc Support"
2011-05-20,"Adam Hoyle",0.25,"coordinate permissions issues fix on blog for Katelyn / Mike",,,"Prevention","Dev/Misc Support"
2011-05-20,"Adam Hoyle",0.5,"project status update call w/ Steve",,,"Prevention","Dev/Misc Support"
2011-05-13,"Adam Hoyle",0.5,"blog support, get Mike K up to speed, make introduction via email, provide VPN access",,,"Prevention","Dev/Misc Support"
2011-04-22,"Adam Hoyle",0.25,"call w/ steve re: timline, requirements",,,"Prevention","Dev/Misc Support"
2011-03-29,"Adam Hoyle",1.0,"design kickoff call with Steve, Mariam, Paul",,,"Prevention","Dev/Misc Support"
2011-03-22,"Adam Hoyle",0.75,"Meeting with IT re: PVN environment setup",,,"Prevention","Dev/Misc Support"
2011-03-22,"Adam Hoyle",1.5,"PVN.com redesign kickoff in NY w/ Steve, Stump, Paul, Debra, Miriam and print designers",,,"Prevention","Dev/Misc Support"
2011-02-16,"Adam Hoyle",1.0,"troubleshoot outlook ""lunar"" error",,,"Prevention","Embedded Calendar Invites"
2011-02-15,"Adam Hoyle",0.75,"review, coordinate with Stella, deliver to client for initial review and progress update",,,"Prevention","Embedded Calendar Invites"
2011-02-14,"Adam Hoyle",1.5,"research into ical standard and methods for providing clickable invites",,,"Prevention","Embedded Calendar Invites"
2010-09-24,"Adam Hoyle",0.75,"metting with Scarlett re: wrapup plan",,,"Psychodynamic Researchers","BILLED: Website Design & Dev"
2010-07-21,"Adam Hoyle",2.0,"work with scarlett on finalizing the site for client delivery",,,"Psychodynamic Researchers","BILLED: Website Design & Dev"
2010-07-20,"Adam Hoyle",0.25,"support for psychodynamic on comments and new list pages",,,"Psychodynamic Researchers","BILLED: Website Design & Dev"
2010-07-20,"Adam Hoyle",0.5,"add post meta to full entry page, test email to post feature, discuss prioties with Scarlett",,,"Psychodynamic Researchers","BILLED: Website Design & Dev"
2010-06-28,"Adam Hoyle",1.5,"add logout to main nav, update public and members homepage and link public page to CMS, update login redirect, reassign todos,",,,"Psychodynamic Researchers","BILLED: Website Design & Dev"
2010-06-09,"Adam Hoyle",0.25,"add label to breadcrum",,,"Psychodynamic Researchers","BILLED: Website Design & Dev"
2010-05-25,"Adam Hoyle",2.0,"working with Scarlett on CMS implementation",,,"Psychodynamic Researchers","BILLED: Website Design & Dev"
2010-03-04,"Adam Hoyle",0.75,"Work on initial CMS configuration",,,"Psychodynamic Researchers","BILLED: Website Design & Dev"
2010-01-27,"Adam Hoyle",0.75,"review wireframes and discuss site functionality with Scarlett",,,"Psychodynamic Researchers","BILLED: Website Design & Dev"
2010-01-18,"Adam Hoyle",3.5,"Review and update sitemaps, print, review with Scarlett, save and email to client.",,,"Psychodynamic Researchers","BILLED: Website Design & Dev"
2010-01-15,"Adam Hoyle",0.5,"review sitemap",,,"Psychodynamic Researchers","BILLED: Website Design & Dev"
2009-12-18,"Adam Hoyle",0.5,"Install CMS",,,"Psychodynamic Researchers","BILLED: Website Design & Dev"
2009-12-18,"Adam Hoyle",0.75,"register domain and setup hosting",,,"Psychodynamic Researchers","BILLED: Website Design & Dev"
2009-12-16,"Adam Hoyle",0.75,"Call w/ Andrew and Dr. Frank re: project scope and requirements, clarify and decide how we're going to update the proposal",,,"Psychodynamic Researchers","BILLED: Website Design & Dev"
2011-11-15,"Adam Hoyle",0.25,"QA nav",,,"Rodale","BILLED: Holiday Gift Guide"
2011-11-14,"Adam Hoyle",0.5,"project coordination w/ Jill, Kim",,,"Rodale","BILLED: Holiday Gift Guide"
2011-11-10,"Adam Hoyle",0.25,"call w/ Kim Jones, client communications",,,"Rodale","BILLED: Holiday Gift Guide"
2009-01-05,"Adam Hoyle",0.5,"call with Kristen",,,"Rodale","DONE: ROD International Intrasite"
2009-12-18,"Adam Hoyle",0.5,"setup user accounts and email the SEMPO team about the site",,,"SEMPO","SEMPO Boston Website"
2009-12-18,"Adam Hoyle",0.5,"migrating site from local dev to cloud server",,,"SEMPO","SEMPO Boston Website"
2009-04-29,"Adam Hoyle",1.0,"work on moving the changes to the live server",,,"Slendertone USA: Digital Marketing","BILLED: Catalog Page & Checkout Process Changes"
2009-04-28,"Adam Hoyle",0.25,"few more minor tweaks per Patrizia",,,"Slendertone USA: Digital Marketing","BILLED: Catalog Page & Checkout Process Changes"
2009-04-28,"Adam Hoyle",0.5,"make a few minor design changes per Kristen to ""including..."" and font sizes, etc. Email Kristen followup",,,"Slendertone USA: Digital Marketing","BILLED: Catalog Page & Checkout Process Changes"
2009-12-11,"Adam Hoyle",0.5,"review landing pages and provide feedback for JPMH",,,"Slendertone USA: Digital Marketing","BILLED: Homepage / W+M Landing Page Revisions"
2009-12-02,"Adam Hoyle",0.5,"review Niki's designs",,,"Slendertone USA: Digital Marketing","BILLED: Homepage / W+M Landing Page Revisions"
2009-09-18,"Adam Hoyle",0.75,"adjust module sizes to Patrizia's pixel specs",,,"Slendertone USA: Digital Marketing","BILLED: Homepage Redesign"
2009-09-15,"Adam Hoyle",0.25,"prep and send final file",,,"Slendertone USA: Digital Marketing","BILLED: Homepage Redesign"
2009-09-15,"Adam Hoyle",0.25,"final changes from Kristen Bonar",,,"Slendertone USA: Digital Marketing","BILLED: Homepage Redesign"
2009-09-15,"Adam Hoyle",1.0,"work on changes from Kristen",,,"Slendertone USA: Digital Marketing","BILLED: Homepage Redesign"
2009-09-14,"Adam Hoyle",1.25,"Final revisions and post for client",,,"Slendertone USA: Digital Marketing","BILLED: Homepage Redesign"
2009-09-14,"Adam Hoyle",4.75,"Research and design",,,"Slendertone USA: Digital Marketing","BILLED: Homepage Redesign"
2009-03-31,"Adam Hoyle",0.5,"sitemap",,,"Slendertone USA: Digital Marketing","BILLED: March SEO Updates"
2009-03-30,"Adam Hoyle",0.75,"work on CMS updates, updated 2 pages, broken links appeared on site. emailed patrizia and andy. stopping for now.",,,"Slendertone USA: Digital Marketing","BILLED: March SEO Updates"
2009-03-27,"Adam Hoyle",0.5,"update copy through CMS",,,"Slendertone USA: Digital Marketing","BILLED: March SEO Updates"
2009-03-27,"Adam Hoyle",1.25,"work on getting the link box into the homepage",,,"Slendertone USA: Digital Marketing","BILLED: March SEO Updates"
2009-03-26,"Adam Hoyle",0.25,"work on coding for homepage product link box",,,"Slendertone USA: Digital Marketing","BILLED: March SEO Updates"
2009-03-26,"Adam Hoyle",1.25,"review copy changes and plan",,,"Slendertone USA: Digital Marketing","BILLED: March SEO Updates"
2009-03-23,"Adam Hoyle",0.5,"gather all current meta keywords, descriptions and titles into the master URL document to start rewrites, test CMS access",,,"Slendertone USA: Digital Marketing","BILLED: March SEO Updates"
2009-03-21,"Adam Hoyle",0.25,"begin to rewrite all tags in a text file...","Add targeted keywords to all important HTML elements (see term target report data)","Title, Meta, HTML updates","Slendertone USA: Digital Marketing","BILLED: March SEO Updates"
2009-03-21,"Adam Hoyle",0.25,"review audit notes and estimate, quick refresh, create list of URLs that need updating, list all title tags for each",,,"Slendertone USA: Digital Marketing","BILLED: March SEO Updates"
2009-03-21,"Adam Hoyle",0.25,"update basecamp",,,"Slendertone USA: Digital Marketing","BILLED: March SEO Updates"
2009-10-01,"Adam Hoyle",0.5,"tweaking placement issues",,,"Slendertone USA: Digital Marketing","BILLED: Product Landing Pages"
2009-09-25,"Adam Hoyle",0.5,"conference call to discuss landing pages and google sitesearch",,,"Slendertone USA: Digital Marketing","BILLED: Product Landing Pages"
2009-09-18,"Adam Hoyle",0.5,"design review with niki and update designs based on new homepage design styles",,,"Slendertone USA: Digital Marketing","BILLED: Product Landing Pages"
2009-06-25,"Adam Hoyle",0.75,"begin design",,,"Slendertone USA: Digital Marketing","BILLED: Product Landing Pages"
2009-06-24,"Adam Hoyle",1.0,"gather images and content, research which campaigns have highest conversions/lowest conversions to decide which products, ads to focus on...",,,"Slendertone USA: Digital Marketing","BILLED: Product Landing Pages"
2009-03-12,"Adam Hoyle",1.5,"finalize report, conference call with Andy, Patrizia",,,"Slendertone USA: Digital Marketing","BILLED: SEO Audit"
2009-03-12,"Adam Hoyle",0.5,"write intro copy",,,"Slendertone USA: Digital Marketing","BILLED: SEO Audit"
2009-03-12,"Adam Hoyle",2.0,"work on indesign file for report",,,"Slendertone USA: Digital Marketing","BILLED: SEO Audit"
2009-03-11,"Adam Hoyle",2.75,"run SEO reports and send to jess for formatting",,,"Slendertone USA: Digital Marketing","BILLED: SEO Audit"
2009-03-11,"Adam Hoyle",3.88389,"information gathering, keyword research, generate SEOmoz reports for term targets, site crawl",,,"Slendertone USA: Digital Marketing","BILLED: SEO Audit"
2009-03-10,"Adam Hoyle",0.5,"information gathering, research webstudios analytics for keywords",,,"Slendertone USA: Digital Marketing","BILLED: SEO Audit"
2009-03-10,"Adam Hoyle",2.25,"organize notes for initial findings report, take screenshots of all pages on site",,,"Slendertone USA: Digital Marketing","BILLED: SEO Audit"
2009-02-28,"Adam Hoyle",1.87694,"research SEO best practices and guidelines",,,"Slendertone USA: Digital Marketing","BILLED: SEO Audit"
2009-03-30,"Adam Hoyle",1.25,"process email",,,"Slendertone USA: Digital Marketing","BILLED: Site Analysis"
2009-03-24,"Adam Hoyle",0.638333,"research CMS",,,"Slendertone USA: Digital Marketing","BILLED: Site Analysis"
2009-03-10,"Adam Hoyle",0.5,"call with Patrizia re: servers, etc. Moving the existing site to ISPBX onto their servers.",,,"Slendertone USA: Digital Marketing","BILLED: Site Analysis"
2009-03-06,"Adam Hoyle",0.955833,"email ""3 options"" to andy",,,"Slendertone USA: Digital Marketing","BILLED: Site Analysis"
2009-03-05,"Adam Hoyle",0.75,"respond to Patrizia about services offered",,,"Slendertone USA: Digital Marketing","BILLED: Site Analysis"
2009-03-03,"Adam Hoyle",0.25,"call with patrizia - status updates",,,"Slendertone USA: Digital Marketing","BILLED: Site Analysis"
2009-03-03,"Adam Hoyle",0.5,"respond to Andy's questions about historical data, onsite meeting and timeline",,,"Slendertone USA: Digital Marketing","BILLED: Site Analysis"
2009-02-27,"Adam Hoyle",0.75,"login and download site, database, and application source files",,,"Slendertone USA: Digital Marketing","BILLED: Site Analysis"
2009-04-10,"Adam Hoyle",0.5,"review final analytics report",,,"Slendertone USA: Digital Marketing","BILLED: Web Analytics Implementation"
2009-04-09,"Adam Hoyle",0.5,"feeback with niki and jess on web analytics report",,,"Slendertone USA: Digital Marketing","BILLED: Web Analytics Implementation"
2009-04-08,"Adam Hoyle",0.5,"review current draft, make notes, and made a few changes to the ID file",,,"Slendertone USA: Digital Marketing","BILLED: Web Analytics Implementation"
2009-04-08,"Adam Hoyle",0.5,"review drafts of Analytics findings report",,,"Slendertone USA: Digital Marketing","BILLED: Web Analytics Implementation"
2009-04-03,"Adam Hoyle",0.25,"add heat map to slendertone",,,"Slendertone USA: Digital Marketing","BILLED: Web Analytics Implementation"
2009-04-02,"Adam Hoyle",1.25,"review niki's notes for the web analytics report",,,"Slendertone USA: Digital Marketing","BILLED: Web Analytics Implementation"
2009-03-12,"Adam Hoyle",0.5,"setup shared Woopra access for Patrizia and Andy, send details",,,"Slendertone USA: Digital Marketing","BILLED: Web Analytics Implementation"
2009-03-03,"Adam Hoyle",1.0,"send Patrizia an email with code and request to insert into Slendertone Footer",,,"Slendertone USA: Digital Marketing","BILLED: Web Analytics Implementation"
2009-02-27,"Adam Hoyle",0.5,"","Set up accounts on Woopra, Google, Quantcast","Web Analytics","Slendertone USA: Digital Marketing","BILLED: Web Analytics Implementation"
2010-10-26,"Adam Hoyle",1.5,"troubleshoot cross browser issues",,,"Slendertone USA: Digital Marketing","BMRFace.com: US/Canada Site Dev. (Eng & French)"
2010-07-16,"Adam Hoyle",1.25,"work on image updates to Plan B english site",,,"Slendertone USA: Digital Marketing","BMRFace.com: US/Canada Site Dev. (Eng & French)"
2009-11-24,"Adam Hoyle",0.5,"Conference call with Patrizia for CMS training",,,"Slendertone USA: Digital Marketing","Ongoing Site Consulting"
2009-11-11,"Adam Hoyle",0.25,"research Google custom search and setup filters to exlcude old URLs from the results.",,,"Slendertone USA: Digital Marketing","Ongoing Site Consulting"
2009-10-05,"Adam Hoyle",0.258889,"research http://www.beautyreports.org/slendertone-review to find owners contact info - private registraion, little details available",,,"Slendertone USA: Digital Marketing","Ongoing Site Consulting"
2009-10-01,"Adam Hoyle",0.75,"research conterfeit site operators",,,"Slendertone USA: Digital Marketing","Ongoing Site Consulting"
2009-09-09,"Adam Hoyle",2.25,"Conference call with Kristen re: site - Nicole's time too",,,"Slendertone USA: Digital Marketing","Ongoing Site Consulting"
2010-09-09,"Adam Hoyle",0.5,"support and research for video format issues",,,"Slendertone USA: Digital Marketing","ST USA.com: Microsite Marketing"
2010-11-24,"Adam Hoyle",2.00556,"code holiday email newsletter",,,"Slendertone USA: Digital Marketing","STUSA.com: Agency Fees (Out of scope)"
2010-09-21,"Adam Hoyle",1.0,"make changes to CMS for global report, create front-end template for global analytics report",,,"Slendertone USA: Digital Marketing","STUSA.com: SEO & Analytics"
2010-09-20,"Adam Hoyle",0.5,"changes to analytics CMS",,,"Slendertone USA: Digital Marketing","STUSA.com: SEO & Analytics"
2009-12-15,"Adam Hoyle",0.75,"read November report",,,"Slendertone USA: Digital Marketing","STUSA.com: SEO & Analytics"
2009-08-11,"Adam Hoyle",0.25,"reivew July report prior to sending to client.",,,"Slendertone USA: Digital Marketing","STUSA.com: SEO & Analytics"
2009-06-24,"Adam Hoyle",0.5,"Investigate the cause of missing Yahoo PPC conversions in Yahoo account, email Andy for page source code, email Andy with instructions for correction",,,"Slendertone USA: Digital Marketing","STUSA.com: SEO & Analytics"
2009-09-01,"Adam Hoyle",0.5,"conference call with Patrizia, Kristen and Gordan to discuss website issues",,,"Slendertone USA: Digital Marketing","Website Redesign"
2009-05-26,"Adam Hoyle",0.5,"call with Patrizia re: site design",,,"Slendertone USA: Digital Marketing","Website Redesign"
2010-03-30,"Adam Hoyle",1.0,"review SEO documentation and notes from Patrizia (per request) prior to changes being pushed from staging to production",,,"Slendertone/BMR Global Management","GLOBAL Account Management"
2010-03-25,"Adam Hoyle",1.5,".Net interviews",,,"Slendertone/BMR Global Management","GLOBAL Account Management"
2010-03-09,"Adam Hoyle",0.25,"Consulting with David Colwell on ASP.NET",,,"Slendertone/BMR Global Management","GLOBAL Account Management"
2010-03-05,"Adam Hoyle",1.0,"Troubleshoot connection details, call rackspace",,,"Slendertone/BMR Global Management","GLOBAL Account Management"
2010-02-25,"Adam Hoyle",0.75,"Verify all connection details with partizia",,,"Slendertone/BMR Global Management","GLOBAL Account Management"
2011-07-25,"Adam Hoyle",1.0,"CSS tweaks to FR and EN landing pages for Archana per Jess",,,"Slendertone/BMR Global Management","SLENDERTONE: BMR Beauty Series Website"
2011-07-19,"Adam Hoyle",0.5,"front-end CSS tweaks",,,"Slendertone/BMR Global Management","SLENDERTONE: BMR Beauty Series Website"
2011-04-29,"Adam Hoyle",1.5,"troubleshoot domain redirecting, research best practices for multiple domain name redirection, create A records for all domain names and point to bmrbeauty server",,,"Slendertone/BMR Global Management","SLENDERTONE: BMR Beauty Series Website"
2009-02-04,"Adam Hoyle",0.25,"screenshot current homepage and quick review of content, reply to Mike's email",,,"theSporture.com","CMS Implementation"
2009-02-03,"Adam Hoyle",0.5,"Test FTP, log into control panel, poke around. Email Mike about getting the site back up...",,,"theSporture.com","CMS Implementation"
2011-02-25,"Adam Hoyle",1.0,"review and provide feedback, finalize, deliver to client",,,"Total Recall Corporation","BILLED: Brochures & Collateral"
2011-09-16,"Adam Hoyle",4.0,"final coordination, updates, and launch",,,"Total Recall Corporation","BILLED: Website Design & Development"
2011-09-15,"Adam Hoyle",1.0,"call w/ Peter",,,"Total Recall Corporation","BILLED: Website Design & Development"
2011-09-15,"Adam Hoyle",0.5,"call w/ Peter to discuss launching the site",,,"Total Recall Corporation","BILLED: Website Design & Development"
2011-09-15,"Adam Hoyle",0.5,"process final feedback and notes",,,"Total Recall Corporation","BILLED: Website Design & Development"
2011-09-13,"Adam Hoyle",1.0,"CMS training with Viktoriya, talk to Peter about transitions on homepage slider",,,"Total Recall Corporation","BILLED: Website Design & Development"
2011-09-07,"Adam Hoyle",0.75,"conference call w/ Peter to review slider",,,"Total Recall Corporation","BILLED: Website Design & Development"
2011-09-06,"Adam Hoyle",1.5,"review loose ends, call w/ Viktoriya and Peter re: final website, setup hosting",,,"Total Recall Corporation","BILLED: Website Design & Development"
2011-09-06,"Adam Hoyle",1.0,"logo updates for CrimeEye and TRC",,,"Total Recall Corporation","BILLED: Website Design & Development"
2011-08-31,"Adam Hoyle",0.75,"call with Peter and Vik re: feedback",,,"Total Recall Corporation","BILLED: Website Design & Development"
2011-08-31,"Adam Hoyle",0.75,"process notes and changes from Viktoria, respond via email",,,"Total Recall Corporation","BILLED: Website Design & Development"
2011-08-19,"Adam Hoyle",1.25,"tweaks to homepage slider, fonts, add banners to the footer of the homepage per Peter",,,"Total Recall Corporation","BILLED: Website Design & Development"
2011-08-17,"Adam Hoyle",2.0,"content audit and remove lorem ipsum",,,"Total Recall Corporation","BILLED: Website Design & Development"
2011-08-05,"Adam Hoyle",1.0,"cms training w/ keith",,,"Total Recall Corporation","BILLED: Website Design & Development"
2011-08-03,"Adam Hoyle",1.0,"call with Peter and Jordan - walk through and review site",,,"Total Recall Corporation","BILLED: Website Design & Development"
2011-08-01,"Adam Hoyle",1.0,"review site with John, send email to peter",,,"Total Recall Corporation","BILLED: Website Design & Development"
2011-07-22,"Adam Hoyle",1.0,"Status call with Peter, Jordan and Keith. Go through designs with Jay",,,"Total Recall Corporation","BILLED: Website Design & Development"
2011-07-20,"Adam Hoyle",0.5,"call with Keith re: content development plan",,,"Total Recall Corporation","BILLED: Website Design & Development"
2011-07-17,"Adam Hoyle",2.0,"create content types",,,"Total Recall Corporation","BILLED: Website Design & Development"
2011-07-14,"Adam Hoyle",1.0,"conference call re: customer portal",,,"Total Recall Corporation","BILLED: Website Design & Development"
2011-06-03,"Adam Hoyle",0.25,"quick call to discuss final direction",,,"Total Recall Corporation","BILLED: Website Design & Development"
2011-05-06,"Adam Hoyle",0.5,"call with Keith and Peter re: design approval",,,"Total Recall Corporation","BILLED: Website Design & Development"
2011-04-25,"Adam Hoyle",0.75,"emailing and call w/ Keith re: project plan, schedule, time, clarifications, etc.",,,"Total Recall Corporation","BILLED: Website Design & Development"
2011-02-23,"Adam Hoyle",0.75,"notes for IA, grid",,,"Total Recall Corporation","BILLED: Website Design & Development"
2011-02-22,"Adam Hoyle",0.5,"brainstorm on TRC sitemap/wires w/ Scarlett and Jay",,,"Total Recall Corporation","BILLED: Website Design & Development"
2011-02-08,"Adam Hoyle",1.0,"conference call with Peter and Jordan to review Project Brief and get the project back on track",,,"Total Recall Corporation","BILLED: Website Design & Development"
2009-02-09,"Adam Hoyle",1.5,"complete round 2 designs and post for feedback",,,"Tradeloop.com","DONE: Navigation re-design"
2009-02-06,"Adam Hoyle",0.25,"call with Rohi to review feedback for round 2",,,"Tradeloop.com","DONE: Navigation re-design"
2009-02-05,"Adam Hoyle",0.266389,"review feedback",,,"Tradeloop.com","DONE: Navigation re-design"
2011-06-03,"Adam Hoyle",0.25,"client communication, coordinate deployment",,,"Ultrasound Learning Seminars","BILLED: ULS - Drupal Theming"
2011-05-20,"Adam Hoyle",0.25,"troubleshoot issue on live site with italic being stripped from text field and WYSIWYG issues",,,"Ultrasound Learning Seminars","BILLED: ULS - Drupal Theming"
2011-07-25,"Adam Hoyle",0.5,"secure pages troubleshooting",,,"Ultrasound Learning Seminars","ULS - Dev/Misc Support"
2009-07-29,"Adam Hoyle",0.25,"Finalize and send optimized JPGs to Kim Ray",,,"Women's Health","BILLED (1039,1040): Fit Coach Block"
2009-07-28,"Adam Hoyle",1.75,"Design variations for Fit Coach block",,,"Women's Health","BILLED (1039,1040): Fit Coach Block"
2009-08-14,"Adam Hoyle",1.25,"saving out full size images and thumbs, work on some code tweaks to the template, test in FF, IE",,,"Women's Health","BILLED (1039,1040): Sex Position Master"
2009-08-13,"Adam Hoyle",0.25,"Update PSDs and post files for Mat",,,"Women's Health","BILLED (1039,1040): Sex Position Master"
2009-08-11,"Adam Hoyle",1.0,"finalize PSDs",,,"Women's Health","BILLED (1039,1040): Sex Position Master"
2009-08-11,"Adam Hoyle",1.5,"Brainstorm with Mat on implementation",,,"Women's Health","BILLED (1039,1040): Sex Position Master"
2009-08-04,"Adam Hoyle",0.75,"Organize and review project notes and PSDs.",,,"Women's Health","BILLED (1039,1040): Sex Position Master"
2009-07-28,"Adam Hoyle",2.0,"(Katrina's time for Quiz updates)",,,"Women's Health","BILLED (1039,1040): Snapple - Best Tips on Earth"
2009-07-28,"Adam Hoyle",0.5,,"Flash updates for Quiz: Weight-Loss Gimmick or Slim-Down Secret","Deliverables","Women's Health","BILLED (1039,1040): Snapple - Best Tips on Earth"
2009-07-24,"Adam Hoyle",1.25,"slice graphics and send to Lee Lecky",,,"Women's Health","BILLED (1039,1040): Snapple - Best Tips on Earth"
2009-07-24,"Adam Hoyle",0.5,"design changes from Jay",,,"Women's Health","BILLED (1039,1040): Snapple - Best Tips on Earth"
2009-07-23,"Adam Hoyle",1.73306,,"Design for online feature - Best Tips on Earth","Deliverables","Women's Health","BILLED (1039,1040): Snapple - Best Tips on Earth"
2009-07-23,"Adam Hoyle",4.25,"develop color palette and research snapple / WH design style","Design for online feature - Best Tips on Earth","Deliverables","Women's Health","BILLED (1039,1040): Snapple - Best Tips on Earth"
2009-07-23,"Adam Hoyle",1.0,"Research and review templates, files, content, site",,,"Women's Health","BILLED (1039,1040): Snapple - Best Tips on Earth"
2009-08-04,"Adam Hoyle",0.25,"Finalize and organize PSDs to send to Kim Ray",,,"Women's Health","BILLED (1039,1040): Syndication Box"
2009-08-03,"Adam Hoyle",0.5,"update layout to make a 2-column grid",,,"Women's Health","BILLED (1039,1040): Syndication Box"
2009-07-30,"Adam Hoyle",2.0,"design 1st round.",,,"Women's Health","BILLED (1039,1040): Syndication Box"
2009-07-29,"Adam Hoyle",0.5,"research requirements",,,"Women's Health","BILLED (1039,1040): Syndication Box"
2009-10-05,"Adam Hoyle",1.0,"slice final graphics for Breast Cancer feature",,,"Women's Health","BILLED (1061, 1062): Breast Cancer Feature"
2009-09-29,"Adam Hoyle",0.25,"Fix spacing issue and resend PDF",,,"Women's Health","BILLED (1061, 1062): iPod Workouts-to-Go Download PDFs"
2009-08-28,"Adam Hoyle",1.5,"More revisions on the QUIZ",,,"Women's Health","BILLED (1061, 1062): Stomach Center"
2009-08-27,"Adam Hoyle",1.25,"Katrina's hours for Quiz Flash dev",,,"Women's Health","BILLED (1061, 1062): Stomach Center"
2009-08-26,"Adam Hoyle",0.5,"coordinating Flash quiz development with Katrina",,,"Women's Health","BILLED (1061, 1062): Stomach Center"
2009-08-25,"Adam Hoyle",0.25,"final updates per Jayme, quick call with Lee to figure out how it's being built.",,,"Women's Health","BILLED (1061, 1062): Stomach Center"
2009-08-25,"Adam Hoyle",0.5,"work on changes from Jayme",,,"Women's Health","BILLED (1061, 1062): Stomach Center"
2009-08-25,"Adam Hoyle",1.27111,"research alternative photos for main image, finalize article, slideshow and quiz pages, post for review and emai to lee, jayme, erin",,,"Women's Health","BILLED (1061, 1062): Stomach Center"
2009-08-24,"Adam Hoyle",4.5,"Review assets, research. Finish Homepage design, start on article level designs",,,"Women's Health","BILLED (1061, 1062): Stomach Center"
2009-08-17,"Adam Hoyle",0.5,"Download assets and have a quick call with WH team to review requirements",,,"Women's Health","BILLED (1061, 1062): Stomach Center"
2009-10-02,"Adam Hoyle",0.5,"style list in drupal to match comps",,,"Women's Health","BILLED (1082-87): *Contraception Center"
2009-09-30,"Adam Hoyle",0.5,"create 300x300 slider image",,,"Women's Health","BILLED (1082-87): *Contraception Center"
2009-09-29,"Adam Hoyle",4.0,"Flash Quiz (Katrina)",,,"Women's Health","BILLED (1082-87): *Contraception Center"
2009-09-29,"Adam Hoyle",0.75,"slice graphics for Lee",,,"Women's Health","BILLED (1082-87): *Contraception Center"
2009-09-29,"Adam Hoyle",0.5,"update chart copy and navigation links per Naomi",,,"Women's Health","BILLED (1082-87): *Contraception Center"
2009-09-28,"Adam Hoyle",0.25,"work on text changs from naomi and update nav on article, slideshow and home to match shorter links from chart page",,,"Women's Health","BILLED (1082-87): *Contraception Center"
2009-09-28,"Adam Hoyle",1.0,"updates to chart page, swap photos, update copy on download buttons, darken row backgrounds",,,"Women's Health","BILLED (1082-87): *Contraception Center"
2009-09-25,"Adam Hoyle",0.25,"updates to chart page from Naomi",,,"Women's Health","BILLED (1082-87): *Contraception Center"
2009-09-21,"Adam Hoyle",0.25,"final design updates and post for approval",,,"Women's Health","BILLED (1082-87): *Contraception Center"
2009-09-21,"Adam Hoyle",0.5,"design updates based on feedback",,,"Women's Health","BILLED (1082-87): *Contraception Center"
2009-09-21,"Adam Hoyle",1.25,"work on chart layout options, update comps with Mirena ad creative",,,"Women's Health","BILLED (1082-87): *Contraception Center"
2009-09-22,"Adam Hoyle",0.5,"slice slideshow graphics and send to Lee",,,"Women's Health","BILLED (1082-87): *Skinny Jeans Feature"
2009-09-17,"Adam Hoyle",0.25,"touch-up Tara photo",,,"Women's Health","BILLED (1082-87): *Skinny Jeans Feature"
2009-09-17,"Adam Hoyle",0.25,"make final update and post for approval",,,"Women's Health","BILLED (1082-87): *Skinny Jeans Feature"
2009-09-17,"Adam Hoyle",0.5,"work on final design changes from Jayme",,,"Women's Health","BILLED (1082-87): *Skinny Jeans Feature"
2009-09-15,"Adam Hoyle",0.25,"work on final design changes to page 2 per Jayme",,,"Women's Health","BILLED (1082-87): *Skinny Jeans Feature"
2009-09-14,"Adam Hoyle",0.5,"work on r3 changes from Jayme",,,"Women's Health","BILLED (1082-87): *Skinny Jeans Feature"
2009-09-13,"Adam Hoyle",1.75,,,,"Women's Health","BILLED (1082-87): *Skinny Jeans Feature"
2009-09-11,"Adam Hoyle",3.0,"create image gallery, start design comps",,,"Women's Health","BILLED (1082-87): *Skinny Jeans Feature"
2009-09-10,"Adam Hoyle",1.0,"Review project notes and research",,,"Women's Health","BILLED (1082-87): *Skinny Jeans Feature"
2009-10-23,"Adam Hoyle",0.5,"create small teaser graphic for other articles",,,"Women's Health","BILLED (1082-87): Age Erasers Feature Page"
2009-10-23,"Adam Hoyle",1.75,"code page",,,"Women's Health","BILLED (1082-87): Age Erasers Feature Page"
2009-10-19,"Adam Hoyle",0.25,"some final changes - remove earrings, update headline, darken numbers in bg. Post for final approval",,,"Women's Health","BILLED (1082-87): Age Erasers Feature Page"
2009-10-19,"Adam Hoyle",0.5,"work on design revisions from Erin Hicks",,,"Women's Health","BILLED (1082-87): Age Erasers Feature Page"
2009-10-16,"Adam Hoyle",1.25,"design updates to Age Erasers based on feedback from Erin",,,"Women's Health","BILLED (1082-87): Age Erasers Feature Page"
2009-10-15,"Adam Hoyle",4.0,"work on first design",,,"Women's Health","BILLED (1082-87): Age Erasers Feature Page"
2009-11-17,"Adam Hoyle",1.5,"build app page mockup and image assets, request copy from Naomi, update files and send to Lee",,,"Women's Health","BILLED (1082-87): Hot Body Yoga App"
2009-09-29,"Adam Hoyle",0.25,"update graphics, send on/off state for tabs",,,"Women's Health","BILLED (1082-87): iPhone App Landing Page - Slim-Down Shopping List"
2009-09-29,"Adam Hoyle",0.25,"update heading image and add body copy",,,"Women's Health","BILLED (1082-87): iPhone App Landing Page - Slim-Down Shopping List"
2009-09-28,"Adam Hoyle",1.0,"work on design comp and image slices",,,"Women's Health","BILLED (1082-87): iPhone App Landing Page - Slim-Down Shopping List"
2010-01-13,"Adam Hoyle",1.5,"finish remaining todos, clean up some styling on workout page tables.",,,"Women's Health","BILLED: *Best Body Ever"
2010-01-06,"Adam Hoyle",1.75,"Work through remaining todos",,,"Women's Health","BILLED: *Best Body Ever"
2010-01-04,"Adam Hoyle",0.25,"Combine all 3 PDFs for Lost 12 in 6 into a single download",,,"Women's Health","BILLED: *Best Body Ever"
2009-12-29,"Adam Hoyle",2.25,"review dave's updates to NYNY and work on styling for Workouts section",,,"Women's Health","BILLED: *Best Body Ever"
2009-12-29,"Adam Hoyle",5.5,"setup workout pages, work on remaining todos, organize content and try to gather images for meal plan from Erin",,,"Women's Health","BILLED: *Best Body Ever"
2009-12-29,"Adam Hoyle",2.0,"work on CAS, upload meal plan thumbnails, add afcebook code, update fitcoach block and URL",,,"Women's Health","BILLED: *Best Body Ever"
2009-12-28,"Adam Hoyle",4.0,"",,,"Women's Health","BILLED: *Best Body Ever"
2009-12-20,"Adam Hoyle",1.0,"review Dave's work and notes, add content to homepage slider",,,"Women's Health","BILLED: *Best Body Ever"
2009-12-17,"Adam Hoyle",0.25,"chat with Dave Edis re: NYNY project score, answer questions",,,"Women's Health","BILLED: *Best Body Ever"
2009-12-16,"Adam Hoyle",1.0,"review files, upload to server, install CMS, and send project details to Dave",,,"Women's Health","BILLED: *Best Body Ever"
2009-12-15,"Adam Hoyle",0.75,"review coded pages and email martin",,,"Women's Health","BILLED: *Best Body Ever"
2009-12-10,"Adam Hoyle",0.25,"prep and send PSDs to Martin for coding",,,"Women's Health","BILLED: *Best Body Ever"
2009-12-09,"Adam Hoyle",0.5,"Call w/ Erin Hicks to clarify functionality and discuss navigation and logged in/out states",,,"Women's Health","BILLED: *Best Body Ever"
2009-12-02,"Adam Hoyle",0.5,"call with erin and jay to discuss final feedback on NYNY designs",,,"Women's Health","BILLED: *Best Body Ever"
2009-11-27,"Adam Hoyle",2.25,"work on designs for remaining pages",,,"Women's Health","BILLED: *Best Body Ever"
2009-11-25,"Adam Hoyle",0.25,"conference call w/ WH team to review updated NYNY design comps",,,"Women's Health","BILLED: *Best Body Ever"
2009-11-19,"Adam Hoyle",0.5,"conference call with Eric, Jay, Naomi, Lee, Erin, Scarlett",,,"Women's Health","BILLED: *Best Body Ever"
2009-11-02,"Adam Hoyle",3.75,"finish round 1 wireframes and post for review",,,"Women's Health","BILLED: *Best Body Ever"
2009-10-30,"Adam Hoyle",0.75,"Work on wireframes",,,"Women's Health","BILLED: *Best Body Ever"
2009-10-27,"Adam Hoyle",2.5,"resaerch and wireframes",,,"Women's Health","BILLED: *Best Body Ever"
2009-10-23,"Adam Hoyle",1.75,"research database structure and sketch wireframes based on reqs.",,,"Women's Health","BILLED: *Best Body Ever"
2009-09-29,"Adam Hoyle",0.5,"conference call with Jay / Erin re: project kickoff",,,"Women's Health","BILLED: *Best Body Ever"
2009-09-21,"Adam Hoyle",0.5,"review project notes and prep for kick-off call with Jay and Erin Hicks",,,"Women's Health","BILLED: *Best Body Ever"
2009-12-18,"Adam Hoyle",0.5,"Coordinate Flash dev w/ Katrina",,,"Women's Health","BILLED: 20 Minutes to a Fitter You"
2009-12-17,"Adam Hoyle",0.75,"Discuss quiz template with Lee and work out ad-refresh issues",,,"Women's Health","BILLED: 20 Minutes to a Fitter You"
2009-12-17,"Adam Hoyle",1.5,"buy high res runner image and photoshop work, slice graphics and send to Lee, Jayme",,,"Women's Health","BILLED: 20 Minutes to a Fitter You"
2010-04-21,"Adam Hoyle",1.0,"process project notes and assets",,,"Women's Health","BILLED: Beauty Awards"
2011-04-28,"Adam Hoyle",0.5,"email and support for Lee",,,"Women's Health","BILLED: Best Summer Ever 2011"
2011-04-22,"Adam Hoyle",0.75,"research, planning, client communication, call w/ Brad",,,"Women's Health","BILLED: Best Summer Ever 2011"
2009-11-25,"Adam Hoyle",0.25,"slice and send images to Lee",,,"Women's Health","BILLED: Best Tips - Design Updates"
2009-11-24,"Adam Hoyle",0.25,"title change ""OUR BEST TIPS EVER""",,,"Women's Health","BILLED: Best Tips - Design Updates"
2009-11-24,"Adam Hoyle",0.5,"work on design revisions based on feedback from Amy",,,"Women's Health","BILLED: Best Tips - Design Updates"
2009-11-24,"Adam Hoyle",0.5,"finalise design updates and send to Amy Van D.",,,"Women's Health","BILLED: Best Tips - Design Updates"
2009-11-13,"Adam Hoyle",1.0,"update designs for Tom's of Main",,,"Women's Health","BILLED: Best Tips - Design Updates"
2009-11-12,"Adam Hoyle",0.75,"start updates to Best Tips feature section for new sponsor Tom's of Maine",,,"Women's Health","BILLED: Best Tips - Design Updates"
2009-02-13,"Adam Hoyle",1.25,"move MySQL and send some sample queries to Jarrett, Kim Ray, Jayme Lyons",,,"Women's Health","BILLED: Data migration of Yoga Poses"
2009-12-08,"Adam Hoyle",0.25,"create new, smaller (edited) tabs per Lee Leckey so all of the links will fit across the top of the app pages",,,"Women's Health","BILLED: ETNT iPhone App Landing Page"
2009-12-03,"Adam Hoyle",0.25,"send Lee the graphic slices for the app landing page",,,"Women's Health","BILLED: ETNT iPhone App Landing Page"
2009-12-03,"Adam Hoyle",0.5,"work on a solution for the tabs",,,"Women's Health","BILLED: ETNT iPhone App Landing Page"
2009-12-01,"Adam Hoyle",0.5,"Work on mockup, send comp to Naomi",,,"Women's Health","BILLED: ETNT iPhone App Landing Page"
2011-05-12,"Adam Hoyle",0.5,"review code, deliver to client",,,"Women's Health","BILLED: Heather Morris Feature"
2011-02-10,"Adam Hoyle",1.0,"post-launch updates",,,"Women's Health","BILLED: Hottest Celebrity Couples"
2011-02-09,"Adam Hoyle",1.0,"project coordination with Adam and Stella",,,"Women's Health","BILLED: Hottest Celebrity Couples"
2011-02-04,"Adam Hoyle",0.5,"update PSD for WH",,,"Women's Health","BILLED: Hottest Celebrity Couples"
2011-02-03,"Adam Hoyle",0.5,"review project notes with Dan/Eric, process to Basecamp",,,"Women's Health","BILLED: Hottest Celebrity Couples"
2010-04-23,"Adam Hoyle",0.25,"update iPad image per Jayme",,,"Women's Health","BILLED: iPad landing page"
2010-04-23,"Adam Hoyle",0.25,"update meta keywords and desc.",,,"Women's Health","BILLED: iPad landing page"
2010-04-23,"Adam Hoyle",0.5,"Drop in updated screenshots",,,"Women's Health","BILLED: iPad landing page"
2010-04-23,"Adam Hoyle",0.25,"update CM tagging, request Meta tags",,,"Women's Health","BILLED: iPad landing page"
2010-04-22,"Adam Hoyle",0.75,"drop in screenshots",,,"Women's Health","BILLED: iPad landing page"
2010-04-22,"Adam Hoyle",0.5,"download and organize iPad screenshot from Jayme",,,"Women's Health","BILLED: iPad landing page"
2010-04-22,"Adam Hoyle",1.5,"clone MH iPad site and setup local dev, begin making copy changes for WH",,,"Women's Health","BILLED: iPad landing page"
2010-04-21,"Adam Hoyle",0.75,"research, gather and organize assets.",,,"Women's Health","BILLED: iPad landing page"
2010-04-20,"Adam Hoyle",1.0,"review requirements with Dan, process assets from Jayme,",,,"Women's Health","BILLED: iPad landing page"
2011-02-03,"Adam Hoyle",0.783333,"check all final code, and deploy updates. clear akamai",,,"Women's Health","BILLED: LBN redesign/dev"
2011-02-01,"Adam Hoyle",3.0,"QA, ad updates, CM updates.",,,"Women's Health","BILLED: LBN redesign/dev"
2011-01-25,"Adam Hoyle",1.0,"brainstorm ideas for new anti-lightbox solution, create mockup, share with team.",,,"Women's Health","BILLED: LBN redesign/dev"
2011-01-24,"Adam Hoyle",0.5,"brainstorm with Scarlett on grid/layout",,,"Women's Health","BILLED: LBN redesign/dev"
2010-04-30,"Adam Hoyle",0.25,"fix typo on slide ""low-cal""",,,"Women's Health","BILLED: Look Better Naked Book Site"
2010-04-26,"Adam Hoyle",0.75,"process email, review and approve Pressflow blog post",,,"Women's Health","BILLED: Look Better Naked Book Site"
2010-04-22,"Adam Hoyle",1.0,"Add CM conversion event tagging to newsletter signups",,,"Women's Health","BILLED: Look Better Naked Book Site"
2010-04-22,"Adam Hoyle",1.0,"add new PDF to HappyHour slide, test and move to production.",,,"Women's Health","BILLED: Look Better Naked Book Site"
2010-04-19,"Adam Hoyle",0.5,"Updates to copy on email newsletter thank you page",,,"Women's Health","BILLED: Look Better Naked Book Site"
2010-04-14,"Adam Hoyle",0.5,,"Add newsletter signup","Loose ends","Women's Health","BILLED: Look Better Naked Book Site"
2010-04-14,"Adam Hoyle",0.75,,"For each of the blocks on LBN, please make them so on rollover the borders light up like a goddam episode of Hollywood Squares. (from Eric)","Loose ends","Women's Health","BILLED: Look Better Naked Book Site"
2010-04-14,"Adam Hoyle",0.75,"process outstanding notes and loose ends into Basecamp.",,,"Women's Health","BILLED: Look Better Naked Book Site"
2010-04-13,"Adam Hoyle",0.25,"process feedback from Jay",,,"Women's Health","BILLED: Look Better Naked Book Site"
2010-04-12,"Adam Hoyle",3.0,"setup article page, thank you page, and style video pages, move to dev, test, move to prod",,,"Women's Health","BILLED: Look Better Naked Book Site"
2010-04-12,"Adam Hoyle",3.5,"work on remaining slide designs",,,"Women's Health","BILLED: Look Better Naked Book Site"
2010-04-08,"Adam Hoyle",0.5,"layout article page",,,"Women's Health","BILLED: Look Better Naked Book Site"
2010-04-07,"Adam Hoyle",1.25,"reviewing site, feedback from Jess and Scarlett on dev URL andPDFs",,,"Women's Health","BILLED: Look Better Naked Book Site"
2010-04-06,"Adam Hoyle",0.25,"get Brightcove player code, review and add to basecamp",,,"Women's Health","BILLED: Look Better Naked Book Site"
2010-04-06,"Adam Hoyle",0.25,"locate additional images on Compass and download",,,"Women's Health","BILLED: Look Better Naked Book Site"
2010-04-06,"Adam Hoyle",1.5,"send action item list to WH team, update basecamp, organize assets",,,"Women's Health","BILLED: Look Better Naked Book Site"
2010-04-06,"Adam Hoyle",0.25,"reviewing content with Dan, email Jay re: deadline",,,"Women's Health","BILLED: Look Better Naked Book Site"
2010-04-06,"Adam Hoyle",0.25,"Send Coremetrics tags to Jay for approval",,,"Women's Health","BILLED: Look Better Naked Book Site"
2010-04-05,"Adam Hoyle",0.5,"process content and final assets from Amy and Dan",,,"Women's Health","BILLED: Look Better Naked Book Site"
2011-09-22,"Adam Hoyle",0.25,"organize param passing requirements and details for john",,,"Women's Health","BILLED: Look Better Naked v2"
2011-09-09,"Adam Hoyle",1.91111,"design updates",,,"Women's Health","BILLED: Look Better Naked v2"
2009-03-28,"Adam Hoyle",3.0,"rebuild restaurant report card per carolyn",,,"Women's Health","BILLED: Rebuild Restaurant Report Card"
2011-08-29,"Adam Hoyle",0.25,"gather all ingredient images, PSDs and final copy",,,"Women's Health","BILLED: Salad Bar"
2011-08-26,"Adam Hoyle",0.5,"download and review assets from Melissa",,,"Women's Health","BILLED: Salad Bar"
2011-04-22,"Adam Hoyle",1.0,"project coordination",,,"Women's Health","BILLED: Skin Center Quiz Updates"
2010-03-22,"Adam Hoyle",0.5,"review designs and discuss feedback",,,"Women's Health","BILLED: Vagina University"
2010-11-17,"Adam Hoyle",1.0,"Coordinate with Malcolm and Adam re: deployment",,,"Women's Health","BILLED: WH Slider in jQuery"
2010-07-14,"Adam Hoyle",0.5,"kickoff call with Matt Holford for implementation of jQuery slider in drupal",,,"Women's Health","BILLED: WH Slider in jQuery"
2010-05-26,"Adam Hoyle",0.5,"review code and send to client",,,"Women's Health","BILLED: WH Slider in jQuery"
2010-12-10,"Adam Hoyle",0.5,"additional bug fixes",,,"Women's Health","BILLED: WH.com Website Design"
2010-12-10,"Adam Hoyle",1.0,"Research slow load times on SM buttons, remove SM buttons, add leaderboard ad",,,"Women's Health","BILLED: WH.com Website Design"
2010-12-09,"Adam Hoyle",0.25,"troubleshoot and update paths on prototype after deployment to WH servers",,,"Women's Health","BILLED: WH.com Website Design"
2010-12-08,"Adam Hoyle",2.0,"link WH Search, Newsletters, add DFP, CM, BC to prototype",,,"Women's Health","BILLED: WH.com Website Design"
2010-11-10,"Adam Hoyle",1.0,"review functional notes for homepage",,,"Women's Health","BILLED: WH.com Website Design"
2010-11-05,"Adam Hoyle",0.5,"review homepage and finalize package for Mike with Scarlett",,,"Women's Health","BILLED: WH.com Website Design"
2010-11-04,"Adam Hoyle",0.5,"call to discuss A/B user testing",,,"Women's Health","BILLED: WH.com Website Design"
2010-10-29,"Adam Hoyle",0.5,"kickoff call with Malcom, Kim Ray, Eric, Adam B",,,"Women's Health","BILLED: WH.com Website Design"
2010-10-27,"Adam Hoyle",0.25,"call with Ron Lopez to discuss dev plan for WH.com",,,"Women's Health","BILLED: WH.com Website Design"
2010-10-05,"Adam Hoyle",0.75,"notes on ""new direction"" and quick mockup to get some ideas out",,,"Women's Health","BILLED: WH.com Website Design"
2010-10-01,"Adam Hoyle",1.0,"review WH design, coordinate with scarlett on nav options and review block type status",,,"Women's Health","BILLED: WH.com Website Design"
2010-09-29,"Adam Hoyle",0.75,"conference call with Eric, Jay",,,"Women's Health","BILLED: WH.com Website Design"
2010-09-28,"Adam Hoyle",0.5,"discuss drop downs and channels with scarlett",,,"Women's Health","BILLED: WH.com Website Design"
2010-09-22,"Adam Hoyle",0.5,"conference call with WH and IT re: WH development, next steps",,,"Women's Health","BILLED: WH.com Website Design"
2010-09-17,"Adam Hoyle",1.5,"call with Eric re: WH.com redesign, directional changes",,,"Women's Health","BILLED: WH.com Website Design"
2010-09-15,"Adam Hoyle",0.5,"Conference call w/ Eric to review new designs and discuss next steps",,,"Women's Health","BILLED: WH.com Website Design"
2010-09-15,"Adam Hoyle",1.0,"status update and game planning with Scarlett",,,"Women's Health","BILLED: WH.com Website Design"
2010-08-26,"Adam Hoyle",0.5,"review scarlett's block research document",,,"Women's Health","BILLED: WH.com Website Design"
2010-08-24,"Adam Hoyle",0.5,"conference call with Eric and Scarlett to lay out next steps for WH redesign",,,"Women's Health","BILLED: WH.com Website Design"
2010-08-04,"Adam Hoyle",0.75,"review designs",,,"Women's Health","BILLED: WH.com Website Design"
2010-06-29,"Adam Hoyle",1.0,"talk to Scarlett re: WH Article Page redesign",,,"Women's Health","BILLED: WH.com Website Design"
2010-05-11,"Adam Hoyle",30.0,"STORMSHIP",,,"Women's Health","BILLED: WH.com Website Design"
2010-04-08,"Adam Hoyle",2.75,"work on revisions to homepage design",,,"Women's Health","BILLED: WH.com Website Design"
2010-04-08,"Adam Hoyle",1.25,"Work on design updates",,,"Women's Health","BILLED: WH.com Website Design"
2010-03-23,"Adam Hoyle",2.5,"Begin work on homepage design",,,"Women's Health","BILLED: WH.com Website Design"
2010-03-19,"Adam Hoyle",0.25,"finish homepage wires",,,"Women's Health","BILLED: WH.com Website Design"
2010-03-18,"Adam Hoyle",1.0,"work on homepage wireframes in prep for design",,,"Women's Health","BILLED: WH.com Website Design"
2010-03-15,"Adam Hoyle",4.0,"finalize moodboards for delivery...",,,"Women's Health","BILLED: WH.com Website Design"
2010-02-25,"Adam Hoyle",0.5,"process meeting notes",,,"Women's Health","BILLED: WH.com Website Design"
2011-10-20,"Adam Hoyle",0.5,"coordinate delivery with Melissa and Lee",,,"Women's Health","BILLED: Your Body On..."
2011-10-12,"Adam Hoyle",0.25,"download PSDs, add notes to basecamp",,,"Women's Health","BILLED: Your Body On..."
2009-10-16,"Adam Hoyle",3.5,"work on first round design comps",,,"Women's Health","DEAD - WH Lists"
2009-10-14,"Adam Hoyle",0.75,"work on WH Lists designs",,,"Women's Health","DEAD - WH Lists"
2009-09-10,"Adam Hoyle",0.75,"review sample content and research requirements",,,"Women's Health","DEAD - WH Lists"
2009-09-01,"Adam Hoyle",0.5,"conference call with Lee and Amy to discuss requirements for lists",,,"Women's Health","DEAD - WH Lists"
2011-04-28,"Adam Hoyle",1.5,"respond to Mik Kivi's questions re: WH blog, send detailed status update to Eric and Jay",,,"Women's Health","DONE: Blog Migration - Drupal to WP"
2011-03-15,"Adam Hoyle",0.5,"call with Jay, Dan re: WH blogs",,,"Women's Health","DONE: Blog Migration - Drupal to WP"
2010-11-19,"Adam Hoyle",0.25,"Call to discuss theming and blogs for WH with Eric and Jay",,,"Women's Health","DONE: Blog Migration - Drupal to WP"
2009-01-07,"Adam Hoyle",1.5,"troubleshoot fires with servers, file paths, etc.",,,"Women's Health","DONE: Clone ETNT for WH"
2009-01-07,"Adam Hoyle",0.75,"create WH and MH versions of error page",,,"Women's Health","DONE: Clone ETNT for WH"
2009-01-07,"Adam Hoyle",0.5,"Look into custom error page and email eric and regina about issues.",,,"Women's Health","DONE: Clone ETNT for WH"
2009-01-07,"Adam Hoyle",1.25,"update title and meta tags, footer links, and category ID, kill search",,,"Women's Health","DONE: Clone ETNT for WH"
2009-01-07,"Adam Hoyle",1.5,"Update ad tags and CM tags",,,"Women's Health","DONE: Clone ETNT for WH"
2009-01-06,"Adam Hoyle",1.14472,"update all paths to eat-this from eatthis-wh, upload, republish and test",,,"Women's Health","DONE: Clone ETNT for WH"
2009-01-02,"Adam Hoyle",0.25,"work with Chris on rsync",,,"Women's Health","DONE: Clone ETNT for WH"
2009-01-02,"Adam Hoyle",0.5,"work on kids / food section",,,"Women's Health","DONE: Clone ETNT for WH"
2009-01-02,"Adam Hoyle",2.5,"database move",,,"Women's Health","DONE: Clone ETNT for WH"
2010-04-26,"Adam Hoyle",0.25,"package and send WH iPad mockups to Chelsea",,,"Women's Health","Misc. Graphics Support"
2010-02-02,"Adam Hoyle",0.25,"fix flipped image of Emily Cook and email to Lee",,,"Women's Health","Misc. Graphics Support"
2010-01-22,"Adam Hoyle",0.25,"change header image on Best TIps center, per Amy",,,"Women's Health","Misc. Graphics Support"
2009-10-23,"Adam Hoyle",0.25,"create promo graphic for 99cent iPhone app weekend sale",,,"Women's Health","Misc. Graphics Support"
2009-09-23,"Adam Hoyle",1.25,,"Age Erasers block","Misc. Graphics Requests","Women's Health","Misc. Graphics Support"
2009-10-19,"Adam Hoyle",0.25,"Update sub ads for November Issue",,,"Women's Health","Monthly Cover Changes: Twitter / WH.com"
2011-10-15,"Adam Hoyle",0.25,"look into sex position spinner, respond to Lee... issue with akamai. spinner always shows same results because it's cachced",,,"Women's Health","WH - Dev / Misc. Support"
2011-10-12,"Adam Hoyle",1.5,"look into slider font spacing on new WH homepage, send CSS tweaks to Malcolm",,,"Women's Health","WH - Dev / Misc. Support"
2011-09-19,"Adam Hoyle",0.5,"add new google conversion tracker to LBN, clear cache, verify on prod",,,"Women's Health","WH - Dev / Misc. Support"
2011-08-26,"Adam Hoyle",1.5,"Updated to healthy hair flash quizzes (X3) per Lee",,,"Women's Health","WH - Dev / Misc. Support"
2011-07-05,"Adam Hoyle",0.5,"provide direct linking URLs for LBN",,,"Women's Health","WH - Dev / Misc. Support"
2011-07-05,"Adam Hoyle",0.5,"fix to LBN form redirect code per Aleisha",,,"Women's Health","WH - Dev / Misc. Support"
2011-06-03,"Adam Hoyle",0.75,"add privacy policy link to all email captures on LBN per Lee, sync to prod, clear akamai",,,"Women's Health","WH - Dev / Misc. Support"
2011-05-20,"Adam Hoyle",0.25,"troubleshoot Heather Morris twitter feed refresh issues",,,"Women's Health","WH - Dev / Misc. Support"
2011-05-17,"Adam Hoyle",0.5,"look into FB LIKE buttons on Fit for Summer header",,,"Women's Health","WH - Dev / Misc. Support"
2011-05-17,"Adam Hoyle",0.5,"support for Lee on WH feature, drupal edit links, etc.",,,"Women's Health","WH - Dev / Misc. Support"
2011-05-13,"Adam Hoyle",0.5,"update Dan, Eric and Jay on recently completed blog items by Mike K",,,"Women's Health","WH - Dev / Misc. Support"
2011-05-09,"Adam Hoyle",0.75,"call w/ Jarrett, Malcolm, Adam B, Holford to discuss HTML/CSS/JS for WH.com",,,"Women's Health","WH - Dev / Misc. Support"
2011-03-15,"Adam Hoyle",1.0,"troubleshoot slow load times on WH LBN, remove Zoomino code and sync to production",,,"Women's Health","WH - Dev / Misc. Support"
2011-02-09,"Adam Hoyle",0.5,"discuss video podcast with Lee",,,"Women's Health","WH - Dev / Misc. Support"
2011-02-08,"Adam Hoyle",0.75,"push code tweaks for LBN live, test, clear akamai",,,"Women's Health","WH - Dev / Misc. Support"
2011-01-03,"Adam Hoyle",0.5,"call with Lee, Malcolm re: WH feature template issues",,,"Women's Health","WH - Dev / Misc. Support"
2010-12-27,"Adam Hoyle",0.5,"update Scarlett on WH feature support status w/ Lee",,,"Women's Health","WH - Dev / Misc. Support"
2010-12-21,"Adam Hoyle",0.75,"CSS support for LEE on Transform",,,"Women's Health","WH - Dev / Misc. Support"
2010-12-01,"Adam Hoyle",0.25,"conference call with Eric, Lee, Malcolm, Jay to gameplan for Transform and Jumpstart heading into final stretch",,,"Women's Health","WH - Dev / Misc. Support"
2010-11-10,"Adam Hoyle",2.0,"troubleshoot LBN slides not loading, and fix",,,"Women's Health","WH - Dev / Misc. Support"
2010-11-03,"Adam Hoyle",0.5,"design dashboard",,,"Women's Health","WH - Dev / Misc. Support"
2010-11-02,"Adam Hoyle",0.25,"review jQuery slider code, communicate with Mat/Adam B",,,"Women's Health","WH - Dev / Misc. Support"
2010-10-05,"Adam Hoyle",1.0,"Add tracking code. Test on dev. Setup Rsync, run Rsync, test on prod","Add Nielson tracking code to LBN","Web Maintenance","Women's Health","WH - Dev / Misc. Support"
2010-10-01,"Adam Hoyle",0.25,"submit ticket for new rsync",,,"Women's Health","WH - Dev / Misc. Support"
2010-10-01,"Adam Hoyle",0.25,"call with Anna re: WH LBN code push",,,"Women's Health","WH - Dev / Misc. Support"
2010-10-01,"Adam Hoyle",0.25,"process request from Lee to add tracking code to LBN - submit RAF",,,"Women's Health","WH - Dev / Misc. Support"
2010-10-01,"Adam Hoyle",0.5,"call with Ron re WH project plan",,,"Women's Health","WH - Dev / Misc. Support"
2010-09-30,"Adam Hoyle",0.25,"review neilson code for LBN",,,"Women's Health","WH - Dev / Misc. Support"
2010-07-19,"Adam Hoyle",0.25,"add Zoomino, ComScore, Quantcast tag to Look Better Naked",,,"Women's Health","WH - Dev / Misc. Support"
2010-07-19,"Adam Hoyle",0.25,"add media6degrees script to Look Better Naked",,,"Women's Health","WH - Dev / Misc. Support"
2010-05-17,"Adam Hoyle",0.25,"update iTunes links, update CM, request rule from IT, and move files to prod for WH iPad site",,,"Women's Health","WH - Dev / Misc. Support"
2010-04-30,"Adam Hoyle",0.25,"support for Lee with repeating background image on WH abs diet",,,"Women's Health","WH - Dev / Misc. Support"
2010-04-21,"Adam Hoyle",0.25,"organize outstanding project list",,,"Women's Health","WH - Dev / Misc. Support"
2010-01-19,"Adam Hoyle",4.0,"DAVE EDIS - YBBE",,,"Women's Health","WH - Dev / Misc. Support"
2010-01-15,"Adam Hoyle",0.25,"update YBBE prize graphic copy per Erin",,,"Women's Health","WH - Dev / Misc. Support"
2010-01-14,"Adam Hoyle",0.25,"pull YBBE stats for erin and jay",,,"Women's Health","WH - Dev / Misc. Support"
2010-01-07,"Adam Hoyle",1.0,"update YBBE CMS code in viewerfunctions to ignore CM tagging",,,"Women's Health","WH - Dev / Misc. Support"
2010-01-04,"Adam Hoyle",1.0,"look into issue where CMS logs user out (related to load balanced environment and shared session cookie)",,,"Women's Health","WH - Dev / Misc. Support"
2009-12-21,"Adam Hoyle",0.5,"support for Lee lecky on changing div height on skinny jean workout",,,"Women's Health","WH - Dev / Misc. Support"
2009-12-02,"Adam Hoyle",0.25,"Update to Contraceptive Center quiz per Naomi",,,"Women's Health","WH - Dev / Misc. Support"
2009-12-01,"Adam Hoyle",0.5,"update WH Healthy Tips Facebook app w/ Tom's of Main logo and reset tip counter per Amy Van D.",,,"Women's Health","WH - Dev / Misc. Support"
2009-11-30,"Adam Hoyle",0.25,"edit HTML for Lee Leckey for Best Tips page template, text not wrapping properly around image due to extra divs.",,,"Women's Health","WH - Dev / Misc. Support"
2009-11-30,"Adam Hoyle",0.25,"support for Lee Lecky with line-height issue on Best Tips navigation",,,"Women's Health","WH - Dev / Misc. Support"
2009-11-24,"Adam Hoyle",0.25,"Remove SURVEY section from PVN guide site per Jill Baughman",,,"Women's Health","WH - Dev / Misc. Support"
2009-11-24,"Adam Hoyle",0.5,"finish adding phase 3 workout to WH Transform",,,"Women's Health","WH - Dev / Misc. Support"
2009-11-23,"Adam Hoyle",1.5,"add Phase 3 workout for Transform",,,"Women's Health","WH - Dev / Misc. Support"
2009-11-17,"Adam Hoyle",0.348333,"push Smoothie App page live",,,"Women's Health","WH - Dev / Misc. Support"
2009-11-10,"Adam Hoyle",0.75,"update Sex Position tool with link to Download All Position PDF - per Lee and Erin",,,"Women's Health","WH - Dev / Misc. Support"
2009-11-05,"Adam Hoyle",0.5,"create a self-contained archive of Sex Position assets for Lee. She's sending to international sites",,,"Women's Health","WH - Dev / Misc. Support"
2009-10-13,"Adam Hoyle",0.25,"fix Skin Center page for Lee",,,"Women's Health","WH - Dev / Misc. Support"
2009-10-13,"Adam Hoyle",0.25,"fix formatting issue on Contraceptive Center feature pages for Lee",,,"Women's Health","WH - Dev / Misc. Support"
2009-10-13,"Adam Hoyle",1.5,"fix formatting issue on Breast Cancer feature pages for Lee",,,"Women's Health","WH - Dev / Misc. Support"
2009-10-08,"Adam Hoyle",0.25,"support for Lee Leckey, adding image caption to Breast Cancer slideshow",,,"Women's Health","WH - Dev / Misc. Support"
2009-10-05,"Adam Hoyle",1.0,"support Lee with CSS and code fixes on Contraceptive center via Drupal",,,"Women's Health","WH - Dev / Misc. Support"
2009-10-02,"Adam Hoyle",0.25,"Pull current Transform numbers and email addresses, email to Steve",,,"Women's Health","WH - Dev / Misc. Support"
2009-10-02,"Adam Hoyle",1.0,"Support for Lee with embedding Flash quiz, help with Skinny Jeans CSS conflicts, help with Contraceptive center chart alignment",,,"Women's Health","WH - Dev / Misc. Support"
2009-08-31,"Adam Hoyle",0.25,"help Lee figure out a CSS issue with text not wrapping the image",,,"Women's Health","WH - Dev / Misc. Support"
2009-08-31,"Adam Hoyle",0.25,"help Lee figure out a CSS issue with text not wrapping the image",,,"Women's Health","WH - Dev / Misc. Support"
2009-08-31,"Adam Hoyle",0.25,"help Lee figure out why text is centered in tabbed box.",,,"Women's Health","WH - Dev / Misc. Support"
2009-08-27,"Adam Hoyle",0.649722,"support for Lee building Stomach tool, issue with embedded Flash",,,"Women's Health","WH - Dev / Misc. Support"
2009-08-27,"Adam Hoyle",0.25,"call with Lee to help with Stomach Center HTML and CSS, getting it into Drupal",,,"Women's Health","WH - Dev / Misc. Support"
2009-08-17,"Adam Hoyle",0.25,"Add Footer row to Daily Dose newsletter",,,"Women's Health","WH - Dev / Misc. Support"
2009-07-28,"Adam Hoyle",0.25,"add a new row to the table <tr><td></td></tr> on WH Workouts for Lee",,,"Women's Health","WH - Dev / Misc. Support"
2009-07-28,"Adam Hoyle",0.5,"Slider images for Best Tips and Skin Center",,,"Women's Health","WH - Dev / Misc. Support"
2009-03-01,"Adam Hoyle",0.520278,"download all slideshow images and send to Jayme Lynes",,,"Women's Health","WH - Dev / Misc. Support"
2009-02-25,"Adam Hoyle",0.25,"add target blank to new WH links on etnt free site, sync to prod, clear akamai",,,"Women's Health","WH - Dev / Misc. Support"
2009-02-24,"Adam Hoyle",0.5,"update TODAY ON WOMEN'S HEALTH in site, remove ellen video",,,"Women's Health","WH - Dev / Misc. Support"
2009-01-13,"Adam Hoyle",0.368056,"review site and post feedback to basecamp",,,"Yoga Life","Content Syndication to WH, RW, PVN"
2009-02-26,"Adam Hoyle",0.5,"CMS walk-through with Jayme Lynes",,,"Yoga Life","Weekly Site Updates"
2011-09-09,"Adam Hoyle",2.0,"updates per Hoi",,,"zMags","BILLED: Landing Pages"
2010-09-24,"Adam Hoyle",2.0,"meeting at zMags",,,"zMags","BILLED: Website Maintenance"
2011-10-06,"Adam Hoyle",0.75,"review plans for new ""30-day"" site, and respond to Lisa",,,"zMags","Zmags - Dev./Misc. Support"
2011-10-04,"Adam Hoyle",1.0,"call with Lisa Kilborn and Melissa",,,"zMags","Zmags - Dev./Misc. Support"
2011-09-28,"Adam Hoyle",2.0,"prep for call with Melissa, updates to proposals, 90 day plan, etc.",,,"zMags","Zmags - Dev./Misc. Support"
2011-08-31,"Adam Hoyle",0.5,"project recap call w/ Hoi",,,"zMags","Zmags - Dev./Misc. Support"
2011-08-24,"Adam Hoyle",0.5,"zmags tutorial w/ Hoi",,,"zMags","Zmags - Dev./Misc. Support"
2011-06-15,"Adam Hoyle",1.0,"followup strategy",,,"zMags","Zmags - Dev./Misc. Support"
2011-06-14,"Adam Hoyle",4.0,"90 day plan - presentation",,,"zMags","Zmags - Dev./Misc. Support"
2011-06-01,"Adam Hoyle",1.0,"assemble and write SEO performance info for Hoi",,,"zMags","Zmags - Dev./Misc. Support"
2011-05-26,"Adam Hoyle",1.0,"capabilities meeting",,,"zMags","Zmags - Dev./Misc. Support"
2011-05-25,"Adam Hoyle",0.25,"re-cutting of tooltip image",,,"zMags","Zmags - Dev./Misc. Support"
2010-11-12,"Adam Hoyle",1.0,"troubleshoot forms with Hoi",,,"zMags","Zmags - Dev./Misc. Support"
2010-11-02,"Adam Hoyle",0.5,"troubleshoot adwords integration with Adam B",,,"zMags","Zmags - Dev./Misc. Support"