date,person,hours,description,todo,list,company,project
2021-10-13,"Kyle Langford",0.5,"Creating Success Page","Build Program/Challenge content pages (Landing Page, Weeks 1, 2, 3, 4)","Dev","BlueZones","BlueZones Website MVP"
2021-10-12,"Kyle Langford",0.5,"Step Content Changes, review and slack with nicole.","Build Program/Challenge content pages (Landing Page, Weeks 1, 2, 3, 4)","Dev","BlueZones","BlueZones Website MVP"
2021-10-12,"Kyle Langford",0.5,"adding video","Build Program/Challenge content pages (Landing Page, Weeks 1, 2, 3, 4)","Dev","BlueZones","BlueZones Website MVP"
2021-10-12,"Kyle Langford",0.75,"weekly check-in","Meetings & Phone Calls","Misc.","BlueZones","BlueZones Website MVP"
2021-10-12,"Kyle Langford",1.0,"Styling - Step list, 2-col list, misc","Build Program/Challenge content pages (Landing Page, Weeks 1, 2, 3, 4)","Dev","BlueZones","BlueZones Website MVP"
2021-10-11,"Kyle Langford",1.0,"Updating CSS for Prod, Testing","Build Program/Challenge content pages (Landing Page, Weeks 1, 2, 3, 4)","Dev","BlueZones","BlueZones Website MVP"
2021-10-11,"Kyle Langford",0.75,"Creating content on Prod.","Build Program/Challenge content pages (Landing Page, Weeks 1, 2, 3, 4)","Dev","BlueZones","BlueZones Website MVP"
2021-10-11,"Kyle Langford",4.5,"Steps, Select Nav, Mobile Styling","Build Program/Challenge content pages (Landing Page, Weeks 1, 2, 3, 4)","Dev","BlueZones","BlueZones Website MVP"
2021-10-08,"Kyle Langford",4.25,"Overview, week 1, week 2, week 3, week 4","Build Program/Challenge content pages (Landing Page, Weeks 1, 2, 3, 4)","Dev","BlueZones","BlueZones Website MVP"
2021-10-07,"Kyle Langford",3.0,"Building content out on staging","Build Program/Challenge content pages (Landing Page, Weeks 1, 2, 3, 4)","Dev","BlueZones","BlueZones Website MVP"
2021-10-07,"Kyle Langford",0.75,"Zoom w/ Jay re: Page Sub Nav + Adam","Meetings & Phone Calls","Misc.","BlueZones","BlueZones Website MVP"
2021-10-06,"Kyle Langford",1.0,"Post Launch Fixes","Misc dev support","Dev","BlueZones","BlueZones Website MVP"
2021-10-06,"Kyle Langford",0.75,"Code Snippet, Research","Hide admin bar from non-admin users","Dev","BlueZones","BlueZones Website MVP"
2021-10-06,"Kyle Langford",0.5,"internal call to review some loose ends","Meetings & Phone Calls","Misc.","BlueZones","BlueZones Website MVP"
2021-10-06,"Kyle Langford",0.25,"Ajax Disable","Create signup/registration form","Dev","BlueZones","BlueZones Website MVP"
2021-10-06,"Kyle Langford",1.0,"Plugin Setup, Page Build","Redirect users to challenge content pages after login based on role","Dev","BlueZones","BlueZones Website MVP"
2021-10-05,"Kyle Langford",7.5,"Building Landing Page, QA","Create program landing page on prod","Dev","BlueZones","BlueZones Website MVP"
2021-10-05,"Kyle Langford",0.75,"client","Meetings & Phone Calls","Misc.","BlueZones","BlueZones Website MVP"
2021-10-04,"Kyle Langford",0.5,"Styling","Create signup/registration form","Dev","BlueZones","BlueZones Website MVP"
2021-10-04,"Kyle Langford",2.25,"Building Landing Page","Create program landing page on prod","Dev","BlueZones","BlueZones Website MVP"
2021-10-04,"Kyle Langford",4.0,"Building Landing Page","Create program landing page on prod","Dev","BlueZones","BlueZones Website MVP"
2021-10-04,"Kyle Langford",1.75,"MC Updates, Copy to prod,","Create signup/registration form","Dev","BlueZones","BlueZones Website MVP"
2021-10-04,"Kyle Langford",1.0,"Styling","Create signup/registration form","Dev","BlueZones","BlueZones Website MVP"
2021-10-03,"Kyle Langford",1.0,"Styling","Create signup/registration form","Dev","BlueZones","BlueZones Website MVP"
2021-10-03,"Kyle Langford",2.0,"Form, Emails","Create signup/registration form","Dev","BlueZones","BlueZones Website MVP"
2021-10-02,"Kyle Langford",2.0,"Form","Create signup/registration form","Dev","BlueZones","BlueZones Website MVP"
2021-10-01,"Kyle Langford",3.0,"firedrill - form embed, Meeting (friday 1pm), Mobile text styling","Create program landing page on prod","Dev","BlueZones","BlueZones Website MVP"
2021-09-30,"Kyle Langford",1.0,"BZ form documentation and zoom with team to review","Meetings & Phone Calls","Misc.","BlueZones","BlueZones Website MVP"
2021-09-30,"Kyle Langford",2.75,"DD wpforms, gravity forms, wp plugin creation and user creation","Create signup/registration form","Dev","BlueZones","BlueZones Website MVP"
2021-09-28,"Kyle Langford",0.75,"weekly check-in","Meetings & Phone Calls","Misc.","BlueZones","BlueZones Website MVP"
2021-09-28,"Kyle Langford",1.0,"internal kickoff call w/ Jay and Adam","Meetings & Phone Calls","Misc.","BlueZones","BlueZones Website MVP"
2021-09-22,"Kyle Langford",2.0,"Testing, Removing plugins from prod, creating staging site","Create staging site","Dev","BlueZones","BlueZones Website MVP"
2021-09-21,"Kyle Langford",0.75,"Spinning up pantheon site for testing.","Create staging site","Dev","BlueZones","BlueZones Website MVP"
2021-09-21,"Kyle Langford",1.0,"Attempting to create stating site, online support","Create staging site","Dev","BlueZones","BlueZones Website MVP"
2023-09-25,"Kyle Langford",0.5,"","Weekly Checkin Call","Misc.","Brunello, Inc.","*Brunello Admin"
2023-09-11,"Kyle Langford",0.5,"","Weekly Checkin Call","Misc.","Brunello, Inc.","*Brunello Admin"
2023-09-08,"Kyle Langford",1.0,"","Weekly Design and Dev Review","Misc.","Brunello, Inc.","*Brunello Admin"
2023-09-05,"Kyle Langford",1.0,"Weekly + Sumer","Weekly Checkin Call","Misc.","Brunello, Inc.","*Brunello Admin"
2023-09-01,"Kyle Langford",0.5,"","Weekly Design and Dev Review","Misc.","Brunello, Inc.","*Brunello Admin"
2023-08-28,"Kyle Langford",0.5,"","Weekly Checkin Call","Misc.","Brunello, Inc.","*Brunello Admin"
2023-08-14,"Kyle Langford",0.5,"","Weekly Checkin Call","Misc.","Brunello, Inc.","*Brunello Admin"
2023-08-07,"Kyle Langford",0.5,"Weekly Todos",,,"Brunello, Inc.","*Brunello Admin"
2023-08-01,"Kyle Langford",0.5,"","Hours/Time entry","Misc.","Brunello, Inc.","*Brunello Admin"
2023-07-31,"Kyle Langford",0.5,"","Weekly Checkin Call","Misc.","Brunello, Inc.","*Brunello Admin"
2023-07-24,"Kyle Langford",0.5,"","Weekly Checkin Call","Misc.","Brunello, Inc.","*Brunello Admin"
2023-07-14,"Kyle Langford",1.0,"","Weekly Design and Dev Review","Misc.","Brunello, Inc.","*Brunello Admin"
2023-07-11,"Kyle Langford",1.0,"New biz call w/ EforAll","Meetings & Phone Calls","Misc.","Brunello, Inc.","*Brunello Admin"
2023-07-10,"Kyle Langford",1.0,"","Weekly Checkin Call","Misc.","Brunello, Inc.","*Brunello Admin"
2023-07-06,"Kyle Langford",0.5,"","Add GTM script to brunellocreative.com","Misc.","Brunello, Inc.","*Brunello Admin"
2023-07-05,"Kyle Langford",0.5,"Reviewing GA Migration Sites",,,"Brunello, Inc.","*Brunello Admin"
2023-06-30,"Kyle Langford",1.0,"","Weekly Design and Dev Review","Misc.","Brunello, Inc.","*Brunello Admin"
2023-06-26,"Kyle Langford",0.5,"","Weekly Checkin Call","Misc.","Brunello, Inc.","*Brunello Admin"
2023-06-22,"Kyle Langford",1.0,"Setting up office",,,"Brunello, Inc.","*Brunello Admin"
2023-06-19,"Kyle Langford",0.5,"Gusto Signup","Misc. Business Management","Misc.","Brunello, Inc.","*Brunello Admin"
2023-06-19,"Kyle Langford",0.75,"Start email","UA -> GA4 Email","Misc.","Brunello, Inc.","*Brunello Admin"
2023-06-19,"Kyle Langford",0.5,"","Weekly Checkin Call","Misc.","Brunello, Inc.","*Brunello Admin"
2023-06-16,"Kyle Langford",0.5,"","Weekly Design and Dev Review","Misc.","Brunello, Inc.","*Brunello Admin"
2023-06-12,"Kyle Langford",0.5,"Setting up GTM Page View and Account","Add GTM script to brunellocreative.com","Misc.","Brunello, Inc.","*Brunello Admin"
2023-06-12,"Kyle Langford",0.5,"Apple VR",,,"Brunello, Inc.","*Brunello Admin"
2023-06-12,"Kyle Langford",0.75,"","Weekly Checkin Call","Misc.","Brunello, Inc.","*Brunello Admin"
2023-06-05,"Kyle Langford",0.75,"","Weekly Checkin Call","Misc.","Brunello, Inc.","*Brunello Admin"
2023-06-02,"Kyle Langford",1.0,"","Weekly Design and Dev Review","Misc.","Brunello, Inc.","*Brunello Admin"
2023-05-30,"Kyle Langford",0.5,"Time Entry","Hours/Time entry","Misc.","Brunello, Inc.","*Brunello Admin"
2023-05-22,"Kyle Langford",0.5,"","Weekly Checkin Call","Misc.","Brunello, Inc.","*Brunello Admin"
2023-05-19,"Kyle Langford",1.0,"","Weekly Design and Dev Review","Misc.","Brunello, Inc.","*Brunello Admin"
2023-05-19,"Kyle Langford",0.5,"","Data Studio Report","Misc.","Brunello, Inc.","*Brunello Admin"
2023-05-18,"Kyle Langford",1.0,"","Data Studio Report","Misc.","Brunello, Inc.","*Brunello Admin"
2023-05-17,"Kyle Langford",0.5,"Time Entry","Hours/Time entry","Misc.","Brunello, Inc.","*Brunello Admin"
2023-05-15,"Kyle Langford",0.25,"Check-in","Weekly Checkin Call","Misc.","Brunello, Inc.","*Brunello Admin"
2023-05-12,"Kyle Langford",1.0,"","Weekly Design and Dev Review","Misc.","Brunello, Inc.","*Brunello Admin"
2023-05-11,"Kyle Langford",0.5,"Approved Domain List",,,"Brunello, Inc.","*Brunello Admin"
2023-05-08,"Kyle Langford",1.0,"Creating Reports","Data Studio Report","Misc.","Brunello, Inc.","*Brunello Admin"
2023-05-08,"Kyle Langford",0.5,"","Weekly Checkin Call","Misc.","Brunello, Inc.","*Brunello Admin"
2023-05-05,"Kyle Langford",1.0,"","Weekly Design and Dev Review","Misc.","Brunello, Inc.","*Brunello Admin"
2023-05-02,"Kyle Langford",0.5,"Checking Time","Hours/Time entry","Misc.","Brunello, Inc.","*Brunello Admin"
2023-04-28,"Kyle Langford",0.75,"","Weekly Design and Dev Review","Misc.","Brunello, Inc.","*Brunello Admin"
2023-04-26,"Kyle Langford",0.75,"catchup w/ Adam","Meetings & Phone Calls","Misc.","Brunello, Inc.","*Brunello Admin"
2023-04-17,"Kyle Langford",0.5,"","Weekly Checkin Call","Misc.","Brunello, Inc.","*Brunello Admin"
2023-04-14,"Kyle Langford",0.75,"","Weekly Design and Dev Review","Misc.","Brunello, Inc.","*Brunello Admin"
2023-04-10,"Kyle Langford",0.5,"","Weekly Checkin Call","Misc.","Brunello, Inc.","*Brunello Admin"
2023-04-07,"Kyle Langford",0.75,"","Weekly Design and Dev Review","Misc.","Brunello, Inc.","*Brunello Admin"
2023-04-05,"Kyle Langford",0.5,"time entry","Hours/Time entry","Misc.","Brunello, Inc.","*Brunello Admin"
2023-04-03,"Kyle Langford",0.5,"","Weekly Checkin Call","Misc.","Brunello, Inc.","*Brunello Admin"
2023-03-31,"Kyle Langford",1.0,"","Weekly Design and Dev Review","Misc.","Brunello, Inc.","*Brunello Admin"
2023-03-29,"Kyle Langford",0.25,"Time Entry","Hours/Time entry","Misc.","Brunello, Inc.","*Brunello Admin"
2023-03-27,"Kyle Langford",0.5,"","Weekly Checkin Call","Misc.","Brunello, Inc.","*Brunello Admin"
2023-03-22,"Kyle Langford",0.5,"Review enel /vicinity items w/ adam",,,"Brunello, Inc.","*Brunello Admin"
2023-03-20,"Kyle Langford",0.5,"","Weekly Checkin Call","Misc.","Brunello, Inc.","*Brunello Admin"
2023-03-17,"Kyle Langford",1.0,"","Weekly Design and Dev Review","Misc.","Brunello, Inc.","*Brunello Admin"
2023-03-15,"Kyle Langford",0.5,"Learning how to review a pull request in github",,,"Brunello, Inc.","*Brunello Admin"
2023-03-14,"Kyle Langford",1.0,"Playing with Chat GPT",,,"Brunello, Inc.","*Brunello Admin"
2023-03-14,"Kyle Langford",1.5,"First Pass","GA 4 - What you need to know email.","Misc.","Brunello, Inc.","*Brunello Admin"
2023-03-13,"Kyle Langford",1.0,"Reviewing Link","GA 4 - What you need to know email.","Misc.","Brunello, Inc.","*Brunello Admin"
2023-03-13,"Kyle Langford",0.5,"","Weekly Checkin Call","Misc.","Brunello, Inc.","*Brunello Admin"
2023-03-10,"Kyle Langford",0.75,"Weekly Meeting","Weekly Design and Dev Review","Misc.","Brunello, Inc.","*Brunello Admin"
2023-03-03,"Kyle Langford",0.5,"Moving time from planyway","Hours/Time entry","Misc.","Brunello, Inc.","*Brunello Admin"
2023-03-02,"Kyle Langford",0.5,"Breaking down IBC time","Hours/Time entry","Misc.","Brunello, Inc.","*Brunello Admin"
2023-03-02,"Kyle Langford",1.0,"Time Entry, Moving time from planyway","Hours/Time entry","Misc.","Brunello, Inc.","*Brunello Admin"
2023-02-27,"Kyle Langford",0.5,"","Weekly Checkin Call","Misc.","Brunello, Inc.","*Brunello Admin"
2023-02-24,"Kyle Langford",0.5,"","Weekly Design and Dev Review","Misc.","Brunello, Inc.","*Brunello Admin"
2023-02-20,"Kyle Langford",0.5,"","Weekly Checkin Call","Misc.","Brunello, Inc.","*Brunello Admin"
2023-02-17,"Kyle Langford",0.5,"","Weekly Design and Dev Review","Misc.","Brunello, Inc.","*Brunello Admin"
2023-02-13,"Kyle Langford",0.5,"","Weekly Checkin Call","Misc.","Brunello, Inc.","*Brunello Admin"
2023-02-10,"Kyle Langford",0.5,"","Weekly Design and Dev Review","Misc.","Brunello, Inc.","*Brunello Admin"
2023-02-06,"Kyle Langford",0.5,"","Weekly Checkin Call","Misc.","Brunello, Inc.","*Brunello Admin"
2023-02-03,"Kyle Langford",1.0,"","Weekly Design and Dev Review","Misc.","Brunello, Inc.","*Brunello Admin"
2023-02-02,"Kyle Langford",0.25,"1Password call w/ Adam","Meetings & Phone Calls","Misc.","Brunello, Inc.","*Brunello Admin"
2023-02-01,"Kyle Langford",2.0,"Trello Boards, Taking on more work",,,"Brunello, Inc.","*Brunello Admin"
2023-02-01,"Kyle Langford",0.5,"","Hours/Time entry","Misc.","Brunello, Inc.","*Brunello Admin"
2023-01-31,"Kyle Langford",0.5,"","Hours/Time entry","Misc.","Brunello, Inc.","*Brunello Admin"
2023-01-31,"Kyle Langford",0.5,"Weekly huddle (Bonus)","Weekly Checkin Call","Misc.","Brunello, Inc.","*Brunello Admin"
2023-01-30,"Kyle Langford",0.5,"","Weekly Checkin Call","Misc.","Brunello, Inc.","*Brunello Admin"
2023-01-25,"Kyle Langford",2.0,"Trello Demo (1.25), Meeting Prep",,,"Brunello, Inc.","*Brunello Admin"
2023-01-24,"Kyle Langford",2.5,"Trello",,,"Brunello, Inc.","*Brunello Admin"
2023-01-23,"Kyle Langford",1.5,"Planaway",,,"Brunello, Inc.","*Brunello Admin"
2023-01-23,"Kyle Langford",0.5,"","Weekly Checkin Call","Misc.","Brunello, Inc.","*Brunello Admin"
2023-01-20,"Kyle Langford",2.0,"Trello",,,"Brunello, Inc.","*Brunello Admin"
2023-01-19,"Kyle Langford",1.0,"Trello Summary",,,"Brunello, Inc.","*Brunello Admin"
2023-01-18,"Kyle Langford",1.0,"Trello",,,"Brunello, Inc.","*Brunello Admin"
2023-01-17,"Kyle Langford",2.0,"Trello",,,"Brunello, Inc.","*Brunello Admin"
2023-01-16,"Kyle Langford",3.0,"Trello",,,"Brunello, Inc.","*Brunello Admin"
2023-01-10,"Kyle Langford",0.5,"Demo Anima with Jay","Training and education","Misc.","Brunello, Inc.","*Brunello Admin"
2023-01-09,"Kyle Langford",0.5,"","Weekly Checkin Call","Misc.","Brunello, Inc.","*Brunello Admin"
2023-01-03,"Kyle Langford",0.5,"","Weekly Checkin Call","Misc.","Brunello, Inc.","*Brunello Admin"
2022-12-23,"Kyle Langford",1.0,"","Weekly Design and Dev Review","Misc.","Brunello, Inc.","*Brunello Admin"
2022-12-19,"Kyle Langford",0.5,"","Weekly Checkin Call","Misc.","Brunello, Inc.","*Brunello Admin"
2022-12-16,"Kyle Langford",0.25,"quick checkin w/ Adam","Meetings & Phone Calls","Misc.","Brunello, Inc.","*Brunello Admin"
2022-12-16,"Kyle Langford",0.75,"","Weekly Design and Dev Review","Misc.","Brunello, Inc.","*Brunello Admin"
2022-12-12,"Kyle Langford",0.5,"","Weekly Checkin Call","Misc.","Brunello, Inc.","*Brunello Admin"
2022-12-09,"Kyle Langford",1.0,"","Weekly Design and Dev Review","Misc.","Brunello, Inc.","*Brunello Admin"
2022-12-05,"Kyle Langford",0.5,"Weekly Checkin","Weekly Checkin Call","Misc.","Brunello, Inc.","*Brunello Admin"
2022-12-02,"Kyle Langford",1.0,"","Weekly Design and Dev Review","Misc.","Brunello, Inc.","*Brunello Admin"
2022-11-28,"Kyle Langford",0.5,"Weekly Check In","Weekly Checkin Call","Misc.","Brunello, Inc.","*Brunello Admin"
2022-11-21,"Kyle Langford",0.5,"Weekly Check In","Weekly Checkin Call","Misc.","Brunello, Inc.","*Brunello Admin"
2022-11-18,"Kyle Langford",1.0,"","Weekly Design and Dev Review","Misc.","Brunello, Inc.","*Brunello Admin"
2022-11-14,"Kyle Langford",0.5,"","Weekly Checkin Call","Misc.","Brunello, Inc.","*Brunello Admin"
2022-11-11,"Kyle Langford",0.75,"","Weekly Design and Dev Review","Misc.","Brunello, Inc.","*Brunello Admin"
2022-11-08,"Kyle Langford",0.75,"Reviewing workload w/ Adam","Meetings & Phone Calls","Misc.","Brunello, Inc.","*Brunello Admin"
2022-11-07,"Kyle Langford",0.5,"Weekly Check In","Weekly Checkin Call","Misc.","Brunello, Inc.","*Brunello Admin"
2022-11-04,"Kyle Langford",0.75,"","Weekly Design and Dev Review","Misc.","Brunello, Inc.","*Brunello Admin"
2022-10-24,"Kyle Langford",0.5,"","Weekly Checkin Call","Misc.","Brunello, Inc.","*Brunello Admin"
2022-10-21,"Kyle Langford",0.75,"","Weekly Design and Dev Review","Misc.","Brunello, Inc.","*Brunello Admin"
2022-10-17,"Kyle Langford",0.5,"","Weekly Checkin Call","Misc.","Brunello, Inc.","*Brunello Admin"
2022-10-14,"Kyle Langford",1.0,"","Weekly Design and Dev Review","Misc.","Brunello, Inc.","*Brunello Admin"
2022-10-13,"Kyle Langford",1.0,"webinar - Pantheon Front-End Sites: The Next Generation of WebOps Innovation","Training and education","Misc.","Brunello, Inc.","*Brunello Admin"
2022-10-03,"Kyle Langford",0.5,"","Weekly Checkin Call","Misc.","Brunello, Inc.","*Brunello Admin"
2022-09-30,"Kyle Langford",1.0,"","Weekly Design and Dev Review","Misc.","Brunello, Inc.","*Brunello Admin"
2022-09-28,"Kyle Langford",2.5,"phpStorm, TabNine",,,"Brunello, Inc.","*Brunello Admin"
2022-09-26,"Kyle Langford",0.5,"","Weekly Checkin Call","Misc.","Brunello, Inc.","*Brunello Admin"
2022-09-19,"Kyle Langford",1.0,"Looking at PHPStorm and Tabnine",,,"Brunello, Inc.","*Brunello Admin"
2022-09-19,"Kyle Langford",0.5,"","Weekly Checkin Call","Misc.","Brunello, Inc.","*Brunello Admin"
2022-09-16,"Kyle Langford",0.5,"","Weekly Design and Dev Review","Misc.","Brunello, Inc.","*Brunello Admin"
2022-09-12,"Kyle Langford",0.5,"","Weekly Checkin Call","Misc.","Brunello, Inc.","*Brunello Admin"
2022-09-02,"Kyle Langford",0.25,"Paychex updating pdf",,,"Brunello, Inc.","*Brunello Admin"
2022-09-02,"Kyle Langford",0.75,"","Weekly Design and Dev Review","Misc.","Brunello, Inc.","*Brunello Admin"
2022-08-31,"Kyle Langford",0.75,"Hours",,,"Brunello, Inc.","*Brunello Admin"
2022-08-29,"Kyle Langford",0.5,"","Weekly Checkin Call","Misc.","Brunello, Inc.","*Brunello Admin"
2022-08-26,"Kyle Langford",1.0,"","Weekly Design and Dev Review","Misc.","Brunello, Inc.","*Brunello Admin"
2022-08-24,"Kyle Langford",0.5,"paychex deferrals form",,,"Brunello, Inc.","*Brunello Admin"
2022-08-22,"Kyle Langford",0.5,"","Weekly Checkin Call","Misc.","Brunello, Inc.","*Brunello Admin"
2022-08-19,"Kyle Langford",0.5,"","Weekly Design and Dev Review","Misc.","Brunello, Inc.","*Brunello Admin"
2022-08-12,"Kyle Langford",0.75,"","Weekly Design and Dev Review","Misc.","Brunello, Inc.","*Brunello Admin"
2022-08-01,"Kyle Langford",0.5,"","Weekly Checkin Call","Misc.","Brunello, Inc.","*Brunello Admin"
2022-07-25,"Kyle Langford",0.5,"","Weekly Checkin Call","Misc.","Brunello, Inc.","*Brunello Admin"
2022-07-22,"Kyle Langford",0.75,"","Weekly Design and Dev Review","Misc.","Brunello, Inc.","*Brunello Admin"
2022-07-11,"Kyle Langford",0.5,"weekly checkin","Weekly Checkin Call","Misc.","Brunello, Inc.","*Brunello Admin"
2022-07-05,"Kyle Langford",0.5,"June Hours","Hours/Time entry","Misc.","Brunello, Inc.","*Brunello Admin"
2022-07-05,"Kyle Langford",1.0,"Weekly Checkin","Weekly Checkin Call","Misc.","Brunello, Inc.","*Brunello Admin"
2022-06-27,"Kyle Langford",0.5,"Weekly Call","Weekly Checkin Call","Misc.","Brunello, Inc.","*Brunello Admin"
2022-06-24,"Kyle Langford",1.0,"Meeting","Weekly Design and Dev Review","Misc.","Brunello, Inc.","*Brunello Admin"
2022-06-20,"Kyle Langford",0.5,"","Weekly Checkin Call","Misc.","Brunello, Inc.","*Brunello Admin"
2022-06-17,"Kyle Langford",0.5,"","Weekly Design and Dev Review","Misc.","Brunello, Inc.","*Brunello Admin"
2022-06-13,"Kyle Langford",0.5,"Weekly Check-In","Weekly Checkin Call","Misc.","Brunello, Inc.","*Brunello Admin"
2022-06-10,"Kyle Langford",0.75,"Design and Dev Review (1password)","Weekly Design and Dev Review","Misc.","Brunello, Inc.","*Brunello Admin"
2022-06-07,"Kyle Langford",1.0,"","Password Management","Misc.","Brunello, Inc.","*Brunello Admin"
2022-06-06,"Kyle Langford",2.5,"Test 1password / Setup up account","Password Management","Misc.","Brunello, Inc.","*Brunello Admin"
2022-06-06,"Kyle Langford",0.5,"Weekly Check In","Weekly Checkin Call","Misc.","Brunello, Inc.","*Brunello Admin"
2022-06-03,"Kyle Langford",1.0,"","Weekly Design and Dev Review","Misc.","Brunello, Inc.","*Brunello Admin"
2022-06-02,"Kyle Langford",0.5,"time entry",,,"Brunello, Inc.","*Brunello Admin"
2022-05-31,"Kyle Langford",0.75,"weekly check-in","Weekly Checkin Call","Misc.","Brunello, Inc.","*Brunello Admin"
2022-05-27,"Kyle Langford",0.25,"time entry",,,"Brunello, Inc.","*Brunello Admin"
2022-05-27,"Kyle Langford",0.5,"passwords",,,"Brunello, Inc.","*Brunello Admin"
2022-05-27,"Kyle Langford",0.75,"","Weekly Design and Dev Review","Misc.","Brunello, Inc.","*Brunello Admin"
2022-05-23,"Kyle Langford",0.5,"weekly check-in","Weekly Checkin Call","Misc.","Brunello, Inc.","*Brunello Admin"
2022-05-20,"Kyle Langford",0.5,"","Weekly Design and Dev Review","Misc.","Brunello, Inc.","*Brunello Admin"
2022-05-16,"Kyle Langford",0.5,"weekly check-in","Weekly Checkin Call","Misc.","Brunello, Inc.","*Brunello Admin"
2022-05-13,"Kyle Langford",0.5,"Design and Dev Review","Weekly Design and Dev Review","Misc.","Brunello, Inc.","*Brunello Admin"
2022-05-10,"Kyle Langford",0.5,"Review NPQ and Greenhouse Todos","Meetings & Phone Calls","Misc.","Brunello, Inc.","*Brunello Admin"
2022-05-02,"Kyle Langford",0.5,"weekly check-in","Weekly Checkin Call","Misc.","Brunello, Inc.","*Brunello Admin"
2022-04-29,"Kyle Langford",0.5,"Respond to email from Adam and Nicole",,,"Brunello, Inc.","*Brunello Admin"
2022-04-25,"Kyle Langford",0.5,"weekly check-in","Weekly Checkin Call","Misc.","Brunello, Inc.","*Brunello Admin"
2022-04-20,"Kyle Langford",2.0,"Dashboard","Basecamp API - Weekly Report App","Misc.","Brunello, Inc.","*Brunello Admin"
2022-04-18,"Kyle Langford",0.25,"weekly check-in","Weekly Checkin Call","Misc.","Brunello, Inc.","*Brunello Admin"
2022-04-15,"Kyle Langford",1.0,"Dashboard","Basecamp API - Weekly Report App","Misc.","Brunello, Inc.","*Brunello Admin"
2022-04-15,"Kyle Langford",0.75,"Pantheon sandbox, astra install","Brunello Website","Misc.","Brunello, Inc.","*Brunello Admin"
2022-04-15,"Kyle Langford",0.5,"Design and Dev Review","Weekly Design and Dev Review","Misc.","Brunello, Inc.","*Brunello Admin"
2022-04-14,"Kyle Langford",2.0,"Dashboard","Basecamp API - Weekly Report App","Misc.","Brunello, Inc.","*Brunello Admin"
2022-04-14,"Kyle Langford",1.0,"Call Prep",,,"Brunello, Inc.","*Brunello Admin"
2022-04-14,"Kyle Langford",1.0,"Checkin with Adam / Nicole","Meetings & Phone Calls","Misc.","Brunello, Inc.","*Brunello Admin"
2022-04-11,"Kyle Langford",0.5,"weekly check-in","Weekly Checkin Call","Misc.","Brunello, Inc.","*Brunello Admin"
2022-04-08,"Kyle Langford",0.5,"weekly product call","Weekly Design and Dev Review","Misc.","Brunello, Inc.","*Brunello Admin"
2022-04-04,"Kyle Langford",0.5,"weekly check-in","Weekly Checkin Call","Misc.","Brunello, Inc.","*Brunello Admin"
2022-03-30,"Kyle Langford",1.0,"IDs","Basecamp API - Weekly Report App","Misc.","Brunello, Inc.","*Brunello Admin"
2022-03-30,"Kyle Langford",0.5,"Tracking down source of emails to dev@brunelloinc.com",,,"Brunello, Inc.","*Brunello Admin"
2022-03-29,"Kyle Langford",1.25,"fixing calendar","Basecamp API - Weekly Report App","Misc.","Brunello, Inc.","*Brunello Admin"
2022-03-28,"Kyle Langford",1.5,"Data Layers","Basecamp API - Weekly Report App","Misc.","Brunello, Inc.","*Brunello Admin"
2022-03-28,"Kyle Langford",0.5,"weekly check-in","Weekly Checkin Call","Misc.","Brunello, Inc.","*Brunello Admin"
2022-03-25,"Kyle Langford",3.0,"Table Formatting","Basecamp API - Weekly Report App","Misc.","Brunello, Inc.","*Brunello Admin"
2022-03-24,"Kyle Langford",2.0,"","Basecamp API - Weekly Report App","Misc.","Brunello, Inc.","*Brunello Admin"
2022-03-23,"Kyle Langford",3.5,"","Basecamp API - Weekly Report App","Misc.","Brunello, Inc.","*Brunello Admin"
2022-03-21,"Kyle Langford",0.5,"","Weekly Checkin Call","Misc.","Brunello, Inc.","*Brunello Admin"
2022-03-18,"Kyle Langford",0.5,"","Weekly Design and Dev Review","Misc.","Brunello, Inc.","*Brunello Admin"
2022-03-14,"Kyle Langford",0.5,"","Weekly Checkin Call","Misc.","Brunello, Inc.","*Brunello Admin"
2022-03-11,"Kyle Langford",0.75,"","Weekly Design and Dev Review","Misc.","Brunello, Inc.","*Brunello Admin"
2022-02-28,"Kyle Langford",0.5,"","Weekly Checkin Call","Misc.","Brunello, Inc.","*Brunello Admin"
2022-02-21,"Kyle Langford",0.5,"","Weekly Checkin Call","Misc.","Brunello, Inc.","*Brunello Admin"
2022-02-18,"Kyle Langford",1.0,"","Weekly Design and Dev Review","Misc.","Brunello, Inc.","*Brunello Admin"
2022-02-14,"Kyle Langford",0.25,"","Weekly Checkin Call","Misc.","Brunello, Inc.","*Brunello Admin"
2022-02-11,"Kyle Langford",1.0,"","Weekly Design and Dev Review","Misc.","Brunello, Inc.","*Brunello Admin"
2022-02-07,"Kyle Langford",0.5,"","Weekly Checkin Call","Misc.","Brunello, Inc.","*Brunello Admin"
2022-02-04,"Kyle Langford",1.0,"","Weekly Design and Dev Review","Misc.","Brunello, Inc.","*Brunello Admin"
2022-01-31,"Kyle Langford",0.25,"","Weekly Checkin Call","Misc.","Brunello, Inc.","*Brunello Admin"
2022-01-24,"Kyle Langford",0.5,"","Weekly Checkin Call","Misc.","Brunello, Inc.","*Brunello Admin"
2022-01-21,"Kyle Langford",1.0,"","Weekly Design and Dev Review","Misc.","Brunello, Inc.","*Brunello Admin"
2022-01-10,"Kyle Langford",0.5,"","Weekly Checkin Call","Misc.","Brunello, Inc.","*Brunello Admin"
2022-01-07,"Kyle Langford",1.0,"","Weekly Design and Dev Review","Misc.","Brunello, Inc.","*Brunello Admin"
2022-01-03,"Kyle Langford",0.5,"","Weekly Checkin Call","Misc.","Brunello, Inc.","*Brunello Admin"
2021-12-20,"Kyle Langford",0.5,"","Weekly Checkin Call","Misc.","Brunello, Inc.","*Brunello Admin"
2021-12-13,"Kyle Langford",0.5,"","Weekly Checkin Call","Misc.","Brunello, Inc.","*Brunello Admin"
2021-12-10,"Kyle Langford",0.75,"","Weekly Design and Dev Review","Misc.","Brunello, Inc.","*Brunello Admin"
2021-12-06,"Kyle Langford",0.5,"","Weekly Checkin Call","Misc.","Brunello, Inc.","*Brunello Admin"
2021-12-03,"Kyle Langford",1.25,"","Weekly Design and Dev Review","Misc.","Brunello, Inc.","*Brunello Admin"
2021-12-02,"Kyle Langford",5.25,"","Basecamp API - Weekly Report App","Misc.","Brunello, Inc.","*Brunello Admin"
2021-12-01,"Kyle Langford",1.0,"","Basecamp API - Weekly Report App","Misc.","Brunello, Inc.","*Brunello Admin"
2021-12-01,"Kyle Langford",0.5,"Meeting with Christian and Nicole","Drupal 7/8 to 9 Migrations","Misc.","Brunello, Inc.","*Brunello Admin"
2021-11-30,"Kyle Langford",1.0,"","Basecamp API - Weekly Report App","Misc.","Brunello, Inc.","*Brunello Admin"
2021-11-29,"Kyle Langford",3.0,"","Basecamp API - Weekly Report App","Misc.","Brunello, Inc.","*Brunello Admin"
2021-11-29,"Kyle Langford",0.5,"weekly check-in","Weekly Checkin Call","Misc.","Brunello, Inc.","*Brunello Admin"
2021-11-23,"Kyle Langford",2.0,"","Basecamp API - Weekly Report App","Misc.","Brunello, Inc.","*Brunello Admin"
2021-11-22,"Kyle Langford",0.5,"weekly check-in","Weekly Checkin Call","Misc.","Brunello, Inc.","*Brunello Admin"
2021-11-19,"Kyle Langford",2.0,"","Basecamp API - Weekly Report App","Misc.","Brunello, Inc.","*Brunello Admin"
2021-11-18,"Kyle Langford",1.0,"Columbia Local Setup and Acquia Aliases","Drupal 7/8 to 9 Migrations","Misc.","Brunello, Inc.","*Brunello Admin"
2021-11-17,"Kyle Langford",1.5,"","Basecamp API - Weekly Report App","Misc.","Brunello, Inc.","*Brunello Admin"
2021-11-16,"Kyle Langford",1.25,"PennStater","Drupal 7/8 to 9 Migrations","Misc.","Brunello, Inc.","*Brunello Admin"
2021-11-15,"Kyle Langford",0.5,"weekly check-in","Weekly Checkin Call","Misc.","Brunello, Inc.","*Brunello Admin"
2021-11-12,"Kyle Langford",0.5,"","Weekly Design and Dev Review","Misc.","Brunello, Inc.","*Brunello Admin"
2021-11-10,"Kyle Langford",1.0,"","Basecamp API - Weekly Report App","Misc.","Brunello, Inc.","*Brunello Admin"
2021-11-08,"Kyle Langford",0.5,"weekly check-in","Weekly Checkin Call","Misc.","Brunello, Inc.","*Brunello Admin"
2021-11-05,"Kyle Langford",1.0,"","Weekly Design and Dev Review","Misc.","Brunello, Inc.","*Brunello Admin"
2021-11-04,"Kyle Langford",1.75,"Basecamp API - Weekly Report App",,,"Brunello, Inc.","*Brunello Admin"
2021-11-03,"Kyle Langford",2.0,"","Basecamp API - Weekly Report App","Misc.","Brunello, Inc.","*Brunello Admin"
2021-11-03,"Kyle Langford",1.0,"JS Training, Promises / Fetch",,,"Brunello, Inc.","*Brunello Admin"
2021-11-03,"Kyle Langford",1.0,"review google doc with Nicole","Drupal 7/8 to 9 Migrations","Misc.","Brunello, Inc.","*Brunello Admin"
2021-11-02,"Kyle Langford",4.25,"Research, Report","Drupal 7/8 to 9 Migrations","Misc.","Brunello, Inc.","*Brunello Admin"
2021-11-01,"Kyle Langford",1.0,"Research","Drupal 7/8 to 9 Migrations","Misc.","Brunello, Inc.","*Brunello Admin"
2021-11-01,"Kyle Langford",0.5,"weekly check-in","Weekly Checkin Call","Misc.","Brunello, Inc.","*Brunello Admin"
2021-10-29,"Kyle Langford",0.5,"","Weekly Design and Dev Review","Misc.","Brunello, Inc.","*Brunello Admin"
2021-10-22,"Kyle Langford",0.5,"weekly check-in","Weekly Design and Dev Review","Misc.","Brunello, Inc.","*Brunello Admin"
2021-10-18,"Kyle Langford",0.5,"weekly check-in","Weekly Checkin Call","Misc.","Brunello, Inc.","*Brunello Admin"
2021-10-15,"Kyle Langford",0.5,"end of week checkin","Weekly Design and Dev Review","Misc.","Brunello, Inc.","*Brunello Admin"
2021-10-08,"Kyle Langford",0.75,"","Weekly Design and Dev Review","Misc.","Brunello, Inc.","*Brunello Admin"
2021-10-04,"Kyle Langford",1.5,"weekly check-in (1hr Blue Zones)","Weekly Checkin Call","Misc.","Brunello, Inc.","*Brunello Admin"
2021-09-27,"Kyle Langford",1.0,"weekly check-in","Weekly Checkin Call","Misc.","Brunello, Inc.","*Brunello Admin"
2021-09-24,"Kyle Langford",0.75,"Design and Dev Review","Weekly Design and Dev Review","Misc.","Brunello, Inc.","*Brunello Admin"
2021-09-20,"Kyle Langford",0.75,"weekly check-in","Weekly Checkin Call","Misc.","Brunello, Inc.","*Brunello Admin"
2021-09-13,"Kyle Langford",0.5,"","Weekly Checkin Call","Misc.","Brunello, Inc.","*Brunello Admin"
2021-09-07,"Kyle Langford",1.0,"weekly check-in","Weekly Checkin Call","Misc.","Brunello, Inc.","*Brunello Admin"
2021-09-03,"Kyle Langford",0.75,"Design and Dev Review","Weekly Design and Dev Review","Misc.","Brunello, Inc.","*Brunello Admin"
2021-08-30,"Kyle Langford",0.5,"Reviewing Timesheet",,,"Brunello, Inc.","*Brunello Admin"
2021-08-30,"Kyle Langford",0.75,"weekly check-in","Weekly Checkin Call","Misc.","Brunello, Inc.","*Brunello Admin"
2021-08-23,"Kyle Langford",0.25,"weekly check-in","Weekly Checkin Call","Misc.","Brunello, Inc.","*Brunello Admin"
2021-08-16,"Kyle Langford",0.5,"weekly check-in","Weekly Checkin Call","Misc.","Brunello, Inc.","*Brunello Admin"
2021-08-13,"Kyle Langford",0.75,"weekly check-in","Weekly Design and Dev Review","Misc.","Brunello, Inc.","*Brunello Admin"
2021-08-09,"Kyle Langford",0.5,"weekly check-in","Weekly Checkin Call","Misc.","Brunello, Inc.","*Brunello Admin"
2021-08-03,"Kyle Langford",1.0,"nick - reviewing comments",,,"Brunello, Inc.","*Brunello Admin"
2021-08-02,"Kyle Langford",0.25,"Reviewing Timesheet",,,"Brunello, Inc.","*Brunello Admin"
2021-08-02,"Kyle Langford",0.75,"weekly check-in","Weekly Checkin Call","Misc.","Brunello, Inc.","*Brunello Admin"
2021-07-23,"Kyle Langford",0.75,"weekly design review","Weekly Design and Dev Review","Misc.","Brunello, Inc.","*Brunello Admin"
2021-07-22,"Kyle Langford",1.5,"Setting up Drupal 8 site to test comments modules.",,,"Brunello, Inc.","*Brunello Admin"
2021-07-20,"Kyle Langford",2.5,"Nick: Website Commenting, Research, Testing Site Setup",,,"Brunello, Inc.","*Brunello Admin"
2021-07-19,"Kyle Langford",0.75,"weekly check-in","Weekly Checkin Call","Misc.","Brunello, Inc.","*Brunello Admin"
2021-07-12,"Kyle Langford",0.75,"","Weekly Checkin Call","Misc.","Brunello, Inc.","*Brunello Admin"
2021-06-14,"Kyle Langford",0.5,"","Weekly Checkin Call","Misc.","Brunello, Inc.","*Brunello Admin"
2021-06-11,"Kyle Langford",0.25,"Time Entry",,,"Brunello, Inc.","*Brunello Admin"
2021-06-11,"Kyle Langford",0.5,"Design and Dev Review","Weekly Design and Dev Review","Misc.","Brunello, Inc.","*Brunello Admin"
2021-06-02,"Kyle Langford",1.5,"Creating Reusable Sticky Footer Script",,,"Brunello, Inc.","*Brunello Admin"
2021-06-02,"Kyle Langford",0.5,"Time Entry",,,"Brunello, Inc.","*Brunello Admin"
2021-06-01,"Kyle Langford",2.75,"Creating Reusable Sticky Footer Script",,,"Brunello, Inc.","*Brunello Admin"
2021-06-01,"Kyle Langford",0.5,"","Weekly Checkin Call","Misc.","Brunello, Inc.","*Brunello Admin"
2021-05-28,"Kyle Langford",0.5,"","Weekly Design and Dev Review","Misc.","Brunello, Inc.","*Brunello Admin"
2021-05-27,"Kyle Langford",3.5,"Comparing Wave, Accessibe Audits,",,,"Brunello, Inc.","*Brunello Admin"
2021-05-25,"Kyle Langford",0.5,"Call w/ Accessibe for demo",,,"Brunello, Inc.","*Brunello Admin"
2021-05-24,"Kyle Langford",0.5,"","Weekly Checkin Call","Misc.","Brunello, Inc.","*Brunello Admin"
2021-05-21,"Kyle Langford",0.75,"","Weekly Design and Dev Review","Misc.","Brunello, Inc.","*Brunello Admin"
2021-05-17,"Kyle Langford",0.75,"","Weekly Checkin Call","Misc.","Brunello, Inc.","*Brunello Admin"
2021-05-10,"Kyle Langford",1.0,"","Weekly Checkin Call","Misc.","Brunello, Inc.","*Brunello Admin"
2021-05-03,"Kyle Langford",0.75,"","Weekly Checkin Call","Misc.","Brunello, Inc.","*Brunello Admin"
2021-04-26,"Kyle Langford",0.5,"time Entry",,,"Brunello, Inc.","*Brunello Admin"
2021-04-26,"Kyle Langford",0.5,"Weekly Meeting","Weekly Checkin Call","Misc.","Brunello, Inc.","*Brunello Admin"
2021-04-23,"Kyle Langford",0.5,"","Weekly Design and Dev Review","Misc.","Brunello, Inc.","*Brunello Admin"
2021-04-19,"Kyle Langford",0.75,"time entry",,,"Brunello, Inc.","*Brunello Admin"
2021-04-19,"Kyle Langford",0.75,"","Weekly Checkin Call","Misc.","Brunello, Inc.","*Brunello Admin"
2021-04-12,"Kyle Langford",0.5,"","Weekly Checkin Call","Misc.","Brunello, Inc.","*Brunello Admin"
2021-04-05,"Kyle Langford",0.75,"","Weekly Checkin Call","Misc.","Brunello, Inc.","*Brunello Admin"
2021-04-05,"Kyle Langford",0.25,"review time entry",,,"Brunello, Inc.","*Brunello Admin"
2021-03-29,"Kyle Langford",0.75,"","Weekly Checkin Call","Misc.","Brunello, Inc.","*Brunello Admin"
2021-03-26,"Kyle Langford",1.0,"Design and Dev Review","Weekly Design and Dev Review","Misc.","Brunello, Inc.","*Brunello Admin"
2021-03-22,"Kyle Langford",1.0,"weekly check-in","Weekly Checkin Call","Misc.","Brunello, Inc.","*Brunello Admin"
2021-03-19,"Kyle Langford",0.75,"","Weekly Design and Dev Review","Misc.","Brunello, Inc.","*Brunello Admin"
2021-03-15,"Kyle Langford",0.75,"weekly checkin","Weekly Checkin Call","Misc.","Brunello, Inc.","*Brunello Admin"
2021-03-12,"Kyle Langford",0.75,"","Weekly Design and Dev Review","Misc.","Brunello, Inc.","*Brunello Admin"
2021-03-08,"Kyle Langford",0.75,"","Weekly Checkin Call","Misc.","Brunello, Inc.","*Brunello Admin"
2021-03-05,"Kyle Langford",0.75,"Design and Dev Review (Jay + Nicole, Topic Penn)","Weekly Checkin Call","Misc.","Brunello, Inc.","*Brunello Admin"
2021-02-26,"Kyle Langford",0.75,"Design and Dev Review","Weekly Design and Dev Review","Misc.","Brunello, Inc.","*Brunello Admin"
2021-02-22,"Kyle Langford",0.75,"weekly check-in","Weekly Checkin Call","Misc.","Brunello, Inc.","*Brunello Admin"
2021-02-19,"Kyle Langford",1.0,"weekly check-in","Weekly Checkin Call","Misc.","Brunello, Inc.","*Brunello Admin"
2021-02-15,"Kyle Langford",0.5,"weekly check-in","Weekly Checkin Call","Misc.","Brunello, Inc.","*Brunello Admin"
2021-02-08,"Kyle Langford",0.75,"weekly check-in","Weekly Checkin Call","Misc.","Brunello, Inc.","*Brunello Admin"
2021-02-03,"Kyle Langford",0.25,"time entry",,,"Brunello, Inc.","*Brunello Admin"
2021-02-01,"Kyle Langford",0.5,"","Weekly Checkin Call","Misc.","Brunello, Inc.","*Brunello Admin"
2021-01-25,"Kyle Langford",0.5,"weekly check-in","Weekly Checkin Call","Misc.","Brunello, Inc.","*Brunello Admin"
2021-01-15,"Kyle Langford",1.0,"","Weekly Design and Dev Review","Misc.","Brunello, Inc.","*Brunello Admin"
2021-01-11,"Kyle Langford",0.5,"weekly check-in","Weekly Checkin Call","Misc.","Brunello, Inc.","*Brunello Admin"
2021-01-04,"Kyle Langford",0.75,"","Weekly Checkin Call","Misc.","Brunello, Inc.","*Brunello Admin"
2021-01-04,"Kyle Langford",1.5,"Troubleshooting MAMP",,,"Brunello, Inc.","*Brunello Admin"
2021-01-04,"Kyle Langford",4.0,"Drupal migration research","Drupal 7/8 to 9 Migrations","Misc.","Brunello, Inc.","*Brunello Admin"
2020-12-14,"Kyle Langford",0.5,"","Weekly Checkin Call","Misc.","Brunello, Inc.","*Brunello Admin"
2020-12-07,"Kyle Langford",0.5,"weekly kickoff","Weekly Checkin Call","Misc.","Brunello, Inc.","*Brunello Admin"
2020-12-04,"Kyle Langford",0.5,"Enter Time",,,"Brunello, Inc.","*Brunello Admin"
2020-12-04,"Kyle Langford",1.0,"Design and Dev Review","Weekly Design and Dev Review","Misc.","Brunello, Inc.","*Brunello Admin"
2020-12-03,"Kyle Langford",0.25,"Check In",,,"Brunello, Inc.","*Brunello Admin"
2020-12-03,"Kyle Langford",0.25,"b'link Estimate",,,"Brunello, Inc.","*Brunello Admin"
2020-12-02,"Kyle Langford",0.25,"check in",,,"Brunello, Inc.","*Brunello Admin"
2020-11-20,"Kyle Langford",0.5,"","Weekly Design and Dev Review","Misc.","Brunello, Inc.","*Brunello Admin"
2020-11-20,"Kyle Langford",0.5,"time entry",,,"Brunello, Inc.","*Brunello Admin"
2020-11-16,"Kyle Langford",0.5,"","Weekly Checkin Call","Misc.","Brunello, Inc.","*Brunello Admin"
2020-11-13,"Kyle Langford",0.5,"","Weekly Design and Dev Review","Misc.","Brunello, Inc.","*Brunello Admin"
2020-11-09,"Kyle Langford",0.5,"weekly check-in","Weekly Checkin Call","Misc.","Brunello, Inc.","*Brunello Admin"
2020-11-06,"Kyle Langford",1.0,"","Weekly Design and Dev Review","Misc.","Brunello, Inc.","*Brunello Admin"
2020-11-04,"Kyle Langford",3.25,"htaccess / apache reading",,,"Brunello, Inc.","*Brunello Admin"
2020-11-02,"Kyle Langford",0.5,"weekly check-in","Weekly Checkin Call","Misc.","Brunello, Inc.","*Brunello Admin"
2020-10-26,"Kyle Langford",0.5,"","Weekly Checkin Call","Misc.","Brunello, Inc.","*Brunello Admin"
2020-10-19,"Kyle Langford",0.75,"","Weekly Checkin Call","Misc.","Brunello, Inc.","*Brunello Admin"
2020-10-15,"Kyle Langford",1.5,"","Weekly Design and Dev Review","Misc.","Brunello, Inc.","*Brunello Admin"
2020-10-08,"Kyle Langford",1.5,"Review","Weekly Design and Dev Review","Misc.","Brunello, Inc.","*Brunello Admin"
2020-10-05,"Kyle Langford",0.5,"Time entry",,,"Brunello, Inc.","*Brunello Admin"
2020-10-05,"Kyle Langford",0.5,"weekly check-in","Weekly Checkin Call","Misc.","Brunello, Inc.","*Brunello Admin"
2020-10-01,"Kyle Langford",1.0,"Review","Weekly Design and Dev Review","Misc.","Brunello, Inc.","*Brunello Admin"
2020-09-28,"Kyle Langford",0.5,"weekly check-in call","Weekly Checkin Call","Misc.","Brunello, Inc.","*Brunello Admin"
2021-03-15,"Kyle Langford",4.0,"Entering Test Content","WordPress Site Builder","Misc.","Brunello, Inc.","*Brunello Marketing"
2021-03-15,"Kyle Langford",3.5,"Testing BB vs Elem, Setting up Sites","WordPress Site Builder","Misc.","Brunello, Inc.","*Brunello Marketing"
2021-03-14,"Kyle Langford",2.0,"Setting up pantheon test sites, installing plugins","WordPress Site Builder","Misc.","Brunello, Inc.","*Brunello Marketing"
2022-09-21,"Kyle Langford",2.0,"Tech Req Q","Discovery","MIsc","Brunello, Inc.","PENN ST RFP"
2022-09-20,"Kyle Langford",0.5,"Create sitemaps","Discovery","MIsc","Brunello, Inc.","PENN ST RFP"
2022-09-20,"Kyle Langford",1.0,"Review PDF and Sites","Review RFP","MIsc","Brunello, Inc.","PENN ST RFP"
2022-12-19,"Kyle Langford",3.75,"Bar and Pie charts, desktop and mobile","JS for animation trigger","Development","Columbia University","Columbia FY22 Endowment Digital Experience"
2022-12-14,"Kyle Langford",0.25,"Review Live Site","Site build","Development","Columbia University","Columbia FY22 Endowment Digital Experience"
2022-12-14,"Kyle Langford",2.5,"JS, Testing","JS for animation trigger","Development","Columbia University","Columbia FY22 Endowment Digital Experience"
2022-12-13,"Kyle Langford",0.5,"Review request with Adam / Jay","JS for animation trigger","Development","Columbia University","Columbia FY22 Endowment Digital Experience"
2023-08-24,"Kyle Langford",0.75,"Prep for 2pm call with CTO re: security","Meetings & Phone Calls","Misc.","Columbia University","Columbia FY23 Financial Reporting"
2023-07-13,"Kyle Langford",1.0,"Kick-off Meeting","Meetings & Phone Calls","Misc.","Columbia University","Columbia FY23 Financial Reporting"
2023-05-22,"Kyle Langford",1.5,"refining","Project Scope","Discovery","Columbia University","Columbia FY23 Financial Reporting"
2023-05-19,"Kyle Langford",4.0,"Drafting Proposal","Project Scope","Discovery","Columbia University","Columbia FY23 Financial Reporting"
2023-05-12,"Kyle Langford",1.0,"Salesforce research, looking at fiverr consultants","Project Scope","Discovery","Columbia University","Columbia FY23 Financial Reporting"
2023-05-11,"Kyle Langford",1.5,"Reviewing request, research","Project Scope","Discovery","Columbia University","Columbia FY23 Financial Reporting"
2023-09-25,"Kyle Langford",0.5,"reviewing updates","Meetings & Phone Calls","Misc.","Columbia University","Columbia Giving"
2023-08-01,"Kyle Langford",0.25,"Adding Notes","Create header/footer designs that allow interlinking of sites","Misc.","Columbia University","Columbia Giving"
2023-07-31,"Kyle Langford",1.0,"Call to review header/footer and banner designs","Meetings & Phone Calls","Misc.","Columbia University","Columbia Giving"
2023-06-26,"Kyle Langford",0.5,"review experience map","Meetings & Phone Calls","Misc.","Columbia University","Columbia Giving"
2023-06-15,"Kyle Langford",0.5,"Email Notes: Re Content Audit Approach","Misc. Support","Misc.","Columbia University","Columbia Giving"
2023-06-15,"Kyle Langford",0.75,"Content Audit","Meetings & Phone Calls","Misc.","Columbia University","Columbia Giving"
2023-06-06,"Kyle Langford",0.5,"Review, email notes","Create donation / giving sites user flow diagram","Misc.","Columbia University","Columbia Giving"
2023-05-31,"Kyle Langford",0.25,"Reviewing Schedule","Misc. Support","Misc.","Columbia University","Columbia Giving"
2023-04-06,"Kyle Langford",1.0,"Internal - Discovery / Planning","Meetings & Phone Calls","Misc.","Columbia University","Columbia Giving"
2023-04-04,"Kyle Langford",1.0,"call to discuss financial reporting project with Jacqueline and Amy","Meetings & Phone Calls","Misc.","Columbia University","Columbia Giving"
2023-03-21,"Kyle Langford",1.0,"Prep and Call(30mins) Re: Google Sheets. + SSO Call Re: Google Sheets. + SSO","Meetings & Phone Calls","Misc.","Columbia University","Columbia Giving"
2023-02-28,"Kyle Langford",0.75,"Q - Google Sheets + SSO",,,"Columbia University","Columbia Giving"
2023-02-28,"Kyle Langford",1.5,"Huddle, Coding Page","Create visual audit for all existing properties","Ongoing Tasks...","Columbia University","Columbia Giving"
2023-06-08,"Kyle Langford",1.5,"Revisions","CSV Importer - Update Documentation","CSV Importer","Columbia University","Columbia Magazine"
2023-06-05,"Kyle Langford",0.5,"","Remove the number of opportunities","CSV Importer","Columbia University","Columbia Magazine"
2023-06-02,"Kyle Langford",0.75,"Updating CSV and importing content","CSV Importer - Push to Prod","CSV Importer","Columbia University","Columbia Magazine"
2023-06-02,"Kyle Langford",1.5,"Number Sort","CSV Importer - Add Sort for numbers","CSV Importer","Columbia University","Columbia Magazine"
2023-06-02,"Kyle Langford",1.0,"Push Code, Build feed, content type, views","CSV Importer - Push to Prod","CSV Importer","Columbia University","Columbia Magazine"
2023-05-31,"Kyle Langford",0.5,"Questions on uploading CSV","CSV Importer - Development","CSV Importer","Columbia University","Columbia Magazine"
2023-05-18,"Kyle Langford",1.0,"Review Updates / Documentation / Updating column order","Meetings","General","Columbia University","Columbia Magazine"
2023-05-17,"Kyle Langford",2.5,"Documentation","CSV Importer - Development","CSV Importer","Columbia University","Columbia Magazine"
2023-05-10,"Kyle Langford",3.5,"JS, Icons","CSV Importer - Development","CSV Importer","Columbia University","Columbia Magazine"
2023-05-09,"Kyle Langford",3.5,"New Fields, Styling","CSV Importer - Development","CSV Importer","Columbia University","Columbia Magazine"
2023-05-08,"Kyle Langford",1.0,"Meeting re: Assist in creating holistic/interconnected web experience between properties","Meetings","General","Columbia University","Columbia Magazine"
2023-05-04,"Kyle Langford",1.0,"Styling","CSV Importer - Development","CSV Importer","Columbia University","Columbia Magazine"
2023-05-03,"Kyle Langford",1.5,"Updates","CSV Importer - Development","CSV Importer","Columbia University","Columbia Magazine"
2023-04-18,"Kyle Langford",1.25,"Prep and Demo","CSV Importer - Development","CSV Importer","Columbia University","Columbia Magazine"
2023-04-18,"Kyle Langford",3.0,"Styling, Moving work to Dev","CSV Importer - Development","CSV Importer","Columbia University","Columbia Magazine"
2023-04-17,"Kyle Langford",5.5,"Styling, Testing","CSV Importer - Development","CSV Importer","Columbia University","Columbia Magazine"
2023-04-14,"Kyle Langford",4.0,"Testing Feeds, Styling","CSV Importer - Development","CSV Importer","Columbia University","Columbia Magazine"
2023-04-12,"Kyle Langford",2.0,"Resolve NPM, Basic Styling","CSV Importer - Development","CSV Importer","Columbia University","Columbia Magazine"
2023-04-11,"Kyle Langford",1.5,"Module Install","CSV Importer - Development","CSV Importer","Columbia University","Columbia Magazine"
2023-04-10,"Kyle Langford",2.0,"Local Site Setup, Install","CSV Importer - Development","CSV Importer","Columbia University","Columbia Magazine"
2023-04-03,"Kyle Langford",1.0,"Testing / Deployment","[Security] HTTPS on the Giving Site","To-Dos","Columbia University","Columbia Magazine"
2023-03-31,"Kyle Langford",1.5,"Update and testing","[Security] HTTPS on the Giving Site","To-Dos","Columbia University","Columbia Magazine"
2023-03-29,"Kyle Langford",1.0,"huddle with Christian / Review Requirements (HTTPS, CSV importer)","Meetings","General","Columbia University","Columbia Magazine"
2023-01-16,"Kyle Langford",1.0,"Reviewing Tokens","Twitter feed Q","To-Dos","Columbia University","Columbia Magazine"
2021-08-19,"Kyle Langford",0.5,"Reviewing with Christian and Nicole","Add newsletter signup (details TBD)","Ongoing to-dos","Columbia University","Columbia Magazine"
2023-07-27,"Kyle Langford",1.0,"Proposal Review (.5), Prep","Meetings","2024","Dartmouth College","Misc. updates"
2023-06-22,"Kyle Langford",1.0,"Testing, Email","UA-GA4 Migration","Misc","Dartmouth College","Misc. updates"
2023-06-07,"Kyle Langford",1.5,"Create GTM account, Review Events, Configure GA4","UA-GA4 Migration","Misc","Dartmouth College","Misc. updates"
2023-06-07,"Kyle Langford",0.5,"Review Install, Adding GTM ID","UpdateGA Tracking ID","Misc","Dartmouth College","Misc. updates"
2023-06-06,"Kyle Langford",0.5,"Reviewing Issue with UA tracking","UpdateGA Tracking ID","Misc","Dartmouth College","Misc. updates"
2023-06-06,"Kyle Langford",2.0,"Revising Document","(Scope + Budget) Drupal Upgrade Options including Migrating to Pantheon for Extended support","Misc","Dartmouth College","Misc. updates"
2023-05-25,"Kyle Langford",0.5,"Zoom with Chey (Pantheon)","(Scope + Budget) Drupal Upgrade Options including Migrating to Pantheon for Extended support","Misc","Dartmouth College","Misc. updates"
2023-05-24,"Kyle Langford",0.5,"Edits","(Scope + Budget) Drupal Upgrade Options including Migrating to Pantheon for Extended support","Misc","Dartmouth College","Misc. updates"
2023-05-23,"Kyle Langford",0.5,"Finding Account Manager and Sending Email","(Scope + Budget) Drupal Upgrade Options including Migrating to Pantheon for Extended support","Misc","Dartmouth College","Misc. updates"
2023-05-22,"Kyle Langford",2.5,"First Draft","(Scope + Budget) Drupal Upgrade Options including Migrating to Pantheon for Extended support","Misc","Dartmouth College","Misc. updates"
2023-05-18,"Kyle Langford",0.75,"Site Updates, GA4 Migration, Drupal Migration","Meetings","2024","Dartmouth College","Misc. updates"
2023-05-16,"Kyle Langford",0.25,"Waiting for call","Meetings","2024","Dartmouth College","Misc. updates"
2020-11-24,"Kyle Langford",1.0,"","CA Postal Formatting","Development","Enel NA","DR Calculator"
2020-11-23,"Kyle Langford",3.25,"","CA Postal Formatting","Development","Enel NA","DR Calculator"
2020-11-13,"Kyle Langford",1.25,"Updating Database, CSS fix (program row)","Testing / QA","Development","Enel NA","DR Calculator"
2020-11-12,"Kyle Langford",2.0,"Results Page","Testing / QA","Development","Enel NA","DR Calculator"
2020-11-12,"Kyle Langford",1.5,"Post Launch Fixes","Testing / QA","Development","Enel NA","DR Calculator"
2020-11-12,"Kyle Langford",3.0,"Testing, Deployment","Transfer Droplet","Development","Enel NA","DR Calculator"
2020-11-11,"Kyle Langford",6.5,"troublshooting htacces issues","Testing / QA","Development","Enel NA","DR Calculator"
2020-11-10,"Kyle Langford",2.5,"file_get_contents -> configure for https","Configure SSL","Development","Enel NA","DR Calculator"
2020-11-10,"Kyle Langford",2.5,"Update Program Data, Update Row Names(troubleshooting)","Update Database","Development","Enel NA","DR Calculator"
2020-11-10,"Kyle Langford",1.0,"Install crt, key","Configure SSL","Development","Enel NA","DR Calculator"
2020-11-09,"Kyle Langford",5.75,"vhost config, files, fixing relative paths, forcing https","Configure SSL","Development","Enel NA","DR Calculator"
2020-11-09,"Kyle Langford",0.75,"Feedback from adam","Testing / QA","Development","Enel NA","DR Calculator"
2020-11-09,"Kyle Langford",1.5,"Formatting, Transfer","Update Database","Development","Enel NA","DR Calculator"
2020-11-06,"Kyle Langford",1.0,"Misc Updates from alyson (infographic, ind average)","Testing / QA","Development","Enel NA","DR Calculator"
2020-11-06,"Kyle Langford",2.0,"htaccess","Hosting","Development","Enel NA","DR Calculator"
2020-11-05,"Kyle Langford",2.5,"Testing Product Map, Ontario Calc","Testing / QA","Development","Enel NA","DR Calculator"
2020-11-04,"Kyle Langford",4.0,"New Droplet: Setting Up new docroot, htaccess work","Hosting","Development","Enel NA","DR Calculator"
2020-11-04,"Kyle Langford",0.5,"Updating EU Banner","Standalone - Product Map","Development","Enel NA","DR Calculator"
2020-11-04,"Kyle Langford",2.0,"Updating Form Submit, Post Data, Misc Updates from other calc","Standalone - Ontario Calculator","Development","Enel NA","DR Calculator"
2020-11-03,"Kyle Langford",2.0,"CSS cleanup, QA","Testing / QA","Development","Enel NA","DR Calculator"
2020-11-02,"Kyle Langford",2.5,"QA - feedback","Testing / QA","Development","Enel NA","DR Calculator"
2020-11-02,"Kyle Langford",2.5,"Troublshooting server","No Program Functionality","Development","Enel NA","DR Calculator"
2020-11-02,"Kyle Langford",1.25,"Spin up New Droplet, Configure","Hosting","Development","Enel NA","DR Calculator"
2020-10-30,"Kyle Langford",0.75,"Sanatizing Cost Value, Program logic","Testing / QA","Development","Enel NA","DR Calculator"
2020-10-30,"Kyle Langford",0.5,"PHP","Description Link","Development","Enel NA","DR Calculator"
2020-10-30,"Kyle Langford",1.0,"Fixing Program Logic","Testing / QA","Development","Enel NA","DR Calculator"
2020-10-30,"Kyle Langford",1.0,"","Description Link","Development","Enel NA","DR Calculator"
2020-10-30,"Kyle Langford",2.0,"PHP Version issue, rewriting template functions","Hosting","Development","Enel NA","DR Calculator"
2020-10-30,"Kyle Langford",2.75,"HTACCESS NONSENSE!!","Hosting","Development","Enel NA","DR Calculator"
2020-10-30,"Kyle Langford",2.0,"QA","Testing / QA","Development","Enel NA","DR Calculator"
2020-10-29,"Kyle Langford",3.75,"","No Program Functionality","Development","Enel NA","DR Calculator"
2020-10-29,"Kyle Langford",1.0,"","Currency Conversion","Development","Enel NA","DR Calculator"
2020-10-29,"Kyle Langford",1.5,"","PDF Download","Development","Enel NA","DR Calculator"
2020-10-28,"Kyle Langford",1.25,"Replacing rangeslider","Having Industry Set Range Slider on select","Development","Enel NA","DR Calculator"
2020-10-28,"Kyle Langford",0.5,"Testing","Industry Mapping + Date","Development","Enel NA","DR Calculator"
2020-10-28,"Kyle Langford",4.25,"","No Program Functionality","Development","Enel NA","DR Calculator"
2020-10-27,"Kyle Langford",1.75,"","No Program Functionality","Development","Enel NA","DR Calculator"
2020-10-27,"Kyle Langford",0.75,"subdomain, vhost","Hosting","Development","Enel NA","DR Calculator"
2020-10-27,"Kyle Langford",2.0,"","Industry Mapping + Date","Development","Enel NA","DR Calculator"
2020-10-26,"Kyle Langford",2.75,"","Misc Updates from review","Development","Enel NA","DR Calculator"
2020-10-26,"Kyle Langford",1.0,"DNS","Hosting","Development","Enel NA","DR Calculator"
2020-10-23,"Kyle Langford",1.0,"Demo Calculator","Meetings","Misc","Enel NA","DR Calculator"
2020-10-23,"Kyle Langford",1.5,"","Results Page","Development","Enel NA","DR Calculator"
2020-10-22,"Kyle Langford",1.0,"Savings","Results Page","Development","Enel NA","DR Calculator"
2020-10-22,"Kyle Langford",4.0,"","Form Submission and Validation","Development","Enel NA","DR Calculator"
2020-10-22,"Kyle Langford",5.0,"","Results Page","Development","Enel NA","DR Calculator"
2020-10-22,"Kyle Langford",2.0,"","Hosting","Development","Enel NA","DR Calculator"
2020-10-21,"Kyle Langford",2.75,"","Results Page","Development","Enel NA","DR Calculator"
2020-10-20,"Kyle Langford",3.5,"","Results Page","Development","Enel NA","DR Calculator"
2020-10-20,"Kyle Langford",2.0,"PHP","Results Page","Development","Enel NA","DR Calculator"
2020-10-19,"Kyle Langford",5.25,"","Results Page","Development","Enel NA","DR Calculator"
2020-10-14,"Kyle Langford",2.5,"Styling, Adding Variables","Results Page","Development","Enel NA","DR Calculator"
2020-10-14,"Kyle Langford",2.0,"Industry Endpoint, and Message","Industry Lookup","Development","Enel NA","DR Calculator"
2020-10-14,"Kyle Langford",3.0,"autocomplete, sql lookup","Zipcode Functionality","Development","Enel NA","DR Calculator"
2020-10-13,"Kyle Langford",1.5,"Build out HTML, Styling","Results Page","Development","Enel NA","DR Calculator"
2020-10-13,"Kyle Langford",2.0,"Submit Handler","Standalone - Ontario Calculator","Development","Enel NA","DR Calculator"
2020-10-13,"Kyle Langford",3.5,"autocomplete, sql lookup","Zipcode Functionality","Development","Enel NA","DR Calculator"
2020-10-13,"Kyle Langford",1.0,"Updating Validation","Standalone - Ontario Calculator","Development","Enel NA","DR Calculator"
2020-10-13,"Kyle Langford",2.0,"PHP Submit Handler","Results Page","Development","Enel NA","DR Calculator"
2020-10-12,"Kyle Langford",3.0,"Client Side Validation","Form Submission and Validation","Development","Enel NA","DR Calculator"
2020-10-11,"Kyle Langford",1.0,"Client Side Validation","Form Submission and Validation","Development","Enel NA","DR Calculator"
2020-10-10,"Kyle Langford",2.5,"Client Side Validation","Form Submission and Validation","Development","Enel NA","DR Calculator"
2020-10-09,"Kyle Langford",2.5,"importing mysql DB - zipcodes","Zipcode Functionality","Development","Enel NA","DR Calculator"
2020-10-08,"Kyle Langford",6.25,"QA, Replacing Existing Module Functionality","Standalone - Ontario Calculator","Development","Enel NA","DR Calculator"
2020-10-05,"Kyle Langford",2.0,"Research - mysql","Zipcode Functionality","Development","Enel NA","DR Calculator"
2021-06-23,"Kyle Langford",1.0,"Removing scrollbar windows 10 chrome (latest) issue",,,"Enel NA","EGP Wind Energy Landing Page"
2021-06-18,"Kyle Langford",0.75,"Updating Prod Domain",,,"Enel NA","EGP Wind Energy Landing Page"
2021-05-26,"Kyle Langford",1.0,"Final Adjustments, Adding prod domain","Development","Misc.","Enel NA","EGP Wind Energy Landing Page"
2021-05-25,"Kyle Langford",0.75,"Testing","Development","Misc.","Enel NA","EGP Wind Energy Landing Page"
2021-05-24,"Kyle Langford",1.0,"Update Read More, Test Deploy","Update Read More Link Style","QA","Enel NA","EGP Wind Energy Landing Page"
2021-05-21,"Kyle Langford",0.5,"Improve Signaling","Height Calc","QA","Enel NA","EGP Wind Energy Landing Page"
2021-05-20,"Kyle Langford",1.0,"Media Query Heights","Height Calc","QA","Enel NA","EGP Wind Energy Landing Page"
2021-05-20,"Kyle Langford",3.75,"Post Message Fixed!","Height Calc","QA","Enel NA","EGP Wind Energy Landing Page"
2021-05-20,"Kyle Langford",0.75,"Button Styling","Reduce the white space under the ""Contact Us"" button, and align the button style with the EGP design system.","QA","Enel NA","EGP Wind Energy Landing Page"
2021-05-20,"Kyle Langford",0.25,"","Change fonts to Univers (need to confirm)","QA","Enel NA","EGP Wind Energy Landing Page"
2021-05-20,"Kyle Langford",1.5,"JS to dynamically add title/desc","Check and update basic SEO/Accessibility items (see comment)","QA","Enel NA","EGP Wind Energy Landing Page"
2021-05-20,"Kyle Langford",0.25,"","Change all ""read more"" CTAs to target=""_blank""","QA","Enel NA","EGP Wind Energy Landing Page"
2021-05-19,"Kyle Langford",1.0,"Review with Adam, Adjustments","Adjust where the dot ends, so it doesn't go under the illustration","QA","Enel NA","EGP Wind Energy Landing Page"
2021-05-19,"Kyle Langford",1.0,"","Height Calc","QA","Enel NA","EGP Wind Energy Landing Page"
2021-05-18,"Kyle Langford",1.25,"","Height Calc","QA","Enel NA","EGP Wind Energy Landing Page"
2021-05-18,"Kyle Langford",0.75,"","Update Copy","QA","Enel NA","EGP Wind Energy Landing Page"
2021-05-18,"Kyle Langford",5.75,"Redrawing Lines - Related to scroll issue","Adjust where the dot ends, so it doesn't go under the illustration","QA","Enel NA","EGP Wind Energy Landing Page"
2021-05-16,"Kyle Langford",2.0,"Intersection Observer - Path Functionality","Resolve scroll-related iframe issues","QA","Enel NA","EGP Wind Energy Landing Page"
2021-05-14,"Kyle Langford",2.75,"Intersection Observer - Path Functionality","Resolve scroll-related iframe issues","QA","Enel NA","EGP Wind Energy Landing Page"
2021-05-13,"Kyle Langford",5.5,"Refactoring / Testing, Thresholds","Resolve scroll-related iframe issues","QA","Enel NA","EGP Wind Energy Landing Page"
2021-05-12,"Kyle Langford",6.5,"refactoring - iframe passing scroll info, intersection observer replacing waypoints.","Resolve scroll-related iframe issues","QA","Enel NA","EGP Wind Energy Landing Page"
2021-05-12,"Kyle Langford",0.5,"","Update scroll indicator icon to a basic down arrow","QA","Enel NA","EGP Wind Energy Landing Page"
2021-05-12,"Kyle Langford",0.25,"","Scan copy and fix unnecessary hyphenations","QA","Enel NA","EGP Wind Energy Landing Page"
2021-05-12,"Kyle Langford",0.25,"","Remove all ""READ MORE"" links (maybe just comment them out so we can easily add them back later)","QA","Enel NA","EGP Wind Energy Landing Page"
2021-05-11,"Kyle Langford",4.75,"refactoring - iframe passing scroll info, intersection observer replacing waypoints.","Resolve scroll-related iframe issues","QA","Enel NA","EGP Wind Energy Landing Page"
2021-05-10,"Kyle Langford",3.75,"Height Calc, Looking into observer","Resolve scroll-related iframe issues","QA","Enel NA","EGP Wind Energy Landing Page"
2021-05-10,"Kyle Langford",0.5,"Review Issues with Adam","Meetings & Phone Calls","Misc.","Enel NA","EGP Wind Energy Landing Page"
2021-05-06,"Kyle Langford",0.5,"tweaking","Adjust where the dot ends, so it doesn't go under the illustration","QA","Enel NA","EGP Wind Energy Landing Page"
2021-05-06,"Kyle Langford",0.25,"","Mobile: #RenewablesForAll is bumping outside of the viewport.","QA","Enel NA","EGP Wind Energy Landing Page"
2021-05-06,"Kyle Langford",0.25,"","Mobile: Make text box wider","QA","Enel NA","EGP Wind Energy Landing Page"
2021-05-06,"Kyle Langford",0.25,"","Mobile: Increase size of illustrations.","QA","Enel NA","EGP Wind Energy Landing Page"
2021-05-06,"Kyle Langford",0.25,"","Mobile: Can the text load in a little sooner? See attached screenshot.","QA","Enel NA","EGP Wind Energy Landing Page"
2021-04-29,"Kyle Langford",0.75,"","On mobile, use straight lines all running down the middle of the page.","QA","Enel NA","EGP Wind Energy Landing Page"
2021-04-29,"Kyle Langford",0.25,"","Can we have it so the dot/line under the illustration doesn't appear until you start scrolling it past the middle of the screen?","QA","Enel NA","EGP Wind Energy Landing Page"
2021-04-29,"Kyle Langford",0.5,"","Check font sizes and specs","QA","Enel NA","EGP Wind Energy Landing Page"
2021-04-29,"Kyle Langford",0.25,"","Remove the green horizontal line below the titles","QA","Enel NA","EGP Wind Energy Landing Page"
2021-04-29,"Kyle Langford",1.0,"Removing negative pathoffset values","Lines animations are very buggy in Safari","QA","Enel NA","EGP Wind Energy Landing Page"
2021-04-29,"Kyle Langford",0.25,"","The scrolling mouse icon/indicator takes a very long time to appear","QA","Enel NA","EGP Wind Energy Landing Page"
2021-04-29,"Kyle Langford",0.75,"Review progress with Adam","Meetings & Phone Calls","Misc.","Enel NA","EGP Wind Energy Landing Page"
2021-04-28,"Kyle Langford",3.0,"Curve Mask","Development","Misc.","Enel NA","EGP Wind Energy Landing Page"
2021-04-23,"Kyle Langford",2.0,"Drawing Curves, Timing","Development","Misc.","Enel NA","EGP Wind Energy Landing Page"
2021-04-22,"Kyle Langford",6.25,"Animate Function, Drawing Curves, Timing","Development","Misc.","Enel NA","EGP Wind Energy Landing Page"
2021-04-21,"Kyle Langford",6.5,"SVG Path Instances, Animate Function","Development","Misc.","Enel NA","EGP Wind Energy Landing Page"
2021-04-20,"Kyle Langford",5.75,"Animate Function, Hit Detection","Development","Misc.","Enel NA","EGP Wind Energy Landing Page"
2021-04-19,"Kyle Langford",3.5,"Moving Dot along SVG Path","Development","Misc.","Enel NA","EGP Wind Energy Landing Page"
2021-04-16,"Kyle Langford",2.5,"Moving Dot along SVG Path","Development","Misc.","Enel NA","EGP Wind Energy Landing Page"
2021-04-15,"Kyle Langford",2.25,"Drawing SVG Curves, Styling","Development","Misc.","Enel NA","EGP Wind Energy Landing Page"
2021-04-15,"Kyle Langford",0.5,"Call with Adam and Jay to review landing page progress","Meetings & Phone Calls","Misc.","Enel NA","EGP Wind Energy Landing Page"
2021-04-14,"Kyle Langford",3.0,"Drawing SVG Curves","Development","Misc.","Enel NA","EGP Wind Energy Landing Page"
2021-04-13,"Kyle Langford",2.0,"Styling","Development","Misc.","Enel NA","EGP Wind Energy Landing Page"
2021-04-12,"Kyle Langford",3.25,"waypoints.js and inview.js. animation start/stop","Development","Misc.","Enel NA","EGP Wind Energy Landing Page"
2021-04-09,"Kyle Langford",2.25,"Styling","Development","Misc.","Enel NA","EGP Wind Energy Landing Page"
2021-04-06,"Kyle Langford",2.5,"JS Triggers, Waypoints.js","Development","Misc.","Enel NA","EGP Wind Energy Landing Page"
2021-04-05,"Kyle Langford",2.0,"Gulpfile, Styling","Development","Misc.","Enel NA","EGP Wind Energy Landing Page"
2021-04-02,"Kyle Langford",3.5,"Setting up project files, git repo, basic animation working (lottie.js)","Development","Misc.","Enel NA","EGP Wind Energy Landing Page"
2021-02-24,"Kyle Langford",4.0,"Creating Mockup for revised script with ""green line"", Meeting to review","Wireframes","Misc.","Enel NA","EGP Wind Energy Landing Page"
2021-02-04,"Kyle Langford",0.75,"review timline",,,"Enel NA","EGP Wind Energy Landing Page"
2021-01-26,"Kyle Langford",1.0,"Art Research","Research","Misc.","Enel NA","EGP Wind Energy Landing Page"
2021-01-26,"Kyle Langford",2.0,"Creating HTML5 animations","Research","Misc.","Enel NA","EGP Wind Energy Landing Page"
2021-01-19,"Kyle Langford",0.5,"Meeting with Adam to review art direction","Meetings & Phone Calls","Misc.","Enel NA","EGP Wind Energy Landing Page"
2021-01-19,"Kyle Langford",0.75,"Meeting with Italian Team re: implementation","Meetings & Phone Calls","Misc.","Enel NA","EGP Wind Energy Landing Page"
2021-01-14,"Kyle Langford",1.25,"Meeting with Alvaro and Maura to clarify direction","Meetings & Phone Calls","Misc.","Enel NA","EGP Wind Energy Landing Page"
2020-12-30,"Kyle Langford",9.0,"Wireframing, creating artwork, translating bullets","Wireframes","Misc.","Enel NA","EGP Wind Energy Landing Page"
2020-12-29,"Kyle Langford",5.5,"XD Wireframing","Wireframes","Misc.","Enel NA","EGP Wind Energy Landing Page"
2020-12-28,"Kyle Langford",1.5,"Visual Research (isometric design)","Research","Misc.","Enel NA","EGP Wind Energy Landing Page"
2020-12-23,"Kyle Langford",3.5,"Visual Research","Research","Misc.","Enel NA","EGP Wind Energy Landing Page"
2020-12-22,"Kyle Langford",4.25,"Reviewing Video, Storyboarding existing, Translate Content","Wireframes","Misc.","Enel NA","EGP Wind Energy Landing Page"
2020-12-21,"Kyle Langford",2.5,"Local Dev Setup, Starter Files","Development","Misc.","Enel NA","EGP Wind Energy Landing Page"
2021-12-09,"Kyle Langford",0.75,"Updating iframe Code","Check/update embedded DR Calculator, responsive height is off","Clean-up Tasks","Enel NA","New Digital Ecosystem"
2021-11-23,"Kyle Langford",2.0,"Updating script to work off placeholder value","Email Optin (US vs. Canada and other countries)","Dev","Enel NA","New Digital Ecosystem"
2021-11-22,"Kyle Langford",1.25,"Review Code w/ Adam, Troubleshooting","Email Optin (US vs. Canada and other countries)","Dev","Enel NA","New Digital Ecosystem"
2021-11-22,"Kyle Langford",0.5,"Review Code","SFID override","Dev","Enel NA","New Digital Ecosystem"
2021-11-19,"Kyle Langford",1.5,"Creating Redirects, Testing","Create rewrite rule to remove "".html"" from incoming URLs for Calculator and Map","Dev","Enel NA","New Digital Ecosystem"
2021-11-18,"Kyle Langford",1.0,"Testing, Codepen","Email Optin (US vs. Canada and other countries)","Dev","Enel NA","New Digital Ecosystem"
2021-11-18,"Kyle Langford",0.5,"Testing, Codepen","SFID override","Dev","Enel NA","New Digital Ecosystem"
2021-11-16,"Kyle Langford",0.5,"","SFID override","Dev","Enel NA","New Digital Ecosystem"
2021-11-16,"Kyle Langford",1.25,"","Email Optin (US vs. Canada and other countries)","Dev","Enel NA","New Digital Ecosystem"
2021-11-16,"Kyle Langford",0.5,"JS","SFID override","Dev","Enel NA","New Digital Ecosystem"
2021-11-15,"Kyle Langford",0.25,"Review with Adam","Email Optin (US vs. Canada and other countries)","Dev","Enel NA","New Digital Ecosystem"
2021-11-15,"Kyle Langford",0.25,"Review with Adam","SFID override","Dev","Enel NA","New Digital Ecosystem"
2021-07-02,"Kyle Langford",1.0,"respond to Guiseppe re: DR Calc questions",,,"Enel NA","New Digital Ecosystem"
2023-07-13,"Kyle Langford",0.75,"Teams meeting re: migration q","ENA: Support for calculator migrations","Ongoing Request List","Enel NA","Retainer"
2023-07-06,"Kyle Langford",1.0,"","Enel X: Update SSL for enelxnorthamerica.com","Ongoing Request List","Enel NA","Retainer"
2023-06-20,"Kyle Langford",0.25,"Finding Ontario Code, Reviewing Form Action","Misc. support","Meetings, Calls, PM","Enel NA","Retainer"
2023-04-27,"Kyle Langford",0.5,"Fixing Typos","Update font from Avenir to Roobert on Ontario calculator hosted on Digital Ocean","Ongoing Request List","Enel NA","Retainer"
2023-04-27,"Kyle Langford",1.5,"dr-calc, ontario-clac, product-map, Updating git https to ssh.","Update font from Avenir to Roobert on Ontario calculator hosted on Digital Ocean","Ongoing Request List","Enel NA","Retainer"
2023-04-19,"Kyle Langford",0.75,"Adding and testing redirects","Landing page updates with new forms","Ongoing Request List","Enel NA","Retainer"
2023-03-22,"Kyle Langford",0.5,"SFID Script","ENA: Dandelion landing pages","Ongoing Request List","Enel NA","Retainer"
2023-03-02,"Kyle Langford",0.5,"Updating Logo Width","Replace Enel logo on 3 Digital Ocean form pages","Ongoing Request List","Enel NA","Retainer"
2023-03-02,"Kyle Langford",2.0,"add max-width and margin to title/dek, update gulp, update logo, deployment","Replace Enel logo on 3 Digital Ocean form pages","Ongoing Request List","Enel NA","Retainer"
2023-02-27,"Kyle Langford",2.0,"Creating new instance, updating index.php to use config file.","ENA: New gated asset -- ""2023 Energy Outlook""","Ongoing Request List","Enel NA","Retainer"
2023-02-08,"Kyle Langford",0.75,"Adding Margin, Updating Gulp","ENA: New gated asset eBook -- 2023 Resilience eBook","Ongoing Request List","Enel NA","Retainer"
2023-02-08,"Kyle Langford",2.0,"Duplicating Form, Deployment","ENA: New gated asset eBook -- 2023 Resilience eBook","Ongoing Request List","Enel NA","Retainer"
2022-12-20,"Kyle Langford",1.25,"JS for form validation","ENA: New landing page: EPA Clean School Bus Program","Ongoing Request List","Enel NA","Retainer"
2022-10-12,"Kyle Langford",2.0,"Create new form instance","ENA: ""Decarbonization with Renewable Energy"" White paper landing page (SED, E+E)","Ongoing Request List","Enel NA","Retainer"
2022-09-30,"Kyle Langford",0.25,"Q's AEM Development","Meetings and Phone Calls","Meetings, Calls, PM","Enel NA","Retainer"
2022-09-16,"Kyle Langford",0.75,"remove cookie banner","Create new webform for Enel North America RE+ landing page","Ongoing Request List","Enel NA","Retainer"
2022-09-07,"Kyle Langford",1.5,"Product Interest Dropdown","Create new webform for Enel North America RE+ landing page","Ongoing Request List","Enel NA","Retainer"
2022-09-01,"Kyle Langford",0.5,"Update git remotes and link","Update link on Ontario Calculator results page.","Ongoing Request List","Enel NA","Retainer"
2022-09-01,"Kyle Langford",3.5,"Styling","Create new webform for Enel North America RE+ landing page","Ongoing Request List","Enel NA","Retainer"
2022-08-31,"Kyle Langford",0.75,"Adding Zip Code","Create new webform for Enel North America RE+ landing page","Ongoing Request List","Enel NA","Retainer"
2022-08-31,"Kyle Langford",2.0,"Updating Git from https -> ssh, php debugging, deploy to server","Create new webform for Enel North America RE+ landing page","Ongoing Request List","Enel NA","Retainer"
2022-08-30,"Kyle Langford",4.25,"Updating / Cleaning up code.","Create new webform for Enel North America RE+ landing page","Ongoing Request List","Enel NA","Retainer"
2022-08-29,"Kyle Langford",4.0,"Updating htaccess, php templates.","Create new webform for Enel North America RE+ landing page","Ongoing Request List","Enel NA","Retainer"
2022-08-24,"Kyle Langford",0.5,"Review request","Create new webform for Enel North America RE+ landing page","Ongoing Request List","Enel NA","Retainer"
2022-08-09,"Kyle Langford",1.0,"troubleshoot vhost","SSL Renewal for enelxnorthamerica.com","Ongoing Request List","Enel NA","Retainer"
2022-08-09,"Kyle Langford",3.25,"Remove SAN, and install cert","SSL Renewal for enelxnorthamerica.com","Ongoing Request List","Enel NA","Retainer"
2022-08-08,"Kyle Langford",2.5,"Troubleshoot vhost","SSL Renewal for enelxnorthamerica.com","Ongoing Request List","Enel NA","Retainer"
2022-08-05,"Kyle Langford",2.5,"Domain Validation - Review notes, attempting to troubleshoot www.energysmart","SSL Renewal for enelxnorthamerica.com","Ongoing Request List","Enel NA","Retainer"
2022-07-12,"Kyle Langford",0.75,"Enel X Way call","Meetings and Phone Calls","Meetings, Calls, PM","Enel NA","Retainer"
2021-10-01,"Kyle Langford",0.75,"Responding to Sara Gemma, re: Calc Questions","Misc. support","Meetings, Calls, PM","Enel NA","Retainer"
2021-08-10,"Kyle Langford",0.5,"installing ssl","Renew SSL for enelxnorthamerica.com","Ongoing Request List","Enel NA","Retainer"
2021-08-10,"Kyle Langford",3.5,"Creating Exception for validation file in httpd config and htaccess, Edit SANS","Renew SSL for enelxnorthamerica.com","Ongoing Request List","Enel NA","Retainer"
2021-08-04,"Kyle Langford",2.0,"Attempting to Verify with HTML File","Renew SSL for enelxnorthamerica.com","Ongoing Request List","Enel NA","Retainer"
2021-08-04,"Kyle Langford",0.25,"Call with Adam re: GoDaddy","Renew SSL for enelxnorthamerica.com","Ongoing Request List","Enel NA","Retainer"
2021-08-04,"Kyle Langford",0.75,"Call with GoDaddy re: SSL UCC Cert","Renew SSL for enelxnorthamerica.com","Ongoing Request List","Enel NA","Retainer"
2021-08-03,"Kyle Langford",2.5,"Reviewing Server, HTML File Validation","Renew SSL for enelxnorthamerica.com","Ongoing Request List","Enel NA","Retainer"
2021-07-22,"Kyle Langford",1.5,"Fixing Conditionals for no estimate programs.","Updates to DR Calculator","Ongoing Request List","Enel NA","Retainer"
2021-07-21,"Kyle Langford",1.75,"Deploying Updates, Testing, Updating Test Cases","Updates to DR Calculator","Ongoing Request List","Enel NA","Retainer"
2021-07-20,"Kyle Langford",2.5,"Improving Documentation, Reviewing Update Process and Creating new SQL file","Updates to DR Calculator","Ongoing Request List","Enel NA","Retainer"
2021-07-14,"Kyle Langford",1.75,"Testing","Check the optin checkbox functionality on form pages. I don't think the ""YES"" is working anymore.","Ongoing Request List","Enel NA","Retainer"
2021-07-13,"Kyle Langford",1.0,"Code Refresh","Check the optin checkbox functionality on form pages. I don't think the ""YES"" is working anymore.","Ongoing Request List","Enel NA","Retainer"
2021-07-02,"Kyle Langford",1.0,"Email","Calculator Support for global team","Ongoing Request List","Enel NA","Retainer"
2021-06-24,"Kyle Langford",0.75,"fix","Look into scrollbar issue on Wind Journey","Ongoing Request List","Enel NA","Retainer"
2021-06-16,"Kyle Langford",0.5,"support for Gerado and sending wind journey page from our server",,,"Enel NA","Retainer"
2021-03-05,"Kyle Langford",0.75,"Fixing program, Updating Live Site","Update rate date and program name on DR Calculator","Ongoing Request List","Enel NA","Retainer"
2021-03-04,"Kyle Langford",1.5,"Staging updated datebase.","Update rate date and program name on DR Calculator","Ongoing Request List","Enel NA","Retainer"
2021-02-25,"Kyle Langford",0.75,"Support - Finding old enernoc article (local setup, ultimately found exported pdf)",,,"Enel NA","Retainer"
2021-02-17,"Kyle Langford",0.5,"call w/ Global team re: iframe component","Meetings and Phone Calls","Meetings, Calls, PM","Enel NA","Retainer"
2021-01-28,"Kyle Langford",0.75,"Troubleshoot DR Calc (Campaign ID)",,,"Enel NA","Retainer"
2021-01-07,"Kyle Langford",3.5,"Documentation","DR Calculator Code Handoff","Ongoing Request List","Enel NA","Retainer"
2021-01-06,"Kyle Langford",2.5,"Documentation","DR Calculator Code Handoff","Ongoing Request List","Enel NA","Retainer"
2021-01-05,"Kyle Langford",2.75,"Documentation","DR Calculator Code Handoff","Ongoing Request List","Enel NA","Retainer"
2020-12-16,"Kyle Langford",0.5,"Updating redirects","Implement TWE redirects","Ongoing Request List","Enel NA","Retainer"
2020-12-08,"Kyle Langford",1.5,"Call with adam, CSS update, Scroll to top","iframe for DR calc","Ongoing Request List","Enel NA","Retainer"
2020-12-08,"Kyle Langford",2.75,"Updates","iframe for DR calc","Ongoing Request List","Enel NA","Retainer"
2020-12-07,"Kyle Langford",4.75,"Implementing Responsive iframe","iframe for DR calc","Ongoing Request List","Enel NA","Retainer"
2020-12-07,"Kyle Langford",0.5,"Meeting to review iframe options","iframe for DR calc","Ongoing Request List","Enel NA","Retainer"
2020-12-04,"Kyle Langford",2.5,"Research Post Message, Setting up test","iframe for DR calc","Ongoing Request List","Enel NA","Retainer"
2020-11-24,"Kyle Langford",1.0,"Troubleshooting with adam","Update all general contact forms","Ongoing Request List","Enel NA","Retainer"
2020-11-10,"Kyle Langford",2.0,"Iframe Detection, Alt Styling","iframe for DR calc","Ongoing Request List","Enel NA","Retainer"
2020-11-09,"Kyle Langford",2.0,"Website and Calculator, Polyfill","SFID override for new custom forms","Ongoing Request List","Enel NA","Retainer"
2020-10-26,"Kyle Langford",2.0,"Estimate, Research","Create wind power animation minisite","Ongoing Request List","Enel NA","Retainer"
2020-10-19,"Kyle Langford",0.25,"Zoom","Write JS for Salesforce Opt-in checkbox","Ongoing Request List","Enel NA","Retainer"
2020-10-16,"Kyle Langford",0.25,"QA with Adam","Write JS for Salesforce Opt-in checkbox","Ongoing Request List","Enel NA","Retainer"
2020-10-16,"Kyle Langford",0.5,"JS support (selector issue)","Write JS for Salesforce Opt-in checkbox","Ongoing Request List","Enel NA","Retainer"
2020-10-16,"Kyle Langford",0.5,"Review w/Adam","Write JS for Salesforce Opt-in checkbox","Ongoing Request List","Enel NA","Retainer"
2020-10-15,"Kyle Langford",2.0,"JS","Write JS for Salesforce Opt-in checkbox","Ongoing Request List","Enel NA","Retainer"
2020-10-15,"Kyle Langford",0.5,"Review with Adam","Write JS for Salesforce Opt-in checkbox","Ongoing Request List","Enel NA","Retainer"
2022-07-11,"Kyle Langford",0.25,"call w/ global but they were no-show.","Meetings & Phone Calls","Misc.","Enel X Way","Retainer"
2023-06-29,"Kyle Langford",0.5,"Review, Correspondence","UA -> GA4","Running to-do list","Esco Optics","Esco Marketing"
2023-06-20,"Kyle Langford",1.0,"","UA -> GA4","Running to-do list","Esco Optics","Esco Marketing"
2023-01-19,"Kyle Langford",1.0,"Looking into HTML error","Homepage error","Running to-do list","Esco Optics","Esco Marketing"
2021-08-31,"Kyle Langford",0.5,"Updating Redirect","Landing page","Running to-do list","Esco Optics","Esco Marketing"
2021-08-30,"Kyle Langford",0.25,"Updating SEO title and desc","Landing page","Running to-do list","Esco Optics","Esco Marketing"
2021-08-30,"Kyle Langford",1.0,"URL, Email, Misc","Landing page","Running to-do list","Esco Optics","Esco Marketing"
2021-08-24,"Kyle Langford",0.5,"Adding no follow","Landing page","Running to-do list","Esco Optics","Esco Marketing"
2021-08-24,"Kyle Langford",2.0,"Thank you page adjustments, Email","Landing page","Running to-do list","Esco Optics","Esco Marketing"
2021-08-23,"Kyle Langford",0.75,"Starting thank you page","Landing page","Running to-do list","Esco Optics","Esco Marketing"
2021-08-13,"Kyle Langford",4.0,"Creating template, Content Updates, CSS Cleanup","Landing page","Running to-do list","Esco Optics","Esco Marketing"
2021-08-06,"Kyle Langford",0.5,"Email","Landing page","Running to-do list","Esco Optics","Esco Marketing"
2021-06-17,"Kyle Langford",0.75,"reviewing request","Revisit clearance section","Running to-do list","Esco Optics","Esco Marketing"
2021-03-04,"Kyle Langford",0.5,"email, issue","Help with spec on sub-pages","Running to-do list","Esco Optics","Esco Marketing"
2021-02-03,"Kyle Langford",1.25,"demo, push live","Wufoo filters help","Running to-do list","Esco Optics","Esco Marketing"
2020-12-10,"Kyle Langford",0.5,"Updating template and collection page","Website typo","Running to-do list","Esco Optics","Esco Marketing"
2020-10-19,"Kyle Langford",0.75,"HTML, Email","Add data sheet to product pages","Running to-do list","Esco Optics","Esco Marketing"
2023-08-21,"Kyle Langford",0.5,"","Create TWO Pantheon sandbox environments with Wordpress installed and import current Gray Associates content and database","2023 Gray D.I. Re-theme","Gray Associates","Services Retainer"
2023-08-16,"Kyle Langford",2.5,"Attempting to Migrate","Create TWO Pantheon sandbox environments with Wordpress installed and import current Gray Associates content and database","2023 Gray D.I. Re-theme","Gray Associates","Services Retainer"
2023-08-16,"Kyle Langford",0.25,"Huddle w/ Adam - Creating Env","Meetings & Phone Calls","Misc.","Gray Associates","Services Retainer"
2023-08-15,"Kyle Langford",0.5,"Create ENV","Create TWO Pantheon sandbox environments with Wordpress installed and import current Gray Associates content and database","2023 Gray D.I. Re-theme","Gray Associates","Services Retainer"
2023-06-19,"Kyle Langford",0.5,"follow up email, account review","Add GA4 to Hubspot","Retainer Tasks","Gray Associates","Services Retainer"
2023-06-15,"Kyle Langford",1.0,"Review Request, Create Property, Edit HupSpot, Email","Add GA4 to Hubspot","Retainer Tasks","Gray Associates","Services Retainer"
2023-05-08,"Kyle Langford",0.5,"","Email Ann about historical Data","Retainer Tasks","Gray Associates","Services Retainer"
2023-05-03,"Kyle Langford",1.0,"Email #2","GA4 setup","Retainer Tasks","Gray Associates","Services Retainer"
2023-05-03,"Kyle Langford",1.0,"Review account, Email","GA4 setup","Retainer Tasks","Gray Associates","Services Retainer"
2023-02-13,"Kyle Langford",1.5,"","Blog images not displaying on BobAtkins.com site","Retainer Tasks","Gray Associates","Services Retainer"
2022-11-08,"Kyle Langford",0.75,"Gray+Brunello: PEM API Project Discussion","Meetings & Phone Calls","Misc.","Gray Associates","Services Retainer"
2022-11-08,"Kyle Langford",0.5,"Brush up on web api's",,,"Gray Associates","Services Retainer"
2022-10-17,"Kyle Langford",0.5,"Go Live (Sync Local, Push to Prod)","Update slider on https://robertgrayatkins.com/ to point to grayassociates.com","Retainer Tasks","Gray Associates","Services Retainer"
2022-10-14,"Kyle Langford",0.75,"Looking into author feed","Update slider on https://robertgrayatkins.com/ to point to grayassociates.com","Retainer Tasks","Gray Associates","Services Retainer"
2022-10-13,"Kyle Langford",1.5,"Truncating, Misc QA","Update slider on https://robertgrayatkins.com/ to point to grayassociates.com","Retainer Tasks","Gray Associates","Services Retainer"
2022-10-13,"Kyle Langford",1.0,"Integrating url field","Update slider on https://robertgrayatkins.com/ to point to grayassociates.com","Retainer Tasks","Gray Associates","Services Retainer"
2022-10-12,"Kyle Langford",3.0,"Carousel","Update slider on https://robertgrayatkins.com/ to point to grayassociates.com","Retainer Tasks","Gray Associates","Services Retainer"
2022-10-12,"Kyle Langford",2.0,"Elem Preview, WP Variables","Update slider on https://robertgrayatkins.com/ to point to grayassociates.com","Retainer Tasks","Gray Associates","Services Retainer"
2022-10-11,"Kyle Langford",1.75,"Fetching XML, HTML Output","Update slider on https://robertgrayatkins.com/ to point to grayassociates.com","Retainer Tasks","Gray Associates","Services Retainer"
2022-10-11,"Kyle Langford",1.0,"Refactoring Gulpfile for sass, watch","Update slider on https://robertgrayatkins.com/ to point to grayassociates.com","Retainer Tasks","Gray Associates","Services Retainer"
2022-10-11,"Kyle Langford",3.0,"Testing functionality on dev -> troubleshooting CORS headers","Update slider on https://robertgrayatkins.com/ to point to grayassociates.com","Retainer Tasks","Gray Associates","Services Retainer"
2022-10-10,"Kyle Langford",1.5,"Researching: Saving Response to Database / Using PHP","Update slider on https://robertgrayatkins.com/ to point to grayassociates.com","Retainer Tasks","Gray Associates","Services Retainer"
2022-10-07,"Kyle Langford",2.5,"Creating Elementor Plugin Wrapper, Setting up Gulpfile / Babel","Update slider on https://robertgrayatkins.com/ to point to grayassociates.com","Retainer Tasks","Gray Associates","Services Retainer"
2022-10-07,"Kyle Langford",4.0,"Reviewing Elementor Plugin Documentation","Update slider on https://robertgrayatkins.com/ to point to grayassociates.com","Retainer Tasks","Gray Associates","Services Retainer"
2022-10-06,"Kyle Langford",3.75,"Reviewing sites, researching implementation (XML/RSS, Caching, Carousel))","Update slider on https://robertgrayatkins.com/ to point to grayassociates.com","Retainer Tasks","Gray Associates","Services Retainer"
2023-02-08,"Kyle Langford",1.0,"","UTM Parameters from Eloqua Landing Page to Lexia Website","Running To-Do List","Lexia Learning","Lexia Learning Retainer"
2022-06-10,"Kyle Langford",0.75,"add CID","JUNE22: UTM tracking code updates","Running To-Do List","Lexia Learning","Lexia Learning Retainer"
2022-06-09,"Kyle Langford",2.0,"Adding to Eloqua, Testing, Email","JUNE22: UTM tracking code updates","Running To-Do List","Lexia Learning","Lexia Learning Retainer"
2022-06-08,"Kyle Langford",0.25,"Review notes prior to call","JUNE22: UTM tracking code updates","Running To-Do List","Lexia Learning","Lexia Learning Retainer"
2022-06-08,"Kyle Langford",1.5,"Updating Script","JUNE22: UTM tracking code updates","Running To-Do List","Lexia Learning","Lexia Learning Retainer"
2022-06-08,"Kyle Langford",0.5,"Meeting re: request specs","JUNE22: UTM tracking code updates","Running To-Do List","Lexia Learning","Lexia Learning Retainer"
2022-05-26,"Kyle Langford",1.25,"Virtual Desktop Tour","Meetings and Phone Calls","Misc.","Lexia Learning","Lexia Learning Retainer"
2022-05-26,"Kyle Langford",0.5,"Review Lexia Workspace and .NET site. Review with Christian","Meetings and Phone Calls","Misc.","Lexia Learning","Lexia Learning Retainer"
2021-09-21,"Kyle Langford",0.5,"","!! Lexia English Language","Running To-Do List","Lexia Learning","Lexia Learning Retainer"
2021-08-11,"Kyle Langford",2.0,"IT Onboarding Training for Contractors","Meetings and Phone Calls","Misc.","Lexia Learning","Lexia Learning Retainer"
2021-08-09,"Kyle Langford",1.0,"Input outline styling","Landing Page, UTM Redirect","July 2021","Lexia Learning","Lexia Learning Retainer"
2021-08-02,"Kyle Langford",2.5,"Styling","Landing Page, UTM Redirect","July 2021","Lexia Learning","Lexia Learning Retainer"
2021-07-28,"Kyle Langford",1.25,"Working on 2 Column Layout, Video Example","Landing Page, UTM Redirect","July 2021","Lexia Learning","Lexia Learning Retainer"
2021-07-27,"Kyle Langford",0.5,"Adding case for ""eq"" param","Landing Page, UTM Redirect","July 2021","Lexia Learning","Lexia Learning Retainer"
2021-07-27,"Kyle Langford",1.5,"Cleanup and some Testing, Email","Landing Page, UTM Redirect","July 2021","Lexia Learning","Lexia Learning Retainer"
2021-07-26,"Kyle Langford",4.25,"UTM Script, refactoring, Adding new functionality","Landing Page, UTM Redirect","July 2021","Lexia Learning","Lexia Learning Retainer"
2021-07-21,"Kyle Langford",0.5,"Looking into ""header Issue"" - Feature Image Too Large","Eloqua email builder tool/ CSS tweaks","July 2021","Lexia Learning","Lexia Learning Retainer"
2021-07-21,"Kyle Langford",1.0,"Research","Landing Page, UTM Redirect","July 2021","Lexia Learning","Lexia Learning Retainer"
2021-07-19,"Kyle Langford",1.0,"Review Landing Page Code","Eloqua email builder tool/ CSS tweaks","July 2021","Lexia Learning","Lexia Learning Retainer"
2021-07-16,"Kyle Langford",2.0,"Header Styling, Redo Footer Width Constraints, Email","Eloqua email builder tool/ CSS tweaks","July 2021","Lexia Learning","Lexia Learning Retainer"
2021-07-15,"Kyle Langford",0.5,"Email on Image Sizes","Eloqua email builder tool/ CSS tweaks","July 2021","Lexia Learning","Lexia Learning Retainer"
2021-07-15,"Kyle Langford",1.0,"Looking into Button Styling Options","Eloqua email builder tool/ CSS tweaks","July 2021","Lexia Learning","Lexia Learning Retainer"
2021-07-15,"Kyle Langford",2.25,"Image Resizing","Eloqua email builder tool/ CSS tweaks","July 2021","Lexia Learning","Lexia Learning Retainer"
2021-07-14,"Kyle Langford",0.75,"Testing, email andrew","Eloqua email builder tool/ CSS tweaks","July 2021","Lexia Learning","Lexia Learning Retainer"
2021-07-13,"Kyle Langford",1.5,"HTML / CSS Testing","Eloqua email builder tool/ CSS tweaks","July 2021","Lexia Learning","Lexia Learning Retainer"
2021-07-13,"Kyle Langford",0.75,"q&A w Andrew/Linh Eloqua","Eloqua email builder tool/ CSS tweaks","July 2021","Lexia Learning","Lexia Learning Retainer"
2021-06-09,"Kyle Langford",1.5,"Correspondence with C/N, code review.","! Privacy Links issue (with Marc)","Running To-Do List","Lexia Learning","Lexia Learning Retainer"
2021-06-07,"Kyle Langford",1.0,"Reviewing Issue, Possible Solutions","! Privacy Links issue (with Marc)","Running To-Do List","Lexia Learning","Lexia Learning Retainer"
2020-11-23,"Kyle Langford",2.5,"support for Matt, Git Help. Reverting Changes. Reviewing Code.",,,"Lexia Learning","Lexia Learning Retainer"
2022-03-15,"Kyle Langford",0.5,"Safari font, grid spacing","Front-end dev based on approved designs","Development","Lightfully","Greenhouse Integration"
2022-03-14,"Kyle Langford",1.0,"single checkbox, QA","Front-end dev based on approved designs","Development","Lightfully","Greenhouse Integration"
2022-03-11,"Kyle Langford",2.5,"Mobile Filter Accordion, Mobile QA","Front-end dev based on approved designs","Development","Lightfully","Greenhouse Integration"
2022-03-11,"Kyle Langford",3.0,"Mobile QA","Front-end dev based on approved designs","Development","Lightfully","Greenhouse Integration"
2022-03-09,"Kyle Langford",3.5,"Trello QA","Front-end dev based on approved designs","Development","Lightfully","Greenhouse Integration"
2022-03-08,"Kyle Langford",3.75,"required attribute, removed placeholder, Multi Checkbox Field, Textarea","Front-end dev based on approved designs","Development","Lightfully","Greenhouse Integration"
2022-02-28,"Kyle Langford",3.25,"Styling - First Pass, Layout","Front-end dev based on approved designs","Development","Lightfully","Greenhouse Integration"
2022-02-10,"Kyle Langford",0.5,"Local Setup","Design comps for job listing page, job detail page, and application form","Design","Lightfully","Greenhouse Integration"
2022-02-08,"Kyle Langford",0.5,"Review designs, API, Checkboxes","Design comps for job listing page, job detail page, and application form","Design","Lightfully","Greenhouse Integration"
2022-01-27,"Kyle Langford",3.25,"API","Research","Development","Lightfully","Greenhouse Integration"
2022-01-25,"Kyle Langford",0.5,"Meet and Greet","Meetings & Phone Calls","Misc.","Lightfully","Greenhouse Integration"
2022-05-17,"Kyle Langford",1.5,"Testing and pushing live. Emails","Pass gh_src into greenhouse with application submissions","To-Dos Monthly Retainer","Lightfully","Monthly Retainer"
2022-05-16,"Kyle Langford",3.0,"store param, populate input","Pass gh_src into greenhouse with application submissions","To-Dos Monthly Retainer","Lightfully","Monthly Retainer"
2022-04-27,"Kyle Langford",0.5,"Review Email, Huddle with Adam and Christian","Pass gh_src into greenhouse with application submissions","To-Dos Monthly Retainer","Lightfully","Monthly Retainer"
2022-04-27,"Kyle Langford",0.5,"Meeting re: ""source"" param missing from GH","Pass gh_src into greenhouse with application submissions","To-Dos Monthly Retainer","Lightfully","Monthly Retainer"
2022-09-16,"Kyle Langford",1.0,"Header Issue, js:void, cross script? causing tab to open.","Development","Misc.","Linkwell Health","America's Best"
2022-04-22,"Kyle Langford",2.0,"Print Stylesheet","Development","Misc.","Linkwell Health","America's Best"
2022-04-21,"Kyle Langford",1.0,"review updates, Test Deployment (stage), make deployment. QA","Recipe template styling, kill shopping list, kill ingredient taxonomy links","Misc.","Linkwell Health","America's Best"
2022-04-04,"Kyle Langford",4.0,"Recipe Template","Recipe template styling, kill shopping list, kill ingredient taxonomy links","Misc.","Linkwell Health","America's Best"
2022-03-31,"Kyle Langford",1.25,"Image Resizing","Development","Misc.","Linkwell Health","America's Best"
2022-03-28,"Kyle Langford",1.0,"Pagination","Development","Misc.","Linkwell Health","America's Best"
2022-03-21,"Kyle Langford",2.75,"Search Icon, Safari Image bug","Development","Misc.","Linkwell Health","America's Best"
2022-03-18,"Kyle Langford",5.5,"QA, CTA Styling","Development","Misc.","Linkwell Health","America's Best"
2022-03-17,"Kyle Langford",7.75,"Mega Menu Images, Header JS, Icons, Button Styling","Development","Misc.","Linkwell Health","America's Best"
2022-03-16,"Kyle Langford",4.75,"Dropdown Icons, Mobile Menu","Development","Misc.","Linkwell Health","America's Best"
2022-03-15,"Kyle Langford",6.25,"mobile select, qa, merge","Development","Misc.","Linkwell Health","America's Best"
2022-03-10,"Kyle Langford",4.0,"Header/Mobile/QA","Development","Misc.","Linkwell Health","America's Best"
2022-03-01,"Kyle Langford",6.5,"Subnav, icons, cta styling","Development","Misc.","Linkwell Health","America's Best"
2022-02-28,"Kyle Langford",1.25,"cta styling","Development","Misc.","Linkwell Health","America's Best"
2022-02-25,"Kyle Langford",1.75,"CTA's","Development","Misc.","Linkwell Health","America's Best"
2022-02-16,"Kyle Langford",7.5,"Header/Footer Images, CSS, Scraper","Development","Misc.","Linkwell Health","America's Best"
2022-02-14,"Kyle Langford",5.75,"Header / Footer, Page Scraper","Development","Misc.","Linkwell Health","America's Best"
2022-02-10,"Kyle Langford",1.0,"","Development","Misc.","Linkwell Health","America's Best"
2022-02-10,"Kyle Langford",0.5,"Review Timeline","Meetings & Phone Calls","Misc.","Linkwell Health","America's Best"
2022-02-09,"Kyle Langford",2.25,"Styling","Development","Misc.","Linkwell Health","America's Best"
2022-02-09,"Kyle Langford",0.75,"Rebuild Local","Development","Misc.","Linkwell Health","America's Best"
2022-02-08,"Kyle Langford",4.0,"Views, Theme","Development","Misc.","Linkwell Health","America's Best"
2022-02-07,"Kyle Langford",0.75,"Estimate Remaining Work/ Timing, Email","Development","Misc.","Linkwell Health","America's Best"
2022-02-04,"Kyle Langford",2.5,"Homepage","Development","Misc.","Linkwell Health","America's Best"
2022-02-03,"Kyle Langford",4.0,"Homepage Top","Development","Misc.","Linkwell Health","America's Best"
2022-02-01,"Kyle Langford",5.0,"Theme Work","Development","Misc.","Linkwell Health","America's Best"
2022-01-31,"Kyle Langford",6.0,"Quinoa Theme Refresh, REM Mixin, Test Install","Development","Misc.","Linkwell Health","America's Best"
2022-01-25,"Kyle Langford",1.5,"Local Setup","Development","Misc.","Linkwell Health","America's Best"
2022-01-19,"Kyle Langford",1.0,"Looking at why styling is not applying","Development","Misc.","Linkwell Health","America's Best"
2021-08-24,"Kyle Langford",0.5,"Spinning up stark theme","HTML Feed / Theme","Development","Linkwell Health","America's Best"
2021-10-19,"Kyle Langford",1.0,"Deploy, Test","GA Double Click - deeplaxmi","Misc.","Linkwell Health","B'link Alaska"
2021-10-19,"Kyle Langford",0.5,"Update WA code","GA Double Click - deeplaxmi","Misc.","Linkwell Health","B'link Alaska"
2021-10-18,"Kyle Langford",0.5,"Deploy Update","GA Double Click - deeplaxmi","Misc.","Linkwell Health","B'link Alaska"
2021-10-18,"Kyle Langford",0.75,"Review with Deeplaxmi and Jed","GA Double Click - deeplaxmi","Misc.","Linkwell Health","B'link Alaska"
2021-10-14,"Kyle Langford",1.25,"Creating survey, tesing","Clone Premera Washington Survey in Survey Monkey and update Alaska site with new survey.","Misc.","Linkwell Health","B'link Alaska"
2021-10-14,"Kyle Langford",2.0,"Testing","GA Double Click - deeplaxmi","Misc.","Linkwell Health","B'link Alaska"
2021-10-13,"Kyle Langford",1.0,"","Clone Premera Washington Survey in Survey Monkey and update Alaska site with new survey.","Misc.","Linkwell Health","B'link Alaska"
2021-10-12,"Kyle Langford",2.75,"Troubleshooting, adding prod test, polyfill","GA Double Click - deeplaxmi","Misc.","Linkwell Health","B'link Alaska"
2021-10-01,"Kyle Langford",0.75,"no results","GA Double Click - deeplaxmi","Misc.","Linkwell Health","B'link Alaska"
2021-10-01,"Kyle Langford",0.75,"Logo","Updates - QA list from premera","Misc.","Linkwell Health","B'link Alaska"
2021-09-27,"Kyle Langford",2.5,"Updates","Updates - QA list from premera","Misc.","Linkwell Health","B'link Alaska"
2021-08-12,"Kyle Langford",0.75,"Safari Issue","Modal Survey","Design & Dev","Linkwell Health","B'link Alaska"
2021-08-12,"Kyle Langford",1.5,"updating logic","Modal Survey","Design & Dev","Linkwell Health","B'link Alaska"
2021-08-12,"Kyle Langford",2.5,"Dev","Modal Survey","Design & Dev","Linkwell Health","B'link Alaska"
2021-08-11,"Kyle Langford",2.0,"Copying over blink functionality","Modal Survey","Design & Dev","Linkwell Health","B'link Alaska"
2021-08-10,"Kyle Langford",0.5,"reviewing site","Implementation of B'link Alaska site","Design & Dev","Linkwell Health","B'link Alaska"
2021-08-06,"Kyle Langford",1.0,"Pushing Live","Pull No Results Report from B'Link Site","Design & Dev","Linkwell Health","B'link Alaska"
2021-08-05,"Kyle Langford",2.5,"Report, Email","Pull No Results Report from B'Link Site","Design & Dev","Linkwell Health","B'link Alaska"
2021-08-04,"Kyle Langford",2.0,"Reviewing Request, Writing GA Event","Pull No Results Report from B'Link Site","Design & Dev","Linkwell Health","B'link Alaska"
2021-08-04,"Kyle Langford",0.5,"Sending image specs to steve","Implementation of B'link Alaska site","Design & Dev","Linkwell Health","B'link Alaska"
2021-07-26,"Kyle Langford",0.5,"Meeting with LW + Premera","Implementation of B'link Alaska site","Design & Dev","Linkwell Health","B'link Alaska"
2023-07-31,"Kyle Langford",0.75,"D - GTM Questions","Google Analytics","Misc.","Linkwell Health","B'link Dev./Misc."
2023-05-31,"Kyle Langford",0.5,"","Create 301 redirects for blink AK","Misc.","Linkwell Health","B'link Dev./Misc."
2023-01-10,"Kyle Langford",0.5,"Steve question on direct linking (topic, assets)","WA/AK - Phase 2","B'link WA","Linkwell Health","B'link Dev./Misc."
2023-01-10,"Kyle Langford",0.5,"Jake Icon Question","WA/AK - Phase 2","B'link WA","Linkwell Health","B'link Dev./Misc."
2023-01-05,"Kyle Langford",3.0,"Sync AK, WA, troubleshooting, Testing","Config / Upstream","B'link WA","Linkwell Health","B'link Dev./Misc."
2023-01-04,"Kyle Langford",3.0,"Feature Field, Icon Field, Views","Config / Upstream","B'link WA","Linkwell Health","B'link Dev./Misc."
2023-01-04,"Kyle Langford",4.0,"Deploying / Testing WA and AK","Analytics","B'link WA","Linkwell Health","B'link Dev./Misc."
2023-01-03,"Kyle Langford",3.0,"troubleshooting","Analytics","B'link WA","Linkwell Health","B'link Dev./Misc."
2022-12-20,"Kyle Langford",1.0,"Analytics - Custom Events","D7 - D9 Migration and Theme Rebuild (hrbox)","B'link WA","Linkwell Health","B'link Dev./Misc."
2022-12-16,"Kyle Langford",0.5,"Jed - IE Issue","D7 - D9 Migration and Theme Rebuild (hrbox)","B'link WA","Linkwell Health","B'link Dev./Misc."
2022-12-15,"Kyle Langford",3.5,"Looking into IE issue, testing possible solutions.","D7 - D9 Migration and Theme Rebuild (hrbox)","B'link WA","Linkwell Health","B'link Dev./Misc."
2022-11-28,"Kyle Langford",0.75,"Reviewing Go-Live Issues","D7 - D9 Migration and Theme Rebuild (hrbox)","B'link WA","Linkwell Health","B'link Dev./Misc."
2022-11-21,"Kyle Langford",1.75,"AK Tab Styling, CSS bug (extra shadow on menu)","D7 - D9 Migration and Theme Rebuild (hrbox)","B'link WA","Linkwell Health","B'link Dev./Misc."
2022-11-18,"Kyle Langford",1.5,"Tab Styling","D7 - D9 Migration and Theme Rebuild (hrbox)","B'link WA","Linkwell Health","B'link Dev./Misc."
2022-10-13,"Kyle Langford",0.5,"Reviewing Feedback from trello","D7 - D9 Migration and Theme Rebuild (hrbox)","B'link WA","Linkwell Health","B'link Dev./Misc."
2022-10-06,"Kyle Langford",2.0,"External DL button","Blink WA - Design Changes","B'link WA","Linkwell Health","B'link Dev./Misc."
2022-10-05,"Kyle Langford",4.0,"QA, Mobile","Blink WA - Design Changes","B'link WA","Linkwell Health","B'link Dev./Misc."
2022-10-04,"Kyle Langford",7.25,"Mobile Menu Back Button, Blinkbot Survey, Misc QA, Modal","Blink WA - Design Changes","B'link WA","Linkwell Health","B'link Dev./Misc."
2022-09-30,"Kyle Langford",1.75,"Mobile Nav Back Button","Blink WA - Design Changes","B'link WA","Linkwell Health","B'link Dev./Misc."
2022-09-30,"Kyle Langford",4.0,"Tab Mobile Select","Blink WA - Design Changes","B'link WA","Linkwell Health","B'link Dev./Misc."
2022-09-29,"Kyle Langford",4.0,"Mobile Nav Back Button","Blink WA - Design Changes","B'link WA","Linkwell Health","B'link Dev./Misc."
2022-09-28,"Kyle Langford",3.0,"Carousel","D7 - D9 Migration and Theme Rebuild (hrbox)","B'link WA","Linkwell Health","B'link Dev./Misc."
2022-09-27,"Kyle Langford",4.75,"Mobile Nav","Blink WA - Design Changes","B'link WA","Linkwell Health","B'link Dev./Misc."
2022-09-26,"Kyle Langford",4.0,"Carousel","Blink WA - Design Changes","B'link WA","Linkwell Health","B'link Dev./Misc."
2022-09-23,"Kyle Langford",5.0,"Desktop Nav Updates, Mobile","Blink WA - Design Changes","B'link WA","Linkwell Health","B'link Dev./Misc."
2022-09-21,"Kyle Langford",4.0,"Accordion Custom Block","Blink WA - Design Changes","B'link WA","Linkwell Health","B'link Dev./Misc."
2022-09-20,"Kyle Langford",4.5,"Menu Update, Remove Accordion","Blink WA - Design Changes","B'link WA","Linkwell Health","B'link Dev./Misc."
2022-09-14,"Kyle Langford",0.5,"LOE For remaining items","D7 - D9 Migration and Theme Rebuild (hrbox)","B'link WA","Linkwell Health","B'link Dev./Misc."
2022-09-09,"Kyle Langford",3.0,"Duplicating Survey, Updating Code, Testing","Add Open Enrollment Survey fo WA / AK + Tracking","Misc.","Linkwell Health","B'link Dev./Misc."
2022-09-08,"Kyle Langford",3.5,"","Blink WA - Design Changes","B'link WA","Linkwell Health","B'link Dev./Misc."
2022-09-08,"Kyle Langford",0.5,"Testing","Category Card - AJAX Failing to load (sometimes)","B'link WA","Linkwell Health","B'link Dev./Misc."
2022-09-07,"Kyle Langford",2.0,"Looking into issue","Category Card - AJAX Failing to load (sometimes)","B'link WA","Linkwell Health","B'link Dev./Misc."
2022-09-06,"Kyle Langford",3.25,"blink","D7 - D9 Migration and Theme Rebuild (hrbox)","B'link WA","Linkwell Health","B'link Dev./Misc."
2022-09-06,"Kyle Langford",0.75,"next steps call with Linkwell team","Meetings","Misc.","Linkwell Health","B'link Dev./Misc."
2022-09-02,"Kyle Langford",1.5,"Pushing Survey to prod, troubleshooting backend","Add Open Enrollment Survey fo WA / AK + Tracking","Misc.","Linkwell Health","B'link Dev./Misc."
2022-09-01,"Kyle Langford",1.5,"adding tracking","Add Open Enrollment Survey fo WA / AK + Tracking","Misc.","Linkwell Health","B'link Dev./Misc."
2022-09-01,"Kyle Langford",1.0,"Review b'link next steps/design (Steve, Jay)","Meetings","Misc.","Linkwell Health","B'link Dev./Misc."
2022-08-31,"Kyle Langford",1.0,"Reviewing Code","Add Open Enrollment Survey fo WA / AK + Tracking","Misc.","Linkwell Health","B'link Dev./Misc."
2022-08-30,"Kyle Langford",0.5,"Review Designs","D7 - D9 Migration and Theme Rebuild (hrbox)","B'link WA","Linkwell Health","B'link Dev./Misc."
2022-08-26,"Kyle Langford",0.5,"Design review with Jay","D7 - D9 Migration and Theme Rebuild (hrbox)","B'link WA","Linkwell Health","B'link Dev./Misc."
2022-08-25,"Kyle Langford",1.0,"Commit to upstream","Clone HR Box for AK","B'link AK","Linkwell Health","B'link Dev./Misc."
2022-08-25,"Kyle Langford",1.75,"GA Feedback, Mobile (phone) Carousel","D7 - D9 Migration and Theme Rebuild (hrbox)","B'link WA","Linkwell Health","B'link Dev./Misc."
2022-08-24,"Kyle Langford",3.75,"Mobile, carousel cleanup","D7 - D9 Migration and Theme Rebuild (hrbox)","B'link WA","Linkwell Health","B'link Dev./Misc."
2022-08-23,"Kyle Langford",2.0,"GA Work + Screenshare with Deeplaxmi","D7 - D9 Migration and Theme Rebuild (hrbox)","B'link WA","Linkwell Health","B'link Dev./Misc."
2022-08-22,"Kyle Langford",1.0,"Calendar Reminder Research","D7 - D9 Migration and Theme Rebuild (hrbox)","B'link WA","Linkwell Health","B'link Dev./Misc."
2022-08-19,"Kyle Langford",2.0,"JS Refactor","D7 - D9 Migration and Theme Rebuild (hrbox)","B'link WA","Linkwell Health","B'link Dev./Misc."
2022-08-18,"Kyle Langford",5.75,"JS Refactoring (deep linking, ga)","D7 - D9 Migration and Theme Rebuild (hrbox)","B'link WA","Linkwell Health","B'link Dev./Misc."
2022-08-17,"Kyle Langford",4.25,"back btn, auto adv, carousel link, js","D7 - D9 Migration and Theme Rebuild (hrbox)","B'link WA","Linkwell Health","B'link Dev./Misc."
2022-08-16,"Kyle Langford",6.0,"JS refactoring (homepage, deep linking), html updates","D7 - D9 Migration and Theme Rebuild (hrbox)","B'link WA","Linkwell Health","B'link Dev./Misc."
2022-08-08,"Kyle Langford",1.25,"theme file cleanup","D7 - D9 Migration and Theme Rebuild (hrbox)","B'link WA","Linkwell Health","B'link Dev./Misc."
2022-08-04,"Kyle Langford",7.0,"","D7 - D9 Migration and Theme Rebuild (hrbox)","B'link WA","Linkwell Health","B'link Dev./Misc."
2022-08-03,"Kyle Langford",0.5,"Jake + Deeplaxmi Analytics","D7 - D9 Migration and Theme Rebuild (hrbox)","B'link WA","Linkwell Health","B'link Dev./Misc."
2022-08-01,"Kyle Langford",0.5,"Analytics spreadsheet","D7 - D9 Migration and Theme Rebuild (hrbox)","B'link WA","Linkwell Health","B'link Dev./Misc."
2022-07-31,"Kyle Langford",13.5,"P Block, Pantheon Support - Composer Issue, JS, Styling","D7 - D9 Migration and Theme Rebuild (hrbox)","B'link WA","Linkwell Health","B'link Dev./Misc."
2022-07-29,"Kyle Langford",7.0,"Styling","D7 - D9 Migration and Theme Rebuild (hrbox)","B'link WA","Linkwell Health","B'link Dev./Misc."
2022-07-28,"Kyle Langford",0.5,"Check in with Jed/Jake","Meetings","Misc.","Linkwell Health","B'link Dev./Misc."
2022-07-28,"Kyle Langford",10.5,"Topic Page, Schedule","D7 - D9 Migration and Theme Rebuild (hrbox)","B'link WA","Linkwell Health","B'link Dev./Misc."
2022-07-27,"Kyle Langford",0.75,"Mobile Menu","D7 - D9 Migration and Theme Rebuild (hrbox)","B'link WA","Linkwell Health","B'link Dev./Misc."
2022-07-27,"Kyle Langford",7.0,"Carousel, Hero, HP Accordion","D7 - D9 Migration and Theme Rebuild (hrbox)","B'link WA","Linkwell Health","B'link Dev./Misc."
2022-07-26,"Kyle Langford",7.0,"Carousel, HP Accordion, Mobile Menu","D7 - D9 Migration and Theme Rebuild (hrbox)","B'link WA","Linkwell Health","B'link Dev./Misc."
2022-07-25,"Kyle Langford",7.5,"Misc, HP Cards, Paragraphs","D7 - D9 Migration and Theme Rebuild (hrbox)","B'link WA","Linkwell Health","B'link Dev./Misc."
2022-07-25,"Kyle Langford",0.75,"Review designs with Jay / Jake","D7 - D9 Migration and Theme Rebuild (hrbox)","B'link WA","Linkwell Health","B'link Dev./Misc."
2022-07-24,"Kyle Langford",1.5,"Styling Paragraphs","D7 - D9 Migration and Theme Rebuild (hrbox)","B'link WA","Linkwell Health","B'link Dev./Misc."
2022-07-23,"Kyle Langford",5.5,"more styling","D7 - D9 Migration and Theme Rebuild (hrbox)","B'link WA","Linkwell Health","B'link Dev./Misc."
2022-07-22,"Kyle Langford",0.5,"review progress","Meetings","Misc.","Linkwell Health","B'link Dev./Misc."
2022-07-22,"Kyle Langford",9.5,"","D7 - D9 Migration and Theme Rebuild (hrbox)","B'link WA","Linkwell Health","B'link Dev./Misc."
2022-07-21,"Kyle Langford",5.0,"Styling and theme work","D7 - D9 Migration and Theme Rebuild (hrbox)","B'link WA","Linkwell Health","B'link Dev./Misc."
2022-07-21,"Kyle Langford",0.75,"Review b'link progress with Jake and Jed","Meetings","Misc.","Linkwell Health","B'link Dev./Misc."
2022-07-14,"Kyle Langford",2.0,"Pushing site to dev","D7 - D9 Migration and Theme Rebuild (hrbox)","B'link WA","Linkwell Health","B'link Dev./Misc."
2022-07-14,"Kyle Langford",0.5,"Deve Handoff w/ Jake","D7 - D9 Migration and Theme Rebuild (hrbox)","B'link WA","Linkwell Health","B'link Dev./Misc."
2022-07-14,"Kyle Langford",3.0,"Call Prep, Trello","D7 - D9 Migration and Theme Rebuild (hrbox)","B'link WA","Linkwell Health","B'link Dev./Misc."
2022-07-12,"Kyle Langford",2.75,"","D7 - D9 Migration and Theme Rebuild (hrbox)","B'link WA","Linkwell Health","B'link Dev./Misc."
2022-07-12,"Kyle Langford",0.5,"Review schedule","Meetings","Misc.","Linkwell Health","B'link Dev./Misc."
2022-07-07,"Kyle Langford",5.0,"Views, HTML","D7 - D9 Migration and Theme Rebuild (hrbox)","B'link WA","Linkwell Health","B'link Dev./Misc."
2022-07-06,"Kyle Langford",5.25,"Blocks, Remove scss dependencies, configure gulp, theme / sub-theme files","D7 - D9 Migration and Theme Rebuild (hrbox)","B'link WA","Linkwell Health","B'link Dev./Misc."
2022-07-05,"Kyle Langford",6.0,"Views Rebuilding","D7 - D9 Migration and Theme Rebuild (hrbox)","B'link WA","Linkwell Health","B'link Dev./Misc."
2022-07-01,"Kyle Langford",2.0,"Base theme Files","D7 - D9 Migration and Theme Rebuild (hrbox)","B'link WA","Linkwell Health","B'link Dev./Misc."
2022-06-30,"Kyle Langford",1.75,"Migration","D7 - D9 Migration and Theme Rebuild (hrbox)","B'link WA","Linkwell Health","B'link Dev./Misc."
2022-06-08,"Kyle Langford",0.25,"Review ""missing video"" - from Steve",,,"Linkwell Health","B'link Dev./Misc."
2022-06-08,"Kyle Langford",0.75,"B'Link Status w/ Steve and Jed","Meetings","Misc.","Linkwell Health","B'link Dev./Misc."
2022-06-08,"Kyle Langford",1.0,"Review Migration","D7 - D9 Migration and Theme Rebuild (hrbox)","B'link WA","Linkwell Health","B'link Dev./Misc."
2022-06-03,"Kyle Langford",1.0,"Migration","D7 - D9 Migration and Theme Rebuild (hrbox)","B'link WA","Linkwell Health","B'link Dev./Misc."
2022-05-24,"Kyle Langford",2.5,"Review migration, theme files","D7 - D9 Migration and Theme Rebuild (hrbox)","B'link WA","Linkwell Health","B'link Dev./Misc."
2022-05-23,"Kyle Langford",1.5,"Migration test","D7 - D9 Migration and Theme Rebuild (hrbox)","B'link WA","Linkwell Health","B'link Dev./Misc."
2022-05-20,"Kyle Langford",4.5,"Local Setup, Module Audit. Migration Plan.","D7 - D9 Migration and Theme Rebuild (hrbox)","B'link WA","Linkwell Health","B'link Dev./Misc."
2022-02-01,"Kyle Langford",0.75,"B'link Redesign and Drupal migration","Meetings","Misc.","Linkwell Health","B'link Dev./Misc."
2021-12-17,"Kyle Langford",4.0,"Adding to AK, Testing, WA cleanup, Core Updates for both","Update video embed to support YouTube or Vimeo","Development","Linkwell Health","B'link Dev./Misc."
2021-11-30,"Kyle Langford",1.5,"Updating Embed Code","Update video embed to support YouTube or Vimeo","Development","Linkwell Health","B'link Dev./Misc."
2021-11-29,"Kyle Langford",1.5,"Installing and Testing Video Embed","Update video embed to support YouTube or Vimeo","Development","Linkwell Health","B'link Dev./Misc."
2021-11-23,"Kyle Langford",0.75,"Removing popup","Remove Open Enrollment popup on B'link Washington","Development","Linkwell Health","B'link Dev./Misc."
2021-09-22,"Kyle Langford",3.5,"Building Views","Create Drupal View for taxonomy and create CSV export","Misc.","Linkwell Health","B'link Dev./Misc."
2021-09-21,"Kyle Langford",1.75,"","Create Drupal View for taxonomy and create CSV export","Misc.","Linkwell Health","B'link Dev./Misc."
2021-08-24,"Kyle Langford",0.5,"Post Launch Fixes","Updates to B'link WA site","Misc.","Linkwell Health","B'link Dev./Misc."
2021-08-24,"Kyle Langford",0.5,"Pushing Site Live, QA","Updates to B'link WA site","Misc.","Linkwell Health","B'link Dev./Misc."
2021-08-24,"Kyle Langford",0.25,"Syncing Stage, Review","Updates to B'link WA site","Misc.","Linkwell Health","B'link Dev./Misc."
2021-08-24,"Kyle Langford",1.0,"CSS oveflow - communications timeline","Updates to B'link WA site","Misc.","Linkwell Health","B'link Dev./Misc."
2021-08-23,"Kyle Langford",1.0,"Updating Content","Updates to B'link WA site","Misc.","Linkwell Health","B'link Dev./Misc."
2021-08-23,"Kyle Langford",2.25,"JS Code Cleanup, CSS Overflow, Testing","Updates to B'link WA site","Misc.","Linkwell Health","B'link Dev./Misc."
2021-08-20,"Kyle Langford",0.5,"Updating Topic Order","Updates to B'link WA site","Misc.","Linkwell Health","B'link Dev./Misc."
2021-08-20,"Kyle Langford",3.0,"Cleaning up Modal code and Allowing event chaining.","Updates to B'link WA site","Misc.","Linkwell Health","B'link Dev./Misc."
2021-08-19,"Kyle Langford",1.0,"Reviewing Site, Sync Content","Updates to B'link WA site","Misc.","Linkwell Health","B'link Dev./Misc."
2021-08-18,"Kyle Langford",0.5,"JS Error - Hotfix","Updates to B'link WA site","Misc.","Linkwell Health","B'link Dev./Misc."
2021-08-18,"Kyle Langford",0.5,"Adding Webinar Topic Assets","Updates to B'link WA site","Misc.","Linkwell Health","B'link Dev./Misc."
2021-08-18,"Kyle Langford",3.5,"Survey and Modal Work","Updates to B'link WA site","Misc.","Linkwell Health","B'link Dev./Misc."
2021-08-17,"Kyle Langford",2.0,"BlinkBot Survey / Modal","Updates to B'link WA site","Misc.","Linkwell Health","B'link Dev./Misc."
2021-08-17,"Kyle Langford",1.5,"blinkbot, Survey","Updates to B'link WA site","Misc.","Linkwell Health","B'link Dev./Misc."
2021-08-17,"Kyle Langford",2.0,"Content Updates.","Updates to B'link WA site","Misc.","Linkwell Health","B'link Dev./Misc."
2021-08-09,"Kyle Langford",3.5,"grid layout issue, updating npm, grid styling, autoprefixer, adding to alaska",,,"Linkwell Health","B'link Dev./Misc."
2021-03-25,"Kyle Langford",0.75,"View: Orphan Links","Query the “orphan link” field for the item numbers listed and send that back with the Blink title","Misc.","Linkwell Health","B'link Dev./Misc."
2021-08-09,"Kyle Langford",3.5,"updating npm, grid styling, autoprefixer, adding to alaska","Grid layout Issue.","Dev.","Linkwell Health","B'link Phase 2"
2021-06-11,"Kyle Langford",0.75,"Update, with drupal update","Add new topic - ""Quartet – Behavioral Health Navigator""","Dev.","Linkwell Health","B'link Phase 2"
2021-01-27,"Kyle Langford",0.75,"Move to Stage and Test, Deploy Prod and test.","Remove Carousel and Custom Scroll Bar, Update “Flyout” to match design","Dev.","Linkwell Health","B'link Phase 2"
2021-01-22,"Kyle Langford",0.5,"Updating stage with new security release","Review and update pathauto settings for names with hyphens","Dev.","Linkwell Health","B'link Phase 2"
2021-01-11,"Kyle Langford",3.25,"Mockups, Testing / Dev","Design comps showing more prominent UI nav elements","Misc.","Linkwell Health","B'link Phase 2"
2021-01-06,"Kyle Langford",1.5,"Update and Testing","Review and update pathauto settings for names with hyphens","Dev.","Linkwell Health","B'link Phase 2"
2021-01-05,"Kyle Langford",0.5,"Updating Production Site","Fix covid-19 url paths.","Dev.","Linkwell Health","B'link Phase 2"
2021-01-04,"Kyle Langford",0.5,"Looking into issue","Fix covid-19 url paths.","Dev.","Linkwell Health","B'link Phase 2"
2020-12-16,"Kyle Langford",1.0,"Testing Carousel Back Issue, Email","Remove Carousel and Custom Scroll Bar, Update “Flyout” to match design","Dev.","Linkwell Health","B'link Phase 2"
2020-12-09,"Kyle Langford",0.75,"Fixing search page layout","Remove Carousel and Custom Scroll Bar, Update “Flyout” to match design","Dev.","Linkwell Health","B'link Phase 2"
2020-12-09,"Kyle Langford",2.0,"Replace Icon, Update Drupal, Test","Remove Carousel and Custom Scroll Bar, Update “Flyout” to match design","Dev.","Linkwell Health","B'link Phase 2"
2020-12-08,"Kyle Langford",3.0,"disable carousel, css tweaks, transition, height fix","Remove Carousel and Custom Scroll Bar, Update “Flyout” to match design","Dev.","Linkwell Health","B'link Phase 2"
2020-12-07,"Kyle Langford",2.0,"Syncing Local, Reviewing Code.","Remove Carousel and Custom Scroll Bar, Update “Flyout” to match design","Dev.","Linkwell Health","B'link Phase 2"
2020-12-03,"Kyle Langford",0.25,"Level of effot.","Remove Carousel and Custom Scroll Bar, Update “Flyout” to match design","Dev.","Linkwell Health","B'link Phase 2"
2021-08-03,"Kyle Langford",1.75,"BFYT - Internal Brief","Meetings & Phone Calls","Misc.","Linkwell Health","Benefytt/HealthInsurance.com"
2023-09-13,"Kyle Langford",1.0,"purnima","UHC Hearing and Vision","Misc.","Linkwell Health","CHLE Re-Theme"
2023-09-01,"Kyle Langford",1.0,"Testing","Allina + Aetna","Misc.","Linkwell Health","CHLE Re-Theme"
2023-08-31,"Kyle Langford",1.5,"Meeting + Update","B'Link GA Issue","Misc.","Linkwell Health","CHLE Re-Theme"
2023-08-25,"Kyle Langford",1.5,"","B'Link GA Issue","Misc.","Linkwell Health","CHLE Re-Theme"
2023-08-24,"Kyle Langford",0.5,"P - Q on Header Accessibility","Allina + Aetna","Misc.","Linkwell Health","CHLE Re-Theme"
2023-08-18,"Kyle Langford",0.5,"Links","UHC Hearing and Vision","Misc.","Linkwell Health","CHLE Re-Theme"
2023-08-18,"Kyle Langford",0.5,"Mobile Select List","IBX to Quinoa","Misc.","Linkwell Health","CHLE Re-Theme"
2023-08-16,"Kyle Langford",1.0,"P - Survey Monkey","Oscar","Misc.","Linkwell Health","CHLE Re-Theme"
2023-08-14,"Kyle Langford",1.0,"Mobile Select Menu 2nd level mobile support","IBX to Quinoa","Misc.","Linkwell Health","CHLE Re-Theme"
2023-08-14,"Kyle Langford",1.0,"P - Q on custom header implementation","Quinoa Development","Misc.","Linkwell Health","CHLE Re-Theme"
2023-08-09,"Kyle Langford",1.0,"Showing P - crawl.js script","UHC Hearing and Vision","Misc.","Linkwell Health","CHLE Re-Theme"
2023-07-31,"Kyle Langford",0.5,"","Send Notes on Recipes Initiative","Misc.","Linkwell Health","CHLE Re-Theme"
2023-07-28,"Kyle Langford",0.5,"Parsing Issues","Allina + Aetna","Misc.","Linkwell Health","CHLE Re-Theme"
2023-07-27,"Kyle Langford",1.0,"Parsing Issues","Allina + Aetna","Misc.","Linkwell Health","CHLE Re-Theme"
2023-07-24,"Kyle Langford",1.0,"QA","IBX to Quinoa","Misc.","Linkwell Health","CHLE Re-Theme"
2023-07-24,"Kyle Langford",2.5,"Parsing Issues","Allina + Aetna","Misc.","Linkwell Health","CHLE Re-Theme"
2023-07-21,"Kyle Langford",0.5,"Writing notes from conf d4d","Quinoa Development","Misc.","Linkwell Health","CHLE Re-Theme"
2023-07-21,"Kyle Langford",3.0,"Parsing","Allina + Aetna","Misc.","Linkwell Health","CHLE Re-Theme"
2023-07-18,"Kyle Langford",3.0,"Parsing Issues","Allina + Aetna","Misc.","Linkwell Health","CHLE Re-Theme"
2023-07-18,"Kyle Langford",1.0,"P- Sub Theme Development Questions","Quinoa Development","Misc.","Linkwell Health","CHLE Re-Theme"
2023-07-14,"Kyle Langford",1.0,"Purnima - theme questions - subtheme creation","Quinoa Development","Misc.","Linkwell Health","CHLE Re-Theme"
2023-07-11,"Kyle Langford",0.5,"Q from purnima","BlueKC - Open Graph Tags","Misc.","Linkwell Health","CHLE Re-Theme"
2023-06-30,"Kyle Langford",5.25,"","B'Link UA -> GA4 Tag Migration","Misc.","Linkwell Health","CHLE Re-Theme"
2023-06-29,"Kyle Langford",1.5,"","B'Link UA -> GA4 Tag Migration","Misc.","Linkwell Health","CHLE Re-Theme"
2023-06-28,"Kyle Langford",6.0,"","B'Link UA -> GA4 Tag Migration","Misc.","Linkwell Health","CHLE Re-Theme"
2023-06-28,"Kyle Langford",0.25,"Q- Purnima","bluekc-conditions","Misc.","Linkwell Health","CHLE Re-Theme"
2023-06-27,"Kyle Langford",1.5,"","B'Link UA -> GA4 Tag Migration","Misc.","Linkwell Health","CHLE Re-Theme"
2023-06-26,"Kyle Langford",1.0,"","B'Link UA -> GA4 Tag Migration","Misc.","Linkwell Health","CHLE Re-Theme"
2023-06-23,"Kyle Langford",3.5,"QA","IBX AHA","Misc.","Linkwell Health","CHLE Re-Theme"
2023-06-23,"Kyle Langford",2.0,"QA","IBX to Quinoa","Misc.","Linkwell Health","CHLE Re-Theme"
2023-06-22,"Kyle Langford",2.0,"","IBX AHA","Misc.","Linkwell Health","CHLE Re-Theme"
2023-06-21,"Kyle Langford",0.5,"cleanup","IBX to Quinoa","Misc.","Linkwell Health","CHLE Re-Theme"
2023-06-21,"Kyle Langford",3.0,"Cleanup","IBX AHA","Misc.","Linkwell Health","CHLE Re-Theme"
2023-06-21,"Kyle Langford",0.5,"p - question on new component setup","BlueKC - Open Graph Tags","Misc.","Linkwell Health","CHLE Re-Theme"
2023-06-21,"Kyle Langford",0.5,"Review Status w/ Jed","IBX AHA","Misc.","Linkwell Health","CHLE Re-Theme"
2023-06-20,"Kyle Langford",1.0,"P- Question on GDPR Icon positioning","Posit Science","Misc.","Linkwell Health","CHLE Re-Theme"
2023-06-16,"Kyle Langford",2.0,"Debugging","BlueKC - Open Graph Tags","Misc.","Linkwell Health","CHLE Re-Theme"
2023-06-16,"Kyle Langford",0.5,"P - Question on icon positioning","Posit Science","Misc.","Linkwell Health","CHLE Re-Theme"
2023-06-14,"Kyle Langford",0.5,"P - Question","Corporate Site","Misc.","Linkwell Health","CHLE Re-Theme"
2023-06-13,"Kyle Langford",1.5,"","B'Link UA -> GA4 Tag Migration","Misc.","Linkwell Health","CHLE Re-Theme"
2023-06-13,"Kyle Langford",0.5,"P - CSS question","bluekc-conditions","Misc.","Linkwell Health","CHLE Re-Theme"
2023-06-09,"Kyle Langford",0.5,"Purnima - Accordion Question","bluekc-conditions","Misc.","Linkwell Health","CHLE Re-Theme"
2023-06-02,"Kyle Langford",0.5,"Updating blocks","IBX AHA","Misc.","Linkwell Health","CHLE Re-Theme"
2023-06-01,"Kyle Langford",0.5,"GA4 Video, Debug","bluekc-conditions","Misc.","Linkwell Health","CHLE Re-Theme"
2023-06-01,"Kyle Langford",4.0,"Mobile Menu, Clean up","IBX AHA","Misc.","Linkwell Health","CHLE Re-Theme"
2023-05-31,"Kyle Langford",4.0,"Desktop and Mobile Menu","IBX AHA","Misc.","Linkwell Health","CHLE Re-Theme"
2023-05-30,"Kyle Langford",1.0,"Menus","IBX AHA","Misc.","Linkwell Health","CHLE Re-Theme"
2023-05-26,"Kyle Langford",4.0,"QA","IBX to Quinoa","Misc.","Linkwell Health","CHLE Re-Theme"
2023-05-26,"Kyle Langford",0.5,"p- targeting homepage","bluekc-conditions","Misc.","Linkwell Health","CHLE Re-Theme"
2023-05-25,"Kyle Langford",3.5,"QA","IBX to Quinoa","Misc.","Linkwell Health","CHLE Re-Theme"
2023-05-25,"Kyle Langford",0.5,"p- carousel dots","bluekc-conditions","Misc.","Linkwell Health","CHLE Re-Theme"
2023-05-25,"Kyle Langford",0.5,"Reviewing IBX and AHA w/ Jed","Meetings & Phone Calls","Misc.","Linkwell Health","CHLE Re-Theme"
2023-05-19,"Kyle Langford",0.5,"P: Slick Questions","bluekc-conditions","Misc.","Linkwell Health","CHLE Re-Theme"
2023-05-19,"Kyle Langford",0.5,"Review Jed CTA update, Back button block placement","bluekc-conditions","Misc.","Linkwell Health","CHLE Re-Theme"
2023-05-18,"Kyle Langford",2.0,"p: Carousel","bluekc-conditions","Misc.","Linkwell Health","CHLE Re-Theme"
2023-05-18,"Kyle Langford",3.0,"Padding, Icon","bluekc-conditions","Misc.","Linkwell Health","CHLE Re-Theme"
2023-05-17,"Kyle Langford",1.0,"p: Accordion Question","bluekc-conditions","Misc.","Linkwell Health","CHLE Re-Theme"
2023-05-16,"Kyle Langford",0.5,"P: Feature Image Sizing","bluekc-conditions","Misc.","Linkwell Health","CHLE Re-Theme"
2023-05-16,"Kyle Langford",0.5,"QA - Adding to clickup","IBX to Quinoa","Misc.","Linkwell Health","CHLE Re-Theme"
2023-05-12,"Kyle Langford",0.5,"p: mobile sizing, outcomes","Corporate Site","Misc.","Linkwell Health","CHLE Re-Theme"
2023-05-11,"Kyle Langford",0.5,"p: outcomes page width","Corporate Site","Misc.","Linkwell Health","CHLE Re-Theme"
2023-05-10,"Kyle Langford",0.5,"p: outcomes","Corporate Site","Misc.","Linkwell Health","CHLE Re-Theme"
2023-05-09,"Kyle Langford",1.0,"Troubleshooting","IBX AHA","Misc.","Linkwell Health","CHLE Re-Theme"
2023-05-09,"Kyle Langford",1.0,"P: Button position","Corporate Site","Misc.","Linkwell Health","CHLE Re-Theme"
2023-05-08,"Kyle Langford",1.0,"Troubleshooting","IBX AHA","Misc.","Linkwell Health","CHLE Re-Theme"
2023-05-08,"Kyle Langford",1.0,"","IBX AHA","Misc.","Linkwell Health","CHLE Re-Theme"
2023-05-08,"Kyle Langford",0.5,"P: Section background","Corporate Site","Misc.","Linkwell Health","CHLE Re-Theme"
2023-05-08,"Kyle Langford",0.5,"p: centering Lists","Corporate Site","Misc.","Linkwell Health","CHLE Re-Theme"
2023-05-05,"Kyle Langford",1.5,"P: Styling questions","Corporate Site","Misc.","Linkwell Health","CHLE Re-Theme"
2023-05-05,"Kyle Langford",3.0,"Scaffolding out sub theme versions","IBX AHA","Misc.","Linkwell Health","CHLE Re-Theme"
2023-05-04,"Kyle Langford",0.5,"P: Question on Fonts","Corporate Site","Misc.","Linkwell Health","CHLE Re-Theme"
2023-05-03,"Kyle Langford",0.5,"Huddle with Purnima","Corporate Site","Misc.","Linkwell Health","CHLE Re-Theme"
2023-05-02,"Kyle Langford",1.0,"P: Questions","Corporate Site","Misc.","Linkwell Health","CHLE Re-Theme"
2023-04-28,"Kyle Langford",0.5,"Screenshare, feature text/image styling","Corporate Site","Misc.","Linkwell Health","CHLE Re-Theme"
2023-04-26,"Kyle Langford",0.5,"Reviewing Todos, slack w jed","Project Management","Misc.","Linkwell Health","CHLE Re-Theme"
2023-04-26,"Kyle Langford",0.5,"Review merge","Aetna Accessibility Audit","Misc.","Linkwell Health","CHLE Re-Theme"
2023-04-19,"Kyle Langford",0.75,"Testing with purnima","Allina + Aetna","Misc.","Linkwell Health","CHLE Re-Theme"
2023-04-14,"Kyle Langford",0.5,"P: Q's","Corporate Site","Misc.","Linkwell Health","CHLE Re-Theme"
2023-04-14,"Kyle Langford",0.5,"wellness and you link","Aetna Accessibility Audit","Misc.","Linkwell Health","CHLE Re-Theme"
2023-04-13,"Kyle Langford",1.0,"Composer Help","Corporate Site","Misc.","Linkwell Health","CHLE Re-Theme"
2023-04-13,"Kyle Langford",6.5,"UI Testing, Fixes","Allina + Aetna","Misc.","Linkwell Health","CHLE Re-Theme"
2023-04-13,"Kyle Langford",0.75,"Huddle with Adam and Jay on Corp redesign","Meetings & Phone Calls","Misc.","Linkwell Health","CHLE Re-Theme"
2023-04-11,"Kyle Langford",4.5,"Tag Manager","Allina + Aetna","Misc.","Linkwell Health","CHLE Re-Theme"
2023-04-10,"Kyle Langford",1.0,"Code Review https://app.clickup.com/t/85yvwjq21 , https://app.clickup.com/t/85yvwjq43","Aetna Accessibility Audit","Misc.","Linkwell Health","CHLE Re-Theme"
2023-04-07,"Kyle Langford",0.5,"Code Review","Aetna Accessibility Audit","Misc.","Linkwell Health","CHLE Re-Theme"
2023-04-07,"Kyle Langford",3.0,"Menu JS","IBX to Quinoa","Misc.","Linkwell Health","CHLE Re-Theme"
2023-04-06,"Kyle Langford",1.0,"Purnima - Code Review (Main Menu)","Aetna Accessibility Audit","Misc.","Linkwell Health","CHLE Re-Theme"
2023-04-06,"Kyle Langford",3.5,"Menu JS, Print Styling","IBX to Quinoa","Misc.","Linkwell Health","CHLE Re-Theme"
2023-04-05,"Kyle Langford",2.0,"Menu JS","IBX to Quinoa","Misc.","Linkwell Health","CHLE Re-Theme"
2023-04-05,"Kyle Langford",1.75,"Main Mobile Menu Keyboard Support","Aetna Accessibility Audit","Misc.","Linkwell Health","CHLE Re-Theme"
2023-04-04,"Kyle Langford",0.5,"Purnima - Code Review (Main Menu)","Aetna Accessibility Audit","Misc.","Linkwell Health","CHLE Re-Theme"
2023-04-03,"Kyle Langford",0.5,"Purnima - Code Review (Main Menu)","Aetna Accessibility Audit","Misc.","Linkwell Health","CHLE Re-Theme"
2023-03-31,"Kyle Langford",5.75,"Merge for go live","Aetna Accessibility Audit","Misc.","Linkwell Health","CHLE Re-Theme"
2023-03-31,"Kyle Langford",1.0,"Aetna Mobile Menu (Saturday)","Aetna Accessibility Audit","Misc.","Linkwell Health","CHLE Re-Theme"
2023-03-30,"Kyle Langford",4.5,"Heading Hierarchy","Aetna Accessibility Audit","Misc.","Linkwell Health","CHLE Re-Theme"
2023-03-29,"Kyle Langford",1.5,"Image Alt","Aetna Accessibility Audit","Misc.","Linkwell Health","CHLE Re-Theme"
2023-03-28,"Kyle Langford",3.5,"Heading Hierarchy","Aetna Accessibility Audit","Misc.","Linkwell Health","CHLE Re-Theme"
2023-03-27,"Kyle Langford",0.5,"Invisible Element in Footer Gains Focus and can be Activated with Keyboard","Aetna Accessibility Audit","Misc.","Linkwell Health","CHLE Re-Theme"
2023-03-27,"Kyle Langford",1.0,"Reviewing Parsing Errors","Aetna Accessibility Audit","Misc.","Linkwell Health","CHLE Re-Theme"
2023-03-27,"Kyle Langford",2.5,"Subnav Keyboard Support","Aetna Accessibility Audit","Misc.","Linkwell Health","CHLE Re-Theme"
2023-03-27,"Kyle Langford",0.5,"Clickup Cleanup","Aetna Accessibility Audit","Misc.","Linkwell Health","CHLE Re-Theme"
2023-03-24,"Kyle Langford",2.5,"Subnav Keyboard Support, Purnima","Aetna Accessibility Audit","Misc.","Linkwell Health","CHLE Re-Theme"
2023-03-23,"Kyle Langford",1.0,"Purnima, Huddle","Aetna Accessibility Audit","Misc.","Linkwell Health","CHLE Re-Theme"
2023-03-22,"Kyle Langford",5.5,"Subnav Keyboard Support, Purnima, Huddle","Aetna Accessibility Audit","Misc.","Linkwell Health","CHLE Re-Theme"
2023-03-21,"Kyle Langford",1.0,"Purnima Help, Huddle","Aetna Accessibility Audit","Misc.","Linkwell Health","CHLE Re-Theme"
2023-03-20,"Kyle Langford",5.5,"Starting Subnav, Purnima Help","Aetna Accessibility Audit","Misc.","Linkwell Health","CHLE Re-Theme"
2023-03-17,"Kyle Langford",6.5,"Allina Headers and Footers","Allina Health","Misc.","Linkwell Health","CHLE Re-Theme"
2023-03-16,"Kyle Langford",1.0,"Sticky Footer Dialog","Aetna Accessibility Audit","Misc.","Linkwell Health","CHLE Re-Theme"
2023-03-16,"Kyle Langford",1.0,"Merging IBX Updates","Aetna Accessibility Audit","Misc.","Linkwell Health","CHLE Re-Theme"
2023-03-16,"Kyle Langford",1.0,"Screenshare, git merge + Conflicts","Aetna Accessibility Audit","Misc.","Linkwell Health","CHLE Re-Theme"
2023-03-15,"Kyle Langford",1.0,"Reviewing - Skip to main content (Purnima) + Research","Aetna Accessibility Audit","Misc.","Linkwell Health","CHLE Re-Theme"
2023-03-15,"Kyle Langford",3.0,"Sticky Footer - Dialog Role and Testing","Aetna Accessibility Audit","Misc.","Linkwell Health","CHLE Re-Theme"
2023-03-15,"Kyle Langford",1.0,"Reviewing - Sticky Footer Focus (Purnima)","Aetna Accessibility Audit","Misc.","Linkwell Health","CHLE Re-Theme"
2023-03-15,"Kyle Langford",0.5,"Scheduling","Aetna Accessibility Audit","Misc.","Linkwell Health","CHLE Re-Theme"
2023-03-15,"Kyle Langford",0.5,"Assigning Items","Aetna Accessibility Audit","Misc.","Linkwell Health","CHLE Re-Theme"
2023-03-15,"Kyle Langford",0.5,"Review pull request","IBX to Quinoa","Misc.","Linkwell Health","CHLE Re-Theme"
2023-03-14,"Kyle Langford",1.0,"Working with Purnima - sticky footer","Aetna Accessibility Audit","Misc.","Linkwell Health","CHLE Re-Theme"
2023-03-14,"Kyle Langford",0.5,"Review gitlogs, delegate to purnima","Optum Enterprise - There is 25px of bottom margin but it’s beige colored.","Misc.","Linkwell Health","CHLE Re-Theme"
2023-03-13,"Kyle Langford",1.0,"Looking at site speed issues","Optum Enterprise","Misc.","Linkwell Health","CHLE Re-Theme"
2023-03-13,"Kyle Langford",0.5,"Bucketizing Task List","Aetna Accessibility Audit","Misc.","Linkwell Health","CHLE Re-Theme"
2023-03-13,"Kyle Langford",1.5,"Reviewing - Sticky Footer Close Button -","Aetna Accessibility Audit","Misc.","Linkwell Health","CHLE Re-Theme"
2023-03-10,"Kyle Langford",2.5,"Testing theme with screen readers (desktop/mobile/VoiceOver, nvda).","Aetna Accessibility Audit","Misc.","Linkwell Health","CHLE Re-Theme"
2023-03-10,"Kyle Langford",0.5,"Meeting - Scoring Review w/ Jed","Aetna Accessibility Audit","Misc.","Linkwell Health","CHLE Re-Theme"
2023-03-09,"Kyle Langford",3.0,"Research - Using Screen Readers","Aetna Accessibility Audit","Misc.","Linkwell Health","CHLE Re-Theme"
2023-03-09,"Kyle Langford",2.0,"Research - Heading Levels","Aetna Accessibility Audit","Misc.","Linkwell Health","CHLE Re-Theme"
2023-03-08,"Kyle Langford",2.0,"Research - Aria and Accessibility API","Aetna Accessibility Audit","Misc.","Linkwell Health","CHLE Re-Theme"
2023-03-08,"Kyle Langford",3.0,"Scoring - Assign Level of effort w/ Purnima.","Aetna Accessibility Audit","Misc.","Linkwell Health","CHLE Re-Theme"
2023-03-07,"Kyle Langford",2.5,"Research - Screen Readers, How to Debug (Assistiv Labs - NVDA, iOS - VoiceOver)","Aetna Accessibility Audit","Misc.","Linkwell Health","CHLE Re-Theme"
2023-03-07,"Kyle Langford",0.5,"Meeting - Kickoff with Jed, Jake, and Purnima.","Aetna Accessibility Audit","Misc.","Linkwell Health","CHLE Re-Theme"
2023-03-07,"Kyle Langford",2.0,"Reviewing (individually)","Aetna Accessibility Audit","Misc.","Linkwell Health","CHLE Re-Theme"
2023-03-02,"Kyle Langford",1.5,"fix 404s in header and remove Espanol","Aetna Site with Custom Header / Footer","Misc.","Linkwell Health","CHLE Re-Theme"
2023-03-01,"Kyle Langford",6.5,"Header/Footer - Mobile Menu, Page Title, Misc Cleanup","IBX to Quinoa","Misc.","Linkwell Health","CHLE Re-Theme"
2023-02-28,"Kyle Langford",4.5,"Header/Footer - Mobile Menu, Coupon styling","IBX to Quinoa","Misc.","Linkwell Health","CHLE Re-Theme"
2023-02-27,"Kyle Langford",1.0,"Header/Footer - Search","IBX to Quinoa","Misc.","Linkwell Health","CHLE Re-Theme"
2023-02-23,"Kyle Langford",5.5,"Header/Footer -Desktop, Footer Accordion","IBX to Quinoa","Misc.","Linkwell Health","CHLE Re-Theme"
2023-02-22,"Kyle Langford",4.5,"Header/Footer - Desktop","IBX to Quinoa","Misc.","Linkwell Health","CHLE Re-Theme"
2023-02-22,"Kyle Langford",2.0,"Aetna - jQuery Dollar Module, subnav position","Aetna Site with Custom Header / Footer","Misc.","Linkwell Health","CHLE Re-Theme"
2023-02-21,"Kyle Langford",3.0,"Slogan / Welcome Block","IBX to Quinoa","Misc.","Linkwell Health","CHLE Re-Theme"
2023-02-20,"Kyle Langford",4.5,"Subnav Mobile Select List - Second Level Accordion","IBX to Quinoa","Misc.","Linkwell Health","CHLE Re-Theme"
2023-02-17,"Kyle Langford",3.5,"Subnav - Desktop Dropdown + Animation","IBX to Quinoa","Misc.","Linkwell Health","CHLE Re-Theme"
2023-02-16,"Kyle Langford",6.5,"Move Subnav into Parent Theme, Sub Nav Fixed State Animation","IBX to Quinoa","Misc.","Linkwell Health","CHLE Re-Theme"
2023-02-15,"Kyle Langford",6.5,"Subnav Templates, Gulp Update, Fonts, Icons","IBX to Quinoa","Misc.","Linkwell Health","CHLE Re-Theme"
2023-02-14,"Kyle Langford",6.5,"Pulling upstream and merging changes, Gulp Update, Fonts, Icons","IBX to Quinoa","Misc.","Linkwell Health","CHLE Re-Theme"
2023-02-13,"Kyle Langford",2.0,"Coupons Styling","IBX to Quinoa","Misc.","Linkwell Health","CHLE Re-Theme"
2023-02-10,"Kyle Langford",3.5,"Recipes Styling","IBX to Quinoa","Misc.","Linkwell Health","CHLE Re-Theme"
2023-02-09,"Kyle Langford",4.5,"Adding Updates from Sporc/Aetna and NVI Recipe Work","IBX to Quinoa","Misc.","Linkwell Health","CHLE Re-Theme"
2023-02-08,"Kyle Langford",2.5,"Adding Updates from Sporc/Aetna and NVI Recipe Work","IBX to Quinoa","Misc.","Linkwell Health","CHLE Re-Theme"
2023-02-06,"Kyle Langford",4.5,"Helping Prunima - Transition/ Animation, Talk on adopting framework","Posit Science","Misc.","Linkwell Health","CHLE Re-Theme"
2023-02-03,"Kyle Langford",2.5,"Accordion, Menu Width/Height","Posit Science","Misc.","Linkwell Health","CHLE Re-Theme"
2023-02-02,"Kyle Langford",2.0,"Screenshare with Prunima on dropdown Transition (Missed - 1/31 Moved to 2/2) , and Subnav Var","Posit Science","Misc.","Linkwell Health","CHLE Re-Theme"
2023-02-01,"Kyle Langford",0.5,"Review with Jed","UHC Vision Site","Misc.","Linkwell Health","CHLE Re-Theme"
2023-02-01,"Kyle Langford",4.5,"JS Transition working with purnima","Posit Science","Misc.","Linkwell Health","CHLE Re-Theme"
2023-01-30,"Kyle Langford",2.5,"Reviewing Jeds Quinoa Work, Theming","IBX to Quinoa","Misc.","Linkwell Health","CHLE Re-Theme"
2023-01-25,"Kyle Langford",2.5,"Dropdown JS","Posit Science","Misc.","Linkwell Health","CHLE Re-Theme"
2023-01-24,"Kyle Langford",2.5,"HP top cta, site slogan, sticky footer, misc css","Aetna Site with Custom Header / Footer","Misc.","Linkwell Health","CHLE Re-Theme"
2023-01-24,"Kyle Langford",2.0,"Screenshare - Co-coding Sesh (Dropdown Menus)","Posit Science","Misc.","Linkwell Health","CHLE Re-Theme"
2023-01-23,"Kyle Langford",0.5,"Looking at image styles","Oscar Members","Misc.","Linkwell Health","CHLE Re-Theme"
2023-01-23,"Kyle Langford",2.0,"Click Up Misc","Aetna Site with Custom Header / Footer","Misc.","Linkwell Health","CHLE Re-Theme"
2023-01-19,"Kyle Langford",0.5,"Purnima JS Question","Posit Science","Misc.","Linkwell Health","CHLE Re-Theme"
2023-01-19,"Kyle Langford",1.5,"Site Padding, css updates","Aetna Site with Custom Header / Footer","Misc.","Linkwell Health","CHLE Re-Theme"
2023-01-18,"Kyle Langford",0.5,"HP content bottom view Q from Jed","Posit Science","Misc.","Linkwell Health","CHLE Re-Theme"
2023-01-18,"Kyle Langford",2.0,"Article Eyebrow, Pagination, Search Icon","Aetna Site with Custom Header / Footer","Misc.","Linkwell Health","CHLE Re-Theme"
2023-01-17,"Kyle Langford",2.0,"Assisting Purnima","Posit Science","Misc.","Linkwell Health","CHLE Re-Theme"
2023-01-17,"Kyle Langford",1.5,"Screenshare with Purnima, Follow up with Jed","Posit Science","Misc.","Linkwell Health","CHLE Re-Theme"
2023-01-16,"Kyle Langford",1.0,"Cleanup","Aetna Site with Custom Header / Footer","Misc.","Linkwell Health","CHLE Re-Theme"
2023-01-12,"Kyle Langford",4.5,"Mobile animation","Aetna Site with Custom Header / Footer","Misc.","Linkwell Health","CHLE Re-Theme"
2023-01-11,"Kyle Langford",1.5,"Styling","Aetna Site with Custom Header / Footer","Misc.","Linkwell Health","CHLE Re-Theme"
2023-01-11,"Kyle Langford",3.0,"JS","Aetna Site with Custom Header / Footer","Misc.","Linkwell Health","CHLE Re-Theme"
2023-01-11,"Kyle Langford",1.0,"Screenshare, Flyout, mobile menu issues","Posit Science","Misc.","Linkwell Health","CHLE Re-Theme"
2023-01-10,"Kyle Langford",2.0,"JS","Aetna Site with Custom Header / Footer","Misc.","Linkwell Health","CHLE Re-Theme"
2023-01-10,"Kyle Langford",3.5,"JS","Aetna Site with Custom Header / Footer","Misc.","Linkwell Health","CHLE Re-Theme"
2023-01-09,"Kyle Langford",2.0,"JS","Aetna Site with Custom Header / Footer","Misc.","Linkwell Health","CHLE Re-Theme"
2023-01-05,"Kyle Langford",2.0,"JS","Aetna Site with Custom Header / Footer","Misc.","Linkwell Health","CHLE Re-Theme"
2022-12-23,"Kyle Langford",2.5,"","Aetna Site with Custom Header / Footer","Misc.","Linkwell Health","CHLE Re-Theme"
2022-12-22,"Kyle Langford",3.0,"Theme Styling","Aetna Site with Custom Header / Footer","Misc.","Linkwell Health","CHLE Re-Theme"
2022-12-22,"Kyle Langford",2.0,"Setting up theme","Aetna Site with Custom Header / Footer","Misc.","Linkwell Health","CHLE Re-Theme"
2022-12-21,"Kyle Langford",2.0,"Button Styling, Cleanup","Sporc Site (Broccoli) with Custom Homepage","Misc.","Linkwell Health","CHLE Re-Theme"
2022-12-20,"Kyle Langford",3.0,"Basic Block, CTA Block - layout region","Sporc Site (Broccoli) with Custom Homepage","Misc.","Linkwell Health","CHLE Re-Theme"
2022-12-19,"Kyle Langford",0.75,"Purnima - CSS help","Posit Science","Misc.","Linkwell Health","CHLE Re-Theme"
2022-12-16,"Kyle Langford",1.0,"Basic Blocks","Sporc Site (Broccoli) with Custom Homepage","Misc.","Linkwell Health","CHLE Re-Theme"
2022-12-15,"Kyle Langford",0.5,"Purnima - Adding Fonts","Posit Science","Misc.","Linkwell Health","CHLE Re-Theme"
2022-12-15,"Kyle Langford",0.25,"Review footer font","Posit Science","Misc.","Linkwell Health","CHLE Re-Theme"
2022-12-15,"Kyle Langford",0.75,"Jed - Reviewing B'Link Issues, Analytics","Meetings & Phone Calls","Misc.","Linkwell Health","CHLE Re-Theme"
2022-12-14,"Kyle Langford",2.75,"form styling. front-page custom styling","Sporc Site (Broccoli) with Custom Homepage","Misc.","Linkwell Health","CHLE Re-Theme"
2022-12-13,"Kyle Langford",0.5,"Review code with Purnima","Posit Science","Misc.","Linkwell Health","CHLE Re-Theme"
2022-12-12,"Kyle Langford",0.5,"Purnima CSS help","Posit Science","Misc.","Linkwell Health","CHLE Re-Theme"
2022-12-12,"Kyle Langford",1.0,"Article Styling","Sporc Site (Broccoli) with Custom Homepage","Misc.","Linkwell Health","CHLE Re-Theme"
2022-12-12,"Kyle Langford",1.0,"Tech Meeting","Meetings & Phone Calls","Misc.","Linkwell Health","CHLE Re-Theme"
2022-12-09,"Kyle Langford",0.25,"Purnima Question","Posit Science","Misc.","Linkwell Health","CHLE Re-Theme"
2022-12-09,"Kyle Langford",5.0,"Styling, Feature Adjustment","Sporc Site (Broccoli) with Custom Homepage","Misc.","Linkwell Health","CHLE Re-Theme"
2022-12-08,"Kyle Langford",0.5,"Purnima Question","Posit Science","Misc.","Linkwell Health","CHLE Re-Theme"
2022-12-08,"Kyle Langford",5.25,"Content Block - Sproc Upgrade","Sporc Site (Broccoli) with Custom Homepage","Misc.","Linkwell Health","CHLE Re-Theme"
2022-12-08,"Kyle Langford",2.0,"Styling","Sporc Site (Broccoli) with Custom Homepage","Misc.","Linkwell Health","CHLE Re-Theme"
2022-12-07,"Kyle Langford",0.5,"Screenshare with Purnima","Posit Science","Misc.","Linkwell Health","CHLE Re-Theme"
2022-12-07,"Kyle Langford",6.75,"Video Component, Template, Creating Custom Block","Broccoli Upgrade - Landing Page, New Components","Misc.","Linkwell Health","CHLE Re-Theme"
2022-12-06,"Kyle Langford",5.5,"Video Component, Testing JS Libraries","Broccoli Upgrade - Landing Page, New Components","Misc.","Linkwell Health","CHLE Re-Theme"
2022-12-06,"Kyle Langford",0.75,"Huddle with Jake/Jed on Content Views","Meetings & Phone Calls","Misc.","Linkwell Health","CHLE Re-Theme"
2022-12-05,"Kyle Langford",3.5,"Feature Fixes, Table of Contents","Broccoli Upgrade - Landing Page, New Components","Misc.","Linkwell Health","CHLE Re-Theme"
2022-12-05,"Kyle Langford",0.75,"Review gulp compiling w/ Purnima","Meetings & Phone Calls","Misc.","Linkwell Health","CHLE Re-Theme"
2022-12-02,"Kyle Langford",0.75,"B'link Purnima - Slack / Screenshare","Meetings & Phone Calls","Misc.","Linkwell Health","CHLE Re-Theme"
2022-12-02,"Kyle Langford",5.5,"Styling","Broccoli Upgrade - Landing Page, New Components","Misc.","Linkwell Health","CHLE Re-Theme"
2022-12-01,"Kyle Langford",0.25,"Slack w/ Purnima","Meetings & Phone Calls","Misc.","Linkwell Health","CHLE Re-Theme"
2022-12-01,"Kyle Langford",1.0,"Late night support for site scaffolding","Quinoa Development","Misc.","Linkwell Health","CHLE Re-Theme"
2022-12-01,"Kyle Langford",6.0,"Table of Content","Broccoli Upgrade - Landing Page, New Components","Misc.","Linkwell Health","CHLE Re-Theme"
2022-11-30,"Kyle Langford",5.5,"Accordion, Grid","Broccoli Upgrade - Landing Page, New Components","Misc.","Linkwell Health","CHLE Re-Theme"
2022-11-29,"Kyle Langford",8.5,"Custom Block Implementation","Broccoli Upgrade - Landing Page, New Components","Misc.","Linkwell Health","CHLE Re-Theme"
2022-11-28,"Kyle Langford",4.0,"Layout Builder, Blocks","Broccoli Upgrade - Landing Page, New Components","Misc.","Linkwell Health","CHLE Re-Theme"
2022-11-18,"Kyle Langford",2.25,"Pushing Startertheme and gulp update","Quinoa Development","Misc.","Linkwell Health","CHLE Re-Theme"
2022-11-17,"Kyle Langford",0.5,"Connect w Jed on Broccoli","Meetings & Phone Calls","Misc.","Linkwell Health","CHLE Re-Theme"
2022-11-16,"Kyle Langford",6.5,"Styling, Layout","Broccoli Upgrade - Landing Page, New Components","Misc.","Linkwell Health","CHLE Re-Theme"
2022-11-15,"Kyle Langford",2.0,"Hub Styling","Broccoli Upgrade - Landing Page, New Components","Misc.","Linkwell Health","CHLE Re-Theme"
2022-11-15,"Kyle Langford",4.5,"Starter Theme, Quinoa Reorganization, Vars","Quinoa Development","Misc.","Linkwell Health","CHLE Re-Theme"
2022-11-14,"Kyle Langford",3.0,"New SCSS components","Broccoli Upgrade - Landing Page, New Components","Misc.","Linkwell Health","CHLE Re-Theme"
2022-11-11,"Kyle Langford",2.0,"Planning","Broccoli Upgrade - Landing Page, New Components","Misc.","Linkwell Health","CHLE Re-Theme"
2022-11-08,"Kyle Langford",2.5,"Reviewing Enterprise and Store Theme / Designs","Broccoli Upgrade - Landing Page, New Components","Misc.","Linkwell Health","CHLE Re-Theme"
2022-11-07,"Kyle Langford",3.75,"Gulp - Compiling / Testing","Quinoa Development","Misc.","Linkwell Health","CHLE Re-Theme"
2022-11-04,"Kyle Langford",5.25,"Gulp - Installing NPM, Compiling","Quinoa Development","Misc.","Linkwell Health","CHLE Re-Theme"
2022-11-03,"Kyle Langford",5.75,"Gulp - read from file, sub-theme gulpfile","Quinoa Development","Misc.","Linkwell Health","CHLE Re-Theme"
2022-11-02,"Kyle Langford",4.5,"Gulp v4 Upgrade - refactor","Quinoa Development","Misc.","Linkwell Health","CHLE Re-Theme"
2022-07-20,"Kyle Langford",1.0,"deployment and troubleshooting","Hub Page Development","Misc.","Linkwell Health","CHLE Re-Theme"
2022-07-20,"Kyle Langford",2.0,"Finishing touches","Hub Page Development","Misc.","Linkwell Health","CHLE Re-Theme"
2022-07-19,"Kyle Langford",7.0,"Layout and Styling","Hub Page Development","Misc.","Linkwell Health","CHLE Re-Theme"
2022-03-03,"Kyle Langford",1.0,"Prepare for demo","Gin Admin Theme","Misc.","Linkwell Health","CHLE Re-Theme"
2022-02-15,"Kyle Langford",7.0,"Puppeteer - Header/Footer Scraper","Quinoa Development","Misc.","Linkwell Health","CHLE Re-Theme"
2022-02-10,"Kyle Langford",1.0,"","Gin Admin Theme","Misc.","Linkwell Health","CHLE Re-Theme"
2022-02-09,"Kyle Langford",4.0,"Testing/Setting up Gutenburg Demo w/ GIn Theme","Gin Admin Theme","Misc.","Linkwell Health","CHLE Re-Theme"
2022-02-07,"Kyle Langford",1.0,"Research Testing","Gin Admin Theme","Misc.","Linkwell Health","CHLE Re-Theme"
2021-12-15,"Kyle Langford",1.0,"Writing notes, Ideation","Hub Page Development","Misc.","Linkwell Health","CHLE Re-Theme"
2021-12-15,"Kyle Langford",0.75,"Kickoff Hub Pages w/ Steve, George, Jed, Jay","Hub Page Development","Misc.","Linkwell Health","CHLE Re-Theme"
2021-08-17,"Kyle Langford",3.0,"Starter Theme (Quinoa)","Quinoa Development","Misc.","Linkwell Health","CHLE Re-Theme"
2021-07-27,"Kyle Langford",0.75,"Sending Code Example to steve","Meetings & Phone Calls","Misc.","Linkwell Health","CHLE Re-Theme"
2021-07-22,"Kyle Langford",1.0,"Working on ie11 script","IE11 and Legacy Support","Misc.","Linkwell Health","CHLE Re-Theme"
2021-07-22,"Kyle Langford",0.75,"Pushing prefixer code","IE11 and Legacy Support","Misc.","Linkwell Health","CHLE Re-Theme"
2021-07-20,"Kyle Langford",1.0,"","IE11 and Legacy Support","Misc.","Linkwell Health","CHLE Re-Theme"
2021-07-20,"Kyle Langford",1.0,"Meeting with Jed, applying styling to test block.","Implementation of slogan placement in Kale theme","Misc.","Linkwell Health","CHLE Re-Theme"
2021-07-19,"Kyle Langford",0.75,"Refresh","IE11 and Legacy Support","Misc.","Linkwell Health","CHLE Re-Theme"
2021-07-19,"Kyle Langford",1.75,"Implementing","Implementation of slogan placement in Kale theme","Misc.","Linkwell Health","CHLE Re-Theme"
2021-07-19,"Kyle Langford",0.5,"Review Implementation with Jed","Implementation of slogan placement in Kale theme","Misc.","Linkwell Health","CHLE Re-Theme"
2021-07-16,"Kyle Langford",1.0,"Local Setup, Block Styling","Implementation of slogan placement in Kale theme","Misc.","Linkwell Health","CHLE Re-Theme"
2021-07-16,"Kyle Langford",1.25,"Review Implementation, Email","Implementation of slogan placement in Kale theme","Misc.","Linkwell Health","CHLE Re-Theme"
2021-06-17,"Kyle Langford",2.5,"","IE11 and Legacy Support","Misc.","Linkwell Health","CHLE Re-Theme"
2021-06-17,"Kyle Langford",0.25,"Updating info file","Generator - Issues with Block Regions","Misc.","Linkwell Health","CHLE Re-Theme"
2021-06-16,"Kyle Langford",1.5,"","IE11 and Legacy Support","Misc.","Linkwell Health","CHLE Re-Theme"
2021-06-14,"Kyle Langford",1.75,"","IE11 and Legacy Support","Misc.","Linkwell Health","CHLE Re-Theme"
2021-06-11,"Kyle Langford",3.5,"JS Script","IE11 and Legacy Support","Misc.","Linkwell Health","CHLE Re-Theme"
2021-06-07,"Kyle Langford",1.75,"Custom CSS","IE11 and Legacy Support","Misc.","Linkwell Health","CHLE Re-Theme"
2021-06-03,"Kyle Langford",3.5,"Autoprefixer - Grid Support, Testing, Autoplacement","IE11 and Legacy Support","Misc.","Linkwell Health","CHLE Re-Theme"
2021-06-03,"Kyle Langford",0.25,"Review Designs","Implementation of slogan placement in Kale theme","Misc.","Linkwell Health","CHLE Re-Theme"
2021-06-03,"Kyle Langford",1.0,"Review code, send Jed snippet, review MMM","MMM requests a smaller font on mobile","MMM - Kale","Linkwell Health","CHLE Re-Theme"
2021-06-02,"Kyle Langford",3.0,"Autoprefixer, Research","IE11 and Legacy Support","Misc.","Linkwell Health","CHLE Re-Theme"
2021-06-01,"Kyle Langford",5.5,"","Quinoa Development","Misc.","Linkwell Health","CHLE Re-Theme"
2021-05-27,"Kyle Langford",1.0,"","Quinoa Development","Misc.","Linkwell Health","CHLE Re-Theme"
2021-05-26,"Kyle Langford",4.25,"","Quinoa Development","Misc.","Linkwell Health","CHLE Re-Theme"
2021-05-25,"Kyle Langford",4.0,"Generator, Gulpfile, Linting","Kale Development","Misc.","Linkwell Health","CHLE Re-Theme"
2021-05-24,"Kyle Langford",3.0,"Gulp Generator","Kale Development","Misc.","Linkwell Health","CHLE Re-Theme"
2021-05-21,"Kyle Langford",0.25,"","Coupon Node - White BG Missing","IBX - Kale","Linkwell Health","CHLE Re-Theme"
2021-05-21,"Kyle Langford",0.5,"","Mobile Menu Fix","IBX - Kale","Linkwell Health","CHLE Re-Theme"
2021-05-21,"Kyle Langford",0.5,"Footer Links, Breadcrumb Text Transform,","Trello QA","MMM - Kale","Linkwell Health","CHLE Re-Theme"
2021-05-21,"Kyle Langford",1.5,"Implementing","Responsive Tables","MMM - Kale","Linkwell Health","CHLE Re-Theme"
2021-05-19,"Kyle Langford",2.5,"Testing Libs","Responsive Tables","MMM - Kale","Linkwell Health","CHLE Re-Theme"
2021-05-14,"Kyle Langford",2.5,"Going through cards, making updates.","Trello QA","MMM - Kale","Linkwell Health","CHLE Re-Theme"
2021-05-06,"Kyle Langford",0.5,"Theme 3 review","Meetings & Phone Calls","Misc.","Linkwell Health","CHLE Re-Theme"
2021-04-29,"Kyle Langford",0.5,"Review Site, Looking at disabling other themes","Launch Arkansas Kale Theme","Arkansas - Kale","Linkwell Health","CHLE Re-Theme"
2021-04-28,"Kyle Langford",0.75,"updating icons","Kale Development","Misc.","Linkwell Health","CHLE Re-Theme"
2021-04-27,"Kyle Langford",0.75,"Review Upstream Workflow, Kale Deployment and Trello Cards","Meetings & Phone Calls","Misc.","Linkwell Health","CHLE Re-Theme"
2021-04-22,"Kyle Langford",1.5,"Review Diagrams, Feedback Jay","Desktop and tablet content priority blocking","Theme 3 Design","Linkwell Health","CHLE Re-Theme"
2021-04-16,"Kyle Langford",0.75,"Theme Files","Launch Arkansas Kale Theme","Arkansas - Kale","Linkwell Health","CHLE Re-Theme"
2021-04-16,"Kyle Langford",1.5,"Theme Files, Gulpfile Update","Launch MMM Kale theme","MMM - Kale","Linkwell Health","CHLE Re-Theme"
2021-04-16,"Kyle Langford",2.0,"Theme Files, Dev Branch","Quinoa Development","Misc.","Linkwell Health","CHLE Re-Theme"
2021-04-15,"Kyle Langford",1.0,"Review Priority","Carrot Theme Content Priority Guide","Theme 3 Design","Linkwell Health","CHLE Re-Theme"
2021-04-15,"Kyle Langford",1.0,"Discuss and Review Timeline","Carrot Theme Content Priority Guide","Theme 3 Design","Linkwell Health","CHLE Re-Theme"
2021-04-14,"Kyle Langford",0.5,"Call w/ Adam and Jay re: mobile priority","Carrot Theme Content Priority Guide","Theme 3 Design","Linkwell Health","CHLE Re-Theme"
2021-04-13,"Kyle Langford",3.0,"Theme Files","Quinoa Development","Misc.","Linkwell Health","CHLE Re-Theme"
2021-04-08,"Kyle Langford",2.25,"Covid19 QA, Linkwell Colors / Fonts theme, LP Card Height fix.","Create SubTheme - covid19.covid-kale","Misc.","Linkwell Health","CHLE Re-Theme"
2021-04-07,"Kyle Langford",1.25,"video content teaser/node styling, js trigger","Kale Development","Misc.","Linkwell Health","CHLE Re-Theme"
2021-04-07,"Kyle Langford",3.0,"Creating sub theme and updating kale theme","Create SubTheme - covid19.covid-kale","Misc.","Linkwell Health","CHLE Re-Theme"
2021-04-06,"Kyle Langford",0.25,"Reviewing changes on test-kale","Kale Development","Misc.","Linkwell Health","CHLE Re-Theme"
2021-04-06,"Kyle Langford",1.5,"Coupon Counter Default, Recipe List Hack, cta block","Kale Development","Misc.","Linkwell Health","CHLE Re-Theme"
2021-04-05,"Kyle Langford",2.5,"Menu active states, CTAs, Misc QA","Kale Development","Misc.","Linkwell Health","CHLE Re-Theme"
2021-04-01,"Kyle Langford",1.0,"Load, Penn, SEM Scan Review","Meetings & Phone Calls","Misc.","Linkwell Health","CHLE Re-Theme"
2021-03-30,"Kyle Langford",4.0,"QA CSS","Kale Development","Misc.","Linkwell Health","CHLE Re-Theme"
2021-03-30,"Kyle Langford",0.75,"Review with Adam","Design and configure load test w/ Blazemeter and jMeter script","Kale Load Testing","Linkwell Health","CHLE Re-Theme"
2021-03-29,"Kyle Langford",5.5,"Mobile QA","Kale Development","Misc.","Linkwell Health","CHLE Re-Theme"
2021-03-26,"Kyle Langford",5.0,"","Kale Development","Misc.","Linkwell Health","CHLE Re-Theme"
2021-03-26,"Kyle Langford",0.5,"QA Checkin w/ Jed","Meetings & Phone Calls","Misc.","Linkwell Health","CHLE Re-Theme"
2021-03-25,"Kyle Langford",2.5,"QA - Recipe Spacing, Misc","Kale Development","Misc.","Linkwell Health","CHLE Re-Theme"
2021-03-25,"Kyle Langford",4.75,"QA - Coupon Mobile, and hover states.","Kale Development","Misc.","Linkwell Health","CHLE Re-Theme"
2021-03-24,"Kyle Langford",5.5,"QA - Responsive Fonts, Card JS, Coupon Styling","Kale Development","Misc.","Linkwell Health","CHLE Re-Theme"
2021-03-24,"Kyle Langford",2.5,"Var sheet (aetna prep), Thrive Custom Styling","Kale Development","Misc.","Linkwell Health","CHLE Re-Theme"
2021-03-23,"Kyle Langford",4.0,"QA - Layout mobile","Kale Development","Misc.","Linkwell Health","CHLE Re-Theme"
2021-03-22,"Kyle Langford",5.0,"QA - CTA Block, blockquote, Pixel Pushing","Kale Development","Misc.","Linkwell Health","CHLE Re-Theme"
2021-03-19,"Kyle Langford",4.0,"QA items, CTA block, Merging code","Kale Development","Misc.","Linkwell Health","CHLE Re-Theme"
2021-03-18,"Kyle Langford",3.0,"QA - font and layout tweaks, css transitions","Kale Development","Misc.","Linkwell Health","CHLE Re-Theme"
2021-03-18,"Kyle Langford",4.5,"QA - CSS type styles, refactor and cleanup","Kale Development","Misc.","Linkwell Health","CHLE Re-Theme"
2021-03-17,"Kyle Langford",7.0,"QA - layout, nav, misc","Kale Development","Misc.","Linkwell Health","CHLE Re-Theme"
2021-03-16,"Kyle Langford",3.25,"QA - Layout, Sidebar Nav, Social Icons, Footer Styling","Kale Development","Misc.","Linkwell Health","CHLE Re-Theme"
2021-03-12,"Kyle Langford",1.5,"Webp Implementation Research","Kale Development","Misc.","Linkwell Health","CHLE Re-Theme"
2021-03-11,"Kyle Langford",5.5,"Content Listing Feature, Mobile Breakpoints, Coupon JS, LP grid, Misc CSS","Kale Development","Misc.","Linkwell Health","CHLE Re-Theme"
2021-03-10,"Kyle Langford",6.25,"Remove neato, Misc Styling, Coupon JS, Updating Admin theme, Plansite","Kale Development","Misc.","Linkwell Health","CHLE Re-Theme"
2021-03-09,"Kyle Langford",3.75,"Icons, SVG Icon gen, coupon styling","Kale Development","Misc.","Linkwell Health","CHLE Re-Theme"
2021-03-09,"Kyle Langford",1.0,"Email to Jed on coupons / custom modules.","Kale Development","Misc.","Linkwell Health","CHLE Re-Theme"
2021-03-08,"Kyle Langford",2.5,"Coupons, Shopping List, Email jed,","Kale Development","Misc.","Linkwell Health","CHLE Re-Theme"
2021-03-05,"Kyle Langford",1.75,"Coupons template","Kale Development","Misc.","Linkwell Health","CHLE Re-Theme"
2021-03-05,"Kyle Langford",3.25,"Updating Gulp File, Icons, Some cleanup","Kale Development","Misc.","Linkwell Health","CHLE Re-Theme"
2021-03-04,"Kyle Langford",3.5,"Coupons","Kale Development","Misc.","Linkwell Health","CHLE Re-Theme"
2021-02-25,"Kyle Langford",4.5,"alert block, misc styling","Kale Development","Misc.","Linkwell Health","CHLE Re-Theme"
2021-02-23,"Kyle Langford",1.0,"Grid styling","Kale Development","Misc.","Linkwell Health","CHLE Re-Theme"
2021-02-23,"Kyle Langford",0.75,"Button CSS Update","Kale Development","Misc.","Linkwell Health","CHLE Re-Theme"
2021-02-23,"Kyle Langford",0.75,"Updating content list rows","Kale Development","Misc.","Linkwell Health","CHLE Re-Theme"
2021-02-22,"Kyle Langford",3.75,"Mobile Menu","Kale Development","Misc.","Linkwell Health","CHLE Re-Theme"
2021-02-19,"Kyle Langford",1.5,"Mobile Menu","Kale Development","Misc.","Linkwell Health","CHLE Re-Theme"
2021-02-19,"Kyle Langford",4.0,"Mobile Menu","Kale Development","Misc.","Linkwell Health","CHLE Re-Theme"
2021-02-18,"Kyle Langford",4.25,"Mobile, and Mobile Menu","Kale Development","Misc.","Linkwell Health","CHLE Re-Theme"
2021-02-11,"Kyle Langford",2.5,"CSS cleanup","Kale Development","Misc.","Linkwell Health","CHLE Re-Theme"
2021-02-11,"Kyle Langford",2.25,"Taxonomy Classes (coupons full width)","Kale Development","Misc.","Linkwell Health","CHLE Re-Theme"
2021-02-11,"Kyle Langford",4.75,"lp feature image, coupons appearing, misc styling","Kale Development","Misc.","Linkwell Health","CHLE Re-Theme"
2021-02-10,"Kyle Langford",3.5,"Coupons","Kale Development","Misc.","Linkwell Health","CHLE Re-Theme"
2021-02-09,"Kyle Langford",3.75,"Coupon Teaser","Kale Development","Misc.","Linkwell Health","CHLE Re-Theme"
2021-02-08,"Kyle Langford",2.0,"Footer Logo, footer menu styling","Kale Development","Misc.","Linkwell Health","CHLE Re-Theme"
2021-02-08,"Kyle Langford",4.0,"Content List Class, Footer. Misc Styling.","Kale Development","Misc.","Linkwell Health","CHLE Re-Theme"
2021-02-04,"Kyle Langford",2.75,"Working on staging the dev site","Kale Development","Misc.","Linkwell Health","CHLE Re-Theme"
2021-02-03,"Kyle Langford",7.25,"Global styling, article, recipe","Kale Development","Misc.","Linkwell Health","CHLE Re-Theme"
2021-02-02,"Kyle Langford",6.75,"Global styling, css cleanup, theme split","Kale Development","Misc.","Linkwell Health","CHLE Re-Theme"
2021-02-01,"Kyle Langford",8.25,"Global styling, css cleanup, theme split","Kale Development","Misc.","Linkwell Health","CHLE Re-Theme"
2021-01-29,"Kyle Langford",3.75,"Global styling, article, recipe","Kale Development","Misc.","Linkwell Health","CHLE Re-Theme"
2021-01-28,"Kyle Langford",5.25,"Theme Work (css)","Kale Development","Misc.","Linkwell Health","CHLE Re-Theme"
2021-01-27,"Kyle Langford",3.25,"Theme work","Kale Development","Misc.","Linkwell Health","CHLE Re-Theme"
2021-01-22,"Kyle Langford",5.75,"Splitting themes, CSS work","Kale Development","Misc.","Linkwell Health","CHLE Re-Theme"
2021-01-21,"Kyle Langford",1.75,"Planning (theme rollout / arch)","Kale Development","Misc.","Linkwell Health","CHLE Re-Theme"
2021-01-21,"Kyle Langford",2.0,"Styling","Kale Development","Misc.","Linkwell Health","CHLE Re-Theme"
2021-01-20,"Kyle Langford",4.0,"Local Setup, Package.json, Reviewing Merge, Planning","Kale Development","Misc.","Linkwell Health","CHLE Re-Theme"
2021-01-19,"Kyle Langford",1.0,"Reviewing Files, Designs","Kale Development","Misc.","Linkwell Health","CHLE Re-Theme"
2021-01-19,"Kyle Langford",1.0,"Kale (IBX) Local Setup","Kale Development","Misc.","Linkwell Health","CHLE Re-Theme"
2021-01-19,"Kyle Langford",0.5,"Meeting with Jed / Getting Started","Meetings & Phone Calls","Misc.","Linkwell Health","CHLE Re-Theme"
2021-01-18,"Kyle Langford",1.0,"Prep for meeting with Jed","Kale Development","Misc.","Linkwell Health","CHLE Re-Theme"
2021-01-14,"Kyle Langford",0.75,"discuss timeline with Adam","Meetings & Phone Calls","Misc.","Linkwell Health","CHLE Re-Theme"
2020-12-09,"Kyle Langford",1.25,"Design Review w/ Jay, Steve, Jed","Meetings & Phone Calls","Misc.","Linkwell Health","CHLE Re-Theme"
2020-12-07,"Kyle Langford",0.5,"IBX Design Review - continuation from morning meeting","Meetings & Phone Calls","Misc.","Linkwell Health","CHLE Re-Theme"
2020-12-03,"Kyle Langford",0.75,"Design review w/ Jay","Meetings & Phone Calls","Misc.","Linkwell Health","CHLE Re-Theme"
2020-12-03,"Kyle Langford",0.75,"Meet with Jay re: ""ibc"" theme","Meetings & Phone Calls","Misc.","Linkwell Health","CHLE Re-Theme"
2020-10-23,"Kyle Langford",0.25,"Review Hours","Hours estimates","Misc.","Linkwell Health","CHLE Re-Theme"
2020-10-20,"Kyle Langford",1.0,"Meeting Prep","Component Audit","Misc.","Linkwell Health","CHLE Re-Theme"
2020-10-20,"Kyle Langford",2.25,"Meeting with Steve, Jed, Jay + Follow up with Jay + Typing Notes","Meetings & Phone Calls","Misc.","Linkwell Health","CHLE Re-Theme"
2020-10-19,"Kyle Langford",0.75,"Review Components w/ Jay","Component Audit","Misc.","Linkwell Health","CHLE Re-Theme"
2020-10-19,"Kyle Langford",2.5,"Adding More Pages, Excel Sheet","Component Audit","Misc.","Linkwell Health","CHLE Re-Theme"
2020-10-16,"Kyle Langford",1.75,"Review Components w/ Jay + Audit Cleanup","Component Audit","Misc.","Linkwell Health","CHLE Re-Theme"
2020-09-28,"Kyle Langford",1.5,"Hubspot Research, Itemized Tasks","Estimate Implementation","Misc.","Linkwell Health","Genomind Blog Redesign"
2021-08-06,"Kyle Langford",0.5,"Resaving Graphics","Updates to IBX ""Brand"" Sites - Configuration/Customization Doc","Misc.","Linkwell Health","IBX (Independence Blue Cross)"
2021-08-06,"Kyle Langford",1.0,"Saving out versions, email","Updates to IBX ""Brand"" Sites - Configuration/Customization Doc","Misc.","Linkwell Health","IBX (Independence Blue Cross)"
2021-08-05,"Kyle Langford",3.5,"Creating Screenshots","Updates to IBX ""Brand"" Sites - Configuration/Customization Doc","Misc.","Linkwell Health","IBX (Independence Blue Cross)"
2023-05-24,"Kyle Langford",0.75,"Review Jays design process outline v2, provide feedback.","Document website redesign process","2023 Redesign","Linkwell Health","Linkwell Corporate Site"
2023-05-23,"Kyle Langford",1.25,"Review Jays design process outline, provide feedback.","Document website redesign process","2023 Redesign","Linkwell Health","Linkwell Corporate Site"
2022-05-20,"Kyle Langford",0.25,"Adding file to prod site.","Run Detectify security scan","Misc.","Linkwell Health","Linkwell Corporate Site"
2022-01-19,"Kyle Langford",2.0,"Troubleshooting Mailchimp Library","Dev - Blog Redesign","Blog updates","Linkwell Health","Linkwell Corporate Site"
2022-01-18,"Kyle Langford",2.0,"Mailchimp dependencies and adding composer.","Dev - Blog Redesign","Blog updates","Linkwell Health","Linkwell Corporate Site"
2022-01-08,"Kyle Langford",2.0,"CSS Cleanup, Dev Site Cleanup","Dev - Blog Redesign","Blog updates","Linkwell Health","Linkwell Corporate Site"
2022-01-07,"Kyle Langford",2.0,"Deployment prep","Dev - Blog Redesign","Blog updates","Linkwell Health","Linkwell Corporate Site"
2022-01-05,"Kyle Langford",2.0,"Styling, Testing","Dev - Blog Redesign","Blog updates","Linkwell Health","Linkwell Corporate Site"
2022-01-04,"Kyle Langford",1.0,"Styling","Dev - Blog Redesign","Blog updates","Linkwell Health","Linkwell Corporate Site"
2022-01-04,"Kyle Langford",3.0,"Forms","Dev - Blog Redesign","Blog updates","Linkwell Health","Linkwell Corporate Site"
2022-01-03,"Kyle Langford",4.25,"Theming, Drupal Update.","Dev - Blog Redesign","Blog updates","Linkwell Health","Linkwell Corporate Site"
2021-12-31,"Kyle Langford",2.0,"Theming","Dev - Blog Redesign","Blog updates","Linkwell Health","Linkwell Corporate Site"
2021-12-27,"Kyle Langford",3.0,"Blog Article Node, View","Dev - Blog Redesign","Blog updates","Linkwell Health","Linkwell Corporate Site"
2021-12-15,"Kyle Langford",2.0,"Refresh","Dev - Blog Redesign","Blog updates","Linkwell Health","Linkwell Corporate Site"
2021-12-14,"Kyle Langford",1.0,"Local Setup, feature branch","Dev - Blog Redesign","Blog updates","Linkwell Health","Linkwell Corporate Site"
2021-12-14,"Kyle Langford",0.5,"Review Designs and Timeline","Dev - Blog Redesign","Blog updates","Linkwell Health","Linkwell Corporate Site"
2023-09-25,"Kyle Langford",1.0,"","Meetings & Phone Calls","Misc.","Linkwell Health","Miscellaneous"
2023-09-11,"Kyle Langford",1.0,"","Meetings & Phone Calls","Misc.","Linkwell Health","Miscellaneous"
2023-08-28,"Kyle Langford",0.75,"weekly tech call","Meetings & Phone Calls","Misc.","Linkwell Health","Miscellaneous"
2023-08-21,"Kyle Langford",1.0,"","Meetings & Phone Calls","Misc.","Linkwell Health","Miscellaneous"
2023-08-14,"Kyle Langford",0.75,"","Meetings & Phone Calls","Misc.","Linkwell Health","Miscellaneous"
2023-08-07,"Kyle Langford",0.75,"","Meetings & Phone Calls","Misc.","Linkwell Health","Miscellaneous"
2023-07-31,"Kyle Langford",0.5,"","Meetings & Phone Calls","Misc.","Linkwell Health","Miscellaneous"
2023-07-24,"Kyle Langford",1.0,"","Meetings & Phone Calls","Misc.","Linkwell Health","Miscellaneous"
2023-07-17,"Kyle Langford",1.0,"","Meetings & Phone Calls","Misc.","Linkwell Health","Miscellaneous"
2023-07-10,"Kyle Langford",1.0,"","Pull no search results for blink WA and AK","Misc.","Linkwell Health","Miscellaneous"
2023-07-10,"Kyle Langford",1.0,"","Meetings & Phone Calls","Misc.","Linkwell Health","Miscellaneous"
2023-06-26,"Kyle Langford",1.0,"","Meetings & Phone Calls","Misc.","Linkwell Health","Miscellaneous"
2023-06-22,"Kyle Langford",0.5,"","Meetings & Phone Calls","Misc.","Linkwell Health","Miscellaneous"
2023-06-14,"Kyle Langford",4.5,"Pixel Pushing","Email - Wellframe welcome series","Misc.","Linkwell Health","Miscellaneous"
2023-06-09,"Kyle Langford",0.5,"Review Request","Email - Wellframe welcome series","Misc.","Linkwell Health","Miscellaneous"
2023-06-07,"Kyle Langford",0.5,"Weekly checkin","Meetings & Phone Calls","Misc.","Linkwell Health","Miscellaneous"
2023-05-22,"Kyle Langford",1.0,"","Meetings & Phone Calls","Misc.","Linkwell Health","Miscellaneous"
2023-05-08,"Kyle Langford",1.0,"Product Meeting","Meetings & Phone Calls","Misc.","Linkwell Health","Miscellaneous"
2023-05-02,"Kyle Langford",0.5,"Connect with Jed on Priorities","Meetings & Phone Calls","Misc.","Linkwell Health","Miscellaneous"
2023-04-17,"Kyle Langford",1.0,"","Meetings & Phone Calls","Misc.","Linkwell Health","Miscellaneous"
2023-04-10,"Kyle Langford",0.75,"Tech Meeting","Meetings & Phone Calls","Misc.","Linkwell Health","Miscellaneous"
2023-04-03,"Kyle Langford",1.0,"Tech Meeting","Meetings & Phone Calls","Misc.","Linkwell Health","Miscellaneous"
2023-03-27,"Kyle Langford",1.0,"Tech Meeting","Meetings & Phone Calls","Misc.","Linkwell Health","Miscellaneous"
2023-03-20,"Kyle Langford",1.0,"Tech Meeting","Meetings & Phone Calls","Misc.","Linkwell Health","Miscellaneous"
2023-03-13,"Kyle Langford",1.0,"Tech Meeting","Meetings & Phone Calls","Misc.","Linkwell Health","Miscellaneous"
2023-02-28,"Kyle Langford",0.5,"Purnima Q on Responsive Image (srcset)",,,"Linkwell Health","Miscellaneous"
2023-02-27,"Kyle Langford",1.0,"weekly tech call","Meetings & Phone Calls","Misc.","Linkwell Health","Miscellaneous"
2023-02-21,"Kyle Langford",1.0,"Tech Meeting","Meetings & Phone Calls","Misc.","Linkwell Health","Miscellaneous"
2023-02-13,"Kyle Langford",1.0,"","Meetings & Phone Calls","Misc.","Linkwell Health","Miscellaneous"
2023-02-06,"Kyle Langford",1.0,"Weekly Tech","Meetings & Phone Calls","Misc.","Linkwell Health","Miscellaneous"
2023-01-30,"Kyle Langford",1.0,"Weekly tech call",,,"Linkwell Health","Miscellaneous"
2023-01-23,"Kyle Langford",1.0,"Tech Meeting","Meetings & Phone Calls","Misc.","Linkwell Health","Miscellaneous"
2023-01-17,"Kyle Langford",1.0,"weekly tech call","Meetings & Phone Calls","Misc.","Linkwell Health","Miscellaneous"
2023-01-09,"Kyle Langford",1.0,"Product Meeting","Meetings & Phone Calls","Misc.","Linkwell Health","Miscellaneous"
2023-01-03,"Kyle Langford",1.0,"Product Meeting","Meetings & Phone Calls","Misc.","Linkwell Health","Miscellaneous"
2022-12-19,"Kyle Langford",1.0,"Weekly Product Call","Meetings & Phone Calls","Misc.","Linkwell Health","Miscellaneous"
2022-12-15,"Kyle Langford",0.5,"Purnima Dev Q's","Meetings & Phone Calls","Misc.","Linkwell Health","Miscellaneous"
2022-12-05,"Kyle Langford",1.0,"Tech Meeting","Meetings & Phone Calls","Misc.","Linkwell Health","Miscellaneous"
2022-11-30,"Kyle Langford",1.0,"Purnima Onboarding","Meetings & Phone Calls","Misc.","Linkwell Health","Miscellaneous"
2022-11-30,"Kyle Langford",1.0,"Onboarding Prep","Meetings & Phone Calls","Misc.","Linkwell Health","Miscellaneous"
2022-11-30,"Kyle Langford",0.5,"Meet w/ Jed on Broccoli / Sporc","Meetings & Phone Calls","Misc.","Linkwell Health","Miscellaneous"
2022-11-28,"Kyle Langford",0.5,"Slacking w/ Purnima on Gulp.js","Meetings & Phone Calls","Misc.","Linkwell Health","Miscellaneous"
2022-11-28,"Kyle Langford",0.5,"Slack with Purnima to set up Onboarding Call","Meetings & Phone Calls","Misc.","Linkwell Health","Miscellaneous"
2022-11-28,"Kyle Langford",0.5,"Meet with Jed on New Hire (Purnima)","Meetings & Phone Calls","Misc.","Linkwell Health","Miscellaneous"
2022-11-28,"Kyle Langford",1.0,"Tech Meeting","Meetings & Phone Calls","Misc.","Linkwell Health","Miscellaneous"
2022-11-21,"Kyle Langford",1.0,"Tech Meeting","Meetings & Phone Calls","Misc.","Linkwell Health","Miscellaneous"
2022-11-21,"Kyle Langford",0.75,"Review Local files","Oscar Members Theme","Misc.","Linkwell Health","Miscellaneous"
2022-11-17,"Kyle Langford",1.0,"HLE Site Design Template Hierarchy & Release Version Control Process Mtg.","Meetings & Phone Calls","Misc.","Linkwell Health","Miscellaneous"
2022-11-14,"Kyle Langford",1.0,"Tech Meeting","Meetings & Phone Calls","Misc.","Linkwell Health","Miscellaneous"
2022-11-14,"Kyle Langford",2.0,"QA - Flashing Subnav","Oscar Members Theme","Misc.","Linkwell Health","Miscellaneous"
2022-11-08,"Kyle Langford",0.75,"Reviewing click-up and project requirements w/ Jed","Meetings & Phone Calls","Misc.","Linkwell Health","Miscellaneous"
2022-11-07,"Kyle Langford",1.0,"Tech Meeting","Meetings & Phone Calls","Misc.","Linkwell Health","Miscellaneous"
2022-10-28,"Kyle Langford",3.5,"Link Block, Sticky Footer CTA","Oscar Members Theme","Misc.","Linkwell Health","Miscellaneous"
2022-10-27,"Kyle Langford",1.0,"Subnav","Oscar Members Theme","Misc.","Linkwell Health","Miscellaneous"
2022-10-26,"Kyle Langford",5.0,"Top Nav, Mobile Accordion","Oscar Members Theme","Misc.","Linkwell Health","Miscellaneous"
2022-10-25,"Kyle Langford",7.25,"Spanish Header / Footer / Switch, JS","Oscar Members Theme","Misc.","Linkwell Health","Miscellaneous"
2022-10-24,"Kyle Langford",6.0,"English Header / Footer, Fonts, JS","Oscar Members Theme","Misc.","Linkwell Health","Miscellaneous"
2022-10-24,"Kyle Langford",1.0,"Tech Meeting","Meetings & Phone Calls","Misc.","Linkwell Health","Miscellaneous"
2022-10-21,"Kyle Langford",4.5,"Gulpfile, CSS","Oscar Members Theme","Misc.","Linkwell Health","Miscellaneous"
2022-10-20,"Kyle Langford",6.75,"HTML / CSS","Oscar Members Theme","Misc.","Linkwell Health","Miscellaneous"
2022-10-18,"Kyle Langford",3.25,"Gulp script Header / Footer, CSS","Oscar Members Theme","Misc.","Linkwell Health","Miscellaneous"
2022-10-17,"Kyle Langford",5.0,"Gulpfile v4 update","Oscar Members Theme","Misc.","Linkwell Health","Miscellaneous"
2022-10-17,"Kyle Langford",1.0,"Tech Meeting","Meetings & Phone Calls","Misc.","Linkwell Health","Miscellaneous"
2022-10-14,"Kyle Langford",1.0,"Gulpfile v4 update","Oscar Members Theme","Misc.","Linkwell Health","Miscellaneous"
2022-10-14,"Kyle Langford",1.0,"Local Site setup","Oscar Members Theme","Misc.","Linkwell Health","Miscellaneous"
2022-10-05,"Kyle Langford",2.0,"Technical Requirements","Meetings & Phone Calls","Misc.","Linkwell Health","Miscellaneous"
2022-10-03,"Kyle Langford",1.0,"Tech Meeting","Meetings & Phone Calls","Misc.","Linkwell Health","Miscellaneous"
2022-09-26,"Kyle Langford",1.0,"Tech Meeting","Meetings & Phone Calls","Misc.","Linkwell Health","Miscellaneous"
2022-09-26,"Kyle Langford",0.75,"knowmycost looking at GA","Misc. support","Misc.","Linkwell Health","Miscellaneous"
2022-09-22,"Kyle Langford",3.5,"Styling, Support, Import Testing","AAWP Wordpress Landing Page","Misc.","Linkwell Health","Miscellaneous"
2022-09-22,"Kyle Langford",1.25,"Create LP, move over code, restyle","AAWP Wordpress Landing Page","Misc.","Linkwell Health","Miscellaneous"
2022-09-22,"Kyle Langford",0.25,"Huddle with jed on AAWP","Meetings & Phone Calls","Misc.","Linkwell Health","Miscellaneous"
2022-09-19,"Kyle Langford",1.0,"Standby for golive","AAWP Wordpress Landing Page","Misc.","Linkwell Health","Miscellaneous"
2022-09-19,"Kyle Langford",0.5,"Looking into template issue","AAWP Wordpress Landing Page","Misc.","Linkwell Health","Miscellaneous"
2022-09-19,"Kyle Langford",2.0,"Looking at FIFU Plugin / issue with post JSON importer and feature image","AAWP Wordpress Landing Page","Misc.","Linkwell Health","Miscellaneous"
2022-09-19,"Kyle Langford",1.0,"Tech Call","Meetings & Phone Calls","Misc.","Linkwell Health","Miscellaneous"
2022-09-16,"Kyle Langford",1.0,"Feature Image for post","AAWP Wordpress Landing Page","Misc.","Linkwell Health","Miscellaneous"
2022-09-16,"Kyle Langford",0.5,"Review next steps w/ Jed","AAWP Wordpress Landing Page","Misc.","Linkwell Health","Miscellaneous"
2022-09-15,"Kyle Langford",3.25,"Theming, huddle with Jed","AAWP Wordpress Landing Page","Misc.","Linkwell Health","Miscellaneous"
2022-09-14,"Kyle Langford",0.75,"Looking in sticky footer - knowmycost / JS error","Misc. support","Misc.","Linkwell Health","Miscellaneous"
2022-09-14,"Kyle Langford",2.5,"Theming","AAWP Wordpress Landing Page","Misc.","Linkwell Health","Miscellaneous"
2022-09-14,"Kyle Langford",0.75,"Design Review","Meetings & Phone Calls","Misc.","Linkwell Health","Miscellaneous"
2022-09-12,"Kyle Langford",1.0,"Weekly tech call","Meetings & Phone Calls","Misc.","Linkwell Health","Miscellaneous"
2022-09-07,"Kyle Langford",0.75,"Review Scheduling","Meetings & Phone Calls","Misc.","Linkwell Health","Miscellaneous"
2022-09-07,"Kyle Langford",2.0,"Setting up demo, gathering requirements","AAWP Wordpress Landing Page","Misc.","Linkwell Health","Miscellaneous"
2022-08-29,"Kyle Langford",1.0,"weekly tech call","Meetings & Phone Calls","Misc.","Linkwell Health","Miscellaneous"
2022-08-23,"Kyle Langford",0.5,"Oscar Spanish site","Meetings & Phone Calls","Misc.","Linkwell Health","Miscellaneous"
2022-08-22,"Kyle Langford",0.5,"B'link comm timelines.","Meetings & Phone Calls","Misc.","Linkwell Health","Miscellaneous"
2022-08-22,"Kyle Langford",1.0,"Weekly Product Call","Meetings & Phone Calls","Misc.","Linkwell Health","Miscellaneous"
2022-08-16,"Kyle Langford",1.0,"blink","Meetings & Phone Calls","Misc.","Linkwell Health","Miscellaneous"
2022-08-15,"Kyle Langford",1.0,"","Meetings & Phone Calls","Misc.","Linkwell Health","Miscellaneous"
2022-08-01,"Kyle Langford",0.75,"","Meetings & Phone Calls","Misc.","Linkwell Health","Miscellaneous"
2022-07-25,"Kyle Langford",1.0,"","Meetings & Phone Calls","Misc.","Linkwell Health","Miscellaneous"
2022-07-11,"Kyle Langford",1.0,"Product Call","Meetings & Phone Calls","Misc.","Linkwell Health","Miscellaneous"
2022-07-05,"Kyle Langford",2.0,"Migration","UHC Affordability (Quinoa)","Misc.","Linkwell Health","Miscellaneous"
2022-06-29,"Kyle Langford",4.0,"CSS","UHC Affordability (Quinoa)","Misc.","Linkwell Health","Miscellaneous"
2022-06-28,"Kyle Langford",5.25,"Theme, Nav Button, Theme Cleanup, LP Feature, Sticky Footer, Icons, CTAs, Related","UHC Affordability (Quinoa)","Misc.","Linkwell Health","Miscellaneous"
2022-06-27,"Kyle Langford",1.0,"Product Call","Meetings & Phone Calls","Misc.","Linkwell Health","Miscellaneous"
2022-06-27,"Kyle Langford",4.5,"Sticky Footer, Sign In Button, CSS cleanup.","UHC Affordability (Quinoa)","Misc.","Linkwell Health","Miscellaneous"
2022-06-24,"Kyle Langford",0.75,"login page","UHC Affordability (Quinoa)","Misc.","Linkwell Health","Miscellaneous"
2022-06-23,"Kyle Langford",5.5,"Theme","UHC Affordability (Quinoa)","Misc.","Linkwell Health","Miscellaneous"
2022-06-22,"Kyle Langford",0.5,"Huddle on Affordability","UHC Affordability (Quinoa)","Misc.","Linkwell Health","Miscellaneous"
2022-06-22,"Kyle Langford",4.5,"Theme","UHC Affordability (Quinoa)","Misc.","Linkwell Health","Miscellaneous"
2022-06-21,"Kyle Langford",0.5,"JS talk w/ Jake","Misc. support","Misc.","Linkwell Health","Miscellaneous"
2022-06-21,"Kyle Langford",6.0,"Quinoa Theme","UHC Affordability (Quinoa)","Misc.","Linkwell Health","Miscellaneous"
2022-06-20,"Kyle Langford",2.5,"Local Setup, Theme work","UHC Affordability (Quinoa)","Misc.","Linkwell Health","Miscellaneous"
2022-06-15,"Kyle Langford",0.75,"Meeting with Steve, Jed to review timing for b'link","Meetings & Phone Calls","Misc.","Linkwell Health","Miscellaneous"
2022-06-14,"Kyle Langford",2.25,"Theme","UHC Affordability (Quinoa)","Misc.","Linkwell Health","Miscellaneous"
2022-06-13,"Kyle Langford",1.5,"Theme","UHC Affordability (Quinoa)","Misc.","Linkwell Health","Miscellaneous"
2022-06-13,"Kyle Langford",1.5,"Weekly, analytics followup","Meetings & Phone Calls","Misc.","Linkwell Health","Miscellaneous"
2022-06-06,"Kyle Langford",1.0,"Weekly Product Meeting","Meetings & Phone Calls","Misc.","Linkwell Health","Miscellaneous"
2022-05-25,"Kyle Langford",0.5,"adding file for portfolio.hlthlink.com","Run Detectify scan on portfolio.hlthlink.com","Misc.","Linkwell Health","Miscellaneous"
2022-05-23,"Kyle Langford",1.0,"Product Meeting","Meetings & Phone Calls","Misc.","Linkwell Health","Miscellaneous"
2022-05-16,"Kyle Langford",1.0,"Product Meeting","Meetings & Phone Calls","Misc.","Linkwell Health","Miscellaneous"
2022-04-26,"Kyle Langford",0.5,"Meet with Jed (blink and perks)","Meetings & Phone Calls","Misc.","Linkwell Health","Miscellaneous"
2022-04-25,"Kyle Langford",1.0,"weekly product call","Meetings & Phone Calls","Misc.","Linkwell Health","Miscellaneous"
2022-04-18,"Kyle Langford",0.5,"weekly product call","Meetings & Phone Calls","Misc.","Linkwell Health","Miscellaneous"
2022-04-11,"Kyle Langford",1.0,"weekly product call","Meetings & Phone Calls","Misc.","Linkwell Health","Miscellaneous"
2022-04-08,"Kyle Langford",0.75,"Review Candidate Jake","Digital Ocean server setup for Linkwell candidate testing","Misc.","Linkwell Health","Miscellaneous"
2022-04-04,"Kyle Langford",1.0,"weekly product call","Meetings & Phone Calls","Misc.","Linkwell Health","Miscellaneous"
2022-03-28,"Kyle Langford",1.0,"weekly product call","Meetings & Phone Calls","Misc.","Linkwell Health","Miscellaneous"
2022-03-24,"Kyle Langford",0.25,"Slack 301s - Perks",,,"Linkwell Health","Miscellaneous"
2022-03-21,"Kyle Langford",0.5,"Product Meeting","Meetings & Phone Calls","Misc.","Linkwell Health","Miscellaneous"
2022-03-14,"Kyle Langford",1.0,"weekly product call","Meetings & Phone Calls","Misc.","Linkwell Health","Miscellaneous"
2022-03-10,"Kyle Langford",0.75,"Review NVI with Steve and Jed","Meetings & Phone Calls","Misc.","Linkwell Health","Miscellaneous"
2022-03-04,"Kyle Langford",1.0,"","Digital Ocean server setup for Linkwell candidate testing","Misc.","Linkwell Health","Miscellaneous"
2022-03-04,"Kyle Langford",3.0,"","Digital Ocean server setup for Linkwell candidate testing","Misc.","Linkwell Health","Miscellaneous"
2022-03-03,"Kyle Langford",1.5,"Documentation","Digital Ocean server setup for Linkwell candidate testing","Misc.","Linkwell Health","Miscellaneous"
2022-03-03,"Kyle Langford",0.5,"Server Review","Digital Ocean server setup for Linkwell candidate testing","Misc.","Linkwell Health","Miscellaneous"
2022-03-03,"Kyle Langford",0.75,"Admin Theme, Gutenburg","Meetings & Phone Calls","Misc.","Linkwell Health","Miscellaneous"
2022-03-02,"Kyle Langford",7.0,"Server Configuration","Digital Ocean server setup for Linkwell candidate testing","Misc.","Linkwell Health","Miscellaneous"
2022-02-23,"Kyle Langford",0.25,"CTA Review, DO Droplets","Meetings & Phone Calls","Misc.","Linkwell Health","Miscellaneous"
2022-02-14,"Kyle Langford",1.0,"","Meetings & Phone Calls","Misc.","Linkwell Health","Miscellaneous"
2022-02-07,"Kyle Langford",1.0,"weekly product call","Meetings & Phone Calls","Misc.","Linkwell Health","Miscellaneous"
2022-01-14,"Kyle Langford",0.75,"email, theme nvi",,,"Linkwell Health","Miscellaneous"
2022-01-10,"Kyle Langford",1.0,"weekly product call","Meetings & Phone Calls","Misc.","Linkwell Health","Miscellaneous"
2022-01-03,"Kyle Langford",1.0,"","Meetings & Phone Calls","Misc.","Linkwell Health","Miscellaneous"
2021-12-20,"Kyle Langford",1.0,"Product Meeting","Meetings & Phone Calls","Misc.","Linkwell Health","Miscellaneous"
2021-12-13,"Kyle Langford",0.75,"weekly product call","Meetings & Phone Calls","Misc.","Linkwell Health","Miscellaneous"
2021-12-06,"Kyle Langford",1.0,"weekly product call","Meetings & Phone Calls","Misc.","Linkwell Health","Miscellaneous"
2021-11-29,"Kyle Langford",0.5,"weekly product call","Meetings & Phone Calls","Misc.","Linkwell Health","Miscellaneous"
2021-11-22,"Kyle Langford",0.5,"weekly product call","Meetings & Phone Calls","Misc.","Linkwell Health","Miscellaneous"
2021-11-15,"Kyle Langford",1.0,"weekly product call","Meetings & Phone Calls","Misc.","Linkwell Health","Miscellaneous"
2021-11-08,"Kyle Langford",1.0,"weekly product call","Meetings & Phone Calls","Misc.","Linkwell Health","Miscellaneous"
2021-11-01,"Kyle Langford",0.5,"weekly product call","Meetings & Phone Calls","Misc.","Linkwell Health","Miscellaneous"
2021-10-27,"Kyle Langford",1.0,"","Sticky Footer Example","Misc.","Linkwell Health","Miscellaneous"
2021-10-22,"Kyle Langford",1.0,"Friday check-in","Meetings & Phone Calls","Misc.","Linkwell Health","Miscellaneous"
2021-10-20,"Kyle Langford",0.5,"Optum store timeline with Jed","Meetings & Phone Calls","Misc.","Linkwell Health","Miscellaneous"
2021-10-18,"Kyle Langford",1.0,"weekly product call","Meetings & Phone Calls","Misc.","Linkwell Health","Miscellaneous"
2021-10-13,"Kyle Langford",1.0,"weekly product call","Meetings & Phone Calls","Misc.","Linkwell Health","Miscellaneous"
2021-10-01,"Kyle Langford",0.5,"weekly product call","Meetings & Phone Calls","Misc.","Linkwell Health","Miscellaneous"
2021-09-27,"Kyle Langford",0.75,"","Update Customization Document with new slogan.","Misc.","Linkwell Health","Miscellaneous"
2021-09-27,"Kyle Langford",0.75,"","Update Slogan Design - Getgoodliving","Misc.","Linkwell Health","Miscellaneous"
2021-09-27,"Kyle Langford",0.5,"","Update CSS -> SCSS - (UHC)","Misc.","Linkwell Health","Miscellaneous"
2021-09-24,"Kyle Langford",1.0,"weekly product call","Meetings & Phone Calls","Misc.","Linkwell Health","Miscellaneous"
2021-09-22,"Kyle Langford",0.5,"Review Notes","iOS 15 Privacy Updates -- Research and form POV","Misc.","Linkwell Health","Miscellaneous"
2021-09-22,"Kyle Langford",0.5,"call to disucss iOS privacy updates","Meetings & Phone Calls","Misc.","Linkwell Health","Miscellaneous"
2021-09-14,"Kyle Langford",1.5,"Optum Scope with Jed / Steve","Meetings & Phone Calls","Misc.","Linkwell Health","Miscellaneous"
2021-09-10,"Kyle Langford",0.5,"Optum Design Review","Meetings & Phone Calls","Misc.","Linkwell Health","Miscellaneous"
2021-09-10,"Kyle Langford",1.0,"weekly product call","Meetings & Phone Calls","Misc.","Linkwell Health","Miscellaneous"
2021-09-03,"Kyle Langford",1.0,"weekly product call","Meetings & Phone Calls","Misc.","Linkwell Health","Miscellaneous"
2021-08-31,"Kyle Langford",1.0,"Jury Duty Scrum","Meetings & Phone Calls","Misc.","Linkwell Health","Miscellaneous"
2021-08-27,"Kyle Langford",1.0,"weekly product call","Meetings & Phone Calls","Misc.","Linkwell Health","Miscellaneous"
2021-08-24,"Kyle Langford",0.5,"Slack - Jed: Quinoa and Headless","Meetings & Phone Calls","Misc.","Linkwell Health","Miscellaneous"
2021-08-24,"Kyle Langford",0.5,"Call with Jed: Quinoa and Headless","Meetings & Phone Calls","Misc.","Linkwell Health","Miscellaneous"
2021-08-20,"Kyle Langford",1.0,"weekly product call","Meetings & Phone Calls","Misc.","Linkwell Health","Miscellaneous"
2021-08-12,"Kyle Langford",1.0,"weekly product call","Meetings & Phone Calls","Misc.","Linkwell Health","Miscellaneous"
2021-08-06,"Kyle Langford",1.0,"weekly product call","Meetings & Phone Calls","Misc.","Linkwell Health","Miscellaneous"
2021-07-23,"Kyle Langford",1.0,"weekly product call","Meetings & Phone Calls","Misc.","Linkwell Health","Miscellaneous"
2021-06-11,"Kyle Langford",1.0,"weekly check-in","Meetings & Phone Calls","Misc.","Linkwell Health","Miscellaneous"
2021-06-04,"Kyle Langford",1.25,"weekly call","Meetings & Phone Calls","Misc.","Linkwell Health","Miscellaneous"
2021-05-28,"Kyle Langford",1.75,"weekly product call","Meetings & Phone Calls","Misc.","Linkwell Health","Miscellaneous"
2021-05-21,"Kyle Langford",0.5,"weekly product call","Meetings & Phone Calls","Misc.","Linkwell Health","Miscellaneous"
2021-05-07,"Kyle Langford",0.5,"weekly product call","Meetings & Phone Calls","Misc.","Linkwell Health","Miscellaneous"
2021-04-30,"Kyle Langford",1.0,"weekly product call","Meetings & Phone Calls","Misc.","Linkwell Health","Miscellaneous"
2021-04-23,"Kyle Langford",1.0,"weekly product call","Meetings & Phone Calls","Misc.","Linkwell Health","Miscellaneous"
2021-04-16,"Kyle Langford",1.0,"weekly product call","Meetings & Phone Calls","Misc.","Linkwell Health","Miscellaneous"
2021-03-26,"Kyle Langford",1.5,"weekly product call, follow up with Jed","Meetings & Phone Calls","Misc.","Linkwell Health","Miscellaneous"
2021-03-19,"Kyle Langford",1.0,"weekly product call","Meetings & Phone Calls","Misc.","Linkwell Health","Miscellaneous"
2021-03-05,"Kyle Langford",1.0,"weekly product call","Meetings & Phone Calls","Misc.","Linkwell Health","Miscellaneous"
2021-02-26,"Kyle Langford",1.0,"weekly product call","Meetings & Phone Calls","Misc.","Linkwell Health","Miscellaneous"
2021-02-19,"Kyle Langford",0.5,"weekly product call","Meetings & Phone Calls","Misc.","Linkwell Health","Miscellaneous"
2021-02-17,"Kyle Langford",0.5,"CHLE Theme Updates for Arkansas","Meetings & Phone Calls","Misc.","Linkwell Health","Miscellaneous"
2021-02-17,"Kyle Langford",0.5,"call to discuss Arkansas site updates","Meetings & Phone Calls","Misc.","Linkwell Health","Miscellaneous"
2021-02-12,"Kyle Langford",1.0,"weekly product call","Meetings & Phone Calls","Misc.","Linkwell Health","Miscellaneous"
2021-02-05,"Kyle Langford",0.5,"weekly product call","Meetings & Phone Calls","Misc.","Linkwell Health","Miscellaneous"
2021-01-22,"Kyle Langford",1.0,"Product Meeting","Meetings & Phone Calls","Misc.","Linkwell Health","Miscellaneous"
2021-01-15,"Kyle Langford",1.0,"weekly call","Meetings & Phone Calls","Misc.","Linkwell Health","Miscellaneous"
2021-01-06,"Kyle Langford",1.0,"weekly call w/ Steve and team","Meetings & Phone Calls","Misc.","Linkwell Health","Miscellaneous"
2020-12-18,"Kyle Langford",1.0,"product meeting","Meetings & Phone Calls","Misc.","Linkwell Health","Miscellaneous"
2020-12-04,"Kyle Langford",1.0,"product meeting","Meetings & Phone Calls","Misc.","Linkwell Health","Miscellaneous"
2020-11-20,"Kyle Langford",1.0,"","Meetings & Phone Calls","Misc.","Linkwell Health","Miscellaneous"
2020-11-13,"Kyle Langford",0.75,"weekly product call","Meetings & Phone Calls","Misc.","Linkwell Health","Miscellaneous"
2020-11-06,"Kyle Langford",0.5,"product meeting","Meetings & Phone Calls","Misc.","Linkwell Health","Miscellaneous"
2020-10-23,"Kyle Langford",1.0,"weekly product call","Meetings & Phone Calls","Misc.","Linkwell Health","Miscellaneous"
2020-10-16,"Kyle Langford",2.25,"Creating Spreadsheet, Review Script","Visual Regression Testing","Misc.","Linkwell Health","Miscellaneous"
2020-10-07,"Kyle Langford",3.0,"Meeting Prep (10/7 - HLE Design)","Estimate Theme Arch Updates","Misc.","Linkwell Health","Miscellaneous"
2020-10-07,"Kyle Langford",1.0,"HLE Design","Meetings & Phone Calls","Misc.","Linkwell Health","Miscellaneous"
2020-10-06,"Kyle Langford",1.0,"Meeting Prep (10/7 - HLE Design)","Estimate Theme Arch Updates","Misc.","Linkwell Health","Miscellaneous"
2020-10-02,"Kyle Langford",1.0,"weekly product call","Meetings & Phone Calls","Misc.","Linkwell Health","Miscellaneous"
2020-09-29,"Kyle Langford",2.0,"","Estimate Theme Arch Updates","Misc.","Linkwell Health","Miscellaneous"
2020-09-28,"Kyle Langford",1.5,"","Estimate Theme Arch Updates","Misc.","Linkwell Health","Miscellaneous"
2020-09-25,"Kyle Langford",0.75,"weekly product call","Meetings & Phone Calls","Misc.","Linkwell Health","Miscellaneous"
2020-09-25,"Kyle Langford",1.0,"Editing Slides","Theme Development Meeting","Misc.","Linkwell Health","Miscellaneous"
2023-01-05,"Kyle Langford",2.5,"Purnima Help - LP view styling, Screenshare","Optum Enterprise - Styling Landing Page View","Misc.","Linkwell Health","Optum"
2023-01-03,"Kyle Langford",1.5,"Fixing Gulpfile issue","Optum Enterprise - Styling Landing Page View","Misc.","Linkwell Health","Optum"
2022-12-22,"Kyle Langford",0.5,"Assisting Purnima with gulp issue","Optum Enterprise - Styling Landing Page View","Misc.","Linkwell Health","Optum"
2022-10-03,"Kyle Langford",3.5,"Troubleshooting CTA analytics","Optum Enterprise Development","Misc.","Linkwell Health","Optum"
2022-08-26,"Kyle Langford",1.5,"Adding hidden class to page and removing with load event, testing","Optum Store Development","Misc.","Linkwell Health","Optum"
2022-08-25,"Kyle Langford",1.5,"Investigating issue of FOUC / DOM Flickering on store","Optum Store Development","Misc.","Linkwell Health","Optum"
2022-08-12,"Kyle Langford",0.75,"Review Deployment","Optum rebrand2022","Misc.","Linkwell Health","Optum"
2022-08-12,"Kyle Langford",0.75,"Review JS Errors with Jed + Deeplaxmi","Optum rebrand2022","Misc.","Linkwell Health","Optum"
2022-08-11,"Kyle Langford",0.5,"adding login status value","Optum rebrand2022","Misc.","Linkwell Health","Optum"
2022-08-11,"Kyle Langford",4.5,"Analytics Updates, JS (open/close dropdowns and accordions)","Optum rebrand2022","Misc.","Linkwell Health","Optum"
2022-08-10,"Kyle Langford",5.75,"CSS Tweaks, Submenu Accordion (mobile), Autocomplete","Optum rebrand2022","Misc.","Linkwell Health","Optum"
2022-08-09,"Kyle Langford",1.0,"review commited code","Optum rebrand2022","Misc.","Linkwell Health","Optum"
2022-07-20,"Kyle Langford",2.0,"","Using Lando","Misc.","Linkwell Health","Optum"
2022-07-13,"Kyle Langford",1.5,"Sticky Footer","Optum Store Development","Misc.","Linkwell Health","Optum"
2022-07-13,"Kyle Langford",1.75,"Bold Font, Menu sub nav width, Sticky close","Optum Enterprise Development","Misc.","Linkwell Health","Optum"
2022-07-12,"Kyle Langford",2.5,"QA Misc","Optum Enterprise Development","Misc.","Linkwell Health","Optum"
2022-07-11,"Kyle Langford",3.75,"pager active state, duplicate elements, adding /health-articles/, trending block, sidebar cta margin, fonts","Optum Enterprise Development","Misc.","Linkwell Health","Optum"
2022-07-06,"Kyle Langford",0.5,"Review ""extra"" search field in incognito mode","Optum Enterprise Development","Misc.","Linkwell Health","Optum"
2022-07-01,"Kyle Langford",1.5,"Feature area adjustments and title","Optum Perks Development","Misc.","Linkwell Health","Optum"
2022-06-30,"Kyle Langford",1.0,"Remove Gradient, Misc","Optum Enterprise Development","Misc.","Linkwell Health","Optum"
2022-06-30,"Kyle Langford",1.5,"Feature area adjustments and title","Optum Perks Development","Misc.","Linkwell Health","Optum"
2022-06-20,"Kyle Langford",1.25,"Close Dropdown, submenus","Optum Enterprise Development","Misc.","Linkwell Health","Optum"
2022-06-19,"Kyle Langford",1.5,"Feature Link, Button Styling, Trending","Optum Enterprise Development","Misc.","Linkwell Health","Optum"
2022-06-17,"Kyle Langford",5.0,"CTAs, Trello Board, Misc","Optum Enterprise Development","Misc.","Linkwell Health","Optum"
2022-06-17,"Kyle Langford",0.5,"review enterprise status with Jed","Optum Enterprise Development","Misc.","Linkwell Health","Optum"
2022-06-15,"Kyle Langford",0.25,"update trello","Optum Enterprise Development","Misc.","Linkwell Health","Optum"
2022-06-15,"Kyle Langford",0.5,"Medically Review Flag","Optum Enterprise Development","Misc.","Linkwell Health","Optum"
2022-06-15,"Kyle Langford",0.25,"Review Jake's analytics push","Optum Enterprise Development","Misc.","Linkwell Health","Optum"
2022-06-15,"Kyle Langford",0.75,"Close nav on click off","Optum Enterprise Development","Misc.","Linkwell Health","Optum"
2022-06-15,"Kyle Langford",0.5,"flippy","Optum Enterprise Development","Misc.","Linkwell Health","Optum"
2022-06-15,"Kyle Langford",2.25,"Header JS, Mobile Menu JS","Optum Enterprise Development","Misc.","Linkwell Health","Optum"
2022-06-14,"Kyle Langford",0.5,"Affordability (jed), Enterprise (jed + jake)","Meetings & Phone Calls","Misc.","Linkwell Health","Optum"
2022-06-14,"Kyle Langford",2.0,"Analytics","Optum Enterprise Development","Misc.","Linkwell Health","Optum"
2022-06-13,"Kyle Langford",5.0,"Analytics","Optum Enterprise Development","Misc.","Linkwell Health","Optum"
2022-06-10,"Kyle Langford",2.5,"Theming, Feature","Optum Enterprise Development","Misc.","Linkwell Health","Optum"
2022-06-09,"Kyle Langford",4.0,"Theming","Optum Enterprise Development","Misc.","Linkwell Health","Optum"
2022-06-08,"Kyle Langford",1.0,"Analytics","Optum Enterprise Development","Misc.","Linkwell Health","Optum"
2022-06-08,"Kyle Langford",0.25,"NVM Question from Jake","Optum Perks Development","Misc.","Linkwell Health","Optum"
2022-06-07,"Kyle Langford",6.5,"Header/Footer, JS, Styling","Optum Enterprise Development","Misc.","Linkwell Health","Optum"
2022-06-06,"Kyle Langford",3.0,"Theme","Optum Enterprise Development","Misc.","Linkwell Health","Optum"
2022-06-06,"Kyle Langford",0.5,"Review design tasks with Jay and Jed","Meetings & Phone Calls","Misc.","Linkwell Health","Optum"
2022-06-03,"Kyle Langford",1.0,"Analytics","Optum Enterprise Development","Misc.","Linkwell Health","Optum"
2022-06-03,"Kyle Langford",2.0,"Analytics","Optum Enterprise Development","Misc.","Linkwell Health","Optum"
2022-06-02,"Kyle Langford",0.5,"Post Launch Follow Up","Meetings & Phone Calls","Misc.","Linkwell Health","Optum"
2022-06-02,"Kyle Langford",3.25,"Print stylesheet, print window button","Optum Perks Development","Misc.","Linkwell Health","Optum"
2022-06-02,"Kyle Langford",1.0,"Newsletter Analytics updates","Optum Perks Development","Misc.","Linkwell Health","Optum"
2022-06-02,"Kyle Langford",1.0,"Modal Mobile Styling","Optum Perks Development","Misc.","Linkwell Health","Optum"
2022-06-02,"Kyle Langford",0.5,"article margin - adding to scss","Optum Perks Development","Misc.","Linkwell Health","Optum"
2022-06-01,"Kyle Langford",0.25,"review theme differences.","Optum Enterprise Development","Misc.","Linkwell Health","Optum"
2022-06-01,"Kyle Langford",3.5,"Theme Files, header / footer html, css,","Optum Enterprise Development","Misc.","Linkwell Health","Optum"
2022-06-01,"Kyle Langford",1.5,"Review Analytics Specs and Existing Code","Optum Enterprise Development","Misc.","Linkwell Health","Optum"
2022-06-01,"Kyle Langford",0.25,"Enterprise Kickoff","Meetings & Phone Calls","Misc.","Linkwell Health","Optum"
2022-05-31,"Kyle Langford",1.0,"Local Setup","Optum Enterprise Development","Misc.","Linkwell Health","Optum"
2022-05-31,"Kyle Langford",1.0,"build planning, design review","Optum Enterprise Development","Misc.","Linkwell Health","Optum"
2022-05-31,"Kyle Langford",0.75,"Review Enterprise Timeline with Jed and Jay","Meetings & Phone Calls","Misc.","Linkwell Health","Optum"
2022-05-27,"Kyle Langford",1.5,"Theme upates","Optum Enterprise Development","Misc.","Linkwell Health","Optum"
2022-05-27,"Kyle Langford",0.75,"analytics update","Optum Perks Development","Misc.","Linkwell Health","Optum"
2022-05-26,"Kyle Langford",2.0,"Additional Sources","Optum Perks Development","Misc.","Linkwell Health","Optum"
2022-05-26,"Kyle Langford",0.25,"Review implementation of additional sources request w/ jed","Meetings & Phone Calls","Misc.","Linkwell Health","Optum"
2022-05-26,"Kyle Langford",2.0,"Additional Source Script","Optum Perks Development","Misc.","Linkwell Health","Optum"
2022-05-26,"Kyle Langford",0.25,"Review additional sources request w/ jed","Meetings & Phone Calls","Misc.","Linkwell Health","Optum"
2022-05-25,"Kyle Langford",4.5,"Padding, Pagination, Additional Sources(in progress)","Optum Perks Development","Misc.","Linkwell Health","Optum"
2022-05-24,"Kyle Langford",4.0,"qa - analytics and newsletter modal","Optum Perks Development","Misc.","Linkwell Health","Optum"
2022-05-23,"Kyle Langford",3.0,"misc QA, analytics, modal, cta","Optum Perks Development","Misc.","Linkwell Health","Optum"
2022-05-19,"Kyle Langford",0.5,"Review email re: localStorage","Optum Perks Development","Misc.","Linkwell Health","Optum"
2022-05-19,"Kyle Langford",6.0,"Misc QA, Newsletter scroll, referrerPageSection","Optum Perks Development","Misc.","Linkwell Health","Optum"
2022-05-19,"Kyle Langford",1.5,"Misc QA","Optum Perks Development","Misc.","Linkwell Health","Optum"
2022-05-18,"Kyle Langford",5.5,"Misc QA, analytics, styling","Optum Perks Development","Misc.","Linkwell Health","Optum"
2022-05-18,"Kyle Langford",1.5,"Review Trello w Jed + Deeplaxmi","Meetings & Phone Calls","Misc.","Linkwell Health","Optum"
2022-05-14,"Kyle Langford",3.0,"Misc QA, analytics, newsletter","Optum Perks Development","Misc.","Linkwell Health","Optum"
2022-05-13,"Kyle Langford",4.0,"Misc QA, modal, newsletter","Optum Perks Development","Misc.","Linkwell Health","Optum"
2022-05-13,"Kyle Langford",0.5,"Review Trello w Jed","Meetings & Phone Calls","Misc.","Linkwell Health","Optum"
2022-05-12,"Kyle Langford",1.5,"Review Trello w Jed","Meetings & Phone Calls","Misc.","Linkwell Health","Optum"
2022-05-11,"Kyle Langford",1.0,"Misc QA","Optum Perks Development","Misc.","Linkwell Health","Optum"
2022-05-11,"Kyle Langford",6.5,"Misc QA, analytics, newsletter","Optum Perks Development","Misc.","Linkwell Health","Optum"
2022-05-10,"Kyle Langford",6.25,"Misc QA","Optum Perks Development","Misc.","Linkwell Health","Optum"
2022-05-10,"Kyle Langford",0.5,"Connect with Jed","Meetings & Phone Calls","Misc.","Linkwell Health","Optum"
2022-05-04,"Kyle Langford",6.0,"Breadcrumb icon update, adding hp title, analytics qa(x3), focus/hover state review, feature image alt/url, mobile pixel pushing","Optum Perks Development","Misc.","Linkwell Health","Optum"
2022-05-03,"Kyle Langford",3.0,"QA Items","Optum Perks Development","Misc.","Linkwell Health","Optum"
2022-05-03,"Kyle Langford",0.5,"Review Todos with Jed","Meetings & Phone Calls","Misc.","Linkwell Health","Optum"
2022-05-02,"Kyle Langford",4.0,"Modal, QA Items","Optum Perks Development","Misc.","Linkwell Health","Optum"
2022-05-01,"Kyle Langford",1.5,"Modal Popup, Tracking, Submit, Close","Optum Perks Development","Misc.","Linkwell Health","Optum"
2022-05-01,"Kyle Langford",2.0,"Modal","Optum Perks Development","Misc.","Linkwell Health","Optum"
2022-05-01,"Kyle Langford",1.5,"Author, teasers","Optum Perks Development","Misc.","Linkwell Health","Optum"
2022-04-30,"Kyle Langford",1.5,"share bar","Optum Perks Development","Misc.","Linkwell Health","Optum"
2022-04-29,"Kyle Langford",9.0,"Adobe Analytics JS - QA Madness","Optum Perks Development","Misc.","Linkwell Health","Optum"
2022-04-29,"Kyle Langford",0.75,"Review Analytics with Deeplaxmi and Jed","Meetings & Phone Calls","Misc.","Linkwell Health","Optum"
2022-04-28,"Kyle Langford",6.0,"Adobe Analytics JS - Coding (referrers, page load, Testing )","Optum Perks Development","Misc.","Linkwell Health","Optum"
2022-04-27,"Kyle Langford",3.0,"Adobe Analytics JS - Coding (Page Load, Testing, Logging)","Optum Perks Development","Misc.","Linkwell Health","Optum"
2022-04-27,"Kyle Langford",0.25,"Check In - Analytics, review push","Meetings & Phone Calls","Misc.","Linkwell Health","Optum"
2022-04-27,"Kyle Langford",0.5,"Check In - Analytics, Feature Image","Meetings & Phone Calls","Misc.","Linkwell Health","Optum"
2022-04-26,"Kyle Langford",6.25,"Adobe Analytics JS - Coding - Click Events","Optum Perks Development","Misc.","Linkwell Health","Optum"
2022-04-25,"Kyle Langford",2.75,"Adobe Analytics JS - Coding - Refactor","Optum Perks Development","Misc.","Linkwell Health","Optum"
2022-04-25,"Kyle Langford",3.0,"Adobe Analytics JS - Review Code, Docs, Test","Optum Perks Development","Misc.","Linkwell Health","Optum"
2022-04-22,"Kyle Langford",1.0,"Safari Issues","Optum Perks Development","Misc.","Linkwell Health","Optum"
2022-04-21,"Kyle Langford",1.5,"QA, Mobile","Optum Perks Development","Misc.","Linkwell Health","Optum"
2022-04-21,"Kyle Langford",2.0,"Sticky Header","Optum Perks Development","Misc.","Linkwell Health","Optum"
2022-04-20,"Kyle Langford",1.5,"Menu Transition, Feature Mobile","Optum Perks Development","Misc.","Linkwell Health","Optum"
2022-04-20,"Kyle Langford",1.75,"close icons, close block js, css tweaks","Optum Perks Development","Misc.","Linkwell Health","Optum"
2022-04-19,"Kyle Langford",0.5,"Feature Image","Optum Perks Development","Misc.","Linkwell Health","Optum"
2022-04-19,"Kyle Langford",2.0,"Pixel Pushing, Font QA","Optum Perks Development","Misc.","Linkwell Health","Optum"
2022-04-19,"Kyle Langford",1.75,"CTA Block","Optum Perks Development","Misc.","Linkwell Health","Optum"
2022-04-19,"Kyle Langford",2.5,"Sticky Footer, Alert Block","Optum Perks Development","Misc.","Linkwell Health","Optum"
2022-04-18,"Kyle Langford",3.25,"CTA Block, Menu JS","Optum Perks Development","Misc.","Linkwell Health","Optum"
2022-04-15,"Kyle Langford",1.25,"Node - Social Media Icons","Optum Perks Development","Misc.","Linkwell Health","Optum"
2022-04-15,"Kyle Langford",1.0,"Breadcrumbs","Optum Perks Development","Misc.","Linkwell Health","Optum"
2022-04-14,"Kyle Langford",1.5,"Archive List Page (view)","Optum Perks Development","Misc.","Linkwell Health","Optum"
2022-04-13,"Kyle Langford",1.0,"Archive List Page (view)","Optum Perks Development","Misc.","Linkwell Health","Optum"
2022-04-13,"Kyle Langford",5.0,"Enable Easy Breadcrumbs, Top Message Block, Archive View Block,","Optum Perks Development","Misc.","Linkwell Health","Optum"
2022-04-13,"Kyle Langford",0.25,"Checkin with Jed (Perks)","Meetings & Phone Calls","Misc.","Linkwell Health","Optum"
2022-04-12,"Kyle Langford",1.5,"Author config sync","Optum Perks Development","Misc.","Linkwell Health","Optum"
2022-04-12,"Kyle Langford",1.25,"Flippy Module, composer troubleshooting","Optum Perks Development","Misc.","Linkwell Health","Optum"
2022-04-12,"Kyle Langford",2.5,"Theme Styling","Optum Perks Development","Misc.","Linkwell Health","Optum"
2022-04-12,"Kyle Langford",1.5,"Related Content Views (fix - double check config with store)","Optum Perks Development","Misc.","Linkwell Health","Optum"
2022-04-11,"Kyle Langford",4.75,"Related Content Views (including sidebar), Misc.","Optum Perks Development","Misc.","Linkwell Health","Optum"
2022-04-08,"Kyle Langford",4.0,"Config Sync (author - ran into issues), Updating Trello, Starting Menu JS","Optum Perks Development","Misc.","Linkwell Health","Optum"
2022-04-08,"Kyle Langford",3.0,"LP Feature Bug, Site Icons","Optum Perks Development","Misc.","Linkwell Health","Optum"
2022-04-07,"Kyle Langford",1.5,"Theme Styling","Optum Perks Development","Misc.","Linkwell Health","Optum"
2022-04-06,"Kyle Langford",6.25,"LP Feature (fix - add missing fields), Theme Styling","Optum Perks Development","Misc.","Linkwell Health","Optum"
2022-04-05,"Kyle Langford",6.5,"Theme Styling, Config Updates (Views, Image cache, content types, taxonomy)","Optum Perks Development","Misc.","Linkwell Health","Optum"
2022-04-04,"Kyle Langford",2.5,"custom home intro, header/footer puppeteer script","Optum Perks Development","Misc.","Linkwell Health","Optum"
2022-03-31,"Kyle Langford",5.75,"block placement, theme colors, header / footer puppeteer script,","Optum Perks Development","Misc.","Linkwell Health","Optum"
2022-03-30,"Kyle Langford",3.5,"Reviewing theme files, converting namespace, testing theme swtich","Optum Perks Development","Misc.","Linkwell Health","Optum"
2022-03-29,"Kyle Langford",2.75,"Sub-Theme Setup","Optum Perks Development","Misc.","Linkwell Health","Optum"
2022-03-28,"Kyle Langford",1.0,"Design Review, Dev Notes","Optum Perks Development","Misc.","Linkwell Health","Optum"
2022-03-28,"Kyle Langford",2.0,"Local Setup of Multi-dev Branch","Optum Perks Development","Misc.","Linkwell Health","Optum"
2022-03-08,"Kyle Langford",1.5,"Optum Breadcrumb","Misc Development","Misc.","Linkwell Health","Optum"
2022-02-04,"Kyle Langford",1.75,"Overflow Header","Misc Development","Misc.","Linkwell Health","Optum"
2022-01-20,"Kyle Langford",0.5,"Deploy Updated fonts","Misc Development","Misc.","Linkwell Health","Optum"
2022-01-18,"Kyle Langford",2.0,"fonts","Misc Development","Misc.","Linkwell Health","Optum"
2022-01-17,"Kyle Langford",1.0,"webfonts","Misc Development","Misc.","Linkwell Health","Optum"
2021-12-21,"Kyle Langford",0.25,"Push Footer, Font Live","Misc Development","Misc.","Linkwell Health","Optum"
2021-12-21,"Kyle Langford",1.75,"Fonts, MultiDev","Misc Development","Misc.","Linkwell Health","Optum"
2021-12-21,"Kyle Langford",2.0,"CSS Issue, Footer Update","Misc Development","Misc.","Linkwell Health","Optum"
2021-12-20,"Kyle Langford",0.25,"Attempt to update packages","Misc Development","Misc.","Linkwell Health","Optum"
2021-12-01,"Kyle Langford",0.25,"Update to Martin via Jed","Optum Health Hub (blog) - Theme Development","Dev","Linkwell Health","Optum"
2021-11-30,"Kyle Langford",0.5,"Push to Prod, Test","Optum Health Hub (blog) - Theme Development","Dev","Linkwell Health","Optum"
2021-11-30,"Kyle Langford",4.0,"Header/ Footer","Optum Health Hub (blog) - Theme Development","Dev","Linkwell Health","Optum"
2021-11-29,"Kyle Langford",3.0,"Rebranding Flag, Contentful","Optum Health Hub (blog) - Theme Development","Dev","Linkwell Health","Optum"
2021-11-22,"Kyle Langford",0.25,"Reviewing Launched Site","Optum Health Hub (blog) - Theme Development","Dev","Linkwell Health","Optum"
2021-11-22,"Kyle Langford",0.25,"Removing Logs","Optum Health Hub (blog) - Theme Development","Dev","Linkwell Health","Optum"
2021-11-22,"Kyle Langford",0.5,"Breadcrumb for homepage paths / and /blog","Optum Health Hub (blog) - Theme Development","Dev","Linkwell Health","Optum"
2021-11-22,"Kyle Langford",0.5,"Author","Optum Health Hub (blog) - Theme Development","Dev","Linkwell Health","Optum"
2021-11-22,"Kyle Langford",0.25,"Updating Prod Credentials","Optum Health Hub (blog) - Theme Development","Dev","Linkwell Health","Optum"
2021-11-22,"Kyle Langford",1.25,"Mobile Image Fallback","Optum Health Hub (blog) - Theme Development","Dev","Linkwell Health","Optum"
2021-11-22,"Kyle Langford",1.5,"Breadcrumbs","Optum Health Hub (blog) - Theme Development","Dev","Linkwell Health","Optum"
2021-11-19,"Kyle Langford",2.0,"Smooth Scroll distance calc, accessibility","Optum Health Hub (blog) - Theme Development","Dev","Linkwell Health","Optum"
2021-11-18,"Kyle Langford",0.75,"Load More, Pagination Test / Styling","Optum Health Hub (blog) - Theme Development","Dev","Linkwell Health","Optum"
2021-11-18,"Kyle Langford",2.5,"Header Component, Breadcrumb","Optum Health Hub (blog) - Theme Development","Dev","Linkwell Health","Optum"
2021-11-17,"Kyle Langford",1.0,"Hover States","Optum Health Hub (blog) - Theme Development","Dev","Linkwell Health","Optum"
2021-11-17,"Kyle Langford",0.75,"Hero height script","Optum Health Hub (blog) - Theme Development","Dev","Linkwell Health","Optum"
2021-11-17,"Kyle Langford",1.75,"Static Header/Footer Tested on RP","Optum Health Hub (blog) - Theme Development","Dev","Linkwell Health","Optum"
2021-11-17,"Kyle Langford",1.0,"Refactoring FooterComponent","Optum Health Hub (blog) - Theme Development","Dev","Linkwell Health","Optum"
2021-11-17,"Kyle Langford",0.5,"Review with Steve + Jed","Meetings & Phone Calls","Misc.","Linkwell Health","Optum"
2021-11-17,"Kyle Langford",1.0,"Adobe Analytics Huddle w/ Jed + Deeplaxmi","Meetings & Phone Calls","Misc.","Linkwell Health","Optum"
2021-11-16,"Kyle Langford",3.0,"Contentful Integration + React Component Rendering","Optum Health Hub (blog) - Theme Development","Dev","Linkwell Health","Optum"
2021-11-15,"Kyle Langford",3.0,"scroll script, pixel pushing, contentful","Optum Health Hub (blog) - Theme Development","Dev","Linkwell Health","Optum"
2021-11-15,"Kyle Langford",0.5,"Meeting with Truepill + Jed","Meetings & Phone Calls","Misc.","Linkwell Health","Optum"
2021-11-12,"Kyle Langford",1.0,"Scrolling","Optum Health Hub (blog) - Theme Development","Dev","Linkwell Health","Optum"
2021-11-12,"Kyle Langford",2.0,"Contentful Integration, reviewing documentation","Optum Health Hub (blog) - Theme Development","Dev","Linkwell Health","Optum"
2021-11-12,"Kyle Langford",1.0,"QA Review w/ Steve and Jed","Meetings & Phone Calls","Misc.","Linkwell Health","Optum"
2021-11-11,"Kyle Langford",0.5,"Review remaining items","Optum Health Hub (blog) - Theme Development","Dev","Linkwell Health","Optum"
2021-11-11,"Kyle Langford",2.5,"Table of Contents","Optum Health Hub (blog) - Theme Development","Dev","Linkwell Health","Optum"
2021-11-11,"Kyle Langford",0.75,"Slack and Call with Jed","Meetings & Phone Calls","Misc.","Linkwell Health","Optum"
2021-11-11,"Kyle Langford",1.5,"JS Named Anchor Link","Optum Health Hub (blog) - Theme Development","Dev","Linkwell Health","Optum"
2021-11-10,"Kyle Langford",0.75,"CTA Block","Optum Health Hub (blog) - Theme Development","Dev","Linkwell Health","Optum"
2021-11-10,"Kyle Langford",0.5,"archive button","Optum Health Hub (blog) - Theme Development","Dev","Linkwell Health","Optum"
2021-11-10,"Kyle Langford",1.0,"accordion pizzaz","Optum Health Hub (blog) - Theme Development","Dev","Linkwell Health","Optum"
2021-11-10,"Kyle Langford",2.0,"Icons","Optum Health Hub (blog) - Theme Development","Dev","Linkwell Health","Optum"
2021-11-10,"Kyle Langford",0.75,"conteful access","Optum Health Hub (blog) - Theme Development","Dev","Linkwell Health","Optum"
2021-11-09,"Kyle Langford",6.0,"Overview (extra article styling), Mobile, QA","Optum Health Hub (blog) - Theme Development","Dev","Linkwell Health","Optum"
2021-11-08,"Kyle Langford",1.5,"Optum Overview Styling","Optum Health Hub (blog) - Theme Development","Dev","Linkwell Health","Optum"
2021-11-08,"Kyle Langford",2.5,"Contentful","Optum Health Hub (blog) - Theme Development","Dev","Linkwell Health","Optum"
2021-11-08,"Kyle Langford",0.75,"troubleshooting header","Optum Health Hub (blog) - Theme Development","Dev","Linkwell Health","Optum"
2021-11-05,"Kyle Langford",3.5,"Overview (extra article styling)","Optum Health Hub (blog) - Theme Development","Dev","Linkwell Health","Optum"
2021-11-05,"Kyle Langford",1.0,"CTAs","Optum Health Hub (blog) - Theme Development","Dev","Linkwell Health","Optum"
2021-11-05,"Kyle Langford",0.75,"Overview page, ctas","Meetings & Phone Calls","Misc.","Linkwell Health","Optum"
2021-11-04,"Kyle Langford",0.5,"Checkin with Jed (discussing contentful API - slack)","Optum Health Hub (blog) - Theme Development","Dev","Linkwell Health","Optum"
2021-11-04,"Kyle Langford",3.0,"Browser Testing, Pixel Pushing, Mobile Styling.","Optum Health Hub (blog) - Theme Development","Dev","Linkwell Health","Optum"
2021-11-03,"Kyle Langford",0.25,"Feature image size","Optum Health Hub (blog) - Theme Development","Dev","Linkwell Health","Optum"
2021-11-03,"Kyle Langford",0.5,"Checkin with Jed","Meetings & Phone Calls","Misc.","Linkwell Health","Optum"
2021-11-01,"Kyle Langford",1.0,"Contentful Integration","Optum Health Hub (blog) - Theme Development","Dev","Linkwell Health","Optum"
2021-11-01,"Kyle Langford",3.0,"Hero","Optum Health Hub (blog) - Theme Development","Dev","Linkwell Health","Optum"
2021-10-29,"Kyle Langford",1.0,"Contentful Integration","Optum Health Hub (blog) - Theme Development","Dev","Linkwell Health","Optum"
2021-10-29,"Kyle Langford",5.0,"Mobile, Layout, CSS Cleanup","Optum Health Hub (blog) - Theme Development","Dev","Linkwell Health","Optum"
2021-10-28,"Kyle Langford",0.5,"Check in with jed","Meetings & Phone Calls","Misc.","Linkwell Health","Optum"
2021-10-28,"Kyle Langford",6.25,"Next / Prev, Layout, Mobile, CTA, Hero","Optum Health Hub (blog) - Theme Development","Dev","Linkwell Health","Optum"
2021-10-27,"Kyle Langford",6.75,"Author, Breadcrumb, Layout, Misc","Optum Health Hub (blog) - Theme Development","Dev","Linkwell Health","Optum"
2021-10-27,"Kyle Langford",0.5,"Checkin with Jed","Meetings & Phone Calls","Misc.","Linkwell Health","Optum"
2021-10-26,"Kyle Langford",2.0,"Styling","Optum Health Hub (blog) - Theme Development","Dev","Linkwell Health","Optum"
2021-10-26,"Kyle Langford",0.5,"Checkin with Steve and Jed","Meetings & Phone Calls","Misc.","Linkwell Health","Optum"
2021-10-26,"Kyle Langford",4.0,"React Integration - Blocks, Code Refactor","Optum Health Hub (blog) - Theme Development","Dev","Linkwell Health","Optum"
2021-10-25,"Kyle Langford",1.5,"Featured Content, Hero","Optum Health Hub (blog) - Theme Development","Dev","Linkwell Health","Optum"
2021-10-25,"Kyle Langford",6.5,"React Integration","Optum Health Hub (blog) - Theme Development","Dev","Linkwell Health","Optum"
2021-10-22,"Kyle Langford",5.5,"Article Styling, Read Time, React + Drupal","Optum Health Hub (blog) - Theme Development","Dev","Linkwell Health","Optum"
2021-10-21,"Kyle Langford",2.0,"Hero, Sidebar Blocks","Optum Health Hub (blog) - Theme Development","Dev","Linkwell Health","Optum"
2021-10-21,"Kyle Langford",1.5,"Hero","Optum Health Hub (blog) - Theme Development","Dev","Linkwell Health","Optum"
2021-10-21,"Kyle Langford",4.5,"Page Styling","Optum Health Hub (blog) - Theme Development","Dev","Linkwell Health","Optum"
2021-10-21,"Kyle Langford",0.75,"Connect w/ Jed - React + Initial Response, Drupal Research","Optum Health Hub (blog) - Theme Development","Dev","Linkwell Health","Optum"
2021-10-21,"Kyle Langford",0.5,"Connect w/ Jed - Theme on Dev","Optum Health Hub (blog) - Theme Development","Dev","Linkwell Health","Optum"
2021-10-20,"Kyle Langford",5.5,"Layout, Font, Regions","Optum Health Hub (blog) - Theme Development","Dev","Linkwell Health","Optum"
2021-10-20,"Kyle Langford",0.5,"Call with Adam Re: Meeting with Jed","Optum Health Hub (blog) - Theme Development","Dev","Linkwell Health","Optum"
2021-10-20,"Kyle Langford",0.5,"Email to Jed, Meeting Notes","Optum Health Hub (blog) - Theme Development","Dev","Linkwell Health","Optum"
2021-10-19,"Kyle Langford",4.0,"Gulpfile, Base Styling, Local Setup","Optum Health Hub (blog) - Theme Development","Dev","Linkwell Health","Optum"
2021-10-18,"Kyle Langford",1.5,"Theme files","Optum Health Hub (blog) - Theme Development","Dev","Linkwell Health","Optum"
2021-10-15,"Kyle Langford",0.5,"Reviewing Test Sites","Optum Health Hub (blog) - Theme Development","Dev","Linkwell Health","Optum"
2021-10-15,"Kyle Langford",0.5,"meet with jed - test site handoff","Optum Health Hub (blog) - Theme Development","Dev","Linkwell Health","Optum"
2021-10-12,"Kyle Langford",1.5,"Theme Files","Optum Health Hub (blog) - Theme Development","Dev","Linkwell Health","Optum"
2021-10-07,"Kyle Langford",2.5,"Theme Files, Gatsby Rabbit hole","Optum Health Hub (blog) - Theme Development","Dev","Linkwell Health","Optum"
2021-10-06,"Kyle Langford",1.0,"Starting Theme","Optum Health Hub (blog) - Theme Development","Dev","Linkwell Health","Optum"
2021-09-29,"Kyle Langford",0.5,"kickoff meeting for new theme dev","Meetings & Phone Calls","Misc.","Linkwell Health","Optum"
2021-09-15,"Kyle Langford",0.25,"Scope Meeting Follow up with Adam","Meetings & Phone Calls","Misc.","Linkwell Health","Optum"
2021-09-15,"Kyle Langford",1.0,"Optum Scope with Jed / Steve / Adam","Meetings & Phone Calls","Misc.","Linkwell Health","Optum"
2022-05-06,"Kyle Langford",1.0,"Remove article from top section","Misc","Dev","Linkwell Health","UHC"
2022-05-06,"Kyle Langford",1.0,"Update Local","Misc","Dev","Linkwell Health","UHC"
2021-09-30,"Kyle Langford",0.5,"Challenge Landing Page with Jed / Jay","Meetings and Phone Calls","Meetings and Phone Calls","Linkwell Health","UHC"
2021-09-24,"Kyle Langford",0.5,"QA - post launch","Click to Call - Dynamic CTA Buttons","Dev","Linkwell Health","UHC"
2021-09-23,"Kyle Langford",0.25,"Review JS from Jed - Impressions","Push Event to GA for CTA and Sticky Footer impressions","Dev","Linkwell Health","UHC"
2021-09-14,"Kyle Langford",0.75,"Testing Email","Click to Call - Dynamic CTA Buttons","Dev","Linkwell Health","UHC"
2021-09-14,"Kyle Langford",1.0,"Misc CSS cleanup (theme), cta block styling","Click to Call - Dynamic CTA Buttons","Dev","Linkwell Health","UHC"
2021-09-13,"Kyle Langford",2.0,"Basic Block Styling, Testing","Click to Call - Dynamic CTA Buttons","Dev","Linkwell Health","UHC"
2021-09-07,"Kyle Langford",2.0,"Implementing CSS, Testing","Click to Call - Dynamic CTA Buttons","Dev","Linkwell Health","UHC"
2021-09-02,"Kyle Langford",3.25,"Implementing mobile check, testing, email","Click to Call - Dynamic CTA Buttons","Dev","Linkwell Health","UHC"
2021-09-01,"Kyle Langford",1.0,"Research","Click to Call - Dynamic CTA Buttons","Dev","Linkwell Health","UHC"
2021-08-30,"Kyle Langford",1.5,"Reviewing GA, Research","Click to Call - Dynamic CTA Buttons","Dev","Linkwell Health","UHC"
2021-08-27,"Kyle Langford",1.0,"Cleaning Up Button CSS","Click to Call - Dynamic CTA Buttons","Dev","Linkwell Health","UHC"
2021-08-25,"Kyle Langford",0.5,"Research","Click to Call - Dynamic CTA Buttons","Dev","Linkwell Health","UHC"
2021-08-24,"Kyle Langford",0.25,"Call with Steve","Click to Call - Dynamic CTA Buttons","Dev","Linkwell Health","UHC"
2021-04-29,"Kyle Langford",0.5,"Sending Jed some CSS","Update Article H2","Dev","Linkwell Health","UHC"
2020-12-03,"Kyle Langford",1.5,"GA","Review Outbound Link tracking script from GA module","Dev","Linkwell Health","UHC"
2020-12-02,"Kyle Langford",0.5,"Emailing Steve","Review Outbound Link tracking script from GA module","Dev","Linkwell Health","UHC"
2020-12-01,"Kyle Langford",2.25,"Reviewing GA Script","Review Outbound Link tracking script from GA module","Dev","Linkwell Health","UHC"
2020-10-30,"Kyle Langford",0.5,"Changing label href","Implement design/styling updates for list of articles in UHC Renew sidebar on article pages","Development","Linkwell Health","UHC"
2020-10-29,"Kyle Langford",0.75,"IE11 Fix","Implement design/styling updates for list of articles in UHC Renew sidebar on article pages","Development","Linkwell Health","UHC"
2020-10-28,"Kyle Langford",0.25,"Testing","Implement design/styling updates for list of articles in UHC Renew sidebar on article pages","Development","Linkwell Health","UHC"
2020-10-28,"Kyle Langford",1.25,"JS","Implement design/styling updates for list of articles in UHC Renew sidebar on article pages","Development","Linkwell Health","UHC"
2020-10-28,"Kyle Langford",1.5,"Styling","Implement design/styling updates for list of articles in UHC Renew sidebar on article pages","Development","Linkwell Health","UHC"
2020-10-27,"Kyle Langford",2.25,"Setup, Theming","Implement design/styling updates for list of articles in UHC Renew sidebar on article pages","Development","Linkwell Health","UHC"
2023-08-18,"Kyle Langford",1.5,"","Add responsive leaderboard","OLD Retainer requests...","Mental","Misc. Support"
2023-08-17,"Kyle Langford",1.0,"","Add responsive leaderboard","OLD Retainer requests...","Mental","Misc. Support"
2023-08-08,"Kyle Langford",0.5,"Amy - Quick Qs",,,"Mental","Misc. Support"
2023-07-06,"Kyle Langford",1.0,"missing mobile css","Header - Leaderboard ad","OLD Retainer requests...","Mental","Misc. Support"
2023-07-05,"Kyle Langford",0.5,"Adding Icons and missing css","Header - Leaderboard ad","OLD Retainer requests...","Mental","Misc. Support"
2023-06-29,"Kyle Langford",1.5,"Adding to articles","Header - Leaderboard ad","OLD Retainer requests...","Mental","Misc. Support"
2023-06-27,"Kyle Langford",0.5,"Question from Kristen","New email signup bar","OLD Retainer requests...","Mental","Misc. Support"
2023-06-27,"Kyle Langford",0.5,"Updating Ad, Testing","Header - Leaderboard ad","OLD Retainer requests...","Mental","Misc. Support"
2023-06-27,"Kyle Langford",1.5,"Additional Mobile tweaks","Header - Leaderboard ad","OLD Retainer requests...","Mental","Misc. Support"
2023-06-26,"Kyle Langford",1.0,"Leaderboard - Window Resize, mobile","Header - Leaderboard ad","OLD Retainer requests...","Mental","Misc. Support"
2023-06-26,"Kyle Langford",0.25,"Update event label","New email signup bar","OLD Retainer requests...","Mental","Misc. Support"
2023-06-26,"Kyle Langford",1.0,"Fixing Gap when user scrolls up","Header - Leaderboard ad","OLD Retainer requests...","Mental","Misc. Support"
2023-06-22,"Kyle Langford",1.0,"Tweaking with real ad","Header - Leaderboard ad","OLD Retainer requests...","Mental","Misc. Support"
2023-06-20,"Kyle Langford",0.5,"Mobile Only Text","New email signup bar","OLD Retainer requests...","Mental","Misc. Support"
2023-06-20,"Kyle Langford",0.5,"Finish Go Live","New email signup bar","OLD Retainer requests...","Mental","Misc. Support"
2023-06-19,"Kyle Langford",1.0,"Transferring to Prod","New email signup bar","OLD Retainer requests...","Mental","Misc. Support"
2023-06-15,"Kyle Langford",1.5,"Submission Jump, Mobile Styling, Leaderboard, misc...","New email signup bar","OLD Retainer requests...","Mental","Misc. Support"
2023-06-14,"Kyle Langford",0.25,"Email Update","New email signup bar","OLD Retainer requests...","Mental","Misc. Support"
2023-06-13,"Kyle Langford",0.5,"Cameo (video) integration","Meetings & Phone Calls","Project Management","Mental","Misc. Support"
2023-06-13,"Kyle Langford",2.5,"Tweaking styling","New email signup bar","OLD Retainer requests...","Mental","Misc. Support"
2023-06-13,"Kyle Langford",0.5,"Review Snippet Location, Create test link on site","Review Skimlinks Install","OLD Retainer requests...","Mental","Misc. Support"
2023-06-12,"Kyle Langford",4.5,"Sticky Footer, Form, Mobile, GTM, Facebook, Deployment List, Testing","New email signup bar","OLD Retainer requests...","Mental","Misc. Support"
2023-06-09,"Kyle Langford",0.5,"Adding to dev site, taking deployment notes","Header - Leaderboard ad","OLD Retainer requests...","Mental","Misc. Support"
2023-06-08,"Kyle Langford",0.25,"Adding template to post","Add Graphic header to new article","OLD Retainer requests...","Mental","Misc. Support"
2023-06-07,"Kyle Langford",0.5,"Updating Tag Manager","FB Tracking","OLD Retainer requests...","Mental","Misc. Support"
2023-06-05,"Kyle Langford",2.0,"implementation","FB Tracking","OLD Retainer requests...","Mental","Misc. Support"
2023-06-02,"Kyle Langford",0.5,"Email Response","Refresh ads and tracking pixels on page scroll","OLD Retainer requests...","Mental","Misc. Support"
2023-06-01,"Kyle Langford",0.5,"Email on failed login attempts, IP blocker","Problem with dna testing for depression","OLD Retainer requests...","Mental","Misc. Support"
2023-05-31,"Kyle Langford",0.5,"Review Request, Email","New email signup bar","OLD Retainer requests...","Mental","Misc. Support"
2023-05-31,"Kyle Langford",1.75,"Review Issue, Enable Revisions, IP Blocker, Activity Logger","Problem with dna testing for depression","OLD Retainer requests...","Mental","Misc. Support"
2023-05-30,"Kyle Langford",1.0,"Writing script to parse params and add to fb conversion event","FB Tracking","OLD Retainer requests...","Mental","Misc. Support"
2023-05-25,"Kyle Langford",0.25,"Adding back code, email","Custom graphical ad unit (similar to lw cta)","OLD Retainer requests...","Mental","Misc. Support"
2023-05-25,"Kyle Langford",0.25,"Reviewing Documentation","FB Tracking","OLD Retainer requests...","Mental","Misc. Support"
2023-05-25,"Kyle Langford",0.5,"Adding affiliate link","Custom graphical ad unit (similar to lw cta)","OLD Retainer requests...","Mental","Misc. Support"
2023-05-24,"Kyle Langford",0.25,"Add meta to page head","Add affiliate verification code.","OLD Retainer requests...","Mental","Misc. Support"
2023-05-24,"Kyle Langford",2.0,"Adding responsive images, tweaking design","Custom graphical ad unit (similar to lw cta)","OLD Retainer requests...","Mental","Misc. Support"
2023-05-24,"Kyle Langford",1.0,"Uploading images, editing responsive picture element","Large Banner and custom single post template","OLD Retainer requests...","Mental","Misc. Support"
2023-05-23,"Kyle Langford",0.5,"CSS updates to Match design","Custom graphical ad unit (similar to lw cta)","OLD Retainer requests...","Mental","Misc. Support"
2023-05-23,"Kyle Langford",0.5,"Adding responsive images","Large Banner and custom single post template","OLD Retainer requests...","Mental","Misc. Support"
2023-05-17,"Kyle Langford",0.5,"Huddle with Jay, Email","Custom graphical ad unit (similar to lw cta)","OLD Retainer requests...","Mental","Misc. Support"
2023-05-16,"Kyle Langford",0.5,"Reviewing Metrics prior to call, Checking GA Events","Custom graphical ad unit (similar to lw cta)","OLD Retainer requests...","Mental","Misc. Support"
2023-05-16,"Kyle Langford",0.5,"Email re: sizes and placement","Custom graphical ad unit (similar to lw cta)","OLD Retainer requests...","Mental","Misc. Support"
2023-05-16,"Kyle Langford",0.75,"Meeting","Google Analytics","OLD Retainer requests...","Mental","Misc. Support"
2023-05-15,"Kyle Langford",4.0,"Custom Events","Google Analytics","OLD Retainer requests...","Mental","Misc. Support"
2023-05-11,"Kyle Langford",3.5,"Coding Custom Ad Unit, creating new page template with Large ad","Custom graphical ad unit (similar to lw cta)","OLD Retainer requests...","Mental","Misc. Support"
2023-05-10,"Kyle Langford",1.0,"Setting up full width Ad Space","Large Banner and custom single post template","OLD Retainer requests...","Mental","Misc. Support"
2023-05-09,"Kyle Langford",0.5,"Email","Google Analytics","OLD Retainer requests...","Mental","Misc. Support"
2023-05-04,"Kyle Langford",1.0,"Email Update, Mockup Alt","Large Banner and custom single post template","OLD Retainer requests...","Mental","Misc. Support"
2023-04-28,"Kyle Langford",1.0,"Pageview trigger on scroll","Refresh ads and tracking pixels on page scroll","OLD Retainer requests...","Mental","Misc. Support"
2023-04-28,"Kyle Langford",2.75,"reading: how does chatgpt work, testing fine-tuned model","Explore the integration of ChatGPT with onsite search","OLD Retainer requests...","Mental","Misc. Support"
2023-04-28,"Kyle Langford",1.5,"Training Model","Explore the integration of ChatGPT with onsite search","OLD Retainer requests...","Mental","Misc. Support"
2023-04-27,"Kyle Langford",2.5,"Header Leaderboard ad, Creating header var with ad","Header - Leaderboard ad","OLD Retainer requests...","Mental","Misc. Support"
2023-04-27,"Kyle Langford",1.5,"Pageview trigger on scroll","Refresh ads and tracking pixels on page scroll","OLD Retainer requests...","Mental","Misc. Support"
2023-04-27,"Kyle Langford",1.0,"Custom Styling, JS triggers","Explore the integration of ChatGPT with onsite search","OLD Retainer requests...","Mental","Misc. Support"
2023-04-27,"Kyle Langford",0.5,"Styling Chat Window","Explore the integration of ChatGPT with onsite search","OLD Retainer requests...","Mental","Misc. Support"
2023-04-19,"Kyle Langford",1.5,"Emails correspondence","Refresh ads and tracking pixels on page scroll","OLD Retainer requests...","Mental","Misc. Support"
2023-04-19,"Kyle Langford",2.0,"Refreshing Ad Units","Refresh ads and tracking pixels on page scroll","OLD Retainer requests...","Mental","Misc. Support"
2023-04-19,"Kyle Langford",1.0,"Huddle with Adam","Refresh ads and tracking pixels on page scroll","OLD Retainer requests...","Mental","Misc. Support"
2023-04-18,"Kyle Langford",0.5,"Correspondence","Refresh ads and tracking pixels on page scroll","OLD Retainer requests...","Mental","Misc. Support"
2023-04-18,"Kyle Langford",0.5,"Correspondence","Refresh ads and tracking pixels on page scroll","OLD Retainer requests...","Mental","Misc. Support"
2023-04-18,"Kyle Langford",2.0,"Research Doubleclick + Adsense","Refresh ads and tracking pixels on page scroll","OLD Retainer requests...","Mental","Misc. Support"
2023-04-12,"Kyle Langford",1.0,"Meeting","Explore the integration of ChatGPT with onsite search","OLD Retainer requests...","Mental","Misc. Support"
2023-04-12,"Kyle Langford",4.0,"Testing, Setting Up Accounts, Training Models","Explore the integration of ChatGPT with onsite search","OLD Retainer requests...","Mental","Misc. Support"
2023-04-10,"Kyle Langford",1.0,"Dev site, plugin install","Explore the integration of ChatGPT with onsite search","OLD Retainer requests...","Mental","Misc. Support"
2023-04-07,"Kyle Langford",1.0,"Research","Explore the integration of ChatGPT with onsite search","OLD Retainer requests...","Mental","Misc. Support"
2023-04-07,"Kyle Langford",0.75,"","Explore the integration of ChatGPT with onsite search","OLD Retainer requests...","Mental","Misc. Support"
2023-04-07,"Kyle Langford",1.5,"Chat GPT Research and Meeting with Amy / Bill / Chris","Meetings & Phone Calls","Project Management","Mental","Misc. Support"
2023-03-13,"Kyle Langford",1.0,"Implement FB conversion tracking","Implement FB conversion tracking","OLD Retainer requests...","Mental","Misc. Support"
2022-09-06,"Kyle Langford",2.0,"Review Site, Coming up with list of issues.","Mobile QA","OLD Retainer requests...","Mental","Misc. Support"
2022-08-26,"Kyle Langford",0.75,"slack w/ Christian, support on load more functionality","Meetings & Phone Calls","Project Management","Mental","Misc. Support"
2022-07-15,"Kyle Langford",0.75,"Review todos w/ Adam and Christian","Meetings & Phone Calls","Project Management","Mental","Misc. Support"
2022-03-30,"Kyle Langford",0.75,"Trello Items","Dev - QA Items","OLD Retainer requests...","Mental","Misc. Support"
2022-03-29,"Kyle Langford",1.5,"Mailchimp, Logo","Dev - QA Items","OLD Retainer requests...","Mental","Misc. Support"
2022-03-24,"Kyle Langford",2.5,"Header, Logo, Social","Dev - QA Items","OLD Retainer requests...","Mental","Misc. Support"
2022-03-23,"Kyle Langford",1.0,"Header","Dev - QA Items","OLD Retainer requests...","Mental","Misc. Support"
2022-03-16,"Kyle Langford",0.75,"Mental Trello review + slack call with adam","Meetings & Phone Calls","Project Management","Mental","Misc. Support"
2022-02-18,"Kyle Langford",1.25,"Hiding logo subtitle","Dev - QA Items","OLD Retainer requests...","Mental","Misc. Support"
2022-02-18,"Kyle Langford",1.0,"mailchimp","Dev - QA Items","OLD Retainer requests...","Mental","Misc. Support"
2022-02-11,"Kyle Langford",2.5,"QA Items","Dev - QA Items","OLD Retainer requests...","Mental","Misc. Support"
2022-02-10,"Kyle Langford",4.75,"QA Items","Dev - QA Items","OLD Retainer requests...","Mental","Misc. Support"
2022-02-04,"Kyle Langford",1.0,"","Meetings & Phone Calls","Project Management","Mental","Misc. Support"
2022-01-25,"Kyle Langford",0.75,"Review QA Items with Adam and Jay","Meetings & Phone Calls","Project Management","Mental","Misc. Support"
2021-12-22,"Kyle Langford",0.5,"Responding to Jay's feedback","Dev - QA Items","OLD Retainer requests...","Mental","Misc. Support"
2021-12-20,"Kyle Langford",2.0,"Zoom with Jay, Missed mobile breakpoint and font family","Dev - QA Items","OLD Retainer requests...","Mental","Misc. Support"
2021-12-14,"Kyle Langford",1.25,"Review mobile comp and feedback from Jay","Dev - QA Items","OLD Retainer requests...","Mental","Misc. Support"
2021-12-13,"Kyle Langford",3.0,"Fonts","Dev - QA Items","OLD Retainer requests...","Mental","Misc. Support"
2021-12-10,"Kyle Langford",2.0,"Font Size Madness","Dev - QA Items","OLD Retainer requests...","Mental","Misc. Support"
2021-12-09,"Kyle Langford",3.5,"Font sizes","Dev - QA Items","OLD Retainer requests...","Mental","Misc. Support"
2021-12-08,"Kyle Langford",0.5,"Review site implementation and Trello","Dev - QA Items","OLD Retainer requests...","Mental","Misc. Support"
2021-12-08,"Kyle Langford",3.75,"Theme error, nav close, headline placement, banana placement, remove byline, looking into top feature link","Dev - QA Items","OLD Retainer requests...","Mental","Misc. Support"
2021-12-08,"Kyle Langford",0.5,"Local Setup","Dev - QA Items","OLD Retainer requests...","Mental","Misc. Support"
2023-07-05,"Kyle Langford",0.75,"Reconnecting monster insights - based on support ticket","!! Migrate to GA4 (K outsource to Ahmed)","Retainer To-Dos","Non Profit Quarterly","Monthly Retainer"
2023-07-05,"Kyle Langford",1.0,"Monster Insights support ticket, concern - double hit","!! Migrate to GA4 (K outsource to Ahmed)","Retainer To-Dos","Non Profit Quarterly","Monthly Retainer"
2023-06-26,"Kyle Langford",0.5,"review security issue","!! Address security issues","Retainer To-Dos","Non Profit Quarterly","Monthly Retainer"
2023-06-14,"Kyle Langford",0.25,"Hubspot and Monster Insight install instructions","!! Migrate to GA4 (K outsource to Ahmed)","Retainer To-Dos","Non Profit Quarterly","Monthly Retainer"
2023-06-14,"Kyle Langford",0.25,"Email Update","!! Migrate to GA4 (K outsource to Ahmed)","Retainer To-Dos","Non Profit Quarterly","Monthly Retainer"
2023-06-06,"Kyle Langford",0.5,"Review Order","!! Migrate to GA4 (K outsource to Ahmed)","Retainer To-Dos","Non Profit Quarterly","Monthly Retainer"
2023-05-23,"Kyle Langford",0.75,"Review Notes","Put together some resources on GA4 changes, BigQuery and Data Studio.","Retainer To-Dos","Non Profit Quarterly","Monthly Retainer"
2023-05-17,"Kyle Langford",1.0,"Prep for call, review spreadsheet","!! Migrate to GA4 (K outsource to Ahmed)","Retainer To-Dos","Non Profit Quarterly","Monthly Retainer"
2023-05-17,"Kyle Langford",0.75,"GA4 Call","Phone Calls/Meetings","Misc.","Non Profit Quarterly","Monthly Retainer"
2023-05-16,"Kyle Langford",0.5,"Sending Info to Ahmad","!! Migrate to GA4 (K outsource to Ahmed)","Retainer To-Dos","Non Profit Quarterly","Monthly Retainer"
2023-05-16,"Kyle Langford",0.5,"Creating Shopify property","!! Migrate to GA4 (K outsource to Ahmed)","Retainer To-Dos","Non Profit Quarterly","Monthly Retainer"
2023-05-16,"Kyle Langford",1.5,"Reviewing GA accounts and partial migration status.","!! Migrate to GA4 (K outsource to Ahmed)","Retainer To-Dos","Non Profit Quarterly","Monthly Retainer"
2023-05-04,"Kyle Langford",3.5,"Researching options to store historical data and process involved","!! Migrate to GA4 (K outsource to Ahmed)","Retainer To-Dos","Non Profit Quarterly","Monthly Retainer"
2023-01-18,"Kyle Langford",1.0,"Breadcrumbs structured data","Misc. Support","Misc.","Non Profit Quarterly","Monthly Retainer"
2023-01-12,"Kyle Langford",1.5,"Add custom JS to prevent submission when first and last values are the same","Shopify account spam","WooCommerce Site","Non Profit Quarterly","Monthly Retainer"
2023-07-19,"Kyle Langford",0.5,"Email Correspondence","GA4 Migration","MISC Support Requests","Penn Stater","Penn Stater Website"
2023-07-06,"Kyle Langford",1.0,"Disable GA module, Look into GA Counter","GA4 Migration","MISC Support Requests","Penn Stater","Penn Stater Website"
2023-06-30,"Kyle Langford",0.75,"Email","GA4 Migration","MISC Support Requests","Penn Stater","Penn Stater Website"
2023-06-29,"Kyle Langford",0.5,"Review Account","GA4 Migration","MISC Support Requests","Penn Stater","Penn Stater Website"
2023-06-29,"Kyle Langford",0.5,"Introduction email","GA4 Migration","MISC Support Requests","Penn Stater","Penn Stater Website"
2023-01-31,"Kyle Langford",1.0,"Gatsby Research","FEB23: Drupal D9 upgrade","MISC Support Requests","Penn Stater","Penn Stater Website"
2023-01-31,"Kyle Langford",1.5,"Discovery Notes, Research","FEB23: Drupal D9 upgrade","MISC Support Requests","Penn Stater","Penn Stater Website"
2023-01-30,"Kyle Langford",2.0,"Discovery Notes, Research","FEB23: Drupal D9 upgrade","MISC Support Requests","Penn Stater","Penn Stater Website"
2022-08-30,"Kyle Langford",0.75,"Researching alternatives","Aug22: Workload Automation Error","MISC Support Requests","Penn Stater","Penn Stater Website"
2022-08-25,"Kyle Langford",0.5,"Review SFTP issue","Aug22: Workload Automation Error","MISC Support Requests","Penn Stater","Penn Stater Website"
2021-05-27,"Kyle Langford",0.75,"Updating Core, site checkup.","Dev Ops","Development","Penn Stater","Penn Stater Website"
2021-05-10,"Kyle Langford",1.5,"Related and Trending Content, Research and Communication with C/N","Theming","Development","Penn Stater","Penn Stater Website"
2021-05-07,"Kyle Langford",2.0,"Prod Deployment","Dev Ops","Development","Penn Stater","Penn Stater Website"
2021-05-07,"Kyle Langford",4.5,"Pre Launch Prep, Social Blocks","Theming","Development","Penn Stater","Penn Stater Website"
2021-05-06,"Kyle Langford",4.0,"favicon, pagination, misc qa feedback, metatags, current/related issue blocks","Theming","Development","Penn Stater","Penn Stater Website"
2021-05-06,"Kyle Langford",1.75,"Create Staging Site, Capture Config, Research Config","Dev Ops","Development","Penn Stater","Penn Stater Website"
2021-05-05,"Kyle Langford",1.0,"CSS tweaks","Theming","Development","Penn Stater","Penn Stater Website"
2021-05-05,"Kyle Langford",1.0,"internal call to review progress and remaining priorities","Calls & Meetings","Development","Penn Stater","Penn Stater Website"
2021-05-05,"Kyle Langford",4.0,"Blocks and block Styling","Theming","Development","Penn Stater","Penn Stater Website"
2021-05-04,"Kyle Langford",5.25,"Fonts, Colors, Sidebar block, Mobile / Tablet Cont.","Theming","Development","Penn Stater","Penn Stater Website"
2021-05-03,"Kyle Langford",7.5,"CSS Tweaks, layout, fonts, spacing.","Theming","Development","Penn Stater","Penn Stater Website"
2021-05-03,"Kyle Langford",2.0,"Fonts, Breakpoints, Spacing, Cleanup","Theming","Development","Penn Stater","Penn Stater Website"
2021-05-02,"Kyle Langford",3.0,"Fonts, Breakpoints, Spacing, Cleanup","Theming","Development","Penn Stater","Penn Stater Website"
2021-05-01,"Kyle Langford",2.0,"Font QA, Breakpoints Cleanup, Mobile QA","Theming","Development","Penn Stater","Penn Stater Website"
2021-04-30,"Kyle Langford",4.75,"Font QA, Breakpoints Cleanup, Mobile QA","Theming","Development","Penn Stater","Penn Stater Website"
2021-04-28,"Kyle Langford",1.5,"QA, User Roles","Theming","Development","Penn Stater","Penn Stater Website"
2021-04-26,"Kyle Langford",0.5,"Email Nicole","Dev Ops","Development","Penn Stater","Penn Stater Website"
2021-04-26,"Kyle Langford",5.5,"CSS mobile cleanup","Theming","Development","Penn Stater","Penn Stater Website"
2021-04-23,"Kyle Langford",2.5,"CSS cleanup","Theming","Development","Penn Stater","Penn Stater Website"
2021-04-19,"Kyle Langford",2.0,"Site Review, CSS","Theming","Development","Penn Stater","Penn Stater Website"
2021-04-16,"Kyle Langford",1.0,"sftp","Dev Ops","Development","Penn Stater","Penn Stater Website"
2021-04-16,"Kyle Langford",2.0,"CSS cleanup","Theming","Development","Penn Stater","Penn Stater Website"
2021-04-16,"Kyle Langford",0.5,"Member Review","Calls & Meetings","Development","Penn Stater","Penn Stater Website"
2021-04-14,"Kyle Langford",1.5,"sftp","Dev Ops","Development","Penn Stater","Penn Stater Website"
2021-04-12,"Kyle Langford",3.0,"Styling","Theming","Development","Penn Stater","Penn Stater Website"
2021-04-09,"Kyle Langford",1.0,"Email - Domains, Backups","Dev Ops","Development","Penn Stater","Penn Stater Website"
2021-04-08,"Kyle Langford",0.5,"Review Launch with Ryan and Nicole","Calls & Meetings","Development","Penn Stater","Penn Stater Website"
2021-04-08,"Kyle Langford",0.25,"Quick call with Nicole regarding launch.","Calls & Meetings","Development","Penn Stater","Penn Stater Website"
2021-04-06,"Kyle Langford",2.0,"SFTP - Member Import","Research","Development","Penn Stater","Penn Stater Website"
2021-03-31,"Kyle Langford",1.25,"Prep Meeting, Create labels, Review Trello w/ Nicole and Christain",,,"Penn Stater","Penn Stater Website"
2021-03-30,"Kyle Langford",2.5,"Site Status, Creating To-dos, Reviewing Designs",,,"Penn Stater","Penn Stater Website"
2021-03-18,"Kyle Langford",2.0,"CSS cleanup","Theming","Development","Penn Stater","Penn Stater Website"
2021-03-17,"Kyle Langford",1.5,"Zoom w/ christian and nicole, Handoff article feature, summary field","Theming","Development","Penn Stater","Penn Stater Website"
2021-03-16,"Kyle Langford",6.5,"Paragraph Dropcap, Subtitle, Gulpfile tweaks, Article Feature, field state ui/ article node cleanup, text - image paragraph","Theming","Development","Penn Stater","Penn Stater Website"
2021-03-09,"Kyle Langford",3.0,"Newsworthy section, Misc site building. Correspondence.","Theming","Development","Penn Stater","Penn Stater Website"
2021-03-08,"Kyle Langford",2.0,"Gated Content","Theming","Development","Penn Stater","Penn Stater Website"
2021-03-05,"Kyle Langford",3.0,"CSV Importer, Working on content entry with nicole","Research","Development","Penn Stater","Penn Stater Website"
2021-03-04,"Kyle Langford",4.0,"","Theming","Development","Penn Stater","Penn Stater Website"
2021-03-03,"Kyle Langford",3.25,"Mobile","Theming","Development","Penn Stater","Penn Stater Website"
2021-02-24,"Kyle Langford",2.0,"Issue Content Type + Homepage","Issue Pages","Development","Penn Stater","Penn Stater Website"
2021-02-24,"Kyle Langford",0.5,"Meeting with Nicole - Issue Content Type","Issue Pages","Development","Penn Stater","Penn Stater Website"
2021-02-23,"Kyle Langford",1.0,"Custom Views Filter","Research","Development","Penn Stater","Penn Stater Website"
2021-02-22,"Kyle Langford",3.0,"Styling","Class Notes + In Memoriam","Development","Penn Stater","Penn Stater Website"
2021-02-22,"Kyle Langford",0.5,"Adding dependencies to lib file","Theming","Development","Penn Stater","Penn Stater Website"
2021-02-17,"Kyle Langford",2.25,"In memoriam","Class Notes + In Memoriam","Development","Penn Stater","Penn Stater Website"
2021-02-11,"Kyle Langford",1.0,"Support Christian","Class Notes + In Memoriam","Development","Penn Stater","Penn Stater Website"
2021-02-10,"Kyle Langford",1.0,"Teaser","Class Note Feature","Development","Penn Stater","Penn Stater Website"
2021-02-10,"Kyle Langford",1.75,"Teaser, Fields","In Memoriam","Development","Penn Stater","Penn Stater Website"
2021-01-27,"Kyle Langford",0.5,"Review Todos with Christian / Followups.",,,"Penn Stater","Penn Stater Website"
2021-01-26,"Kyle Langford",2.25,"View","Class Notes + In Memoriam","Development","Penn Stater","Penn Stater Website"
2021-01-25,"Kyle Langford",2.0,"","Article Template: Share Block.","Development","Penn Stater","Penn Stater Website"
2021-01-25,"Kyle Langford",3.25,"Content Types, Testing Views","Class Notes + In Memoriam","Development","Penn Stater","Penn Stater Website"
2021-01-22,"Kyle Langford",1.5,"Article Paragraphs","Theming","Development","Penn Stater","Penn Stater Website"
2021-01-22,"Kyle Langford",3.5,"Moving to dev, styling","Content List: Explore Block","Development","Penn Stater","Penn Stater Website"
2021-01-18,"Kyle Langford",1.0,"Fixing fonts in css files","Theming","Development","Penn Stater","Penn Stater Website"
2021-01-13,"Kyle Langford",1.75,"Converting D7 module to D8","Current Issue","Development","Penn Stater","Penn Stater Website"
2021-01-13,"Kyle Langford",6.25,"homepage","Theming","Development","Penn Stater","Penn Stater Website"
2021-01-12,"Kyle Langford",5.5,"","Theming","Development","Penn Stater","Penn Stater Website"
2020-12-21,"Kyle Langford",0.75,"OAuth, SAML Research","Membership Auth","Development","Penn Stater","Penn Stater Website"
2020-12-21,"Kyle Langford",0.75,"Adding Shield Module","Password protect the PennState dev site","Development","Penn Stater","Penn Stater Website"
2020-12-18,"Kyle Langford",5.25,"Homepage / Article","Theming","Development","Penn Stater","Penn Stater Website"
2020-12-17,"Kyle Langford",4.75,"article / homepage","Theming","Development","Penn Stater","Penn Stater Website"
2020-12-17,"Kyle Langford",3.0,"Views Work / Content Types","Site Building (Mostly Global, Homepage and Article)","Development","Penn Stater","Penn Stater Website"
2020-12-16,"Kyle Langford",5.75,"article / homepage","Site Building (Mostly Global, Homepage and Article)","Development","Penn Stater","Penn Stater Website"
2020-12-15,"Kyle Langford",3.5,"article / homepage","Site Building (Mostly Global, Homepage and Article)","Development","Penn Stater","Penn Stater Website"
2020-12-15,"Kyle Langford",4.25,"Current Issues","Backend (Share Blocks, Misc)","Development","Penn Stater","Penn Stater Website"
2020-12-14,"Kyle Langford",3.0,"article / homepage","Site Building (Mostly Global, Homepage and Article)","Development","Penn Stater","Penn Stater Website"
2020-12-14,"Kyle Langford",2.5,"","Theming","Development","Penn Stater","Penn Stater Website"
2020-12-14,"Kyle Langford",0.5,"Call with Nicole and Jay to discuss next steps",,,"Penn Stater","Penn Stater Website"
2020-12-11,"Kyle Langford",3.0,"","Theming","Development","Penn Stater","Penn Stater Website"
2020-12-11,"Kyle Langford",2.0,"","Site Building (Mostly Global, Homepage and Article)","Development","Penn Stater","Penn Stater Website"
2020-12-10,"Kyle Langford",6.0,"","Site Building (Mostly Global, Homepage and Article)","Development","Penn Stater","Penn Stater Website"
2020-12-09,"Kyle Langford",3.0,"Styling","Theming","Development","Penn Stater","Penn Stater Website"
2020-12-04,"Kyle Langford",1.0,"Article Paragraphs","Site Building (Mostly Global, Homepage and Article)","Development","Penn Stater","Penn Stater Website"
2020-12-04,"Kyle Langford",0.5,"CTA Block","Theming","Development","Penn Stater","Penn Stater Website"
2020-12-04,"Kyle Langford",1.0,"CTA Block","Site Building (Mostly Global, Homepage and Article)","Development","Penn Stater","Penn Stater Website"
2020-12-03,"Kyle Langford",1.5,"Share Block","Backend (Share Blocks, Misc)","Development","Penn Stater","Penn Stater Website"
2020-12-03,"Kyle Langford",0.5,"Texting with Jay - Site Questions","Research","Development","Penn Stater","Penn Stater Website"
2020-12-02,"Kyle Langford",0.75,"teaser","Theming","Development","Penn Stater","Penn Stater Website"
2020-12-02,"Kyle Langford",1.75,"Homepage Views","Site Building (Mostly Global, Homepage and Article)","Development","Penn Stater","Penn Stater Website"
2020-12-02,"Kyle Langford",1.5,"Fonts","Theming","Development","Penn Stater","Penn Stater Website"
2020-12-01,"Kyle Langford",1.0,"Field Title Custom (module)","Backend (Share Blocks, Misc)","Development","Penn Stater","Penn Stater Website"
2020-12-01,"Kyle Langford",1.75,"Creating Social Link Block Module (module/field setup)","Backend (Share Blocks, Misc)","Development","Penn Stater","Penn Stater Website"
2020-12-01,"Kyle Langford",2.25,"Field Title Custom (module)","Backend (Share Blocks, Misc)","Development","Penn Stater","Penn Stater Website"
2020-12-01,"Kyle Langford",0.75,"Theming Top Nav","Theming","Development","Penn Stater","Penn Stater Website"
2020-11-30,"Kyle Langford",1.0,"Custom Entities","Research","Development","Penn Stater","Penn Stater Website"
2020-11-30,"Kyle Langford",1.0,"Demo Content","Site Building (Mostly Global, Homepage and Article)","Development","Penn Stater","Penn Stater Website"
2020-11-30,"Kyle Langford",2.75,"Cleaning up primer var sheet","Theming","Development","Penn Stater","Penn Stater Website"
2020-11-30,"Kyle Langford",1.25,"Homepage Views","Site Building (Mostly Global, Homepage and Article)","Development","Penn Stater","Penn Stater Website"
2020-11-29,"Kyle Langford",1.5,"Display Suite vs Layout Builder","Research","Development","Penn Stater","Penn Stater Website"
2020-11-27,"Kyle Langford",3.0,"Header Styling","Theming","Development","Penn Stater","Penn Stater Website"
2020-11-25,"Kyle Langford",2.0,"Primer Cleanup and Scribe Styles","Theming","Development","Penn Stater","Penn Stater Website"
2020-11-20,"Kyle Langford",1.75,"Site building","Site Building (Mostly Global, Homepage and Article)","Development","Penn Stater","Penn Stater Website"
2020-11-20,"Kyle Langford",2.0,"Local Development Best Practices, Lando and LocalDev","Research","Development","Penn Stater","Penn Stater Website"
2020-11-19,"Kyle Langford",1.75,"Base Theme (Reviewing Scripts)","Theming","Development","Penn Stater","Penn Stater Website"
2020-11-19,"Kyle Langford",1.0,"Base Theme (scss compiling errors)","Theming","Development","Penn Stater","Penn Stater Website"
2020-11-19,"Kyle Langford",2.5,"Base Theme (adding primer files)","Theming","Development","Penn Stater","Penn Stater Website"
2020-11-18,"Kyle Langford",1.5,"Custom Entity for author","Dev Ops","Development","Penn Stater","Penn Stater Website"
2020-11-18,"Kyle Langford",4.0,"Base Theme (Gulpfile.js, Packages)","Theming","Development","Penn Stater","Penn Stater Website"
2020-11-18,"Kyle Langford",2.5,"Creating - Menus, Content Types (no fields), Image Styles","Site Building (Mostly Global, Homepage and Article)","Development","Penn Stater","Penn Stater Website"
2020-11-17,"Kyle Langford",1.0,"Local site install, MAMP","Dev Ops","Development","Penn Stater","Penn Stater Website"
2020-11-17,"Kyle Langford",0.5,"Pantheon site creation","Dev Ops","Development","Penn Stater","Penn Stater Website"
2020-11-17,"Kyle Langford",4.75,"Building base theme (Primer), Converting Neato","Theming","Development","Penn Stater","Penn Stater Website"
2020-11-17,"Kyle Langford",1.25,"Watching presentation on Drupal local development","Research","Development","Penn Stater","Penn Stater Website"
2020-11-16,"Kyle Langford",1.0,"Install Profiles","Research","Development","Penn Stater","Penn Stater Website"
2020-11-16,"Kyle Langford",2.5,"Module List","Research","Development","Penn Stater","Penn Stater Website"
2020-11-16,"Kyle Langford",1.5,"Developing with Drupal 8, Pantheon","Research","Development","Penn Stater","Penn Stater Website"
2020-10-15,"Kyle Langford",2.0,"wireframe review call w/ Penn","Calls & Meetings","Discovery","Penn Stater","Penn Stater Website"
2023-08-01,"Kyle Langford",0.75,"Review RFP","Misc. Support","Miscellaneous","Princeton Alumni Weekly","PAW Misc Requests"
2023-07-06,"Kyle Langford",0.75,"","Remove Twitter block","2023 To-dos","Princeton Alumni Weekly","PAW Misc Requests"
2023-06-28,"Kyle Langford",0.5,"Email","GA4 Migration","2023 To-dos","Princeton Alumni Weekly","PAW Misc Requests"
2023-06-22,"Kyle Langford",1.0,"Testing, Email","GA4 Migration","2023 To-dos","Princeton Alumni Weekly","PAW Misc Requests"
2023-06-01,"Kyle Langford",1.5,"Tag Manager, GA","GA4 Migration","2023 To-dos","Princeton Alumni Weekly","PAW Misc Requests"
2023-03-10,"Kyle Langford",0.5,"Link email","Misc. Support","Miscellaneous","Princeton Alumni Weekly","PAW Misc Requests"
2023-02-13,"Kyle Langford",0.75,"","Links for Drupal Upgrade","Miscellaneous","Princeton Alumni Weekly","PAW Misc Requests"
2023-02-02,"Kyle Langford",0.5,"Review Paw w/ C + N",,,"Princeton Alumni Weekly","PAW Misc Requests"
2023-02-02,"Kyle Langford",1.5,"PAW Design Refresh + Migration, Research Links",,,"Princeton Alumni Weekly","PAW Misc Requests"
2022-06-16,"Kyle Langford",0.75,"Help - Mixed Content Error preventing assets from loading","Troubleshoot HTTP / HTTPS Issue related to Acquia unscheduled security update","Miscellaneous","Princeton Alumni Weekly","PAW Misc Requests"
2021-07-28,"Kyle Langford",3.25,"Update Text, Deploy test on stage, Prod Deployment Testing, Looking into slow page loads","! SSO update","July/August 2021","Princeton Alumni Weekly","PAW Misc Requests"
2021-07-27,"Kyle Langford",2.75,"Updating Code, Styling, Setting up test","! SSO update","July/August 2021","Princeton Alumni Weekly","PAW Misc Requests"
2021-07-27,"Kyle Langford",1.25,"Local Setup","! SSO update","July/August 2021","Princeton Alumni Weekly","PAW Misc Requests"
2021-07-23,"Kyle Langford",0.25,"Meeting with PAW","! SSO update","July/August 2021","Princeton Alumni Weekly","PAW Misc Requests"
2021-01-20,"Kyle Langford",0.5,"Looking at search indexing",,,"Princeton Alumni Weekly","PAW Misc Requests"
2023-08-21,"Kyle Langford",1.5,"Meeting + Prep","Meetings","Misc","Princeton Alumni Weekly","PAW RFP"
2023-05-03,"Kyle Langford",1.0,"Looking into client questions: Performance, user REST endpoint","PM, Account Management, Client Qs","Misc.","Rollworks","Buyer Builder"
2023-01-17,"Kyle Langford",0.5,"email estimate","PM, Account Management, Client Qs","Misc.","Rollworks","Buyer Builder"
2023-01-16,"Kyle Langford",1.0,"Estimate response","PM, Account Management, Client Qs","Misc.","Rollworks","Buyer Builder"
2023-01-10,"Kyle Langford",0.5,"Review Estimate","PM, Account Management, Client Qs","Misc.","Rollworks","Buyer Builder"
2022-12-22,"Kyle Langford",1.5,"Launch Support","PM, Account Management, Client Qs","Misc.","Rollworks","Buyer Builder"
2022-12-21,"Kyle Langford",3.0,"GTM - Custom Events","GTM","Development","Rollworks","Buyer Builder"
2022-12-21,"Kyle Langford",0.5,"Review with Nicole","GTM","Development","Rollworks","Buyer Builder"
2022-12-19,"Kyle Langford",0.5,"Review #45 w/ Christian, Response","PM, Account Management, Client Qs","Misc.","Rollworks","Buyer Builder"
2022-12-16,"Kyle Langford",3.0,"Forms","React Development","Development","Rollworks","Buyer Builder"
2022-12-16,"Kyle Langford",1.0,"q's - timeline, delivery","PM, Account Management, Client Qs","Misc.","Rollworks","Buyer Builder"
2022-12-15,"Kyle Langford",0.5,"Video Walkthru","Testing","Misc.","Rollworks","Buyer Builder"
2022-12-15,"Kyle Langford",0.75,"Reviewing Todos","Testing","Misc.","Rollworks","Buyer Builder"
2022-12-13,"Kyle Langford",3.0,"Styling tweaks, Forms","React Development","Development","Rollworks","Buyer Builder"
2022-12-13,"Kyle Langford",0.5,"Review Trello w/ Christian","Meetings & Phone Calls","Misc.","Rollworks","Buyer Builder"
2022-12-13,"Kyle Langford",1.0,"Organizing Trello","PM, Account Management, Client Qs","Misc.","Rollworks","Buyer Builder"
2022-12-12,"Kyle Langford",1.0,"Weekly Check In","Meetings & Phone Calls","Misc.","Rollworks","Buyer Builder"
2022-12-12,"Kyle Langford",3.0,"Styling, Checkboxes","React Development","Development","Rollworks","Buyer Builder"
2022-12-05,"Kyle Langford",1.0,"Weekly Checkin, Review Progress","Meetings & Phone Calls","Misc.","Rollworks","Buyer Builder"
2022-11-28,"Kyle Langford",0.5,"Weekly Check In","Meetings & Phone Calls","Misc.","Rollworks","Buyer Builder"
2022-11-17,"Kyle Langford",0.5,"Weekly Checkin","Meetings & Phone Calls","Misc.","Rollworks","Buyer Builder"
2022-11-17,"Kyle Langford",0.5,"Review Progress w/ Christian","Meetings & Phone Calls","Misc.","Rollworks","Buyer Builder"
2022-11-11,"Kyle Langford",3.0,"","React Development","Development","Rollworks","Buyer Builder"
2022-11-10,"Kyle Langford",6.5,"Forms","React Development","Development","Rollworks","Buyer Builder"
2022-11-10,"Kyle Langford",0.5,"Weekly Checkin","Meetings & Phone Calls","Misc.","Rollworks","Buyer Builder"
2022-11-09,"Kyle Langford",5.0,"Form Inputs","React Development","Development","Rollworks","Buyer Builder"
2022-10-28,"Kyle Langford",2.0,"Uninstall, Assign template on page creation","WP Plugin","Development","Rollworks","Buyer Builder"
2022-10-27,"Kyle Langford",3.0,"","WP Plugin","Development","Rollworks","Buyer Builder"
2022-10-26,"Kyle Langford",3.0,"WP Plugin, Testing","WP Plugin","Development","Rollworks","Buyer Builder"
2022-10-20,"Kyle Langford",0.5,"Weekly Meeting","Meetings & Phone Calls","Misc.","Rollworks","Buyer Builder"
2022-10-19,"Kyle Langford",5.0,"","WP Plugin","Development","Rollworks","Buyer Builder"
2022-10-14,"Kyle Langford",0.75,"","React Development","Development","Rollworks","Buyer Builder"
2022-10-13,"Kyle Langford",1.5,"Weekly meeting, prep, plus follow up","Meetings & Phone Calls","Misc.","Rollworks","Buyer Builder"
2022-10-11,"Kyle Langford",0.5,"Huddle w/ Nicole","Meetings & Phone Calls","Misc.","Rollworks","Buyer Builder"
2022-10-03,"Kyle Langford",1.25,"Design Review + Prep","Meetings & Phone Calls","Misc.","Rollworks","Buyer Builder"
2022-09-27,"Kyle Langford",0.5,"Q - White label app","Discovery","Misc.","Rollworks","Buyer Builder"
2022-09-14,"Kyle Langford",1.75,"Notes, Timing and Questions","Discovery","Misc.","Rollworks","Buyer Builder"
2022-09-13,"Kyle Langford",0.25,"Pre call huddle","Meetings & Phone Calls","Misc.","Rollworks","Buyer Builder"
2022-09-13,"Kyle Langford",1.25,"Level of effort and timing","Discovery","Misc.","Rollworks","Buyer Builder"
2022-09-13,"Kyle Langford",2.0,"Questions, Reviewing Technical Requirements.","Discovery","Misc.","Rollworks","Buyer Builder"
2022-09-12,"Kyle Langford",0.5,"Preliminary call","Meetings & Phone Calls","Misc.","Rollworks","Buyer Builder"
2022-09-12,"Kyle Langford",2.5,"Reviewing questions for SOW","Discovery","Misc.","Rollworks","Buyer Builder"
2022-09-12,"Kyle Langford",0.25,"Reviewing example","Discovery","Misc.","Rollworks","Buyer Builder"
2023-07-10,"Kyle Langford",0.75,"Slacking Misaa re: drift tracking Q on /request-a-demo","Drift Tracking Issues","Retainer Requests","Rollworks","Monthly Retainer"
2023-07-06,"Kyle Langford",1.0,"Drift /request-a-demo","Drift Tracking Issues","Retainer Requests","Rollworks","Monthly Retainer"
2023-06-07,"Kyle Langford",2.0,"Insight Query, Creating Exploration","Drift Tracking Issues","Retainer Requests","Rollworks","Monthly Retainer"
2023-06-06,"Kyle Langford",1.0,"Review","Drift Tracking Issues","Retainer Requests","Rollworks","Monthly Retainer"
2023-05-25,"Kyle Langford",0.25,"Updating Measurement ID UA -> GA4","Google Analytics","Retainer Requests","Rollworks","Monthly Retainer"
2023-05-24,"Kyle Langford",0.5,"Review Drift Account, (Only one property can be linked at a time)","Google Analytics","Retainer Requests","Rollworks","Monthly Retainer"
2023-05-16,"Kyle Langford",0.5,"Catch up with Ahmed.","Google Analytics","Retainer Requests","Rollworks","Monthly Retainer"
2023-05-11,"Kyle Langford",0.5,"correspondence","Google Analytics","Retainer Requests","Rollworks","Monthly Retainer"
2023-05-10,"Kyle Langford",1.0,"Testing Chatbot","Google Analytics","Retainer Requests","Rollworks","Monthly Retainer"
2023-05-09,"Kyle Langford",0.5,"Reviewing additional requests","Google Analytics","Retainer Requests","Rollworks","Monthly Retainer"
2023-05-08,"Kyle Langford",0.5,"Closing out order","Google Analytics","Retainer Requests","Rollworks","Monthly Retainer"
2023-05-05,"Kyle Langford",2.0,"Reviewing work","Google Analytics","Retainer Requests","Rollworks","Monthly Retainer"
2023-05-04,"Kyle Langford",0.5,"Fiverr Correspondence","Google Analytics","Retainer Requests","Rollworks","Monthly Retainer"
2023-05-03,"Kyle Langford",0.5,"Fiverr Correspondence","Google Analytics","Retainer Requests","Rollworks","Monthly Retainer"
2023-04-28,"Kyle Langford",0.75,"Fiverr Correspondence","Google Analytics","Retainer Requests","Rollworks","Monthly Retainer"
2023-04-26,"Kyle Langford",1.5,"Researching GA4 Conversions, goals equivalent","Google Analytics","Retainer Requests","Rollworks","Monthly Retainer"
2023-04-26,"Kyle Langford",2.0,"Account Access","Google Analytics","Retainer Requests","Rollworks","Monthly Retainer"
2023-04-26,"Kyle Langford",0.5,"Email to Fiverr","Google Analytics","Retainer Requests","Rollworks","Monthly Retainer"
2023-02-27,"Kyle Langford",1.0,"","Google Optimize","Retainer Requests","Rollworks","Monthly Retainer"
2023-02-10,"Kyle Langford",1.0,"Reviewing goals with N. + huddle","Conversion Goals in GA","Retainer Requests","Rollworks","Monthly Retainer"
2023-02-09,"Kyle Langford",2.5,"reviewing goals","Conversion Goals in GA","Retainer Requests","Rollworks","Monthly Retainer"
2023-02-03,"Kyle Langford",2.0,"","Conversion Goals in GA","Retainer Requests","Rollworks","Monthly Retainer"
2023-02-02,"Kyle Langford",1.5,"","Conversion Goals in GA","Retainer Requests","Rollworks","Monthly Retainer"
2023-01-17,"Kyle Langford",0.5,"Tag Manager - Label Update","Misc site requests","Retainer Requests","Rollworks","Monthly Retainer"
2022-08-25,"Kyle Langford",0.5,"Review request huddle with Adam + Nicole","Estimate request: Calculator","Retainer Requests","Rollworks","Monthly Retainer"
2021-09-23,"Kyle Langford",0.5,"","Update copy","Dev","Safewaze","Engineered Solutions Section"
2021-09-20,"Kyle Langford",1.0,"Adding and cropping photos","Implementation of ESD Landing page and form","Dev","Safewaze","Engineered Solutions Section"
2021-08-30,"Kyle Langford",0.75,"Named Anchors, Styling","Implementation of ESD Landing page and form","Dev","Safewaze","Engineered Solutions Section"
2021-08-27,"Kyle Langford",1.0,"slideshow","Implementation of ESD Landing page and form","Dev","Safewaze","Engineered Solutions Section"
2021-08-26,"Kyle Langford",4.5,"Updating Styles, Cutting Images, Slideshows","Implementation of ESD Landing page and form","Dev","Safewaze","Engineered Solutions Section"
2021-08-24,"Kyle Langford",1.0,"Updating Text Content","Implementation of ESD Landing page and form","Dev","Safewaze","Engineered Solutions Section"
2021-08-19,"Kyle Langford",3.0,"Building Layout, Updating Text Content","Implementation of ESD Landing page and form","Dev","Safewaze","Engineered Solutions Section"
2021-08-19,"Kyle Langford",0.5,"Review Elementor with Adam and Nicole","Implementation of ESD Landing page and form","Dev","Safewaze","Engineered Solutions Section"
2021-08-18,"Kyle Langford",1.0,"Review Dev Site, Workflow","Implementation of ESD Landing page and form","Dev","Safewaze","Engineered Solutions Section"
2021-08-16,"Kyle Langford",2.0,"Reviewing emails, Designs, Dev Site","Implementation of ESD Landing page and form","Dev","Safewaze","Engineered Solutions Section"
2022-04-18,"Kyle Langford",0.5,"","Post-Launch QA","Post-launch","Safewaze","Retainer"
2022-03-30,"Kyle Langford",0.25,"Engineering Page Review","Trello","Misc.","Safewaze","Retainer"
2022-03-25,"Kyle Langford",0.25,"Test Menu","Trello","Misc.","Safewaze","Retainer"
2022-03-21,"Kyle Langford",0.5,"Video Meta Title","Trello","Misc.","Safewaze","Retainer"
2022-03-14,"Kyle Langford",0.5,"","Mobile - News Carousel","Dev","Safewaze","Retainer"
2022-03-14,"Kyle Langford",3.0,"","Technical Lib - Product and SKU order","Dev","Safewaze","Retainer"
2022-02-24,"Kyle Langford",6.0,"Catalog Page, Mailchimp, Button","Dev - Sprint 4","Misc.","Safewaze","Website UX/Design/Implementation"
2022-02-23,"Kyle Langford",0.5,"Contact Form","Dev - Sprint 4","Misc.","Safewaze","Website UX/Design/Implementation"
2022-02-23,"Kyle Langford",1.5,"Product Feature Meta","Dev - Sprint 4","Misc.","Safewaze","Website UX/Design/Implementation"
2022-02-23,"Kyle Langford",0.5,"Review Trello with Adam / Christian","Meetings and Phone Calls","Misc.","Safewaze","Website UX/Design/Implementation"
2022-02-23,"Kyle Langford",2.5,"SQL Replace, Turn off WP Curly quotes","Dev - Sprint 4","Misc.","Safewaze","Website UX/Design/Implementation"
2022-02-22,"Kyle Langford",5.0,"Catalog Page","Dev - Sprint 4","Misc.","Safewaze","Website UX/Design/Implementation"
2022-02-21,"Kyle Langford",3.0,"WP Forms, Catalog Page","Dev - Sprint 4","Misc.","Safewaze","Website UX/Design/Implementation"
2022-02-18,"Kyle Langford",1.0,"Catalog Page, gravity forms","Dev - Sprint 4","Misc.","Safewaze","Website UX/Design/Implementation"
2022-02-17,"Kyle Langford",0.5,"review catalog page designs","Dev - Sprint 4","Misc.","Safewaze","Website UX/Design/Implementation"
2022-02-17,"Kyle Langford",0.75,"mailchimp","Dev - Sprint 3","Misc.","Safewaze","Website UX/Design/Implementation"
2022-02-11,"Kyle Langford",2.0,"Category Description not appearing.","Dev - Sprint 3","Misc.","Safewaze","Website UX/Design/Implementation"
2022-02-07,"Kyle Langford",2.25,"Category Description not appearing.","Dev - Sprint 3","Misc.","Safewaze","Website UX/Design/Implementation"
2022-02-01,"Kyle Langford",1.5,"Sprint 3 Review, Internal Followup with Filters","Meetings and Phone Calls","Misc.","Safewaze","Website UX/Design/Implementation"
2022-01-28,"Kyle Langford",2.5,"Smoothscroll","Dev - Sprint 2","Misc.","Safewaze","Website UX/Design/Implementation"
2022-01-27,"Kyle Langford",1.25,"Smoothscroll","Dev - Sprint 2","Misc.","Safewaze","Website UX/Design/Implementation"
2022-01-27,"Kyle Langford",1.0,"Products Landing Page Button","Dev - Sprint 2","Misc.","Safewaze","Website UX/Design/Implementation"
2022-01-26,"Kyle Langford",2.0,"Footer/Header for products page","Dev - Sprint 2","Misc.","Safewaze","Website UX/Design/Implementation"
2022-01-26,"Kyle Langford",1.5,"Products Landing Page grid, thumbnails","Dev - Sprint 2","Misc.","Safewaze","Website UX/Design/Implementation"
2022-01-25,"Kyle Langford",1.0,"Smoothscroll","Dev - Sprint 2","Misc.","Safewaze","Website UX/Design/Implementation"
2022-01-25,"Kyle Langford",1.25,"Create Products Landing Page","Dev - Sprint 2","Misc.","Safewaze","Website UX/Design/Implementation"
2022-01-25,"Kyle Langford",1.5,"KNOWLEDGE: In Tech Library, remove placeholder for Master Resources: Sizing Chart, Inspection, Cert","Dev - Sprint 2","Misc.","Safewaze","Website UX/Design/Implementation"
2022-01-21,"Kyle Langford",1.0,"WP Rocket","Dev - Sprint 2","Misc.","Safewaze","Website UX/Design/Implementation"
2022-01-21,"Kyle Langford",3.0,"Caching, Product Fitlers","Dev - Sprint 2","Misc.","Safewaze","Website UX/Design/Implementation"
2022-01-20,"Kyle Langford",2.25,"Product Filters, list view","Dev - Sprint 2","Misc.","Safewaze","Website UX/Design/Implementation"
2022-01-16,"Kyle Langford",1.0,"VIew All","Dev - Sprint 1","Misc.","Safewaze","Website UX/Design/Implementation"
2022-01-14,"Kyle Langford",2.0,"View All, Inner Heading Styling","Dev - Sprint 1","Misc.","Safewaze","Website UX/Design/Implementation"
2022-01-13,"Kyle Langford",1.0,"View All","Dev - Sprint 1","Misc.","Safewaze","Website UX/Design/Implementation"
2022-01-09,"Kyle Langford",2.0,"Wishlist, Product Categories Filters Order","Dev - Sprint 1","Misc.","Safewaze","Website UX/Design/Implementation"
2022-01-07,"Kyle Langford",2.5,"Removing Uncategorized, CSS tweaks (text overlapping image)","Dev - Sprint 1","Misc.","Safewaze","Website UX/Design/Implementation"
2022-01-06,"Kyle Langford",1.5,"Product Categories - Yith Filters, Testing","Dev - Sprint 1","Misc.","Safewaze","Website UX/Design/Implementation"
2022-01-06,"Kyle Langford",2.0,"Research Woocommerce Product Filters","Dev - Sprint 1","Misc.","Safewaze","Website UX/Design/Implementation"
2022-01-05,"Kyle Langford",2.5,"TECH LIBRARY: multiple SKUs in the same column, Adjusting Template Code","Dev - Sprint 1","Misc.","Safewaze","Website UX/Design/Implementation"
2021-12-22,"Kyle Langford",1.0,"Review Sprint 1 Items with Adam, Nicole, Jay","Meetings and Phone Calls","Misc.","Safewaze","Website UX/Design/Implementation"
2021-12-14,"Kyle Langford",2.0,"Pulling Dev site, Reviewing Implementation with Todos","Dev - Sprint 1","Misc.","Safewaze","Website UX/Design/Implementation"
2021-09-08,"Kyle Langford",0.25,"Elementor Help w/ Nicole","Product Content Upload/ Import","Content","Safewaze","Website UX/Design/Implementation"
2022-09-15,"Kyle Langford",1.0,"Review top portion with Adam / Christian / Jay","Meetings/Phone Calls","Misc.","Squareworks","NetSuite Conference Support"
2022-09-14,"Kyle Langford",0.5,"Review animation implementation","Automate landing page design and dev","Design","Squareworks","NetSuite Conference Support"
2022-09-07,"Kyle Langford",0.5,"Review animation idea","Meetings/Phone Calls","Misc.","Squareworks","NetSuite Conference Support"
2023-07-27,"Kyle Langford",0.5,"Adding code to stage, email.","Google Analytics","Misc.","Squareworks","Retainer"
2023-07-26,"Kyle Langford",1.0,"Audit Site, Adding Script, Confirm Reporting","Google Analytics","Misc.","Squareworks","Retainer"
2023-05-31,"Kyle Langford",0.25,"Email","GA4 Migration - email anna.wright@squareworks.com","Misc.","Squareworks","Retainer"
2023-09-25,"Kyle Langford",2.75,"","Filtering - Range Slider","Sprint 4","SumerSports","B2C - Retainer"
2023-09-25,"Kyle Langford",0.5,"hotfix","Filtering - Misc Updates","Sprint 3","SumerSports","B2C - Retainer"
2023-09-22,"Kyle Langford",4.0,"","Filtering - Misc Updates","Sprint 3","SumerSports","B2C - Retainer"
2023-09-22,"Kyle Langford",2.0,"","Filtering - Range Slider","Sprint 4","SumerSports","B2C - Retainer"
2023-09-21,"Kyle Langford",7.0,"","Filtering - Range Slider","Sprint 4","SumerSports","B2C - Retainer"
2023-09-20,"Kyle Langford",1.5,"internal huddle w/ Kyle, Jay, Christian re: Sprint 3 review, filter designs, and game preview ticker","Meetings & Phone Calls","Misc.","SumerSports","B2C - Retainer"
2023-09-20,"Kyle Langford",7.5,"","Filtering - Adv Filter Options","Sprint 4","SumerSports","B2C - Retainer"
2023-09-14,"Kyle Langford",3.0,"State Management","Filtering - Multi-select","Sprint 4","SumerSports","B2C - Retainer"
2023-09-13,"Kyle Langford",0.75,"Game preview","Meetings & Phone Calls","Misc.","SumerSports","B2C - Retainer"
2023-09-12,"Kyle Langford",4.5,"","Filtering - Multi-select","Sprint 4","SumerSports","B2C - Retainer"
2023-09-11,"Kyle Langford",5.0,"","Filtering - Multi-select","Sprint 4","SumerSports","B2C - Retainer"
2023-09-07,"Kyle Langford",6.0,"Code cleanup, refactor for complex filtering","Filtering - Multi-select","Sprint 4","SumerSports","B2C - Retainer"
2023-09-07,"Kyle Langford",1.5,"Sprint 3 Planning","Meetings & Phone Calls","Misc.","SumerSports","B2C - Retainer"
2023-09-06,"Kyle Langford",2.0,"","Filtering options","Sprint 2 (9/1/23)","SumerSports","B2C - Retainer"
2023-09-06,"Kyle Langford",3.5,"","New Pages and Tables","Sprint 2 (9/1/23)","SumerSports","B2C - Retainer"
2023-09-06,"Kyle Langford",1.0,"Review QA","Meetings & Phone Calls","Misc.","SumerSports","B2C - Retainer"
2023-09-05,"Kyle Langford",5.5,"","Filtering options","Sprint 2 (9/1/23)","SumerSports","B2C - Retainer"
2023-09-01,"Kyle Langford",9.0,"QA","New Pages and Tables","Sprint 2 (9/1/23)","SumerSports","B2C - Retainer"
2023-08-31,"Kyle Langford",9.0,"Filters","Filtering options","Sprint 2 (9/1/23)","SumerSports","B2C - Retainer"
2023-08-30,"Kyle Langford",2.5,"","New Pages and Tables","Sprint 2 (9/1/23)","SumerSports","B2C - Retainer"
2023-08-30,"Kyle Langford",4.5,"","Filtering options","Sprint 2 (9/1/23)","SumerSports","B2C - Retainer"
2023-08-29,"Kyle Langford",6.0,"","Filtering options","Sprint 2 (9/1/23)","SumerSports","B2C - Retainer"
2023-08-28,"Kyle Langford",5.0,"","Filtering options","Sprint 2 (9/1/23)","SumerSports","B2C - Retainer"
2023-08-25,"Kyle Langford",2.0,"Filtering","Filtering options","Sprint 2 (9/1/23)","SumerSports","B2C - Retainer"
2023-08-24,"Kyle Langford",2.0,"Mobile","Filtering options","Sprint 2 (9/1/23)","SumerSports","B2C - Retainer"
2023-08-24,"Kyle Langford",3.75,"Styling Filters, JS","JSON Tables","Sprint 2 (9/1/23)","SumerSports","B2C - Retainer"
2023-08-24,"Kyle Langford",0.5,"Review table creation w/ Christian","JSON Tables","Sprint 2 (9/1/23)","SumerSports","B2C - Retainer"
2023-08-23,"Kyle Langford",4.0,"","Filtering options","Sprint 2 (9/1/23)","SumerSports","B2C - Retainer"
2023-08-23,"Kyle Langford",3.0,"State Management (Redux)","JSON Tables","Sprint 2 (9/1/23)","SumerSports","B2C - Retainer"
2023-08-23,"Kyle Langford",0.75,"Discuss arch and WP implementation w/ Christian","JSON Tables","Sprint 2 (9/1/23)","SumerSports","B2C - Retainer"
2023-08-22,"Kyle Langford",2.0,"","Filtering options","Sprint 2 (9/1/23)","SumerSports","B2C - Retainer"
2023-08-22,"Kyle Langford",2.5,"Caching, Event Delegation","JSON Tables","Sprint 2 (9/1/23)","SumerSports","B2C - Retainer"
2023-08-21,"Kyle Langford",2.0,"Heading, Shadow, Total EPA","JSON Tables","Sprint 2 (9/1/23)","SumerSports","B2C - Retainer"
2023-08-18,"Kyle Langford",2.0,"","Filtering options","Sprint 2 (9/1/23)","SumerSports","B2C - Retainer"
2023-08-16,"Kyle Langford",0.5,"Trello update","PM","Misc.","SumerSports","B2C - Retainer"
2023-08-16,"Kyle Langford",1.0,"Sprint 2 planning (internal)","Meetings & Phone Calls","Misc.","SumerSports","B2C - Retainer"
2023-08-16,"Kyle Langford",1.0,"Sprint 2 planning","Meetings & Phone Calls","Misc.","SumerSports","B2C - Retainer"
2023-08-14,"Kyle Langford",0.5,"QA","Go Live - MVP","Dev","SumerSports","B2C - Retainer"
2023-08-14,"Kyle Langford",0.5,"Chat Link Tag","GTM","Dev","SumerSports","B2C - Retainer"
2023-08-14,"Kyle Langford",1.0,"pre-launch call w/ Sumer team","Meetings & Phone Calls","Misc.","SumerSports","B2C - Retainer"
2023-08-11,"Kyle Langford",1.5,"Install GTM, Setup, Filter and Load More Tags","GTM","Dev","SumerSports","B2C - Retainer"
2023-08-11,"Kyle Langford",5.5,"QA, Prep Stage","JSON Tables","Sprint 2 (9/1/23)","SumerSports","B2C - Retainer"
2023-08-10,"Kyle Langford",4.5,"Sticky Headers","JSON Tables","Sprint 2 (9/1/23)","SumerSports","B2C - Retainer"
2023-08-10,"Kyle Langford",2.75,"team / logo for full size table, GTM, Styling cleanup","JSON Tables","Sprint 2 (9/1/23)","SumerSports","B2C - Retainer"
2023-08-09,"Kyle Langford",2.0,"Styling layering, Styling Cleanup","JSON Tables","Sprint 2 (9/1/23)","SumerSports","B2C - Retainer"
2023-08-09,"Kyle Langford",5.0,"Sticky Header","JSON Tables","Sprint 2 (9/1/23)","SumerSports","B2C - Retainer"
2023-08-08,"Kyle Langford",2.0,"Sticky Header","JSON Tables","Sprint 2 (9/1/23)","SumerSports","B2C - Retainer"
2023-08-08,"Kyle Langford",0.5,"Update Table HTML","JSON Tables","Sprint 2 (9/1/23)","SumerSports","B2C - Retainer"
2023-08-08,"Kyle Langford",2.0,"Headings","JSON Tables","Sprint 2 (9/1/23)","SumerSports","B2C - Retainer"
2023-08-08,"Kyle Langford",1.5,"PM - Trello","JSON Tables","Sprint 2 (9/1/23)","SumerSports","B2C - Retainer"
2023-08-08,"Kyle Langford",0.75,"","Meetings & Phone Calls","Misc.","SumerSports","B2C - Retainer"
2023-08-07,"Kyle Langford",0.25,"Notes from call, create todos","JSON Tables","Sprint 2 (9/1/23)","SumerSports","B2C - Retainer"
2023-08-07,"Kyle Langford",0.5,"Updating Columns","JSON Tables","Sprint 2 (9/1/23)","SumerSports","B2C - Retainer"
2023-08-07,"Kyle Langford",0.5,"Updating Code","JSON Tables","Sprint 2 (9/1/23)","SumerSports","B2C - Retainer"
2023-08-07,"Kyle Langford",0.75,"Status Update","Meetings & Phone Calls","Misc.","SumerSports","B2C - Retainer"
2023-08-07,"Kyle Langford",0.5,"Updating data formatting.","JSON Tables","Sprint 2 (9/1/23)","SumerSports","B2C - Retainer"
2023-08-07,"Kyle Langford",1.5,"Sorting","JSON Tables","Sprint 2 (9/1/23)","SumerSports","B2C - Retainer"
2023-08-07,"Kyle Langford",0.5,"Slack Update","PM","Misc.","SumerSports","B2C - Retainer"
2023-08-04,"Kyle Langford",6.5,"QA Items, Load More Button (loading, no results)","JSON Tables","Sprint 2 (9/1/23)","SumerSports","B2C - Retainer"
2023-08-03,"Kyle Langford",9.0,"Sorting, Load More, League Leaders Table","JSON Tables","Sprint 2 (9/1/23)","SumerSports","B2C - Retainer"
2023-08-01,"Kyle Langford",3.0,"Sorting, Highlight","JSON Tables","Sprint 2 (9/1/23)","SumerSports","B2C - Retainer"
2023-08-01,"Kyle Langford",4.0,"team logos, player photos, heatmaping, percentage symbol","JSON Tables","Sprint 2 (9/1/23)","SumerSports","B2C - Retainer"
2023-07-31,"Kyle Langford",1.5,"Styling (refactor), Shadow, Skeleton","JSON Tables","Sprint 2 (9/1/23)","SumerSports","B2C - Retainer"
2023-07-31,"Kyle Langford",3.5,"Full Table, Heatmaping","JSON Tables","Sprint 2 (9/1/23)","SumerSports","B2C - Retainer"
2023-07-31,"Kyle Langford",2.0,"Mobile Styling","JSON Tables","Sprint 2 (9/1/23)","SumerSports","B2C - Retainer"
2023-07-28,"Kyle Langford",2.0,"Heatmaping","JSON Tables","Sprint 2 (9/1/23)","SumerSports","B2C - Retainer"
2023-07-28,"Kyle Langford",1.0,"limit to single year","JSON Tables","Sprint 2 (9/1/23)","SumerSports","B2C - Retainer"
2023-07-27,"Kyle Langford",6.5,"Full size table Instance, Refactor full size table theming function","JSON Tables","Sprint 2 (9/1/23)","SumerSports","B2C - Retainer"
2023-07-27,"Kyle Langford",1.0,"Data formatting for template","JSON Tables","Sprint 2 (9/1/23)","SumerSports","B2C - Retainer"
2023-07-26,"Kyle Langford",2.0,"Styling","JSON Tables","Sprint 2 (9/1/23)","SumerSports","B2C - Retainer"
2023-07-26,"Kyle Langford",2.0,"Sorting","JSON Tables","Sprint 2 (9/1/23)","SumerSports","B2C - Retainer"
2023-07-26,"Kyle Langford",2.0,"Table html caching","JSON Tables","Sprint 2 (9/1/23)","SumerSports","B2C - Retainer"
2023-07-25,"Kyle Langford",2.0,"performance tweaks, document fragments","JSON Tables","Sprint 2 (9/1/23)","SumerSports","B2C - Retainer"
2023-07-25,"Kyle Langford",3.0,"Heatmaping","JSON Tables","Sprint 2 (9/1/23)","SumerSports","B2C - Retainer"
2023-07-25,"Kyle Langford",5.5,"Refactor to Table Class, Create instance of League/QB Table","JSON Tables","Sprint 2 (9/1/23)","SumerSports","B2C - Retainer"
2023-07-24,"Kyle Langford",2.0,"Styling to match updated comps","JSON Tables","Sprint 2 (9/1/23)","SumerSports","B2C - Retainer"
2023-07-18,"Kyle Langford",0.75,"checkin call w/ Jay, Adam, Steve, Eric","Meetings & Phone Calls","Misc.","SumerSports","B2C - Retainer"
2023-07-13,"Kyle Langford",1.5,"Team Colors, Questions","JSON Tables","Sprint 2 (9/1/23)","SumerSports","B2C - Retainer"
2023-07-12,"Kyle Langford",4.5,"Team Table Func, Styling based on wireframes","JSON Tables","Sprint 2 (9/1/23)","SumerSports","B2C - Retainer"
2023-07-12,"Kyle Langford",1.0,"Setup Dev Env, FE Tooling","JSON Tables","Sprint 2 (9/1/23)","SumerSports","B2C - Retainer"
2023-07-12,"Kyle Langford",1.0,"Review Designs","JSON Tables","Sprint 2 (9/1/23)","SumerSports","B2C - Retainer"
2023-07-11,"Kyle Langford",1.0,"","Meetings & Phone Calls","Misc.","SumerSports","B2C - Retainer"
2023-06-13,"Kyle Langford",1.0,"Formatting Document","Research and create executive summary for 2-3 top Wordpress paywall solutions that integrate with Stripe","Post-Launch & Ongoing Support","SumerSports","Corporate Site Design & Build"
2023-06-07,"Kyle Langford",2.25,"Drafting summary","Research and create executive summary for 2-3 top Wordpress paywall solutions that integrate with Stripe","Post-Launch & Ongoing Support","SumerSports","Corporate Site Design & Build"
2023-06-06,"Kyle Langford",1.0,"Starting summary","Research and create executive summary for 2-3 top Wordpress paywall solutions that integrate with Stripe","Post-Launch & Ongoing Support","SumerSports","Corporate Site Design & Build"
2023-06-06,"Kyle Langford",1.0,"Researching memberpress and restrict content pro","Research and create executive summary for 2-3 top Wordpress paywall solutions that integrate with Stripe","Post-Launch & Ongoing Support","SumerSports","Corporate Site Design & Build"
2023-06-05,"Kyle Langford",0.5,"Review Article","Research and create executive summary for 2-3 top Wordpress paywall solutions that integrate with Stripe","Post-Launch & Ongoing Support","SumerSports","Corporate Site Design & Build"
2023-02-27,"Kyle Langford",1.5,"Standing by, monitoring and testing site, troubleshooting and discussions with Adam","Monitoring and testing","Launch","SumerSports","Corporate Site Design & Build"
2023-02-27,"Kyle Langford",0.5,"","Adjust CSS targeting for UL/OL so dropdown filters are aligned","QA","SumerSports","Corporate Site Design & Build"
2023-02-27,"Kyle Langford",0.5,"","Social icons are pushed down a little and not aligned with nav in header and footer","QA","SumerSports","Corporate Site Design & Build"
2023-02-24,"Kyle Langford",1.5,"setup and test local, pull down code and DB, review build","WPEngine setup and config","Dev","SumerSports","Corporate Site Design & Build"
2023-02-24,"Kyle Langford",0.5,"half-size","Add styling to place charts side-by-side (50%) at desktop and stacked 100% on mobile","QA","SumerSports","Corporate Site Design & Build"
2023-02-24,"Kyle Langford",0.5,"","Need styling for numbered list and unordered list","QA","SumerSports","Corporate Site Design & Build"
2023-02-24,"Kyle Langford",1.5,"","Add styling to place charts side-by-side (50%) at desktop and stacked 100% on mobile","QA","SumerSports","Corporate Site Design & Build"
2023-02-24,"Kyle Langford",0.5,"","Add code for responsive YT embedded player","QA","SumerSports","Corporate Site Design & Build"
2023-02-10,"Kyle Langford",1.75,"coding and architecture review","Review and test website","QA","SumerSports","Corporate Site Design & Build"
2023-08-15,"Kyle Langford",1.0,"Huddle, Review","Review reason for UA dropoff (Feb)","Active Tasks","Vicinity Energy","Support Retainer"
2023-08-14,"Kyle Langford",0.25,"Email","GTM, GA4, Google Ad conversion tracking, etc.","Active Tasks","Vicinity Energy","Support Retainer"
2023-07-24,"Kyle Langford",0.5,"","Create sample site with Elementor for client testing","Active Tasks","Vicinity Energy","Support Retainer"
2023-07-14,"Kyle Langford",1.5,"Research, Email","Add LinkedIn Tag","Active Tasks","Vicinity Energy","Support Retainer"
2023-07-12,"Kyle Langford",0.25,"Re-adding to prod, adding to stage as well.","Add GA4 tag to website.","Active Tasks","Vicinity Energy","Support Retainer"
2023-07-11,"Kyle Langford",0.25,"Confirm Access","Add LinkedIn Tag","Active Tasks","Vicinity Energy","Support Retainer"
2023-07-05,"Kyle Langford",1.75,"Researching google ads, email, adding GA4 script","Add GA4 tag to website.","Active Tasks","Vicinity Energy","Support Retainer"
2023-06-21,"Kyle Langford",0.5,"Email","Add GA4 tag to website.","Active Tasks","Vicinity Energy","Support Retainer"
2023-06-20,"Kyle Langford",0.75,"Test Site Kit Plugin, Install Manually, Test","Add GA4 tag to website.","Active Tasks","Vicinity Energy","Support Retainer"
2023-06-19,"Kyle Langford",0.5,"Review Site","Add GA4 tag to website.","Active Tasks","Vicinity Energy","Support Retainer"
2023-05-17,"Kyle Langford",0.5,"Looking for smooth scroll","Tour web page with QR codes","Active Tasks","Vicinity Energy","Support Retainer"
2023-05-17,"Kyle Langford",0.75,"Debugging","Tour web page with QR codes","Active Tasks","Vicinity Energy","Support Retainer"
2023-04-06,"Kyle Langford",0.25,"Review with Adam","Update hero image on homepage w/ video","Active Tasks","Vicinity Energy","Support Retainer"
2023-04-05,"Kyle Langford",0.5,"eview button size, shape and positioning w/ Adam and Jay","Update hero image on homepage w/ video","Active Tasks","Vicinity Energy","Support Retainer"
2023-04-05,"Kyle Langford",1.0,"Tweaks from huddle","Update hero image on homepage w/ video","Active Tasks","Vicinity Energy","Support Retainer"
2023-04-04,"Kyle Langford",4.5,"","Update hero image on homepage w/ video","Active Tasks","Vicinity Energy","Support Retainer"
2023-04-03,"Kyle Langford",3.5,"Custom Video Element","Update hero image on homepage w/ video","Active Tasks","Vicinity Energy","Support Retainer"
2023-03-29,"Kyle Langford",2.5,"JS","Update hero image on homepage w/ video","Active Tasks","Vicinity Energy","Support Retainer"
2023-03-29,"Kyle Langford",1.5,"CSS, Screenshare","Create new case study template layout/design","Active Tasks","Vicinity Energy","Support Retainer"
2023-03-02,"Kyle Langford",0.75,"Reviewing Issue","Adjust position of images uploaded to testimonials","Active Tasks","Vicinity Energy","Support Retainer"
2022-11-18,"Kyle Langford",1.75,"Filter Grid Icon (external), Removing duplicate icon","Filter updates - press release and locations (aka News & Events updates)","Active Tasks","Vicinity Energy","Support Retainer"
2022-11-17,"Kyle Langford",1.5,"Open in new window","Filter updates - press release and locations (aka News & Events updates)","Active Tasks","Vicinity Energy","Support Retainer"
2022-06-08,"Kyle Langford",0.25,"Review button CSS with Adam","Meetings & Phone Calls","Meetings & Phone Calls, PM, Misc.","Vicinity Energy","Support Retainer"
2022-01-17,"Kyle Langford",0.5,"Support Zoom with Adam","Add Matt O'Maley to Who We Are page","Active Tasks","Vicinity Energy","Support Retainer"
2022-01-04,"Kyle Langford",0.25,"Updating JSON","Add Cambridge to interactive map","Active Tasks","Vicinity Energy","Support Retainer"
2022-01-04,"Kyle Langford",0.75,"Updating JSON, Positioning Dot","Add Cambridge to interactive map","Active Tasks","Vicinity Energy","Support Retainer"
2021-10-20,"Kyle Langford",0.25,"Opacity Tweak","Final updates (Corp Responsibility, Who We Are, Contact Us)","Dev","Vicinity Energy","Support Retainer"
2021-10-19,"Kyle Langford",0.5,"Push to Prod","Final updates (Corp Responsibility, Who We Are, Contact Us)","Dev","Vicinity Energy","Support Retainer"
2021-10-19,"Kyle Langford",1.25,"Zoom with Adam, Sync Stage, Test, 502, Tech Support","Final updates (Corp Responsibility, Who We Are, Contact Us)","Dev","Vicinity Energy","Support Retainer"
2021-10-19,"Kyle Langford",0.75,"Misc Updates","Final updates (Corp Responsibility, Who We Are, Contact Us)","Dev","Vicinity Energy","Support Retainer"
2021-10-19,"Kyle Langford",1.0,"Email, Misc Updates","Final updates (Corp Responsibility, Who We Are, Contact Us)","Dev","Vicinity Energy","Support Retainer"
2021-10-18,"Kyle Langford",1.25,"Breadcrumbs, Bios","Final updates (Corp Responsibility, Who We Are, Contact Us)","Dev","Vicinity Energy","Support Retainer"
2021-10-18,"Kyle Langford",0.75,"Testing Plugins","Media Library Not Loading","Dev","Vicinity Energy","Support Retainer"
2021-10-15,"Kyle Langford",0.5,"Review final updates with Sara and Adam","Meetings & Phone Calls","Meetings & Phone Calls, PM, Misc.","Vicinity Energy","Support Retainer"
2021-10-15,"Kyle Langford",2.5,"Updates","Final updates (Corp Responsibility, Who We Are, Contact Us)","Dev","Vicinity Energy","Support Retainer"
2021-10-14,"Kyle Langford",2.5,"Updates","Final updates (Corp Responsibility, Who We Are, Contact Us)","Dev","Vicinity Energy","Support Retainer"
2021-10-14,"Kyle Langford",0.5,"Review Notes with Adam","Final updates (Corp Responsibility, Who We Are, Contact Us)","Dev","Vicinity Energy","Support Retainer"
2021-10-06,"Kyle Langford",2.0,"Accordion Toggle","Implementation of Corporate Responsibility page","Active Tasks","Vicinity Energy","Support Retainer"
2021-10-06,"Kyle Langford",0.5,"Copy Updates","Implementation of Corporate Responsibility page","Active Tasks","Vicinity Energy","Support Retainer"
2021-09-30,"Kyle Langford",0.75,"another round of updates","Updates to Philly Calculator","Active Tasks","Vicinity Energy","Support Retainer"
2021-09-30,"Kyle Langford",1.5,"Mobile tweaks","Updates to Philly Calculator","Active Tasks","Vicinity Energy","Support Retainer"
2021-09-29,"Kyle Langford",4.0,"Validation, Testing","Updates to Philly Calculator","Active Tasks","Vicinity Energy","Support Retainer"
2021-09-28,"Kyle Langford",0.65,"Writing update email for (who we are, contact, district's map, corp resp)",,,"Vicinity Energy","Support Retainer"
2021-09-24,"Kyle Langford",2.0,"Pixel Pushing,Spacing, Safari Image Bug","Implementation for updated Who We Are page","Active Tasks","Vicinity Energy","Support Retainer"
2021-09-24,"Kyle Langford",2.0,"Misc Updates from sara","Updates to Philly Calculator","Active Tasks","Vicinity Energy","Support Retainer"
2021-09-23,"Kyle Langford",1.25,"Updates from Sara","Updates to Philly Calculator","Active Tasks","Vicinity Energy","Support Retainer"
2021-09-23,"Kyle Langford",3.25,"Updates from Jay","Implementation for updated Contact Us page","Active Tasks","Vicinity Energy","Support Retainer"
2021-09-23,"Kyle Langford",0.5,"Reviewing district map and contact page updates with Jay","Meetings & Phone Calls","Meetings & Phone Calls, PM, Misc.","Vicinity Energy","Support Retainer"
2021-09-23,"Kyle Langford",0.5,"Adding arrows to links","Implementation for updated Who We Are page","Active Tasks","Vicinity Energy","Support Retainer"
2021-09-21,"Kyle Langford",0.5,"Misc Updates","Implementation for Mapplic Districts","Active Tasks","Vicinity Energy","Support Retainer"
2021-09-21,"Kyle Langford",2.5,"Styling, Map","Implementation for Mapplic Districts","Active Tasks","Vicinity Energy","Support Retainer"
2021-09-20,"Kyle Langford",0.5,"Cleanup","Implementation for updated Contact Us page","Active Tasks","Vicinity Energy","Support Retainer"
2021-09-20,"Kyle Langford",2.25,"Adding Pins, CSS","Implementation for Mapplic Districts","Active Tasks","Vicinity Energy","Support Retainer"
2021-09-20,"Kyle Langford",1.25,"Mobile Styling","Implementation for updated Who We Are page","Active Tasks","Vicinity Energy","Support Retainer"
2021-09-16,"Kyle Langford",2.0,"Employee Section","Implementation for updated Who We Are page","Active Tasks","Vicinity Energy","Support Retainer"
2021-09-16,"Kyle Langford",5.0,"Grid, Employees Section","Implementation for updated Who We Are page","Active Tasks","Vicinity Energy","Support Retainer"
2021-09-15,"Kyle Langford",1.5,"","Updates to Philly Calculator","Active Tasks","Vicinity Energy","Support Retainer"
2021-09-14,"Kyle Langford",0.5,"Removing calc on load","Updates to Philly Calculator","Active Tasks","Vicinity Energy","Support Retainer"
2021-09-14,"Kyle Langford",1.75,"Updates from Jay","Implementation for updated Contact Us page","Active Tasks","Vicinity Energy","Support Retainer"
2021-09-14,"Kyle Langford",0.25,"Review UX with Jay","Implementation for Mapplic Districts","Active Tasks","Vicinity Energy","Support Retainer"
2021-09-10,"Kyle Langford",0.5,"CSS updates - Mobile issue with author byline","Implementation of Corporate Responsibility page","Active Tasks","Vicinity Energy","Support Retainer"
2021-09-10,"Kyle Langford",1.5,"Misc Style and Content Updates, Adding back Comma","Updates to Philly Calculator","Active Tasks","Vicinity Energy","Support Retainer"
2021-09-09,"Kyle Langford",1.25,"Calculate Functionality","Updates to Philly Calculator","Active Tasks","Vicinity Energy","Support Retainer"
2021-09-09,"Kyle Langford",5.25,"Adding Assets, Styling, Entering Data","Implementation for Mapplic Districts","Active Tasks","Vicinity Energy","Support Retainer"
2021-09-08,"Kyle Langford",1.0,"Updating Page Design","Implementation for updated Contact Us page","Active Tasks","Vicinity Energy","Support Retainer"
2021-09-08,"Kyle Langford",3.75,"Reviewing Mapplic Code/Documentation, WP Best Practices. Starting Implementation.","Implementation for Mapplic Districts","Active Tasks","Vicinity Energy","Support Retainer"
2021-09-07,"Kyle Langford",1.75,"Testing Slider in Browsersync, Fixing Increment and Default value. CSS Styling","Updates to Philly Calculator","Active Tasks","Vicinity Energy","Support Retainer"
2021-09-03,"Kyle Langford",0.75,"Reviewing Calc UI and Code","Updates to Philly Calculator","Active Tasks","Vicinity Energy","Support Retainer"
2021-09-01,"Kyle Langford",5.0,"Building Page","Implementation for updated Who We Are page","Active Tasks","Vicinity Energy","Support Retainer"
2021-08-31,"Kyle Langford",1.5,"","Implementation for updated Who We Are page","Active Tasks","Vicinity Energy","Support Retainer"
2021-08-31,"Kyle Langford",3.75,"Divi Page Building","Implementation of Corporate Responsibility page","Active Tasks","Vicinity Energy","Support Retainer"
2021-08-11,"Kyle Langford",2.5,"Reviewing WPEngine Workflow, Creating Github backup, Pulling Local","Implementation for updated Contact Us page","Active Tasks","Vicinity Energy","Support Retainer"
2021-07-20,"Kyle Langford",0.5,"Email Adam re: Jackrabbit and Calculator",,,"Vicinity Energy","Support Retainer"
2021-06-16,"Kyle Langford",0.15,"Joining Webinar (testing)","Webinar hosting: Zoom + Hubspot","Active Tasks","Vicinity Energy","Support Retainer"
2021-06-15,"Kyle Langford",0.15,"Testing Form","Webinar hosting: Zoom + Hubspot","Active Tasks","Vicinity Energy","Support Retainer"
2021-06-08,"Kyle Langford",1.5,"Testing Gravity Forms","Savings Calculator","Active Tasks","Vicinity Energy","Support Retainer"
2021-06-07,"Kyle Langford",0.75,"WP Plugin Video ""how to""","Savings Calculator","Active Tasks","Vicinity Energy","Support Retainer"
2021-06-07,"Kyle Langford",1.75,"Researching WP Plugins and Other WP implementation","Savings Calculator","Active Tasks","Vicinity Energy","Support Retainer"
2021-04-01,"Kyle Langford",1.0,"Updating staging site for go live prep.","Implement navigation updates","Active Tasks","Vicinity Energy","Support Retainer"
2021-03-31,"Kyle Langford",1.5,"Review with Adam, Blog Pages Gap, Updating where margin is applied,","Adjust height of hero image for all-white nav","Active Tasks","Vicinity Energy","Support Retainer"
2021-03-31,"Kyle Langford",0.25,"Review Updates for deployment","Implement navigation updates","Active Tasks","Vicinity Energy","Support Retainer"
2021-03-31,"Kyle Langford",1.25,"Height / Margin Fix.","Adjust height of hero image for all-white nav","Active Tasks","Vicinity Energy","Support Retainer"
2021-03-31,"Kyle Langford",0.25,"discuss next steps and deployment planning with Adam","Meetings & Phone Calls","Meetings & Phone Calls, PM, Misc.","Vicinity Energy","Support Retainer"
2021-03-02,"Kyle Langford",1.75,"Testing, css, responding to sara","Implement navigation updates","Active Tasks","Vicinity Energy","Support Retainer"
2021-02-26,"Kyle Langford",1.75,"Cleaning up page transition (on load)","Implement navigation updates","Active Tasks","Vicinity Energy","Support Retainer"
2021-02-17,"Kyle Langford",0.5,"always solid","Implement navigation updates","Active Tasks","Vicinity Energy","Support Retainer"
2021-02-16,"Kyle Langford",3.0,"tweaking hover states","Implement navigation updates","Active Tasks","Vicinity Energy","Support Retainer"
2021-02-15,"Kyle Langford",5.5,"Styling","Implement navigation updates","Active Tasks","Vicinity Energy","Support Retainer"
2021-02-12,"Kyle Langford",1.55,"Diffing pre and post update files, starting work on header","Implement navigation updates","Active Tasks","Vicinity Energy","Support Retainer"
2021-02-09,"Kyle Langford",0.75,"Screen share","Troubleshoot menu alignment on live site vs. stage","Dev","Vicinity Energy","Support Retainer"
2021-01-28,"Kyle Langford",1.25,"Smooth Scroll Troubleshooting","Create new blog post ""Gas vs. Steam""","Active Tasks","Vicinity Energy","Support Retainer"
2020-12-03,"Kyle Langford",0.25,"CSS Help - Adam",,,"Vicinity Energy","Support Retainer"
2020-10-21,"Kyle Langford",1.25,"CSS Work","Add Blog to Nav: Styling Updates","Active Tasks","Vicinity Energy","Support Retainer"
2020-10-21,"Kyle Langford",0.5,"screenshare w/ adam","Add Blog to Nav: Styling Updates","Active Tasks","Vicinity Energy","Support Retainer"
2020-10-21,"Kyle Langford",0.25,"Screenshare w/ adam","Add Blog to Nav: Styling Updates","Active Tasks","Vicinity Energy","Support Retainer"
2020-10-07,"Kyle Langford",2.75,"Styling","Styling for Hubspot email signup form...","Hubspot","Vicinity Energy","Support Retainer"
2020-10-05,"Kyle Langford",0.5,"Deploy Collapsible Sub Nav (mobile)","Mobile Menu, Accordion","Active Tasks","Vicinity Energy","Support Retainer"
2020-10-02,"Kyle Langford",1.25,"fixing 404 page","Style menu/header navigation","Active Tasks","Vicinity Energy","Support Retainer"
2020-10-02,"Kyle Langford",2.5,"","Mobile Menu, Accordion","Active Tasks","Vicinity Energy","Support Retainer"
2020-10-01,"Kyle Langford",3.0,"","Mobile Menu, Accordion","Active Tasks","Vicinity Energy","Support Retainer"
2020-09-30,"Kyle Langford",1.75,"When menu is open: Oncilck add class make menu white, and position fixed body","Menu JS - Open State","Active Tasks","Vicinity Energy","Support Retainer"
2020-09-30,"Kyle Langford",1.0,"check dev, catch up on email and trello cards","Meetings & Phone Calls","Meetings & Phone Calls, PM, Misc.","Vicinity Energy","Support Retainer"
2020-09-30,"Kyle Langford",0.75,"","Review Deployment","Active Tasks","Vicinity Energy","Support Retainer"
2020-09-30,"Kyle Langford",1.75,"Troubleshooting","linkedin Error","Active Tasks","Vicinity Energy","Support Retainer"
2020-09-30,"Kyle Langford",1.5,"Cleanup - Nav alignment, close button, Hidden at start","Style menu/header navigation","Active Tasks","Vicinity Energy","Support Retainer"
2020-09-29,"Kyle Langford",3.25,"Mobile Menu, full width, scroll","Style menu/header navigation","Active Tasks","Vicinity Energy","Support Retainer"
2020-09-29,"Kyle Langford",1.5,"Update Requests","Style menu/header navigation","Active Tasks","Vicinity Energy","Support Retainer"
2020-09-28,"Kyle Langford",1.5,"Mobile Menu Cleanup","Style menu/header navigation","Active Tasks","Vicinity Energy","Support Retainer"
2020-09-25,"Kyle Langford",3.25,"Mobile Menu","Style menu/header navigation","Active Tasks","Vicinity Energy","Support Retainer"